schema_version,experiment_id,phase,timestamp,value_kind,git_commit,git_dirty,provider,provider_instance_id,hostname,os,kernel,cpu_model,cpu_cores,node_count,gpu_model,gpu_count,topology_summary,network,nvlink_present,p2p_enabled,cuda_version,driver_version,nccl_version,nccl_version_source,mpi_version,compiler_version,nccl_tests_commit,benchmark_tool,collective,datatype,redop,root,message_size_bytes,count_elements,placement,warmup_iterations,measured_iterations,repeat_index,tier,latency_us,algorithmic_bandwidth_gbps,bus_bandwidth_gbps,wrong_count,correctness_ok,out_of_bounds_ok,bandwidth_ratio_ok,exit_code,command,raw_output_path,notes,gpus,topology,env
1,p1-nccl-baseline-20260826T181721Z-16cea6a,phase1,2026-08-26T18:17:24Z,measured,16cea6aed21d649453b65981c72d4b8ea7e32605,False,unknown,,5c44f3e9a47e,Ubuntu 24.04.3 LTS,6.8.0-106-generic,AMD EPYC 9254 24-Core Processor,48,1,NVIDIA L4,2,NODE,none-single-node,False,,12.8,580.126.20,2.25.1+cuda12.8,NCCL_DEBUG=VERSION banner,,gcc (Ubuntu 13.3.0-6ubuntu2~24.04) 13.3.0,717b68318278e93f371d8ffb46b076069d7c7851,nccl-tests,all_reduce,float,sum,-1,8,2,out_of_place,5,20,0,smoke,7.11,0.0,0.0,0,True,True,,0,/root/nccl-tests/build/all_reduce_perf -b 8 -e 128M -f 4096 -g 2 -w 5 -n 20 -c 1 -d float,results/raw/p1-nccl-baseline-20260826T181721Z-16cea6a/all_reduce.smoke.r0.stdout.txt,,"[{""index"":0,""memory_total_mib"":23034,""name"":""NVIDIA L4"",""pci_bus_id"":""00000000:03:00.0""},{""index"":1,""memory_total_mib"":23034,""name"":""NVIDIA L4"",""pci_bus_id"":""00000000:C3:00.0""}]","""\t\u001b[4mGPU0\tGPU1\tNIC0\tCPU Affinity\tNUMA Affinity\tGPU NUMA ID\u001b[0m\nGPU0\t X \tNODE\tNODE\t0-47\t0\t\tN/A\nGPU1\tNODE\t X \tNODE\t0-47\t0\t\tN/A\nNIC0\tNODE\tNODE\t X \t\t\t\t\n\nLegend:\n\n  X    = Self\n  SYS  = Connection traversing PCIe as well as the SMP interconnect between NUMA nodes (e.g., QPI/UPI)\n  NODE = Connection traversing PCIe as well as the interconnect between PCIe Host Bridges within a NUMA node\n  PHB  = Connection traversing PCIe as well as a PCIe Host Bridge (typically the CPU)\n  PXB  = Connection traversing multiple PCIe bridges (without traversing the PCIe Host Bridge)\n  PIX  = Connection traversing at most a single PCIe bridge\n  NV#  = Connection traversing a bonded set of # NVLinks\n\nNIC Legend:\n\n  NIC0: mlx5_bond_0""","{""CUDA_HOME"":""/usr/local/cuda"",""NCCL_TESTS_DIR"":""/root/nccl-tests""}"
1,p1-nccl-baseline-20260826T181721Z-16cea6a,phase1,2026-08-26T18:17:24Z,measured,16cea6aed21d649453b65981c72d4b8ea7e32605,False,unknown,,5c44f3e9a47e,Ubuntu 24.04.3 LTS,6.8.0-106-generic,AMD EPYC 9254 24-Core Processor,48,1,NVIDIA L4,2,NODE,none-single-node,False,,12.8,580.126.20,2.25.1+cuda12.8,NCCL_DEBUG=VERSION banner,,gcc (Ubuntu 13.3.0-6ubuntu2~24.04) 13.3.0,717b68318278e93f371d8ffb46b076069d7c7851,nccl-tests,all_reduce,float,sum,-1,8,2,in_place,5,20,0,smoke,6.99,0.0,0.0,0,True,True,,0,/root/nccl-tests/build/all_reduce_perf -b 8 -e 128M -f 4096 -g 2 -w 5 -n 20 -c 1 -d float,results/raw/p1-nccl-baseline-20260826T181721Z-16cea6a/all_reduce.smoke.r0.stdout.txt,,"[{""index"":0,""memory_total_mib"":23034,""name"":""NVIDIA L4"",""pci_bus_id"":""00000000:03:00.0""},{""index"":1,""memory_total_mib"":23034,""name"":""NVIDIA L4"",""pci_bus_id"":""00000000:C3:00.0""}]","""\t\u001b[4mGPU0\tGPU1\tNIC0\tCPU Affinity\tNUMA Affinity\tGPU NUMA ID\u001b[0m\nGPU0\t X \tNODE\tNODE\t0-47\t0\t\tN/A\nGPU1\tNODE\t X \tNODE\t0-47\t0\t\tN/A\nNIC0\tNODE\tNODE\t X \t\t\t\t\n\nLegend:\n\n  X    = Self\n  SYS  = Connection traversing PCIe as well as the SMP interconnect between NUMA nodes (e.g., QPI/UPI)\n  NODE = Connection traversing PCIe as well as the interconnect between PCIe Host Bridges within a NUMA node\n  PHB  = Connection traversing PCIe as well as a PCIe Host Bridge (typically the CPU)\n  PXB  = Connection traversing multiple PCIe bridges (without traversing the PCIe Host Bridge)\n  PIX  = Connection traversing at most a single PCIe bridge\n  NV#  = Connection traversing a bonded set of # NVLinks\n\nNIC Legend:\n\n  NIC0: mlx5_bond_0""","{""CUDA_HOME"":""/usr/local/cuda"",""NCCL_TESTS_DIR"":""/root/nccl-tests""}"
1,p1-nccl-baseline-20260826T181721Z-16cea6a,phase1,2026-08-26T18:17:24Z,measured,16cea6aed21d649453b65981c72d4b8ea7e32605,False,unknown,,5c44f3e9a47e,Ubuntu 24.04.3 LTS,6.8.0-106-generic,AMD EPYC 9254 24-Core Processor,48,1,NVIDIA L4,2,NODE,none-single-node,False,,12.8,580.126.20,2.25.1+cuda12.8,NCCL_DEBUG=VERSION banner,,gcc (Ubuntu 13.3.0-6ubuntu2~24.04) 13.3.0,717b68318278e93f371d8ffb46b076069d7c7851,nccl-tests,all_reduce,float,sum,-1,32768,8192,out_of_place,5,20,0,smoke,12.25,2.68,2.68,0,True,True,True,0,/root/nccl-tests/build/all_reduce_perf -b 8 -e 128M -f 4096 -g 2 -w 5 -n 20 -c 1 -d float,results/raw/p1-nccl-baseline-20260826T181721Z-16cea6a/all_reduce.smoke.r0.stdout.txt,,"[{""index"":0,""memory_total_mib"":23034,""name"":""NVIDIA L4"",""pci_bus_id"":""00000000:03:00.0""},{""index"":1,""memory_total_mib"":23034,""name"":""NVIDIA L4"",""pci_bus_id"":""00000000:C3:00.0""}]","""\t\u001b[4mGPU0\tGPU1\tNIC0\tCPU Affinity\tNUMA Affinity\tGPU NUMA ID\u001b[0m\nGPU0\t X \tNODE\tNODE\t0-47\t0\t\tN/A\nGPU1\tNODE\t X \tNODE\t0-47\t0\t\tN/A\nNIC0\tNODE\tNODE\t X \t\t\t\t\n\nLegend:\n\n  X    = Self\n  SYS  = Connection traversing PCIe as well as the SMP interconnect between NUMA nodes (e.g., QPI/UPI)\n  NODE = Connection traversing PCIe as well as the interconnect between PCIe Host Bridges within a NUMA node\n  PHB  = Connection traversing PCIe as well as a PCIe Host Bridge (typically the CPU)\n  PXB  = Connection traversing multiple PCIe bridges (without traversing the PCIe Host Bridge)\n  PIX  = Connection traversing at most a single PCIe bridge\n  NV#  = Connection traversing a bonded set of # NVLinks\n\nNIC Legend:\n\n  NIC0: mlx5_bond_0""","{""CUDA_HOME"":""/usr/local/cuda"",""NCCL_TESTS_DIR"":""/root/nccl-tests""}"
1,p1-nccl-baseline-20260826T181721Z-16cea6a,phase1,2026-08-26T18:17:24Z,measured,16cea6aed21d649453b65981c72d4b8ea7e32605,False,unknown,,5c44f3e9a47e,Ubuntu 24.04.3 LTS,6.8.0-106-generic,AMD EPYC 9254 24-Core Processor,48,1,NVIDIA L4,2,NODE,none-single-node,False,,12.8,580.126.20,2.25.1+cuda12.8,NCCL_DEBUG=VERSION banner,,gcc (Ubuntu 13.3.0-6ubuntu2~24.04) 13.3.0,717b68318278e93f371d8ffb46b076069d7c7851,nccl-tests,all_reduce,float,sum,-1,32768,8192,in_place,5,20,0,smoke,12.24,2.68,2.68,0,True,True,True,0,/root/nccl-tests/build/all_reduce_perf -b 8 -e 128M -f 4096 -g 2 -w 5 -n 20 -c 1 -d float,results/raw/p1-nccl-baseline-20260826T181721Z-16cea6a/all_reduce.smoke.r0.stdout.txt,,"[{""index"":0,""memory_total_mib"":23034,""name"":""NVIDIA L4"",""pci_bus_id"":""00000000:03:00.0""},{""index"":1,""memory_total_mib"":23034,""name"":""NVIDIA L4"",""pci_bus_id"":""00000000:C3:00.0""}]","""\t\u001b[4mGPU0\tGPU1\tNIC0\tCPU Affinity\tNUMA Affinity\tGPU NUMA ID\u001b[0m\nGPU0\t X \tNODE\tNODE\t0-47\t0\t\tN/A\nGPU1\tNODE\t X \tNODE\t0-47\t0\t\tN/A\nNIC0\tNODE\tNODE\t X \t\t\t\t\n\nLegend:\n\n  X    = Self\n  SYS  = Connection traversing PCIe as well as the SMP interconnect between NUMA nodes (e.g., QPI/UPI)\n  NODE = Connection traversing PCIe as well as the interconnect between PCIe Host Bridges within a NUMA node\n  PHB  = Connection traversing PCIe as well as a PCIe Host Bridge (typically the CPU)\n  PXB  = Connection traversing multiple PCIe bridges (without traversing the PCIe Host Bridge)\n  PIX  = Connection traversing at most a single PCIe bridge\n  NV#  = Connection traversing a bonded set of # NVLinks\n\nNIC Legend:\n\n  NIC0: mlx5_bond_0""","{""CUDA_HOME"":""/usr/local/cuda"",""NCCL_TESTS_DIR"":""/root/nccl-tests""}"
1,p1-nccl-baseline-20260826T181721Z-16cea6a,phase1,2026-08-26T18:17:24Z,measured,16cea6aed21d649453b65981c72d4b8ea7e32605,False,unknown,,5c44f3e9a47e,Ubuntu 24.04.3 LTS,6.8.0-106-generic,AMD EPYC 9254 24-Core Processor,48,1,NVIDIA L4,2,NODE,none-single-node,False,,12.8,580.126.20,2.25.1+cuda12.8,NCCL_DEBUG=VERSION banner,,gcc (Ubuntu 13.3.0-6ubuntu2~24.04) 13.3.0,717b68318278e93f371d8ffb46b076069d7c7851,nccl-tests,all_reduce,float,sum,-1,134217728,33554432,out_of_place,5,20,0,smoke,12182.9,11.02,11.02,0,True,True,True,0,/root/nccl-tests/build/all_reduce_perf -b 8 -e 128M -f 4096 -g 2 -w 5 -n 20 -c 1 -d float,results/raw/p1-nccl-baseline-20260826T181721Z-16cea6a/all_reduce.smoke.r0.stdout.txt,,"[{""index"":0,""memory_total_mib"":23034,""name"":""NVIDIA L4"",""pci_bus_id"":""00000000:03:00.0""},{""index"":1,""memory_total_mib"":23034,""name"":""NVIDIA L4"",""pci_bus_id"":""00000000:C3:00.0""}]","""\t\u001b[4mGPU0\tGPU1\tNIC0\tCPU Affinity\tNUMA Affinity\tGPU NUMA ID\u001b[0m\nGPU0\t X \tNODE\tNODE\t0-47\t0\t\tN/A\nGPU1\tNODE\t X \tNODE\t0-47\t0\t\tN/A\nNIC0\tNODE\tNODE\t X \t\t\t\t\n\nLegend:\n\n  X    = Self\n  SYS  = Connection traversing PCIe as well as the SMP interconnect between NUMA nodes (e.g., QPI/UPI)\n  NODE = Connection traversing PCIe as well as the interconnect between PCIe Host Bridges within a NUMA node\n  PHB  = Connection traversing PCIe as well as a PCIe Host Bridge (typically the CPU)\n  PXB  = Connection traversing multiple PCIe bridges (without traversing the PCIe Host Bridge)\n  PIX  = Connection traversing at most a single PCIe bridge\n  NV#  = Connection traversing a bonded set of # NVLinks\n\nNIC Legend:\n\n  NIC0: mlx5_bond_0""","{""CUDA_HOME"":""/usr/local/cuda"",""NCCL_TESTS_DIR"":""/root/nccl-tests""}"
1,p1-nccl-baseline-20260826T181721Z-16cea6a,phase1,2026-08-26T18:17:24Z,measured,16cea6aed21d649453b65981c72d4b8ea7e32605,False,unknown,,5c44f3e9a47e,Ubuntu 24.04.3 LTS,6.8.0-106-generic,AMD EPYC 9254 24-Core Processor,48,1,NVIDIA L4,2,NODE,none-single-node,False,,12.8,580.126.20,2.25.1+cuda12.8,NCCL_DEBUG=VERSION banner,,gcc (Ubuntu 13.3.0-6ubuntu2~24.04) 13.3.0,717b68318278e93f371d8ffb46b076069d7c7851,nccl-tests,all_reduce,float,sum,-1,134217728,33554432,in_place,5,20,0,smoke,12182.0,11.02,11.02,0,True,True,True,0,/root/nccl-tests/build/all_reduce_perf -b 8 -e 128M -f 4096 -g 2 -w 5 -n 20 -c 1 -d float,results/raw/p1-nccl-baseline-20260826T181721Z-16cea6a/all_reduce.smoke.r0.stdout.txt,,"[{""index"":0,""memory_total_mib"":23034,""name"":""NVIDIA L4"",""pci_bus_id"":""00000000:03:00.0""},{""index"":1,""memory_total_mib"":23034,""name"":""NVIDIA L4"",""pci_bus_id"":""00000000:C3:00.0""}]","""\t\u001b[4mGPU0\tGPU1\tNIC0\tCPU Affinity\tNUMA Affinity\tGPU NUMA ID\u001b[0m\nGPU0\t X \tNODE\tNODE\t0-47\t0\t\tN/A\nGPU1\tNODE\t X \tNODE\t0-47\t0\t\tN/A\nNIC0\tNODE\tNODE\t X \t\t\t\t\n\nLegend:\n\n  X    = Self\n  SYS  = Connection traversing PCIe as well as the SMP interconnect between NUMA nodes (e.g., QPI/UPI)\n  NODE = Connection traversing PCIe as well as the interconnect between PCIe Host Bridges within a NUMA node\n  PHB  = Connection traversing PCIe as well as a PCIe Host Bridge (typically the CPU)\n  PXB  = Connection traversing multiple PCIe bridges (without traversing the PCIe Host Bridge)\n  PIX  = Connection traversing at most a single PCIe bridge\n  NV#  = Connection traversing a bonded set of # NVLinks\n\nNIC Legend:\n\n  NIC0: mlx5_bond_0""","{""CUDA_HOME"":""/usr/local/cuda"",""NCCL_TESTS_DIR"":""/root/nccl-tests""}"
1,p1-nccl-baseline-20260826T181721Z-16cea6a,phase1,2026-08-26T18:17:26Z,measured,16cea6aed21d649453b65981c72d4b8ea7e32605,False,unknown,,5c44f3e9a47e,Ubuntu 24.04.3 LTS,6.8.0-106-generic,AMD EPYC 9254 24-Core Processor,48,1,NVIDIA L4,2,NODE,none-single-node,False,,12.8,580.126.20,2.25.1+cuda12.8,NCCL_DEBUG=VERSION banner,,gcc (Ubuntu 13.3.0-6ubuntu2~24.04) 13.3.0,717b68318278e93f371d8ffb46b076069d7c7851,nccl-tests,all_gather,float,none,-1,0,0,out_of_place,5,20,0,smoke,0.23,0.0,0.0,0,True,True,,0,/root/nccl-tests/build/all_gather_perf -b 8 -e 128M -f 4096 -g 2 -w 5 -n 20 -c 1 -d float,results/raw/p1-nccl-baseline-20260826T181721Z-16cea6a/all_gather.smoke.r0.stdout.txt,,"[{""index"":0,""memory_total_mib"":23034,""name"":""NVIDIA L4"",""pci_bus_id"":""00000000:03:00.0""},{""index"":1,""memory_total_mib"":23034,""name"":""NVIDIA L4"",""pci_bus_id"":""00000000:C3:00.0""}]","""\t\u001b[4mGPU0\tGPU1\tNIC0\tCPU Affinity\tNUMA Affinity\tGPU NUMA ID\u001b[0m\nGPU0\t X \tNODE\tNODE\t0-47\t0\t\tN/A\nGPU1\tNODE\t X \tNODE\t0-47\t0\t\tN/A\nNIC0\tNODE\tNODE\t X \t\t\t\t\n\nLegend:\n\n  X    = Self\n  SYS  = Connection traversing PCIe as well as the SMP interconnect between NUMA nodes (e.g., QPI/UPI)\n  NODE = Connection traversing PCIe as well as the interconnect between PCIe Host Bridges within a NUMA node\n  PHB  = Connection traversing PCIe as well as a PCIe Host Bridge (typically the CPU)\n  PXB  = Connection traversing multiple PCIe bridges (without traversing the PCIe Host Bridge)\n  PIX  = Connection traversing at most a single PCIe bridge\n  NV#  = Connection traversing a bonded set of # NVLinks\n\nNIC Legend:\n\n  NIC0: mlx5_bond_0""","{""CUDA_HOME"":""/usr/local/cuda"",""NCCL_TESTS_DIR"":""/root/nccl-tests""}"
1,p1-nccl-baseline-20260826T181721Z-16cea6a,phase1,2026-08-26T18:17:26Z,measured,16cea6aed21d649453b65981c72d4b8ea7e32605,False,unknown,,5c44f3e9a47e,Ubuntu 24.04.3 LTS,6.8.0-106-generic,AMD EPYC 9254 24-Core Processor,48,1,NVIDIA L4,2,NODE,none-single-node,False,,12.8,580.126.20,2.25.1+cuda12.8,NCCL_DEBUG=VERSION banner,,gcc (Ubuntu 13.3.0-6ubuntu2~24.04) 13.3.0,717b68318278e93f371d8ffb46b076069d7c7851,nccl-tests,all_gather,float,none,-1,0,0,in_place,5,20,0,smoke,0.22,0.0,0.0,0,True,True,,0,/root/nccl-tests/build/all_gather_perf -b 8 -e 128M -f 4096 -g 2 -w 5 -n 20 -c 1 -d float,results/raw/p1-nccl-baseline-20260826T181721Z-16cea6a/all_gather.smoke.r0.stdout.txt,,"[{""index"":0,""memory_total_mib"":23034,""name"":""NVIDIA L4"",""pci_bus_id"":""00000000:03:00.0""},{""index"":1,""memory_total_mib"":23034,""name"":""NVIDIA L4"",""pci_bus_id"":""00000000:C3:00.0""}]","""\t\u001b[4mGPU0\tGPU1\tNIC0\tCPU Affinity\tNUMA Affinity\tGPU NUMA ID\u001b[0m\nGPU0\t X \tNODE\tNODE\t0-47\t0\t\tN/A\nGPU1\tNODE\t X \tNODE\t0-47\t0\t\tN/A\nNIC0\tNODE\tNODE\t X \t\t\t\t\n\nLegend:\n\n  X    = Self\n  SYS  = Connection traversing PCIe as well as the SMP interconnect between NUMA nodes (e.g., QPI/UPI)\n  NODE = Connection traversing PCIe as well as the interconnect between PCIe Host Bridges within a NUMA node\n  PHB  = Connection traversing PCIe as well as a PCIe Host Bridge (typically the CPU)\n  PXB  = Connection traversing multiple PCIe bridges (without traversing the PCIe Host Bridge)\n  PIX  = Connection traversing at most a single PCIe bridge\n  NV#  = Connection traversing a bonded set of # NVLinks\n\nNIC Legend:\n\n  NIC0: mlx5_bond_0""","{""CUDA_HOME"":""/usr/local/cuda"",""NCCL_TESTS_DIR"":""/root/nccl-tests""}"
1,p1-nccl-baseline-20260826T181721Z-16cea6a,phase1,2026-08-26T18:17:26Z,measured,16cea6aed21d649453b65981c72d4b8ea7e32605,False,unknown,,5c44f3e9a47e,Ubuntu 24.04.3 LTS,6.8.0-106-generic,AMD EPYC 9254 24-Core Processor,48,1,NVIDIA L4,2,NODE,none-single-node,False,,12.8,580.126.20,2.25.1+cuda12.8,NCCL_DEBUG=VERSION banner,,gcc (Ubuntu 13.3.0-6ubuntu2~24.04) 13.3.0,717b68318278e93f371d8ffb46b076069d7c7851,nccl-tests,all_gather,float,none,-1,32768,4096,out_of_place,5,20,0,smoke,9.4,3.49,1.74,0,True,True,True,0,/root/nccl-tests/build/all_gather_perf -b 8 -e 128M -f 4096 -g 2 -w 5 -n 20 -c 1 -d float,results/raw/p1-nccl-baseline-20260826T181721Z-16cea6a/all_gather.smoke.r0.stdout.txt,,"[{""index"":0,""memory_total_mib"":23034,""name"":""NVIDIA L4"",""pci_bus_id"":""00000000:03:00.0""},{""index"":1,""memory_total_mib"":23034,""name"":""NVIDIA L4"",""pci_bus_id"":""00000000:C3:00.0""}]","""\t\u001b[4mGPU0\tGPU1\tNIC0\tCPU Affinity\tNUMA Affinity\tGPU NUMA ID\u001b[0m\nGPU0\t X \tNODE\tNODE\t0-47\t0\t\tN/A\nGPU1\tNODE\t X \tNODE\t0-47\t0\t\tN/A\nNIC0\tNODE\tNODE\t X \t\t\t\t\n\nLegend:\n\n  X    = Self\n  SYS  = Connection traversing PCIe as well as the SMP interconnect between NUMA nodes (e.g., QPI/UPI)\n  NODE = Connection traversing PCIe as well as the interconnect between PCIe Host Bridges within a NUMA node\n  PHB  = Connection traversing PCIe as well as a PCIe Host Bridge (typically the CPU)\n  PXB  = Connection traversing multiple PCIe bridges (without traversing the PCIe Host Bridge)\n  PIX  = Connection traversing at most a single PCIe bridge\n  NV#  = Connection traversing a bonded set of # NVLinks\n\nNIC Legend:\n\n  NIC0: mlx5_bond_0""","{""CUDA_HOME"":""/usr/local/cuda"",""NCCL_TESTS_DIR"":""/root/nccl-tests""}"
1,p1-nccl-baseline-20260826T181721Z-16cea6a,phase1,2026-08-26T18:17:26Z,measured,16cea6aed21d649453b65981c72d4b8ea7e32605,False,unknown,,5c44f3e9a47e,Ubuntu 24.04.3 LTS,6.8.0-106-generic,AMD EPYC 9254 24-Core Processor,48,1,NVIDIA L4,2,NODE,none-single-node,False,,12.8,580.126.20,2.25.1+cuda12.8,NCCL_DEBUG=VERSION banner,,gcc (Ubuntu 13.3.0-6ubuntu2~24.04) 13.3.0,717b68318278e93f371d8ffb46b076069d7c7851,nccl-tests,all_gather,float,none,-1,32768,4096,in_place,5,20,0,smoke,9.35,3.5,1.75,0,True,True,True,0,/root/nccl-tests/build/all_gather_perf -b 8 -e 128M -f 4096 -g 2 -w 5 -n 20 -c 1 -d float,results/raw/p1-nccl-baseline-20260826T181721Z-16cea6a/all_gather.smoke.r0.stdout.txt,,"[{""index"":0,""memory_total_mib"":23034,""name"":""NVIDIA L4"",""pci_bus_id"":""00000000:03:00.0""},{""index"":1,""memory_total_mib"":23034,""name"":""NVIDIA L4"",""pci_bus_id"":""00000000:C3:00.0""}]","""\t\u001b[4mGPU0\tGPU1\tNIC0\tCPU Affinity\tNUMA Affinity\tGPU NUMA ID\u001b[0m\nGPU0\t X \tNODE\tNODE\t0-47\t0\t\tN/A\nGPU1\tNODE\t X \tNODE\t0-47\t0\t\tN/A\nNIC0\tNODE\tNODE\t X \t\t\t\t\n\nLegend:\n\n  X    = Self\n  SYS  = Connection traversing PCIe as well as the SMP interconnect between NUMA nodes (e.g., QPI/UPI)\n  NODE = Connection traversing PCIe as well as the interconnect between PCIe Host Bridges within a NUMA node\n  PHB  = Connection traversing PCIe as well as a PCIe Host Bridge (typically the CPU)\n  PXB  = Connection traversing multiple PCIe bridges (without traversing the PCIe Host Bridge)\n  PIX  = Connection traversing at most a single PCIe bridge\n  NV#  = Connection traversing a bonded set of # NVLinks\n\nNIC Legend:\n\n  NIC0: mlx5_bond_0""","{""CUDA_HOME"":""/usr/local/cuda"",""NCCL_TESTS_DIR"":""/root/nccl-tests""}"
1,p1-nccl-baseline-20260826T181721Z-16cea6a,phase1,2026-08-26T18:17:26Z,measured,16cea6aed21d649453b65981c72d4b8ea7e32605,False,unknown,,5c44f3e9a47e,Ubuntu 24.04.3 LTS,6.8.0-106-generic,AMD EPYC 9254 24-Core Processor,48,1,NVIDIA L4,2,NODE,none-single-node,False,,12.8,580.126.20,2.25.1+cuda12.8,NCCL_DEBUG=VERSION banner,,gcc (Ubuntu 13.3.0-6ubuntu2~24.04) 13.3.0,717b68318278e93f371d8ffb46b076069d7c7851,nccl-tests,all_gather,float,none,-1,134217728,16777216,out_of_place,5,20,0,smoke,6428.35,20.88,10.44,0,True,True,True,0,/root/nccl-tests/build/all_gather_perf -b 8 -e 128M -f 4096 -g 2 -w 5 -n 20 -c 1 -d float,results/raw/p1-nccl-baseline-20260826T181721Z-16cea6a/all_gather.smoke.r0.stdout.txt,,"[{""index"":0,""memory_total_mib"":23034,""name"":""NVIDIA L4"",""pci_bus_id"":""00000000:03:00.0""},{""index"":1,""memory_total_mib"":23034,""name"":""NVIDIA L4"",""pci_bus_id"":""00000000:C3:00.0""}]","""\t\u001b[4mGPU0\tGPU1\tNIC0\tCPU Affinity\tNUMA Affinity\tGPU NUMA ID\u001b[0m\nGPU0\t X \tNODE\tNODE\t0-47\t0\t\tN/A\nGPU1\tNODE\t X \tNODE\t0-47\t0\t\tN/A\nNIC0\tNODE\tNODE\t X \t\t\t\t\n\nLegend:\n\n  X    = Self\n  SYS  = Connection traversing PCIe as well as the SMP interconnect between NUMA nodes (e.g., QPI/UPI)\n  NODE = Connection traversing PCIe as well as the interconnect between PCIe Host Bridges within a NUMA node\n  PHB  = Connection traversing PCIe as well as a PCIe Host Bridge (typically the CPU)\n  PXB  = Connection traversing multiple PCIe bridges (without traversing the PCIe Host Bridge)\n  PIX  = Connection traversing at most a single PCIe bridge\n  NV#  = Connection traversing a bonded set of # NVLinks\n\nNIC Legend:\n\n  NIC0: mlx5_bond_0""","{""CUDA_HOME"":""/usr/local/cuda"",""NCCL_TESTS_DIR"":""/root/nccl-tests""}"
1,p1-nccl-baseline-20260826T181721Z-16cea6a,phase1,2026-08-26T18:17:26Z,measured,16cea6aed21d649453b65981c72d4b8ea7e32605,False,unknown,,5c44f3e9a47e,Ubuntu 24.04.3 LTS,6.8.0-106-generic,AMD EPYC 9254 24-Core Processor,48,1,NVIDIA L4,2,NODE,none-single-node,False,,12.8,580.126.20,2.25.1+cuda12.8,NCCL_DEBUG=VERSION banner,,gcc (Ubuntu 13.3.0-6ubuntu2~24.04) 13.3.0,717b68318278e93f371d8ffb46b076069d7c7851,nccl-tests,all_gather,float,none,-1,134217728,16777216,in_place,5,20,0,smoke,6409.29,20.94,10.47,0,True,True,True,0,/root/nccl-tests/build/all_gather_perf -b 8 -e 128M -f 4096 -g 2 -w 5 -n 20 -c 1 -d float,results/raw/p1-nccl-baseline-20260826T181721Z-16cea6a/all_gather.smoke.r0.stdout.txt,,"[{""index"":0,""memory_total_mib"":23034,""name"":""NVIDIA L4"",""pci_bus_id"":""00000000:03:00.0""},{""index"":1,""memory_total_mib"":23034,""name"":""NVIDIA L4"",""pci_bus_id"":""00000000:C3:00.0""}]","""\t\u001b[4mGPU0\tGPU1\tNIC0\tCPU Affinity\tNUMA Affinity\tGPU NUMA ID\u001b[0m\nGPU0\t X \tNODE\tNODE\t0-47\t0\t\tN/A\nGPU1\tNODE\t X \tNODE\t0-47\t0\t\tN/A\nNIC0\tNODE\tNODE\t X \t\t\t\t\n\nLegend:\n\n  X    = Self\n  SYS  = Connection traversing PCIe as well as the SMP interconnect between NUMA nodes (e.g., QPI/UPI)\n  NODE = Connection traversing PCIe as well as the interconnect between PCIe Host Bridges within a NUMA node\n  PHB  = Connection traversing PCIe as well as a PCIe Host Bridge (typically the CPU)\n  PXB  = Connection traversing multiple PCIe bridges (without traversing the PCIe Host Bridge)\n  PIX  = Connection traversing at most a single PCIe bridge\n  NV#  = Connection traversing a bonded set of # NVLinks\n\nNIC Legend:\n\n  NIC0: mlx5_bond_0""","{""CUDA_HOME"":""/usr/local/cuda"",""NCCL_TESTS_DIR"":""/root/nccl-tests""}"
1,p1-nccl-baseline-20260826T181721Z-16cea6a,phase1,2026-08-26T18:17:27Z,measured,16cea6aed21d649453b65981c72d4b8ea7e32605,False,unknown,,5c44f3e9a47e,Ubuntu 24.04.3 LTS,6.8.0-106-generic,AMD EPYC 9254 24-Core Processor,48,1,NVIDIA L4,2,NODE,none-single-node,False,,12.8,580.126.20,2.25.1+cuda12.8,NCCL_DEBUG=VERSION banner,,gcc (Ubuntu 13.3.0-6ubuntu2~24.04) 13.3.0,717b68318278e93f371d8ffb46b076069d7c7851,nccl-tests,reduce_scatter,float,sum,-1,0,0,out_of_place,5,20,0,smoke,0.26,0.0,0.0,0,True,True,,0,/root/nccl-tests/build/reduce_scatter_perf -b 8 -e 128M -f 4096 -g 2 -w 5 -n 20 -c 1 -d float,results/raw/p1-nccl-baseline-20260826T181721Z-16cea6a/reduce_scatter.smoke.r0.stdout.txt,,"[{""index"":0,""memory_total_mib"":23034,""name"":""NVIDIA L4"",""pci_bus_id"":""00000000:03:00.0""},{""index"":1,""memory_total_mib"":23034,""name"":""NVIDIA L4"",""pci_bus_id"":""00000000:C3:00.0""}]","""\t\u001b[4mGPU0\tGPU1\tNIC0\tCPU Affinity\tNUMA Affinity\tGPU NUMA ID\u001b[0m\nGPU0\t X \tNODE\tNODE\t0-47\t0\t\tN/A\nGPU1\tNODE\t X \tNODE\t0-47\t0\t\tN/A\nNIC0\tNODE\tNODE\t X \t\t\t\t\n\nLegend:\n\n  X    = Self\n  SYS  = Connection traversing PCIe as well as the SMP interconnect between NUMA nodes (e.g., QPI/UPI)\n  NODE = Connection traversing PCIe as well as the interconnect between PCIe Host Bridges within a NUMA node\n  PHB  = Connection traversing PCIe as well as a PCIe Host Bridge (typically the CPU)\n  PXB  = Connection traversing multiple PCIe bridges (without traversing the PCIe Host Bridge)\n  PIX  = Connection traversing at most a single PCIe bridge\n  NV#  = Connection traversing a bonded set of # NVLinks\n\nNIC Legend:\n\n  NIC0: mlx5_bond_0""","{""CUDA_HOME"":""/usr/local/cuda"",""NCCL_TESTS_DIR"":""/root/nccl-tests""}"
1,p1-nccl-baseline-20260826T181721Z-16cea6a,phase1,2026-08-26T18:17:27Z,measured,16cea6aed21d649453b65981c72d4b8ea7e32605,False,unknown,,5c44f3e9a47e,Ubuntu 24.04.3 LTS,6.8.0-106-generic,AMD EPYC 9254 24-Core Processor,48,1,NVIDIA L4,2,NODE,none-single-node,False,,12.8,580.126.20,2.25.1+cuda12.8,NCCL_DEBUG=VERSION banner,,gcc (Ubuntu 13.3.0-6ubuntu2~24.04) 13.3.0,717b68318278e93f371d8ffb46b076069d7c7851,nccl-tests,reduce_scatter,float,sum,-1,0,0,in_place,5,20,0,smoke,0.23,0.0,0.0,0,True,True,,0,/root/nccl-tests/build/reduce_scatter_perf -b 8 -e 128M -f 4096 -g 2 -w 5 -n 20 -c 1 -d float,results/raw/p1-nccl-baseline-20260826T181721Z-16cea6a/reduce_scatter.smoke.r0.stdout.txt,,"[{""index"":0,""memory_total_mib"":23034,""name"":""NVIDIA L4"",""pci_bus_id"":""00000000:03:00.0""},{""index"":1,""memory_total_mib"":23034,""name"":""NVIDIA L4"",""pci_bus_id"":""00000000:C3:00.0""}]","""\t\u001b[4mGPU0\tGPU1\tNIC0\tCPU Affinity\tNUMA Affinity\tGPU NUMA ID\u001b[0m\nGPU0\t X \tNODE\tNODE\t0-47\t0\t\tN/A\nGPU1\tNODE\t X \tNODE\t0-47\t0\t\tN/A\nNIC0\tNODE\tNODE\t X \t\t\t\t\n\nLegend:\n\n  X    = Self\n  SYS  = Connection traversing PCIe as well as the SMP interconnect between NUMA nodes (e.g., QPI/UPI)\n  NODE = Connection traversing PCIe as well as the interconnect between PCIe Host Bridges within a NUMA node\n  PHB  = Connection traversing PCIe as well as a PCIe Host Bridge (typically the CPU)\n  PXB  = Connection traversing multiple PCIe bridges (without traversing the PCIe Host Bridge)\n  PIX  = Connection traversing at most a single PCIe bridge\n  NV#  = Connection traversing a bonded set of # NVLinks\n\nNIC Legend:\n\n  NIC0: mlx5_bond_0""","{""CUDA_HOME"":""/usr/local/cuda"",""NCCL_TESTS_DIR"":""/root/nccl-tests""}"
1,p1-nccl-baseline-20260826T181721Z-16cea6a,phase1,2026-08-26T18:17:27Z,measured,16cea6aed21d649453b65981c72d4b8ea7e32605,False,unknown,,5c44f3e9a47e,Ubuntu 24.04.3 LTS,6.8.0-106-generic,AMD EPYC 9254 24-Core Processor,48,1,NVIDIA L4,2,NODE,none-single-node,False,,12.8,580.126.20,2.25.1+cuda12.8,NCCL_DEBUG=VERSION banner,,gcc (Ubuntu 13.3.0-6ubuntu2~24.04) 13.3.0,717b68318278e93f371d8ffb46b076069d7c7851,nccl-tests,reduce_scatter,float,sum,-1,32768,4096,out_of_place,5,20,0,smoke,9.25,3.54,1.77,0,True,True,True,0,/root/nccl-tests/build/reduce_scatter_perf -b 8 -e 128M -f 4096 -g 2 -w 5 -n 20 -c 1 -d float,results/raw/p1-nccl-baseline-20260826T181721Z-16cea6a/reduce_scatter.smoke.r0.stdout.txt,,"[{""index"":0,""memory_total_mib"":23034,""name"":""NVIDIA L4"",""pci_bus_id"":""00000000:03:00.0""},{""index"":1,""memory_total_mib"":23034,""name"":""NVIDIA L4"",""pci_bus_id"":""00000000:C3:00.0""}]","""\t\u001b[4mGPU0\tGPU1\tNIC0\tCPU Affinity\tNUMA Affinity\tGPU NUMA ID\u001b[0m\nGPU0\t X \tNODE\tNODE\t0-47\t0\t\tN/A\nGPU1\tNODE\t X \tNODE\t0-47\t0\t\tN/A\nNIC0\tNODE\tNODE\t X \t\t\t\t\n\nLegend:\n\n  X    = Self\n  SYS  = Connection traversing PCIe as well as the SMP interconnect between NUMA nodes (e.g., QPI/UPI)\n  NODE = Connection traversing PCIe as well as the interconnect between PCIe Host Bridges within a NUMA node\n  PHB  = Connection traversing PCIe as well as a PCIe Host Bridge (typically the CPU)\n  PXB  = Connection traversing multiple PCIe bridges (without traversing the PCIe Host Bridge)\n  PIX  = Connection traversing at most a single PCIe bridge\n  NV#  = Connection traversing a bonded set of # NVLinks\n\nNIC Legend:\n\n  NIC0: mlx5_bond_0""","{""CUDA_HOME"":""/usr/local/cuda"",""NCCL_TESTS_DIR"":""/root/nccl-tests""}"
1,p1-nccl-baseline-20260826T181721Z-16cea6a,phase1,2026-08-26T18:17:27Z,measured,16cea6aed21d649453b65981c72d4b8ea7e32605,False,unknown,,5c44f3e9a47e,Ubuntu 24.04.3 LTS,6.8.0-106-generic,AMD EPYC 9254 24-Core Processor,48,1,NVIDIA L4,2,NODE,none-single-node,False,,12.8,580.126.20,2.25.1+cuda12.8,NCCL_DEBUG=VERSION banner,,gcc (Ubuntu 13.3.0-6ubuntu2~24.04) 13.3.0,717b68318278e93f371d8ffb46b076069d7c7851,nccl-tests,reduce_scatter,float,sum,-1,32768,4096,in_place,5,20,0,smoke,9.43,3.47,1.74,0,True,True,True,0,/root/nccl-tests/build/reduce_scatter_perf -b 8 -e 128M -f 4096 -g 2 -w 5 -n 20 -c 1 -d float,results/raw/p1-nccl-baseline-20260826T181721Z-16cea6a/reduce_scatter.smoke.r0.stdout.txt,,"[{""index"":0,""memory_total_mib"":23034,""name"":""NVIDIA L4"",""pci_bus_id"":""00000000:03:00.0""},{""index"":1,""memory_total_mib"":23034,""name"":""NVIDIA L4"",""pci_bus_id"":""00000000:C3:00.0""}]","""\t\u001b[4mGPU0\tGPU1\tNIC0\tCPU Affinity\tNUMA Affinity\tGPU NUMA ID\u001b[0m\nGPU0\t X \tNODE\tNODE\t0-47\t0\t\tN/A\nGPU1\tNODE\t X \tNODE\t0-47\t0\t\tN/A\nNIC0\tNODE\tNODE\t X \t\t\t\t\n\nLegend:\n\n  X    = Self\n  SYS  = Connection traversing PCIe as well as the SMP interconnect between NUMA nodes (e.g., QPI/UPI)\n  NODE = Connection traversing PCIe as well as the interconnect between PCIe Host Bridges within a NUMA node\n  PHB  = Connection traversing PCIe as well as a PCIe Host Bridge (typically the CPU)\n  PXB  = Connection traversing multiple PCIe bridges (without traversing the PCIe Host Bridge)\n  PIX  = Connection traversing at most a single PCIe bridge\n  NV#  = Connection traversing a bonded set of # NVLinks\n\nNIC Legend:\n\n  NIC0: mlx5_bond_0""","{""CUDA_HOME"":""/usr/local/cuda"",""NCCL_TESTS_DIR"":""/root/nccl-tests""}"
1,p1-nccl-baseline-20260826T181721Z-16cea6a,phase1,2026-08-26T18:17:27Z,measured,16cea6aed21d649453b65981c72d4b8ea7e32605,False,unknown,,5c44f3e9a47e,Ubuntu 24.04.3 LTS,6.8.0-106-generic,AMD EPYC 9254 24-Core Processor,48,1,NVIDIA L4,2,NODE,none-single-node,False,,12.8,580.126.20,2.25.1+cuda12.8,NCCL_DEBUG=VERSION banner,,gcc (Ubuntu 13.3.0-6ubuntu2~24.04) 13.3.0,717b68318278e93f371d8ffb46b076069d7c7851,nccl-tests,reduce_scatter,float,sum,-1,134217728,16777216,out_of_place,5,20,0,smoke,6870.46,19.54,9.77,0,True,True,True,0,/root/nccl-tests/build/reduce_scatter_perf -b 8 -e 128M -f 4096 -g 2 -w 5 -n 20 -c 1 -d float,results/raw/p1-nccl-baseline-20260826T181721Z-16cea6a/reduce_scatter.smoke.r0.stdout.txt,,"[{""index"":0,""memory_total_mib"":23034,""name"":""NVIDIA L4"",""pci_bus_id"":""00000000:03:00.0""},{""index"":1,""memory_total_mib"":23034,""name"":""NVIDIA L4"",""pci_bus_id"":""00000000:C3:00.0""}]","""\t\u001b[4mGPU0\tGPU1\tNIC0\tCPU Affinity\tNUMA Affinity\tGPU NUMA ID\u001b[0m\nGPU0\t X \tNODE\tNODE\t0-47\t0\t\tN/A\nGPU1\tNODE\t X \tNODE\t0-47\t0\t\tN/A\nNIC0\tNODE\tNODE\t X \t\t\t\t\n\nLegend:\n\n  X    = Self\n  SYS  = Connection traversing PCIe as well as the SMP interconnect between NUMA nodes (e.g., QPI/UPI)\n  NODE = Connection traversing PCIe as well as the interconnect between PCIe Host Bridges within a NUMA node\n  PHB  = Connection traversing PCIe as well as a PCIe Host Bridge (typically the CPU)\n  PXB  = Connection traversing multiple PCIe bridges (without traversing the PCIe Host Bridge)\n  PIX  = Connection traversing at most a single PCIe bridge\n  NV#  = Connection traversing a bonded set of # NVLinks\n\nNIC Legend:\n\n  NIC0: mlx5_bond_0""","{""CUDA_HOME"":""/usr/local/cuda"",""NCCL_TESTS_DIR"":""/root/nccl-tests""}"
1,p1-nccl-baseline-20260826T181721Z-16cea6a,phase1,2026-08-26T18:17:27Z,measured,16cea6aed21d649453b65981c72d4b8ea7e32605,False,unknown,,5c44f3e9a47e,Ubuntu 24.04.3 LTS,6.8.0-106-generic,AMD EPYC 9254 24-Core Processor,48,1,NVIDIA L4,2,NODE,none-single-node,False,,12.8,580.126.20,2.25.1+cuda12.8,NCCL_DEBUG=VERSION banner,,gcc (Ubuntu 13.3.0-6ubuntu2~24.04) 13.3.0,717b68318278e93f371d8ffb46b076069d7c7851,nccl-tests,reduce_scatter,float,sum,-1,134217728,16777216,in_place,5,20,0,smoke,6888.95,19.48,9.74,0,True,True,True,0,/root/nccl-tests/build/reduce_scatter_perf -b 8 -e 128M -f 4096 -g 2 -w 5 -n 20 -c 1 -d float,results/raw/p1-nccl-baseline-20260826T181721Z-16cea6a/reduce_scatter.smoke.r0.stdout.txt,,"[{""index"":0,""memory_total_mib"":23034,""name"":""NVIDIA L4"",""pci_bus_id"":""00000000:03:00.0""},{""index"":1,""memory_total_mib"":23034,""name"":""NVIDIA L4"",""pci_bus_id"":""00000000:C3:00.0""}]","""\t\u001b[4mGPU0\tGPU1\tNIC0\tCPU Affinity\tNUMA Affinity\tGPU NUMA ID\u001b[0m\nGPU0\t X \tNODE\tNODE\t0-47\t0\t\tN/A\nGPU1\tNODE\t X \tNODE\t0-47\t0\t\tN/A\nNIC0\tNODE\tNODE\t X \t\t\t\t\n\nLegend:\n\n  X    = Self\n  SYS  = Connection traversing PCIe as well as the SMP interconnect between NUMA nodes (e.g., QPI/UPI)\n  NODE = Connection traversing PCIe as well as the interconnect between PCIe Host Bridges within a NUMA node\n  PHB  = Connection traversing PCIe as well as a PCIe Host Bridge (typically the CPU)\n  PXB  = Connection traversing multiple PCIe bridges (without traversing the PCIe Host Bridge)\n  PIX  = Connection traversing at most a single PCIe bridge\n  NV#  = Connection traversing a bonded set of # NVLinks\n\nNIC Legend:\n\n  NIC0: mlx5_bond_0""","{""CUDA_HOME"":""/usr/local/cuda"",""NCCL_TESTS_DIR"":""/root/nccl-tests""}"
1,p1-nccl-baseline-20260826T181721Z-16cea6a,phase1,2026-08-26T18:17:28Z,measured,16cea6aed21d649453b65981c72d4b8ea7e32605,False,unknown,,5c44f3e9a47e,Ubuntu 24.04.3 LTS,6.8.0-106-generic,AMD EPYC 9254 24-Core Processor,48,1,NVIDIA L4,2,NODE,none-single-node,False,,12.8,580.126.20,2.25.1+cuda12.8,NCCL_DEBUG=VERSION banner,,gcc (Ubuntu 13.3.0-6ubuntu2~24.04) 13.3.0,717b68318278e93f371d8ffb46b076069d7c7851,nccl-tests,all_reduce,float,sum,-1,8,2,out_of_place,20,50,0,full,6.91,0.0,0.0,0,True,True,,0,/root/nccl-tests/build/all_reduce_perf -b 8 -e 128M -f 2 -g 2 -w 20 -n 50 -c 1 -d float,results/raw/p1-nccl-baseline-20260826T181721Z-16cea6a/all_reduce.full.r0.stdout.txt,,"[{""index"":0,""memory_total_mib"":23034,""name"":""NVIDIA L4"",""pci_bus_id"":""00000000:03:00.0""},{""index"":1,""memory_total_mib"":23034,""name"":""NVIDIA L4"",""pci_bus_id"":""00000000:C3:00.0""}]","""\t\u001b[4mGPU0\tGPU1\tNIC0\tCPU Affinity\tNUMA Affinity\tGPU NUMA ID\u001b[0m\nGPU0\t X \tNODE\tNODE\t0-47\t0\t\tN/A\nGPU1\tNODE\t X \tNODE\t0-47\t0\t\tN/A\nNIC0\tNODE\tNODE\t X \t\t\t\t\n\nLegend:\n\n  X    = Self\n  SYS  = Connection traversing PCIe as well as the SMP interconnect between NUMA nodes (e.g., QPI/UPI)\n  NODE = Connection traversing PCIe as well as the interconnect between PCIe Host Bridges within a NUMA node\n  PHB  = Connection traversing PCIe as well as a PCIe Host Bridge (typically the CPU)\n  PXB  = Connection traversing multiple PCIe bridges (without traversing the PCIe Host Bridge)\n  PIX  = Connection traversing at most a single PCIe bridge\n  NV#  = Connection traversing a bonded set of # NVLinks\n\nNIC Legend:\n\n  NIC0: mlx5_bond_0""","{""CUDA_HOME"":""/usr/local/cuda"",""NCCL_TESTS_DIR"":""/root/nccl-tests""}"
1,p1-nccl-baseline-20260826T181721Z-16cea6a,phase1,2026-08-26T18:17:28Z,measured,16cea6aed21d649453b65981c72d4b8ea7e32605,False,unknown,,5c44f3e9a47e,Ubuntu 24.04.3 LTS,6.8.0-106-generic,AMD EPYC 9254 24-Core Processor,48,1,NVIDIA L4,2,NODE,none-single-node,False,,12.8,580.126.20,2.25.1+cuda12.8,NCCL_DEBUG=VERSION banner,,gcc (Ubuntu 13.3.0-6ubuntu2~24.04) 13.3.0,717b68318278e93f371d8ffb46b076069d7c7851,nccl-tests,all_reduce,float,sum,-1,8,2,in_place,20,50,0,full,6.99,0.0,0.0,0,True,True,,0,/root/nccl-tests/build/all_reduce_perf -b 8 -e 128M -f 2 -g 2 -w 20 -n 50 -c 1 -d float,results/raw/p1-nccl-baseline-20260826T181721Z-16cea6a/all_reduce.full.r0.stdout.txt,,"[{""index"":0,""memory_total_mib"":23034,""name"":""NVIDIA L4"",""pci_bus_id"":""00000000:03:00.0""},{""index"":1,""memory_total_mib"":23034,""name"":""NVIDIA L4"",""pci_bus_id"":""00000000:C3:00.0""}]","""\t\u001b[4mGPU0\tGPU1\tNIC0\tCPU Affinity\tNUMA Affinity\tGPU NUMA ID\u001b[0m\nGPU0\t X \tNODE\tNODE\t0-47\t0\t\tN/A\nGPU1\tNODE\t X \tNODE\t0-47\t0\t\tN/A\nNIC0\tNODE\tNODE\t X \t\t\t\t\n\nLegend:\n\n  X    = Self\n  SYS  = Connection traversing PCIe as well as the SMP interconnect between NUMA nodes (e.g., QPI/UPI)\n  NODE = Connection traversing PCIe as well as the interconnect between PCIe Host Bridges within a NUMA node\n  PHB  = Connection traversing PCIe as well as a PCIe Host Bridge (typically the CPU)\n  PXB  = Connection traversing multiple PCIe bridges (without traversing the PCIe Host Bridge)\n  PIX  = Connection traversing at most a single PCIe bridge\n  NV#  = Connection traversing a bonded set of # NVLinks\n\nNIC Legend:\n\n  NIC0: mlx5_bond_0""","{""CUDA_HOME"":""/usr/local/cuda"",""NCCL_TESTS_DIR"":""/root/nccl-tests""}"
1,p1-nccl-baseline-20260826T181721Z-16cea6a,phase1,2026-08-26T18:17:28Z,measured,16cea6aed21d649453b65981c72d4b8ea7e32605,False,unknown,,5c44f3e9a47e,Ubuntu 24.04.3 LTS,6.8.0-106-generic,AMD EPYC 9254 24-Core Processor,48,1,NVIDIA L4,2,NODE,none-single-node,False,,12.8,580.126.20,2.25.1+cuda12.8,NCCL_DEBUG=VERSION banner,,gcc (Ubuntu 13.3.0-6ubuntu2~24.04) 13.3.0,717b68318278e93f371d8ffb46b076069d7c7851,nccl-tests,all_reduce,float,sum,-1,16,4,out_of_place,20,50,0,full,7.0,0.0,0.0,0,True,True,,0,/root/nccl-tests/build/all_reduce_perf -b 8 -e 128M -f 2 -g 2 -w 20 -n 50 -c 1 -d float,results/raw/p1-nccl-baseline-20260826T181721Z-16cea6a/all_reduce.full.r0.stdout.txt,,"[{""index"":0,""memory_total_mib"":23034,""name"":""NVIDIA L4"",""pci_bus_id"":""00000000:03:00.0""},{""index"":1,""memory_total_mib"":23034,""name"":""NVIDIA L4"",""pci_bus_id"":""00000000:C3:00.0""}]","""\t\u001b[4mGPU0\tGPU1\tNIC0\tCPU Affinity\tNUMA Affinity\tGPU NUMA ID\u001b[0m\nGPU0\t X \tNODE\tNODE\t0-47\t0\t\tN/A\nGPU1\tNODE\t X \tNODE\t0-47\t0\t\tN/A\nNIC0\tNODE\tNODE\t X \t\t\t\t\n\nLegend:\n\n  X    = Self\n  SYS  = Connection traversing PCIe as well as the SMP interconnect between NUMA nodes (e.g., QPI/UPI)\n  NODE = Connection traversing PCIe as well as the interconnect between PCIe Host Bridges within a NUMA node\n  PHB  = Connection traversing PCIe as well as a PCIe Host Bridge (typically the CPU)\n  PXB  = Connection traversing multiple PCIe bridges (without traversing the PCIe Host Bridge)\n  PIX  = Connection traversing at most a single PCIe bridge\n  NV#  = Connection traversing a bonded set of # NVLinks\n\nNIC Legend:\n\n  NIC0: mlx5_bond_0""","{""CUDA_HOME"":""/usr/local/cuda"",""NCCL_TESTS_DIR"":""/root/nccl-tests""}"
1,p1-nccl-baseline-20260826T181721Z-16cea6a,phase1,2026-08-26T18:17:28Z,measured,16cea6aed21d649453b65981c72d4b8ea7e32605,False,unknown,,5c44f3e9a47e,Ubuntu 24.04.3 LTS,6.8.0-106-generic,AMD EPYC 9254 24-Core Processor,48,1,NVIDIA L4,2,NODE,none-single-node,False,,12.8,580.126.20,2.25.1+cuda12.8,NCCL_DEBUG=VERSION banner,,gcc (Ubuntu 13.3.0-6ubuntu2~24.04) 13.3.0,717b68318278e93f371d8ffb46b076069d7c7851,nccl-tests,all_reduce,float,sum,-1,16,4,in_place,20,50,0,full,7.07,0.0,0.0,0,True,True,,0,/root/nccl-tests/build/all_reduce_perf -b 8 -e 128M -f 2 -g 2 -w 20 -n 50 -c 1 -d float,results/raw/p1-nccl-baseline-20260826T181721Z-16cea6a/all_reduce.full.r0.stdout.txt,,"[{""index"":0,""memory_total_mib"":23034,""name"":""NVIDIA L4"",""pci_bus_id"":""00000000:03:00.0""},{""index"":1,""memory_total_mib"":23034,""name"":""NVIDIA L4"",""pci_bus_id"":""00000000:C3:00.0""}]","""\t\u001b[4mGPU0\tGPU1\tNIC0\tCPU Affinity\tNUMA Affinity\tGPU NUMA ID\u001b[0m\nGPU0\t X \tNODE\tNODE\t0-47\t0\t\tN/A\nGPU1\tNODE\t X \tNODE\t0-47\t0\t\tN/A\nNIC0\tNODE\tNODE\t X \t\t\t\t\n\nLegend:\n\n  X    = Self\n  SYS  = Connection traversing PCIe as well as the SMP interconnect between NUMA nodes (e.g., QPI/UPI)\n  NODE = Connection traversing PCIe as well as the interconnect between PCIe Host Bridges within a NUMA node\n  PHB  = Connection traversing PCIe as well as a PCIe Host Bridge (typically the CPU)\n  PXB  = Connection traversing multiple PCIe bridges (without traversing the PCIe Host Bridge)\n  PIX  = Connection traversing at most a single PCIe bridge\n  NV#  = Connection traversing a bonded set of # NVLinks\n\nNIC Legend:\n\n  NIC0: mlx5_bond_0""","{""CUDA_HOME"":""/usr/local/cuda"",""NCCL_TESTS_DIR"":""/root/nccl-tests""}"
1,p1-nccl-baseline-20260826T181721Z-16cea6a,phase1,2026-08-26T18:17:28Z,measured,16cea6aed21d649453b65981c72d4b8ea7e32605,False,unknown,,5c44f3e9a47e,Ubuntu 24.04.3 LTS,6.8.0-106-generic,AMD EPYC 9254 24-Core Processor,48,1,NVIDIA L4,2,NODE,none-single-node,False,,12.8,580.126.20,2.25.1+cuda12.8,NCCL_DEBUG=VERSION banner,,gcc (Ubuntu 13.3.0-6ubuntu2~24.04) 13.3.0,717b68318278e93f371d8ffb46b076069d7c7851,nccl-tests,all_reduce,float,sum,-1,32,8,out_of_place,20,50,0,full,7.57,0.0,0.0,0,True,True,,0,/root/nccl-tests/build/all_reduce_perf -b 8 -e 128M -f 2 -g 2 -w 20 -n 50 -c 1 -d float,results/raw/p1-nccl-baseline-20260826T181721Z-16cea6a/all_reduce.full.r0.stdout.txt,,"[{""index"":0,""memory_total_mib"":23034,""name"":""NVIDIA L4"",""pci_bus_id"":""00000000:03:00.0""},{""index"":1,""memory_total_mib"":23034,""name"":""NVIDIA L4"",""pci_bus_id"":""00000000:C3:00.0""}]","""\t\u001b[4mGPU0\tGPU1\tNIC0\tCPU Affinity\tNUMA Affinity\tGPU NUMA ID\u001b[0m\nGPU0\t X \tNODE\tNODE\t0-47\t0\t\tN/A\nGPU1\tNODE\t X \tNODE\t0-47\t0\t\tN/A\nNIC0\tNODE\tNODE\t X \t\t\t\t\n\nLegend:\n\n  X    = Self\n  SYS  = Connection traversing PCIe as well as the SMP interconnect between NUMA nodes (e.g., QPI/UPI)\n  NODE = Connection traversing PCIe as well as the interconnect between PCIe Host Bridges within a NUMA node\n  PHB  = Connection traversing PCIe as well as a PCIe Host Bridge (typically the CPU)\n  PXB  = Connection traversing multiple PCIe bridges (without traversing the PCIe Host Bridge)\n  PIX  = Connection traversing at most a single PCIe bridge\n  NV#  = Connection traversing a bonded set of # NVLinks\n\nNIC Legend:\n\n  NIC0: mlx5_bond_0""","{""CUDA_HOME"":""/usr/local/cuda"",""NCCL_TESTS_DIR"":""/root/nccl-tests""}"
1,p1-nccl-baseline-20260826T181721Z-16cea6a,phase1,2026-08-26T18:17:28Z,measured,16cea6aed21d649453b65981c72d4b8ea7e32605,False,unknown,,5c44f3e9a47e,Ubuntu 24.04.3 LTS,6.8.0-106-generic,AMD EPYC 9254 24-Core Processor,48,1,NVIDIA L4,2,NODE,none-single-node,False,,12.8,580.126.20,2.25.1+cuda12.8,NCCL_DEBUG=VERSION banner,,gcc (Ubuntu 13.3.0-6ubuntu2~24.04) 13.3.0,717b68318278e93f371d8ffb46b076069d7c7851,nccl-tests,all_reduce,float,sum,-1,32,8,in_place,20,50,0,full,7.26,0.0,0.0,0,True,True,,0,/root/nccl-tests/build/all_reduce_perf -b 8 -e 128M -f 2 -g 2 -w 20 -n 50 -c 1 -d float,results/raw/p1-nccl-baseline-20260826T181721Z-16cea6a/all_reduce.full.r0.stdout.txt,,"[{""index"":0,""memory_total_mib"":23034,""name"":""NVIDIA L4"",""pci_bus_id"":""00000000:03:00.0""},{""index"":1,""memory_total_mib"":23034,""name"":""NVIDIA L4"",""pci_bus_id"":""00000000:C3:00.0""}]","""\t\u001b[4mGPU0\tGPU1\tNIC0\tCPU Affinity\tNUMA Affinity\tGPU NUMA ID\u001b[0m\nGPU0\t X \tNODE\tNODE\t0-47\t0\t\tN/A\nGPU1\tNODE\t X \tNODE\t0-47\t0\t\tN/A\nNIC0\tNODE\tNODE\t X \t\t\t\t\n\nLegend:\n\n  X    = Self\n  SYS  = Connection traversing PCIe as well as the SMP interconnect between NUMA nodes (e.g., QPI/UPI)\n  NODE = Connection traversing PCIe as well as the interconnect between PCIe Host Bridges within a NUMA node\n  PHB  = Connection traversing PCIe as well as a PCIe Host Bridge (typically the CPU)\n  PXB  = Connection traversing multiple PCIe bridges (without traversing the PCIe Host Bridge)\n  PIX  = Connection traversing at most a single PCIe bridge\n  NV#  = Connection traversing a bonded set of # NVLinks\n\nNIC Legend:\n\n  NIC0: mlx5_bond_0""","{""CUDA_HOME"":""/usr/local/cuda"",""NCCL_TESTS_DIR"":""/root/nccl-tests""}"
1,p1-nccl-baseline-20260826T181721Z-16cea6a,phase1,2026-08-26T18:17:28Z,measured,16cea6aed21d649453b65981c72d4b8ea7e32605,False,unknown,,5c44f3e9a47e,Ubuntu 24.04.3 LTS,6.8.0-106-generic,AMD EPYC 9254 24-Core Processor,48,1,NVIDIA L4,2,NODE,none-single-node,False,,12.8,580.126.20,2.25.1+cuda12.8,NCCL_DEBUG=VERSION banner,,gcc (Ubuntu 13.3.0-6ubuntu2~24.04) 13.3.0,717b68318278e93f371d8ffb46b076069d7c7851,nccl-tests,all_reduce,float,sum,-1,64,16,out_of_place,20,50,0,full,6.94,0.01,0.01,0,True,True,True,0,/root/nccl-tests/build/all_reduce_perf -b 8 -e 128M -f 2 -g 2 -w 20 -n 50 -c 1 -d float,results/raw/p1-nccl-baseline-20260826T181721Z-16cea6a/all_reduce.full.r0.stdout.txt,,"[{""index"":0,""memory_total_mib"":23034,""name"":""NVIDIA L4"",""pci_bus_id"":""00000000:03:00.0""},{""index"":1,""memory_total_mib"":23034,""name"":""NVIDIA L4"",""pci_bus_id"":""00000000:C3:00.0""}]","""\t\u001b[4mGPU0\tGPU1\tNIC0\tCPU Affinity\tNUMA Affinity\tGPU NUMA ID\u001b[0m\nGPU0\t X \tNODE\tNODE\t0-47\t0\t\tN/A\nGPU1\tNODE\t X \tNODE\t0-47\t0\t\tN/A\nNIC0\tNODE\tNODE\t X \t\t\t\t\n\nLegend:\n\n  X    = Self\n  SYS  = Connection traversing PCIe as well as the SMP interconnect between NUMA nodes (e.g., QPI/UPI)\n  NODE = Connection traversing PCIe as well as the interconnect between PCIe Host Bridges within a NUMA node\n  PHB  = Connection traversing PCIe as well as a PCIe Host Bridge (typically the CPU)\n  PXB  = Connection traversing multiple PCIe bridges (without traversing the PCIe Host Bridge)\n  PIX  = Connection traversing at most a single PCIe bridge\n  NV#  = Connection traversing a bonded set of # NVLinks\n\nNIC Legend:\n\n  NIC0: mlx5_bond_0""","{""CUDA_HOME"":""/usr/local/cuda"",""NCCL_TESTS_DIR"":""/root/nccl-tests""}"
1,p1-nccl-baseline-20260826T181721Z-16cea6a,phase1,2026-08-26T18:17:28Z,measured,16cea6aed21d649453b65981c72d4b8ea7e32605,False,unknown,,5c44f3e9a47e,Ubuntu 24.04.3 LTS,6.8.0-106-generic,AMD EPYC 9254 24-Core Processor,48,1,NVIDIA L4,2,NODE,none-single-node,False,,12.8,580.126.20,2.25.1+cuda12.8,NCCL_DEBUG=VERSION banner,,gcc (Ubuntu 13.3.0-6ubuntu2~24.04) 13.3.0,717b68318278e93f371d8ffb46b076069d7c7851,nccl-tests,all_reduce,float,sum,-1,64,16,in_place,20,50,0,full,7.08,0.01,0.01,0,True,True,True,0,/root/nccl-tests/build/all_reduce_perf -b 8 -e 128M -f 2 -g 2 -w 20 -n 50 -c 1 -d float,results/raw/p1-nccl-baseline-20260826T181721Z-16cea6a/all_reduce.full.r0.stdout.txt,,"[{""index"":0,""memory_total_mib"":23034,""name"":""NVIDIA L4"",""pci_bus_id"":""00000000:03:00.0""},{""index"":1,""memory_total_mib"":23034,""name"":""NVIDIA L4"",""pci_bus_id"":""00000000:C3:00.0""}]","""\t\u001b[4mGPU0\tGPU1\tNIC0\tCPU Affinity\tNUMA Affinity\tGPU NUMA ID\u001b[0m\nGPU0\t X \tNODE\tNODE\t0-47\t0\t\tN/A\nGPU1\tNODE\t X \tNODE\t0-47\t0\t\tN/A\nNIC0\tNODE\tNODE\t X \t\t\t\t\n\nLegend:\n\n  X    = Self\n  SYS  = Connection traversing PCIe as well as the SMP interconnect between NUMA nodes (e.g., QPI/UPI)\n  NODE = Connection traversing PCIe as well as the interconnect between PCIe Host Bridges within a NUMA node\n  PHB  = Connection traversing PCIe as well as a PCIe Host Bridge (typically the CPU)\n  PXB  = Connection traversing multiple PCIe bridges (without traversing the PCIe Host Bridge)\n  PIX  = Connection traversing at most a single PCIe bridge\n  NV#  = Connection traversing a bonded set of # NVLinks\n\nNIC Legend:\n\n  NIC0: mlx5_bond_0""","{""CUDA_HOME"":""/usr/local/cuda"",""NCCL_TESTS_DIR"":""/root/nccl-tests""}"
1,p1-nccl-baseline-20260826T181721Z-16cea6a,phase1,2026-08-26T18:17:28Z,measured,16cea6aed21d649453b65981c72d4b8ea7e32605,False,unknown,,5c44f3e9a47e,Ubuntu 24.04.3 LTS,6.8.0-106-generic,AMD EPYC 9254 24-Core Processor,48,1,NVIDIA L4,2,NODE,none-single-node,False,,12.8,580.126.20,2.25.1+cuda12.8,NCCL_DEBUG=VERSION banner,,gcc (Ubuntu 13.3.0-6ubuntu2~24.04) 13.3.0,717b68318278e93f371d8ffb46b076069d7c7851,nccl-tests,all_reduce,float,sum,-1,128,32,out_of_place,20,50,0,full,7.07,0.02,0.02,0,True,True,True,0,/root/nccl-tests/build/all_reduce_perf -b 8 -e 128M -f 2 -g 2 -w 20 -n 50 -c 1 -d float,results/raw/p1-nccl-baseline-20260826T181721Z-16cea6a/all_reduce.full.r0.stdout.txt,,"[{""index"":0,""memory_total_mib"":23034,""name"":""NVIDIA L4"",""pci_bus_id"":""00000000:03:00.0""},{""index"":1,""memory_total_mib"":23034,""name"":""NVIDIA L4"",""pci_bus_id"":""00000000:C3:00.0""}]","""\t\u001b[4mGPU0\tGPU1\tNIC0\tCPU Affinity\tNUMA Affinity\tGPU NUMA ID\u001b[0m\nGPU0\t X \tNODE\tNODE\t0-47\t0\t\tN/A\nGPU1\tNODE\t X \tNODE\t0-47\t0\t\tN/A\nNIC0\tNODE\tNODE\t X \t\t\t\t\n\nLegend:\n\n  X    = Self\n  SYS  = Connection traversing PCIe as well as the SMP interconnect between NUMA nodes (e.g., QPI/UPI)\n  NODE = Connection traversing PCIe as well as the interconnect between PCIe Host Bridges within a NUMA node\n  PHB  = Connection traversing PCIe as well as a PCIe Host Bridge (typically the CPU)\n  PXB  = Connection traversing multiple PCIe bridges (without traversing the PCIe Host Bridge)\n  PIX  = Connection traversing at most a single PCIe bridge\n  NV#  = Connection traversing a bonded set of # NVLinks\n\nNIC Legend:\n\n  NIC0: mlx5_bond_0""","{""CUDA_HOME"":""/usr/local/cuda"",""NCCL_TESTS_DIR"":""/root/nccl-tests""}"
1,p1-nccl-baseline-20260826T181721Z-16cea6a,phase1,2026-08-26T18:17:28Z,measured,16cea6aed21d649453b65981c72d4b8ea7e32605,False,unknown,,5c44f3e9a47e,Ubuntu 24.04.3 LTS,6.8.0-106-generic,AMD EPYC 9254 24-Core Processor,48,1,NVIDIA L4,2,NODE,none-single-node,False,,12.8,580.126.20,2.25.1+cuda12.8,NCCL_DEBUG=VERSION banner,,gcc (Ubuntu 13.3.0-6ubuntu2~24.04) 13.3.0,717b68318278e93f371d8ffb46b076069d7c7851,nccl-tests,all_reduce,float,sum,-1,128,32,in_place,20,50,0,full,6.87,0.02,0.02,0,True,True,True,0,/root/nccl-tests/build/all_reduce_perf -b 8 -e 128M -f 2 -g 2 -w 20 -n 50 -c 1 -d float,results/raw/p1-nccl-baseline-20260826T181721Z-16cea6a/all_reduce.full.r0.stdout.txt,,"[{""index"":0,""memory_total_mib"":23034,""name"":""NVIDIA L4"",""pci_bus_id"":""00000000:03:00.0""},{""index"":1,""memory_total_mib"":23034,""name"":""NVIDIA L4"",""pci_bus_id"":""00000000:C3:00.0""}]","""\t\u001b[4mGPU0\tGPU1\tNIC0\tCPU Affinity\tNUMA Affinity\tGPU NUMA ID\u001b[0m\nGPU0\t X \tNODE\tNODE\t0-47\t0\t\tN/A\nGPU1\tNODE\t X \tNODE\t0-47\t0\t\tN/A\nNIC0\tNODE\tNODE\t X \t\t\t\t\n\nLegend:\n\n  X    = Self\n  SYS  = Connection traversing PCIe as well as the SMP interconnect between NUMA nodes (e.g., QPI/UPI)\n  NODE = Connection traversing PCIe as well as the interconnect between PCIe Host Bridges within a NUMA node\n  PHB  = Connection traversing PCIe as well as a PCIe Host Bridge (typically the CPU)\n  PXB  = Connection traversing multiple PCIe bridges (without traversing the PCIe Host Bridge)\n  PIX  = Connection traversing at most a single PCIe bridge\n  NV#  = Connection traversing a bonded set of # NVLinks\n\nNIC Legend:\n\n  NIC0: mlx5_bond_0""","{""CUDA_HOME"":""/usr/local/cuda"",""NCCL_TESTS_DIR"":""/root/nccl-tests""}"
1,p1-nccl-baseline-20260826T181721Z-16cea6a,phase1,2026-08-26T18:17:28Z,measured,16cea6aed21d649453b65981c72d4b8ea7e32605,False,unknown,,5c44f3e9a47e,Ubuntu 24.04.3 LTS,6.8.0-106-generic,AMD EPYC 9254 24-Core Processor,48,1,NVIDIA L4,2,NODE,none-single-node,False,,12.8,580.126.20,2.25.1+cuda12.8,NCCL_DEBUG=VERSION banner,,gcc (Ubuntu 13.3.0-6ubuntu2~24.04) 13.3.0,717b68318278e93f371d8ffb46b076069d7c7851,nccl-tests,all_reduce,float,sum,-1,256,64,out_of_place,20,50,0,full,6.81,0.04,0.04,0,True,True,True,0,/root/nccl-tests/build/all_reduce_perf -b 8 -e 128M -f 2 -g 2 -w 20 -n 50 -c 1 -d float,results/raw/p1-nccl-baseline-20260826T181721Z-16cea6a/all_reduce.full.r0.stdout.txt,,"[{""index"":0,""memory_total_mib"":23034,""name"":""NVIDIA L4"",""pci_bus_id"":""00000000:03:00.0""},{""index"":1,""memory_total_mib"":23034,""name"":""NVIDIA L4"",""pci_bus_id"":""00000000:C3:00.0""}]","""\t\u001b[4mGPU0\tGPU1\tNIC0\tCPU Affinity\tNUMA Affinity\tGPU NUMA ID\u001b[0m\nGPU0\t X \tNODE\tNODE\t0-47\t0\t\tN/A\nGPU1\tNODE\t X \tNODE\t0-47\t0\t\tN/A\nNIC0\tNODE\tNODE\t X \t\t\t\t\n\nLegend:\n\n  X    = Self\n  SYS  = Connection traversing PCIe as well as the SMP interconnect between NUMA nodes (e.g., QPI/UPI)\n  NODE = Connection traversing PCIe as well as the interconnect between PCIe Host Bridges within a NUMA node\n  PHB  = Connection traversing PCIe as well as a PCIe Host Bridge (typically the CPU)\n  PXB  = Connection traversing multiple PCIe bridges (without traversing the PCIe Host Bridge)\n  PIX  = Connection traversing at most a single PCIe bridge\n  NV#  = Connection traversing a bonded set of # NVLinks\n\nNIC Legend:\n\n  NIC0: mlx5_bond_0""","{""CUDA_HOME"":""/usr/local/cuda"",""NCCL_TESTS_DIR"":""/root/nccl-tests""}"
1,p1-nccl-baseline-20260826T181721Z-16cea6a,phase1,2026-08-26T18:17:28Z,measured,16cea6aed21d649453b65981c72d4b8ea7e32605,False,unknown,,5c44f3e9a47e,Ubuntu 24.04.3 LTS,6.8.0-106-generic,AMD EPYC 9254 24-Core Processor,48,1,NVIDIA L4,2,NODE,none-single-node,False,,12.8,580.126.20,2.25.1+cuda12.8,NCCL_DEBUG=VERSION banner,,gcc (Ubuntu 13.3.0-6ubuntu2~24.04) 13.3.0,717b68318278e93f371d8ffb46b076069d7c7851,nccl-tests,all_reduce,float,sum,-1,256,64,in_place,20,50,0,full,7.08,0.04,0.04,0,True,True,True,0,/root/nccl-tests/build/all_reduce_perf -b 8 -e 128M -f 2 -g 2 -w 20 -n 50 -c 1 -d float,results/raw/p1-nccl-baseline-20260826T181721Z-16cea6a/all_reduce.full.r0.stdout.txt,,"[{""index"":0,""memory_total_mib"":23034,""name"":""NVIDIA L4"",""pci_bus_id"":""00000000:03:00.0""},{""index"":1,""memory_total_mib"":23034,""name"":""NVIDIA L4"",""pci_bus_id"":""00000000:C3:00.0""}]","""\t\u001b[4mGPU0\tGPU1\tNIC0\tCPU Affinity\tNUMA Affinity\tGPU NUMA ID\u001b[0m\nGPU0\t X \tNODE\tNODE\t0-47\t0\t\tN/A\nGPU1\tNODE\t X \tNODE\t0-47\t0\t\tN/A\nNIC0\tNODE\tNODE\t X \t\t\t\t\n\nLegend:\n\n  X    = Self\n  SYS  = Connection traversing PCIe as well as the SMP interconnect between NUMA nodes (e.g., QPI/UPI)\n  NODE = Connection traversing PCIe as well as the interconnect between PCIe Host Bridges within a NUMA node\n  PHB  = Connection traversing PCIe as well as a PCIe Host Bridge (typically the CPU)\n  PXB  = Connection traversing multiple PCIe bridges (without traversing the PCIe Host Bridge)\n  PIX  = Connection traversing at most a single PCIe bridge\n  NV#  = Connection traversing a bonded set of # NVLinks\n\nNIC Legend:\n\n  NIC0: mlx5_bond_0""","{""CUDA_HOME"":""/usr/local/cuda"",""NCCL_TESTS_DIR"":""/root/nccl-tests""}"
1,p1-nccl-baseline-20260826T181721Z-16cea6a,phase1,2026-08-26T18:17:28Z,measured,16cea6aed21d649453b65981c72d4b8ea7e32605,False,unknown,,5c44f3e9a47e,Ubuntu 24.04.3 LTS,6.8.0-106-generic,AMD EPYC 9254 24-Core Processor,48,1,NVIDIA L4,2,NODE,none-single-node,False,,12.8,580.126.20,2.25.1+cuda12.8,NCCL_DEBUG=VERSION banner,,gcc (Ubuntu 13.3.0-6ubuntu2~24.04) 13.3.0,717b68318278e93f371d8ffb46b076069d7c7851,nccl-tests,all_reduce,float,sum,-1,512,128,out_of_place,20,50,0,full,6.93,0.07,0.07,0,True,True,True,0,/root/nccl-tests/build/all_reduce_perf -b 8 -e 128M -f 2 -g 2 -w 20 -n 50 -c 1 -d float,results/raw/p1-nccl-baseline-20260826T181721Z-16cea6a/all_reduce.full.r0.stdout.txt,,"[{""index"":0,""memory_total_mib"":23034,""name"":""NVIDIA L4"",""pci_bus_id"":""00000000:03:00.0""},{""index"":1,""memory_total_mib"":23034,""name"":""NVIDIA L4"",""pci_bus_id"":""00000000:C3:00.0""}]","""\t\u001b[4mGPU0\tGPU1\tNIC0\tCPU Affinity\tNUMA Affinity\tGPU NUMA ID\u001b[0m\nGPU0\t X \tNODE\tNODE\t0-47\t0\t\tN/A\nGPU1\tNODE\t X \tNODE\t0-47\t0\t\tN/A\nNIC0\tNODE\tNODE\t X \t\t\t\t\n\nLegend:\n\n  X    = Self\n  SYS  = Connection traversing PCIe as well as the SMP interconnect between NUMA nodes (e.g., QPI/UPI)\n  NODE = Connection traversing PCIe as well as the interconnect between PCIe Host Bridges within a NUMA node\n  PHB  = Connection traversing PCIe as well as a PCIe Host Bridge (typically the CPU)\n  PXB  = Connection traversing multiple PCIe bridges (without traversing the PCIe Host Bridge)\n  PIX  = Connection traversing at most a single PCIe bridge\n  NV#  = Connection traversing a bonded set of # NVLinks\n\nNIC Legend:\n\n  NIC0: mlx5_bond_0""","{""CUDA_HOME"":""/usr/local/cuda"",""NCCL_TESTS_DIR"":""/root/nccl-tests""}"
1,p1-nccl-baseline-20260826T181721Z-16cea6a,phase1,2026-08-26T18:17:28Z,measured,16cea6aed21d649453b65981c72d4b8ea7e32605,False,unknown,,5c44f3e9a47e,Ubuntu 24.04.3 LTS,6.8.0-106-generic,AMD EPYC 9254 24-Core Processor,48,1,NVIDIA L4,2,NODE,none-single-node,False,,12.8,580.126.20,2.25.1+cuda12.8,NCCL_DEBUG=VERSION banner,,gcc (Ubuntu 13.3.0-6ubuntu2~24.04) 13.3.0,717b68318278e93f371d8ffb46b076069d7c7851,nccl-tests,all_reduce,float,sum,-1,512,128,in_place,20,50,0,full,6.86,0.07,0.07,0,True,True,True,0,/root/nccl-tests/build/all_reduce_perf -b 8 -e 128M -f 2 -g 2 -w 20 -n 50 -c 1 -d float,results/raw/p1-nccl-baseline-20260826T181721Z-16cea6a/all_reduce.full.r0.stdout.txt,,"[{""index"":0,""memory_total_mib"":23034,""name"":""NVIDIA L4"",""pci_bus_id"":""00000000:03:00.0""},{""index"":1,""memory_total_mib"":23034,""name"":""NVIDIA L4"",""pci_bus_id"":""00000000:C3:00.0""}]","""\t\u001b[4mGPU0\tGPU1\tNIC0\tCPU Affinity\tNUMA Affinity\tGPU NUMA ID\u001b[0m\nGPU0\t X \tNODE\tNODE\t0-47\t0\t\tN/A\nGPU1\tNODE\t X \tNODE\t0-47\t0\t\tN/A\nNIC0\tNODE\tNODE\t X \t\t\t\t\n\nLegend:\n\n  X    = Self\n  SYS  = Connection traversing PCIe as well as the SMP interconnect between NUMA nodes (e.g., QPI/UPI)\n  NODE = Connection traversing PCIe as well as the interconnect between PCIe Host Bridges within a NUMA node\n  PHB  = Connection traversing PCIe as well as a PCIe Host Bridge (typically the CPU)\n  PXB  = Connection traversing multiple PCIe bridges (without traversing the PCIe Host Bridge)\n  PIX  = Connection traversing at most a single PCIe bridge\n  NV#  = Connection traversing a bonded set of # NVLinks\n\nNIC Legend:\n\n  NIC0: mlx5_bond_0""","{""CUDA_HOME"":""/usr/local/cuda"",""NCCL_TESTS_DIR"":""/root/nccl-tests""}"
1,p1-nccl-baseline-20260826T181721Z-16cea6a,phase1,2026-08-26T18:17:28Z,measured,16cea6aed21d649453b65981c72d4b8ea7e32605,False,unknown,,5c44f3e9a47e,Ubuntu 24.04.3 LTS,6.8.0-106-generic,AMD EPYC 9254 24-Core Processor,48,1,NVIDIA L4,2,NODE,none-single-node,False,,12.8,580.126.20,2.25.1+cuda12.8,NCCL_DEBUG=VERSION banner,,gcc (Ubuntu 13.3.0-6ubuntu2~24.04) 13.3.0,717b68318278e93f371d8ffb46b076069d7c7851,nccl-tests,all_reduce,float,sum,-1,1024,256,out_of_place,20,50,0,full,6.79,0.15,0.15,0,True,True,True,0,/root/nccl-tests/build/all_reduce_perf -b 8 -e 128M -f 2 -g 2 -w 20 -n 50 -c 1 -d float,results/raw/p1-nccl-baseline-20260826T181721Z-16cea6a/all_reduce.full.r0.stdout.txt,,"[{""index"":0,""memory_total_mib"":23034,""name"":""NVIDIA L4"",""pci_bus_id"":""00000000:03:00.0""},{""index"":1,""memory_total_mib"":23034,""name"":""NVIDIA L4"",""pci_bus_id"":""00000000:C3:00.0""}]","""\t\u001b[4mGPU0\tGPU1\tNIC0\tCPU Affinity\tNUMA Affinity\tGPU NUMA ID\u001b[0m\nGPU0\t X \tNODE\tNODE\t0-47\t0\t\tN/A\nGPU1\tNODE\t X \tNODE\t0-47\t0\t\tN/A\nNIC0\tNODE\tNODE\t X \t\t\t\t\n\nLegend:\n\n  X    = Self\n  SYS  = Connection traversing PCIe as well as the SMP interconnect between NUMA nodes (e.g., QPI/UPI)\n  NODE = Connection traversing PCIe as well as the interconnect between PCIe Host Bridges within a NUMA node\n  PHB  = Connection traversing PCIe as well as a PCIe Host Bridge (typically the CPU)\n  PXB  = Connection traversing multiple PCIe bridges (without traversing the PCIe Host Bridge)\n  PIX  = Connection traversing at most a single PCIe bridge\n  NV#  = Connection traversing a bonded set of # NVLinks\n\nNIC Legend:\n\n  NIC0: mlx5_bond_0""","{""CUDA_HOME"":""/usr/local/cuda"",""NCCL_TESTS_DIR"":""/root/nccl-tests""}"
1,p1-nccl-baseline-20260826T181721Z-16cea6a,phase1,2026-08-26T18:17:28Z,measured,16cea6aed21d649453b65981c72d4b8ea7e32605,False,unknown,,5c44f3e9a47e,Ubuntu 24.04.3 LTS,6.8.0-106-generic,AMD EPYC 9254 24-Core Processor,48,1,NVIDIA L4,2,NODE,none-single-node,False,,12.8,580.126.20,2.25.1+cuda12.8,NCCL_DEBUG=VERSION banner,,gcc (Ubuntu 13.3.0-6ubuntu2~24.04) 13.3.0,717b68318278e93f371d8ffb46b076069d7c7851,nccl-tests,all_reduce,float,sum,-1,1024,256,in_place,20,50,0,full,6.82,0.15,0.15,0,True,True,True,0,/root/nccl-tests/build/all_reduce_perf -b 8 -e 128M -f 2 -g 2 -w 20 -n 50 -c 1 -d float,results/raw/p1-nccl-baseline-20260826T181721Z-16cea6a/all_reduce.full.r0.stdout.txt,,"[{""index"":0,""memory_total_mib"":23034,""name"":""NVIDIA L4"",""pci_bus_id"":""00000000:03:00.0""},{""index"":1,""memory_total_mib"":23034,""name"":""NVIDIA L4"",""pci_bus_id"":""00000000:C3:00.0""}]","""\t\u001b[4mGPU0\tGPU1\tNIC0\tCPU Affinity\tNUMA Affinity\tGPU NUMA ID\u001b[0m\nGPU0\t X \tNODE\tNODE\t0-47\t0\t\tN/A\nGPU1\tNODE\t X \tNODE\t0-47\t0\t\tN/A\nNIC0\tNODE\tNODE\t X \t\t\t\t\n\nLegend:\n\n  X    = Self\n  SYS  = Connection traversing PCIe as well as the SMP interconnect between NUMA nodes (e.g., QPI/UPI)\n  NODE = Connection traversing PCIe as well as the interconnect between PCIe Host Bridges within a NUMA node\n  PHB  = Connection traversing PCIe as well as a PCIe Host Bridge (typically the CPU)\n  PXB  = Connection traversing multiple PCIe bridges (without traversing the PCIe Host Bridge)\n  PIX  = Connection traversing at most a single PCIe bridge\n  NV#  = Connection traversing a bonded set of # NVLinks\n\nNIC Legend:\n\n  NIC0: mlx5_bond_0""","{""CUDA_HOME"":""/usr/local/cuda"",""NCCL_TESTS_DIR"":""/root/nccl-tests""}"
1,p1-nccl-baseline-20260826T181721Z-16cea6a,phase1,2026-08-26T18:17:28Z,measured,16cea6aed21d649453b65981c72d4b8ea7e32605,False,unknown,,5c44f3e9a47e,Ubuntu 24.04.3 LTS,6.8.0-106-generic,AMD EPYC 9254 24-Core Processor,48,1,NVIDIA L4,2,NODE,none-single-node,False,,12.8,580.126.20,2.25.1+cuda12.8,NCCL_DEBUG=VERSION banner,,gcc (Ubuntu 13.3.0-6ubuntu2~24.04) 13.3.0,717b68318278e93f371d8ffb46b076069d7c7851,nccl-tests,all_reduce,float,sum,-1,2048,512,out_of_place,20,50,0,full,6.76,0.3,0.3,0,True,True,True,0,/root/nccl-tests/build/all_reduce_perf -b 8 -e 128M -f 2 -g 2 -w 20 -n 50 -c 1 -d float,results/raw/p1-nccl-baseline-20260826T181721Z-16cea6a/all_reduce.full.r0.stdout.txt,,"[{""index"":0,""memory_total_mib"":23034,""name"":""NVIDIA L4"",""pci_bus_id"":""00000000:03:00.0""},{""index"":1,""memory_total_mib"":23034,""name"":""NVIDIA L4"",""pci_bus_id"":""00000000:C3:00.0""}]","""\t\u001b[4mGPU0\tGPU1\tNIC0\tCPU Affinity\tNUMA Affinity\tGPU NUMA ID\u001b[0m\nGPU0\t X \tNODE\tNODE\t0-47\t0\t\tN/A\nGPU1\tNODE\t X \tNODE\t0-47\t0\t\tN/A\nNIC0\tNODE\tNODE\t X \t\t\t\t\n\nLegend:\n\n  X    = Self\n  SYS  = Connection traversing PCIe as well as the SMP interconnect between NUMA nodes (e.g., QPI/UPI)\n  NODE = Connection traversing PCIe as well as the interconnect between PCIe Host Bridges within a NUMA node\n  PHB  = Connection traversing PCIe as well as a PCIe Host Bridge (typically the CPU)\n  PXB  = Connection traversing multiple PCIe bridges (without traversing the PCIe Host Bridge)\n  PIX  = Connection traversing at most a single PCIe bridge\n  NV#  = Connection traversing a bonded set of # NVLinks\n\nNIC Legend:\n\n  NIC0: mlx5_bond_0""","{""CUDA_HOME"":""/usr/local/cuda"",""NCCL_TESTS_DIR"":""/root/nccl-tests""}"
1,p1-nccl-baseline-20260826T181721Z-16cea6a,phase1,2026-08-26T18:17:28Z,measured,16cea6aed21d649453b65981c72d4b8ea7e32605,False,unknown,,5c44f3e9a47e,Ubuntu 24.04.3 LTS,6.8.0-106-generic,AMD EPYC 9254 24-Core Processor,48,1,NVIDIA L4,2,NODE,none-single-node,False,,12.8,580.126.20,2.25.1+cuda12.8,NCCL_DEBUG=VERSION banner,,gcc (Ubuntu 13.3.0-6ubuntu2~24.04) 13.3.0,717b68318278e93f371d8ffb46b076069d7c7851,nccl-tests,all_reduce,float,sum,-1,2048,512,in_place,20,50,0,full,6.84,0.3,0.3,0,True,True,True,0,/root/nccl-tests/build/all_reduce_perf -b 8 -e 128M -f 2 -g 2 -w 20 -n 50 -c 1 -d float,results/raw/p1-nccl-baseline-20260826T181721Z-16cea6a/all_reduce.full.r0.stdout.txt,,"[{""index"":0,""memory_total_mib"":23034,""name"":""NVIDIA L4"",""pci_bus_id"":""00000000:03:00.0""},{""index"":1,""memory_total_mib"":23034,""name"":""NVIDIA L4"",""pci_bus_id"":""00000000:C3:00.0""}]","""\t\u001b[4mGPU0\tGPU1\tNIC0\tCPU Affinity\tNUMA Affinity\tGPU NUMA ID\u001b[0m\nGPU0\t X \tNODE\tNODE\t0-47\t0\t\tN/A\nGPU1\tNODE\t X \tNODE\t0-47\t0\t\tN/A\nNIC0\tNODE\tNODE\t X \t\t\t\t\n\nLegend:\n\n  X    = Self\n  SYS  = Connection traversing PCIe as well as the SMP interconnect between NUMA nodes (e.g., QPI/UPI)\n  NODE = Connection traversing PCIe as well as the interconnect between PCIe Host Bridges within a NUMA node\n  PHB  = Connection traversing PCIe as well as a PCIe Host Bridge (typically the CPU)\n  PXB  = Connection traversing multiple PCIe bridges (without traversing the PCIe Host Bridge)\n  PIX  = Connection traversing at most a single PCIe bridge\n  NV#  = Connection traversing a bonded set of # NVLinks\n\nNIC Legend:\n\n  NIC0: mlx5_bond_0""","{""CUDA_HOME"":""/usr/local/cuda"",""NCCL_TESTS_DIR"":""/root/nccl-tests""}"
1,p1-nccl-baseline-20260826T181721Z-16cea6a,phase1,2026-08-26T18:17:28Z,measured,16cea6aed21d649453b65981c72d4b8ea7e32605,False,unknown,,5c44f3e9a47e,Ubuntu 24.04.3 LTS,6.8.0-106-generic,AMD EPYC 9254 24-Core Processor,48,1,NVIDIA L4,2,NODE,none-single-node,False,,12.8,580.126.20,2.25.1+cuda12.8,NCCL_DEBUG=VERSION banner,,gcc (Ubuntu 13.3.0-6ubuntu2~24.04) 13.3.0,717b68318278e93f371d8ffb46b076069d7c7851,nccl-tests,all_reduce,float,sum,-1,4096,1024,out_of_place,20,50,0,full,7.0,0.58,0.58,0,True,True,True,0,/root/nccl-tests/build/all_reduce_perf -b 8 -e 128M -f 2 -g 2 -w 20 -n 50 -c 1 -d float,results/raw/p1-nccl-baseline-20260826T181721Z-16cea6a/all_reduce.full.r0.stdout.txt,,"[{""index"":0,""memory_total_mib"":23034,""name"":""NVIDIA L4"",""pci_bus_id"":""00000000:03:00.0""},{""index"":1,""memory_total_mib"":23034,""name"":""NVIDIA L4"",""pci_bus_id"":""00000000:C3:00.0""}]","""\t\u001b[4mGPU0\tGPU1\tNIC0\tCPU Affinity\tNUMA Affinity\tGPU NUMA ID\u001b[0m\nGPU0\t X \tNODE\tNODE\t0-47\t0\t\tN/A\nGPU1\tNODE\t X \tNODE\t0-47\t0\t\tN/A\nNIC0\tNODE\tNODE\t X \t\t\t\t\n\nLegend:\n\n  X    = Self\n  SYS  = Connection traversing PCIe as well as the SMP interconnect between NUMA nodes (e.g., QPI/UPI)\n  NODE = Connection traversing PCIe as well as the interconnect between PCIe Host Bridges within a NUMA node\n  PHB  = Connection traversing PCIe as well as a PCIe Host Bridge (typically the CPU)\n  PXB  = Connection traversing multiple PCIe bridges (without traversing the PCIe Host Bridge)\n  PIX  = Connection traversing at most a single PCIe bridge\n  NV#  = Connection traversing a bonded set of # NVLinks\n\nNIC Legend:\n\n  NIC0: mlx5_bond_0""","{""CUDA_HOME"":""/usr/local/cuda"",""NCCL_TESTS_DIR"":""/root/nccl-tests""}"
1,p1-nccl-baseline-20260826T181721Z-16cea6a,phase1,2026-08-26T18:17:28Z,measured,16cea6aed21d649453b65981c72d4b8ea7e32605,False,unknown,,5c44f3e9a47e,Ubuntu 24.04.3 LTS,6.8.0-106-generic,AMD EPYC 9254 24-Core Processor,48,1,NVIDIA L4,2,NODE,none-single-node,False,,12.8,580.126.20,2.25.1+cuda12.8,NCCL_DEBUG=VERSION banner,,gcc (Ubuntu 13.3.0-6ubuntu2~24.04) 13.3.0,717b68318278e93f371d8ffb46b076069d7c7851,nccl-tests,all_reduce,float,sum,-1,4096,1024,in_place,20,50,0,full,7.04,0.58,0.58,0,True,True,True,0,/root/nccl-tests/build/all_reduce_perf -b 8 -e 128M -f 2 -g 2 -w 20 -n 50 -c 1 -d float,results/raw/p1-nccl-baseline-20260826T181721Z-16cea6a/all_reduce.full.r0.stdout.txt,,"[{""index"":0,""memory_total_mib"":23034,""name"":""NVIDIA L4"",""pci_bus_id"":""00000000:03:00.0""},{""index"":1,""memory_total_mib"":23034,""name"":""NVIDIA L4"",""pci_bus_id"":""00000000:C3:00.0""}]","""\t\u001b[4mGPU0\tGPU1\tNIC0\tCPU Affinity\tNUMA Affinity\tGPU NUMA ID\u001b[0m\nGPU0\t X \tNODE\tNODE\t0-47\t0\t\tN/A\nGPU1\tNODE\t X \tNODE\t0-47\t0\t\tN/A\nNIC0\tNODE\tNODE\t X \t\t\t\t\n\nLegend:\n\n  X    = Self\n  SYS  = Connection traversing PCIe as well as the SMP interconnect between NUMA nodes (e.g., QPI/UPI)\n  NODE = Connection traversing PCIe as well as the interconnect between PCIe Host Bridges within a NUMA node\n  PHB  = Connection traversing PCIe as well as a PCIe Host Bridge (typically the CPU)\n  PXB  = Connection traversing multiple PCIe bridges (without traversing the PCIe Host Bridge)\n  PIX  = Connection traversing at most a single PCIe bridge\n  NV#  = Connection traversing a bonded set of # NVLinks\n\nNIC Legend:\n\n  NIC0: mlx5_bond_0""","{""CUDA_HOME"":""/usr/local/cuda"",""NCCL_TESTS_DIR"":""/root/nccl-tests""}"
1,p1-nccl-baseline-20260826T181721Z-16cea6a,phase1,2026-08-26T18:17:28Z,measured,16cea6aed21d649453b65981c72d4b8ea7e32605,False,unknown,,5c44f3e9a47e,Ubuntu 24.04.3 LTS,6.8.0-106-generic,AMD EPYC 9254 24-Core Processor,48,1,NVIDIA L4,2,NODE,none-single-node,False,,12.8,580.126.20,2.25.1+cuda12.8,NCCL_DEBUG=VERSION banner,,gcc (Ubuntu 13.3.0-6ubuntu2~24.04) 13.3.0,717b68318278e93f371d8ffb46b076069d7c7851,nccl-tests,all_reduce,float,sum,-1,8192,2048,out_of_place,20,50,0,full,7.67,1.07,1.07,0,True,True,True,0,/root/nccl-tests/build/all_reduce_perf -b 8 -e 128M -f 2 -g 2 -w 20 -n 50 -c 1 -d float,results/raw/p1-nccl-baseline-20260826T181721Z-16cea6a/all_reduce.full.r0.stdout.txt,,"[{""index"":0,""memory_total_mib"":23034,""name"":""NVIDIA L4"",""pci_bus_id"":""00000000:03:00.0""},{""index"":1,""memory_total_mib"":23034,""name"":""NVIDIA L4"",""pci_bus_id"":""00000000:C3:00.0""}]","""\t\u001b[4mGPU0\tGPU1\tNIC0\tCPU Affinity\tNUMA Affinity\tGPU NUMA ID\u001b[0m\nGPU0\t X \tNODE\tNODE\t0-47\t0\t\tN/A\nGPU1\tNODE\t X \tNODE\t0-47\t0\t\tN/A\nNIC0\tNODE\tNODE\t X \t\t\t\t\n\nLegend:\n\n  X    = Self\n  SYS  = Connection traversing PCIe as well as the SMP interconnect between NUMA nodes (e.g., QPI/UPI)\n  NODE = Connection traversing PCIe as well as the interconnect between PCIe Host Bridges within a NUMA node\n  PHB  = Connection traversing PCIe as well as a PCIe Host Bridge (typically the CPU)\n  PXB  = Connection traversing multiple PCIe bridges (without traversing the PCIe Host Bridge)\n  PIX  = Connection traversing at most a single PCIe bridge\n  NV#  = Connection traversing a bonded set of # NVLinks\n\nNIC Legend:\n\n  NIC0: mlx5_bond_0""","{""CUDA_HOME"":""/usr/local/cuda"",""NCCL_TESTS_DIR"":""/root/nccl-tests""}"
1,p1-nccl-baseline-20260826T181721Z-16cea6a,phase1,2026-08-26T18:17:28Z,measured,16cea6aed21d649453b65981c72d4b8ea7e32605,False,unknown,,5c44f3e9a47e,Ubuntu 24.04.3 LTS,6.8.0-106-generic,AMD EPYC 9254 24-Core Processor,48,1,NVIDIA L4,2,NODE,none-single-node,False,,12.8,580.126.20,2.25.1+cuda12.8,NCCL_DEBUG=VERSION banner,,gcc (Ubuntu 13.3.0-6ubuntu2~24.04) 13.3.0,717b68318278e93f371d8ffb46b076069d7c7851,nccl-tests,all_reduce,float,sum,-1,8192,2048,in_place,20,50,0,full,7.68,1.07,1.07,0,True,True,True,0,/root/nccl-tests/build/all_reduce_perf -b 8 -e 128M -f 2 -g 2 -w 20 -n 50 -c 1 -d float,results/raw/p1-nccl-baseline-20260826T181721Z-16cea6a/all_reduce.full.r0.stdout.txt,,"[{""index"":0,""memory_total_mib"":23034,""name"":""NVIDIA L4"",""pci_bus_id"":""00000000:03:00.0""},{""index"":1,""memory_total_mib"":23034,""name"":""NVIDIA L4"",""pci_bus_id"":""00000000:C3:00.0""}]","""\t\u001b[4mGPU0\tGPU1\tNIC0\tCPU Affinity\tNUMA Affinity\tGPU NUMA ID\u001b[0m\nGPU0\t X \tNODE\tNODE\t0-47\t0\t\tN/A\nGPU1\tNODE\t X \tNODE\t0-47\t0\t\tN/A\nNIC0\tNODE\tNODE\t X \t\t\t\t\n\nLegend:\n\n  X    = Self\n  SYS  = Connection traversing PCIe as well as the SMP interconnect between NUMA nodes (e.g., QPI/UPI)\n  NODE = Connection traversing PCIe as well as the interconnect between PCIe Host Bridges within a NUMA node\n  PHB  = Connection traversing PCIe as well as a PCIe Host Bridge (typically the CPU)\n  PXB  = Connection traversing multiple PCIe bridges (without traversing the PCIe Host Bridge)\n  PIX  = Connection traversing at most a single PCIe bridge\n  NV#  = Connection traversing a bonded set of # NVLinks\n\nNIC Legend:\n\n  NIC0: mlx5_bond_0""","{""CUDA_HOME"":""/usr/local/cuda"",""NCCL_TESTS_DIR"":""/root/nccl-tests""}"
1,p1-nccl-baseline-20260826T181721Z-16cea6a,phase1,2026-08-26T18:17:28Z,measured,16cea6aed21d649453b65981c72d4b8ea7e32605,False,unknown,,5c44f3e9a47e,Ubuntu 24.04.3 LTS,6.8.0-106-generic,AMD EPYC 9254 24-Core Processor,48,1,NVIDIA L4,2,NODE,none-single-node,False,,12.8,580.126.20,2.25.1+cuda12.8,NCCL_DEBUG=VERSION banner,,gcc (Ubuntu 13.3.0-6ubuntu2~24.04) 13.3.0,717b68318278e93f371d8ffb46b076069d7c7851,nccl-tests,all_reduce,float,sum,-1,16384,4096,out_of_place,20,50,0,full,9.23,1.77,1.77,0,True,True,True,0,/root/nccl-tests/build/all_reduce_perf -b 8 -e 128M -f 2 -g 2 -w 20 -n 50 -c 1 -d float,results/raw/p1-nccl-baseline-20260826T181721Z-16cea6a/all_reduce.full.r0.stdout.txt,,"[{""index"":0,""memory_total_mib"":23034,""name"":""NVIDIA L4"",""pci_bus_id"":""00000000:03:00.0""},{""index"":1,""memory_total_mib"":23034,""name"":""NVIDIA L4"",""pci_bus_id"":""00000000:C3:00.0""}]","""\t\u001b[4mGPU0\tGPU1\tNIC0\tCPU Affinity\tNUMA Affinity\tGPU NUMA ID\u001b[0m\nGPU0\t X \tNODE\tNODE\t0-47\t0\t\tN/A\nGPU1\tNODE\t X \tNODE\t0-47\t0\t\tN/A\nNIC0\tNODE\tNODE\t X \t\t\t\t\n\nLegend:\n\n  X    = Self\n  SYS  = Connection traversing PCIe as well as the SMP interconnect between NUMA nodes (e.g., QPI/UPI)\n  NODE = Connection traversing PCIe as well as the interconnect between PCIe Host Bridges within a NUMA node\n  PHB  = Connection traversing PCIe as well as a PCIe Host Bridge (typically the CPU)\n  PXB  = Connection traversing multiple PCIe bridges (without traversing the PCIe Host Bridge)\n  PIX  = Connection traversing at most a single PCIe bridge\n  NV#  = Connection traversing a bonded set of # NVLinks\n\nNIC Legend:\n\n  NIC0: mlx5_bond_0""","{""CUDA_HOME"":""/usr/local/cuda"",""NCCL_TESTS_DIR"":""/root/nccl-tests""}"
1,p1-nccl-baseline-20260826T181721Z-16cea6a,phase1,2026-08-26T18:17:28Z,measured,16cea6aed21d649453b65981c72d4b8ea7e32605,False,unknown,,5c44f3e9a47e,Ubuntu 24.04.3 LTS,6.8.0-106-generic,AMD EPYC 9254 24-Core Processor,48,1,NVIDIA L4,2,NODE,none-single-node,False,,12.8,580.126.20,2.25.1+cuda12.8,NCCL_DEBUG=VERSION banner,,gcc (Ubuntu 13.3.0-6ubuntu2~24.04) 13.3.0,717b68318278e93f371d8ffb46b076069d7c7851,nccl-tests,all_reduce,float,sum,-1,16384,4096,in_place,20,50,0,full,9.19,1.78,1.78,0,True,True,True,0,/root/nccl-tests/build/all_reduce_perf -b 8 -e 128M -f 2 -g 2 -w 20 -n 50 -c 1 -d float,results/raw/p1-nccl-baseline-20260826T181721Z-16cea6a/all_reduce.full.r0.stdout.txt,,"[{""index"":0,""memory_total_mib"":23034,""name"":""NVIDIA L4"",""pci_bus_id"":""00000000:03:00.0""},{""index"":1,""memory_total_mib"":23034,""name"":""NVIDIA L4"",""pci_bus_id"":""00000000:C3:00.0""}]","""\t\u001b[4mGPU0\tGPU1\tNIC0\tCPU Affinity\tNUMA Affinity\tGPU NUMA ID\u001b[0m\nGPU0\t X \tNODE\tNODE\t0-47\t0\t\tN/A\nGPU1\tNODE\t X \tNODE\t0-47\t0\t\tN/A\nNIC0\tNODE\tNODE\t X \t\t\t\t\n\nLegend:\n\n  X    = Self\n  SYS  = Connection traversing PCIe as well as the SMP interconnect between NUMA nodes (e.g., QPI/UPI)\n  NODE = Connection traversing PCIe as well as the interconnect between PCIe Host Bridges within a NUMA node\n  PHB  = Connection traversing PCIe as well as a PCIe Host Bridge (typically the CPU)\n  PXB  = Connection traversing multiple PCIe bridges (without traversing the PCIe Host Bridge)\n  PIX  = Connection traversing at most a single PCIe bridge\n  NV#  = Connection traversing a bonded set of # NVLinks\n\nNIC Legend:\n\n  NIC0: mlx5_bond_0""","{""CUDA_HOME"":""/usr/local/cuda"",""NCCL_TESTS_DIR"":""/root/nccl-tests""}"
1,p1-nccl-baseline-20260826T181721Z-16cea6a,phase1,2026-08-26T18:17:28Z,measured,16cea6aed21d649453b65981c72d4b8ea7e32605,False,unknown,,5c44f3e9a47e,Ubuntu 24.04.3 LTS,6.8.0-106-generic,AMD EPYC 9254 24-Core Processor,48,1,NVIDIA L4,2,NODE,none-single-node,False,,12.8,580.126.20,2.25.1+cuda12.8,NCCL_DEBUG=VERSION banner,,gcc (Ubuntu 13.3.0-6ubuntu2~24.04) 13.3.0,717b68318278e93f371d8ffb46b076069d7c7851,nccl-tests,all_reduce,float,sum,-1,32768,8192,out_of_place,20,50,0,full,12.09,2.71,2.71,0,True,True,True,0,/root/nccl-tests/build/all_reduce_perf -b 8 -e 128M -f 2 -g 2 -w 20 -n 50 -c 1 -d float,results/raw/p1-nccl-baseline-20260826T181721Z-16cea6a/all_reduce.full.r0.stdout.txt,,"[{""index"":0,""memory_total_mib"":23034,""name"":""NVIDIA L4"",""pci_bus_id"":""00000000:03:00.0""},{""index"":1,""memory_total_mib"":23034,""name"":""NVIDIA L4"",""pci_bus_id"":""00000000:C3:00.0""}]","""\t\u001b[4mGPU0\tGPU1\tNIC0\tCPU Affinity\tNUMA Affinity\tGPU NUMA ID\u001b[0m\nGPU0\t X \tNODE\tNODE\t0-47\t0\t\tN/A\nGPU1\tNODE\t X \tNODE\t0-47\t0\t\tN/A\nNIC0\tNODE\tNODE\t X \t\t\t\t\n\nLegend:\n\n  X    = Self\n  SYS  = Connection traversing PCIe as well as the SMP interconnect between NUMA nodes (e.g., QPI/UPI)\n  NODE = Connection traversing PCIe as well as the interconnect between PCIe Host Bridges within a NUMA node\n  PHB  = Connection traversing PCIe as well as a PCIe Host Bridge (typically the CPU)\n  PXB  = Connection traversing multiple PCIe bridges (without traversing the PCIe Host Bridge)\n  PIX  = Connection traversing at most a single PCIe bridge\n  NV#  = Connection traversing a bonded set of # NVLinks\n\nNIC Legend:\n\n  NIC0: mlx5_bond_0""","{""CUDA_HOME"":""/usr/local/cuda"",""NCCL_TESTS_DIR"":""/root/nccl-tests""}"
1,p1-nccl-baseline-20260826T181721Z-16cea6a,phase1,2026-08-26T18:17:28Z,measured,16cea6aed21d649453b65981c72d4b8ea7e32605,False,unknown,,5c44f3e9a47e,Ubuntu 24.04.3 LTS,6.8.0-106-generic,AMD EPYC 9254 24-Core Processor,48,1,NVIDIA L4,2,NODE,none-single-node,False,,12.8,580.126.20,2.25.1+cuda12.8,NCCL_DEBUG=VERSION banner,,gcc (Ubuntu 13.3.0-6ubuntu2~24.04) 13.3.0,717b68318278e93f371d8ffb46b076069d7c7851,nccl-tests,all_reduce,float,sum,-1,32768,8192,in_place,20,50,0,full,12.02,2.73,2.73,0,True,True,True,0,/root/nccl-tests/build/all_reduce_perf -b 8 -e 128M -f 2 -g 2 -w 20 -n 50 -c 1 -d float,results/raw/p1-nccl-baseline-20260826T181721Z-16cea6a/all_reduce.full.r0.stdout.txt,,"[{""index"":0,""memory_total_mib"":23034,""name"":""NVIDIA L4"",""pci_bus_id"":""00000000:03:00.0""},{""index"":1,""memory_total_mib"":23034,""name"":""NVIDIA L4"",""pci_bus_id"":""00000000:C3:00.0""}]","""\t\u001b[4mGPU0\tGPU1\tNIC0\tCPU Affinity\tNUMA Affinity\tGPU NUMA ID\u001b[0m\nGPU0\t X \tNODE\tNODE\t0-47\t0\t\tN/A\nGPU1\tNODE\t X \tNODE\t0-47\t0\t\tN/A\nNIC0\tNODE\tNODE\t X \t\t\t\t\n\nLegend:\n\n  X    = Self\n  SYS  = Connection traversing PCIe as well as the SMP interconnect between NUMA nodes (e.g., QPI/UPI)\n  NODE = Connection traversing PCIe as well as the interconnect between PCIe Host Bridges within a NUMA node\n  PHB  = Connection traversing PCIe as well as a PCIe Host Bridge (typically the CPU)\n  PXB  = Connection traversing multiple PCIe bridges (without traversing the PCIe Host Bridge)\n  PIX  = Connection traversing at most a single PCIe bridge\n  NV#  = Connection traversing a bonded set of # NVLinks\n\nNIC Legend:\n\n  NIC0: mlx5_bond_0""","{""CUDA_HOME"":""/usr/local/cuda"",""NCCL_TESTS_DIR"":""/root/nccl-tests""}"
1,p1-nccl-baseline-20260826T181721Z-16cea6a,phase1,2026-08-26T18:17:28Z,measured,16cea6aed21d649453b65981c72d4b8ea7e32605,False,unknown,,5c44f3e9a47e,Ubuntu 24.04.3 LTS,6.8.0-106-generic,AMD EPYC 9254 24-Core Processor,48,1,NVIDIA L4,2,NODE,none-single-node,False,,12.8,580.126.20,2.25.1+cuda12.8,NCCL_DEBUG=VERSION banner,,gcc (Ubuntu 13.3.0-6ubuntu2~24.04) 13.3.0,717b68318278e93f371d8ffb46b076069d7c7851,nccl-tests,all_reduce,float,sum,-1,65536,16384,out_of_place,20,50,0,full,17.73,3.7,3.7,0,True,True,True,0,/root/nccl-tests/build/all_reduce_perf -b 8 -e 128M -f 2 -g 2 -w 20 -n 50 -c 1 -d float,results/raw/p1-nccl-baseline-20260826T181721Z-16cea6a/all_reduce.full.r0.stdout.txt,,"[{""index"":0,""memory_total_mib"":23034,""name"":""NVIDIA L4"",""pci_bus_id"":""00000000:03:00.0""},{""index"":1,""memory_total_mib"":23034,""name"":""NVIDIA L4"",""pci_bus_id"":""00000000:C3:00.0""}]","""\t\u001b[4mGPU0\tGPU1\tNIC0\tCPU Affinity\tNUMA Affinity\tGPU NUMA ID\u001b[0m\nGPU0\t X \tNODE\tNODE\t0-47\t0\t\tN/A\nGPU1\tNODE\t X \tNODE\t0-47\t0\t\tN/A\nNIC0\tNODE\tNODE\t X \t\t\t\t\n\nLegend:\n\n  X    = Self\n  SYS  = Connection traversing PCIe as well as the SMP interconnect between NUMA nodes (e.g., QPI/UPI)\n  NODE = Connection traversing PCIe as well as the interconnect between PCIe Host Bridges within a NUMA node\n  PHB  = Connection traversing PCIe as well as a PCIe Host Bridge (typically the CPU)\n  PXB  = Connection traversing multiple PCIe bridges (without traversing the PCIe Host Bridge)\n  PIX  = Connection traversing at most a single PCIe bridge\n  NV#  = Connection traversing a bonded set of # NVLinks\n\nNIC Legend:\n\n  NIC0: mlx5_bond_0""","{""CUDA_HOME"":""/usr/local/cuda"",""NCCL_TESTS_DIR"":""/root/nccl-tests""}"
1,p1-nccl-baseline-20260826T181721Z-16cea6a,phase1,2026-08-26T18:17:28Z,measured,16cea6aed21d649453b65981c72d4b8ea7e32605,False,unknown,,5c44f3e9a47e,Ubuntu 24.04.3 LTS,6.8.0-106-generic,AMD EPYC 9254 24-Core Processor,48,1,NVIDIA L4,2,NODE,none-single-node,False,,12.8,580.126.20,2.25.1+cuda12.8,NCCL_DEBUG=VERSION banner,,gcc (Ubuntu 13.3.0-6ubuntu2~24.04) 13.3.0,717b68318278e93f371d8ffb46b076069d7c7851,nccl-tests,all_reduce,float,sum,-1,65536,16384,in_place,20,50,0,full,17.71,3.7,3.7,0,True,True,True,0,/root/nccl-tests/build/all_reduce_perf -b 8 -e 128M -f 2 -g 2 -w 20 -n 50 -c 1 -d float,results/raw/p1-nccl-baseline-20260826T181721Z-16cea6a/all_reduce.full.r0.stdout.txt,,"[{""index"":0,""memory_total_mib"":23034,""name"":""NVIDIA L4"",""pci_bus_id"":""00000000:03:00.0""},{""index"":1,""memory_total_mib"":23034,""name"":""NVIDIA L4"",""pci_bus_id"":""00000000:C3:00.0""}]","""\t\u001b[4mGPU0\tGPU1\tNIC0\tCPU Affinity\tNUMA Affinity\tGPU NUMA ID\u001b[0m\nGPU0\t X \tNODE\tNODE\t0-47\t0\t\tN/A\nGPU1\tNODE\t X \tNODE\t0-47\t0\t\tN/A\nNIC0\tNODE\tNODE\t X \t\t\t\t\n\nLegend:\n\n  X    = Self\n  SYS  = Connection traversing PCIe as well as the SMP interconnect between NUMA nodes (e.g., QPI/UPI)\n  NODE = Connection traversing PCIe as well as the interconnect between PCIe Host Bridges within a NUMA node\n  PHB  = Connection traversing PCIe as well as a PCIe Host Bridge (typically the CPU)\n  PXB  = Connection traversing multiple PCIe bridges (without traversing the PCIe Host Bridge)\n  PIX  = Connection traversing at most a single PCIe bridge\n  NV#  = Connection traversing a bonded set of # NVLinks\n\nNIC Legend:\n\n  NIC0: mlx5_bond_0""","{""CUDA_HOME"":""/usr/local/cuda"",""NCCL_TESTS_DIR"":""/root/nccl-tests""}"
1,p1-nccl-baseline-20260826T181721Z-16cea6a,phase1,2026-08-26T18:17:28Z,measured,16cea6aed21d649453b65981c72d4b8ea7e32605,False,unknown,,5c44f3e9a47e,Ubuntu 24.04.3 LTS,6.8.0-106-generic,AMD EPYC 9254 24-Core Processor,48,1,NVIDIA L4,2,NODE,none-single-node,False,,12.8,580.126.20,2.25.1+cuda12.8,NCCL_DEBUG=VERSION banner,,gcc (Ubuntu 13.3.0-6ubuntu2~24.04) 13.3.0,717b68318278e93f371d8ffb46b076069d7c7851,nccl-tests,all_reduce,float,sum,-1,131072,32768,out_of_place,20,50,0,full,28.72,4.56,4.56,0,True,True,True,0,/root/nccl-tests/build/all_reduce_perf -b 8 -e 128M -f 2 -g 2 -w 20 -n 50 -c 1 -d float,results/raw/p1-nccl-baseline-20260826T181721Z-16cea6a/all_reduce.full.r0.stdout.txt,,"[{""index"":0,""memory_total_mib"":23034,""name"":""NVIDIA L4"",""pci_bus_id"":""00000000:03:00.0""},{""index"":1,""memory_total_mib"":23034,""name"":""NVIDIA L4"",""pci_bus_id"":""00000000:C3:00.0""}]","""\t\u001b[4mGPU0\tGPU1\tNIC0\tCPU Affinity\tNUMA Affinity\tGPU NUMA ID\u001b[0m\nGPU0\t X \tNODE\tNODE\t0-47\t0\t\tN/A\nGPU1\tNODE\t X \tNODE\t0-47\t0\t\tN/A\nNIC0\tNODE\tNODE\t X \t\t\t\t\n\nLegend:\n\n  X    = Self\n  SYS  = Connection traversing PCIe as well as the SMP interconnect between NUMA nodes (e.g., QPI/UPI)\n  NODE = Connection traversing PCIe as well as the interconnect between PCIe Host Bridges within a NUMA node\n  PHB  = Connection traversing PCIe as well as a PCIe Host Bridge (typically the CPU)\n  PXB  = Connection traversing multiple PCIe bridges (without traversing the PCIe Host Bridge)\n  PIX  = Connection traversing at most a single PCIe bridge\n  NV#  = Connection traversing a bonded set of # NVLinks\n\nNIC Legend:\n\n  NIC0: mlx5_bond_0""","{""CUDA_HOME"":""/usr/local/cuda"",""NCCL_TESTS_DIR"":""/root/nccl-tests""}"
1,p1-nccl-baseline-20260826T181721Z-16cea6a,phase1,2026-08-26T18:17:28Z,measured,16cea6aed21d649453b65981c72d4b8ea7e32605,False,unknown,,5c44f3e9a47e,Ubuntu 24.04.3 LTS,6.8.0-106-generic,AMD EPYC 9254 24-Core Processor,48,1,NVIDIA L4,2,NODE,none-single-node,False,,12.8,580.126.20,2.25.1+cuda12.8,NCCL_DEBUG=VERSION banner,,gcc (Ubuntu 13.3.0-6ubuntu2~24.04) 13.3.0,717b68318278e93f371d8ffb46b076069d7c7851,nccl-tests,all_reduce,float,sum,-1,131072,32768,in_place,20,50,0,full,28.71,4.56,4.56,0,True,True,True,0,/root/nccl-tests/build/all_reduce_perf -b 8 -e 128M -f 2 -g 2 -w 20 -n 50 -c 1 -d float,results/raw/p1-nccl-baseline-20260826T181721Z-16cea6a/all_reduce.full.r0.stdout.txt,,"[{""index"":0,""memory_total_mib"":23034,""name"":""NVIDIA L4"",""pci_bus_id"":""00000000:03:00.0""},{""index"":1,""memory_total_mib"":23034,""name"":""NVIDIA L4"",""pci_bus_id"":""00000000:C3:00.0""}]","""\t\u001b[4mGPU0\tGPU1\tNIC0\tCPU Affinity\tNUMA Affinity\tGPU NUMA ID\u001b[0m\nGPU0\t X \tNODE\tNODE\t0-47\t0\t\tN/A\nGPU1\tNODE\t X \tNODE\t0-47\t0\t\tN/A\nNIC0\tNODE\tNODE\t X \t\t\t\t\n\nLegend:\n\n  X    = Self\n  SYS  = Connection traversing PCIe as well as the SMP interconnect between NUMA nodes (e.g., QPI/UPI)\n  NODE = Connection traversing PCIe as well as the interconnect between PCIe Host Bridges within a NUMA node\n  PHB  = Connection traversing PCIe as well as a PCIe Host Bridge (typically the CPU)\n  PXB  = Connection traversing multiple PCIe bridges (without traversing the PCIe Host Bridge)\n  PIX  = Connection traversing at most a single PCIe bridge\n  NV#  = Connection traversing a bonded set of # NVLinks\n\nNIC Legend:\n\n  NIC0: mlx5_bond_0""","{""CUDA_HOME"":""/usr/local/cuda"",""NCCL_TESTS_DIR"":""/root/nccl-tests""}"
1,p1-nccl-baseline-20260826T181721Z-16cea6a,phase1,2026-08-26T18:17:28Z,measured,16cea6aed21d649453b65981c72d4b8ea7e32605,False,unknown,,5c44f3e9a47e,Ubuntu 24.04.3 LTS,6.8.0-106-generic,AMD EPYC 9254 24-Core Processor,48,1,NVIDIA L4,2,NODE,none-single-node,False,,12.8,580.126.20,2.25.1+cuda12.8,NCCL_DEBUG=VERSION banner,,gcc (Ubuntu 13.3.0-6ubuntu2~24.04) 13.3.0,717b68318278e93f371d8ffb46b076069d7c7851,nccl-tests,all_reduce,float,sum,-1,262144,65536,out_of_place,20,50,0,full,42.08,6.23,6.23,0,True,True,True,0,/root/nccl-tests/build/all_reduce_perf -b 8 -e 128M -f 2 -g 2 -w 20 -n 50 -c 1 -d float,results/raw/p1-nccl-baseline-20260826T181721Z-16cea6a/all_reduce.full.r0.stdout.txt,,"[{""index"":0,""memory_total_mib"":23034,""name"":""NVIDIA L4"",""pci_bus_id"":""00000000:03:00.0""},{""index"":1,""memory_total_mib"":23034,""name"":""NVIDIA L4"",""pci_bus_id"":""00000000:C3:00.0""}]","""\t\u001b[4mGPU0\tGPU1\tNIC0\tCPU Affinity\tNUMA Affinity\tGPU NUMA ID\u001b[0m\nGPU0\t X \tNODE\tNODE\t0-47\t0\t\tN/A\nGPU1\tNODE\t X \tNODE\t0-47\t0\t\tN/A\nNIC0\tNODE\tNODE\t X \t\t\t\t\n\nLegend:\n\n  X    = Self\n  SYS  = Connection traversing PCIe as well as the SMP interconnect between NUMA nodes (e.g., QPI/UPI)\n  NODE = Connection traversing PCIe as well as the interconnect between PCIe Host Bridges within a NUMA node\n  PHB  = Connection traversing PCIe as well as a PCIe Host Bridge (typically the CPU)\n  PXB  = Connection traversing multiple PCIe bridges (without traversing the PCIe Host Bridge)\n  PIX  = Connection traversing at most a single PCIe bridge\n  NV#  = Connection traversing a bonded set of # NVLinks\n\nNIC Legend:\n\n  NIC0: mlx5_bond_0""","{""CUDA_HOME"":""/usr/local/cuda"",""NCCL_TESTS_DIR"":""/root/nccl-tests""}"
1,p1-nccl-baseline-20260826T181721Z-16cea6a,phase1,2026-08-26T18:17:28Z,measured,16cea6aed21d649453b65981c72d4b8ea7e32605,False,unknown,,5c44f3e9a47e,Ubuntu 24.04.3 LTS,6.8.0-106-generic,AMD EPYC 9254 24-Core Processor,48,1,NVIDIA L4,2,NODE,none-single-node,False,,12.8,580.126.20,2.25.1+cuda12.8,NCCL_DEBUG=VERSION banner,,gcc (Ubuntu 13.3.0-6ubuntu2~24.04) 13.3.0,717b68318278e93f371d8ffb46b076069d7c7851,nccl-tests,all_reduce,float,sum,-1,262144,65536,in_place,20,50,0,full,42.03,6.24,6.24,0,True,True,True,0,/root/nccl-tests/build/all_reduce_perf -b 8 -e 128M -f 2 -g 2 -w 20 -n 50 -c 1 -d float,results/raw/p1-nccl-baseline-20260826T181721Z-16cea6a/all_reduce.full.r0.stdout.txt,,"[{""index"":0,""memory_total_mib"":23034,""name"":""NVIDIA L4"",""pci_bus_id"":""00000000:03:00.0""},{""index"":1,""memory_total_mib"":23034,""name"":""NVIDIA L4"",""pci_bus_id"":""00000000:C3:00.0""}]","""\t\u001b[4mGPU0\tGPU1\tNIC0\tCPU Affinity\tNUMA Affinity\tGPU NUMA ID\u001b[0m\nGPU0\t X \tNODE\tNODE\t0-47\t0\t\tN/A\nGPU1\tNODE\t X \tNODE\t0-47\t0\t\tN/A\nNIC0\tNODE\tNODE\t X \t\t\t\t\n\nLegend:\n\n  X    = Self\n  SYS  = Connection traversing PCIe as well as the SMP interconnect between NUMA nodes (e.g., QPI/UPI)\n  NODE = Connection traversing PCIe as well as the interconnect between PCIe Host Bridges within a NUMA node\n  PHB  = Connection traversing PCIe as well as a PCIe Host Bridge (typically the CPU)\n  PXB  = Connection traversing multiple PCIe bridges (without traversing the PCIe Host Bridge)\n  PIX  = Connection traversing at most a single PCIe bridge\n  NV#  = Connection traversing a bonded set of # NVLinks\n\nNIC Legend:\n\n  NIC0: mlx5_bond_0""","{""CUDA_HOME"":""/usr/local/cuda"",""NCCL_TESTS_DIR"":""/root/nccl-tests""}"
1,p1-nccl-baseline-20260826T181721Z-16cea6a,phase1,2026-08-26T18:17:28Z,measured,16cea6aed21d649453b65981c72d4b8ea7e32605,False,unknown,,5c44f3e9a47e,Ubuntu 24.04.3 LTS,6.8.0-106-generic,AMD EPYC 9254 24-Core Processor,48,1,NVIDIA L4,2,NODE,none-single-node,False,,12.8,580.126.20,2.25.1+cuda12.8,NCCL_DEBUG=VERSION banner,,gcc (Ubuntu 13.3.0-6ubuntu2~24.04) 13.3.0,717b68318278e93f371d8ffb46b076069d7c7851,nccl-tests,all_reduce,float,sum,-1,524288,131072,out_of_place,20,50,0,full,65.93,7.95,7.95,0,True,True,True,0,/root/nccl-tests/build/all_reduce_perf -b 8 -e 128M -f 2 -g 2 -w 20 -n 50 -c 1 -d float,results/raw/p1-nccl-baseline-20260826T181721Z-16cea6a/all_reduce.full.r0.stdout.txt,,"[{""index"":0,""memory_total_mib"":23034,""name"":""NVIDIA L4"",""pci_bus_id"":""00000000:03:00.0""},{""index"":1,""memory_total_mib"":23034,""name"":""NVIDIA L4"",""pci_bus_id"":""00000000:C3:00.0""}]","""\t\u001b[4mGPU0\tGPU1\tNIC0\tCPU Affinity\tNUMA Affinity\tGPU NUMA ID\u001b[0m\nGPU0\t X \tNODE\tNODE\t0-47\t0\t\tN/A\nGPU1\tNODE\t X \tNODE\t0-47\t0\t\tN/A\nNIC0\tNODE\tNODE\t X \t\t\t\t\n\nLegend:\n\n  X    = Self\n  SYS  = Connection traversing PCIe as well as the SMP interconnect between NUMA nodes (e.g., QPI/UPI)\n  NODE = Connection traversing PCIe as well as the interconnect between PCIe Host Bridges within a NUMA node\n  PHB  = Connection traversing PCIe as well as a PCIe Host Bridge (typically the CPU)\n  PXB  = Connection traversing multiple PCIe bridges (without traversing the PCIe Host Bridge)\n  PIX  = Connection traversing at most a single PCIe bridge\n  NV#  = Connection traversing a bonded set of # NVLinks\n\nNIC Legend:\n\n  NIC0: mlx5_bond_0""","{""CUDA_HOME"":""/usr/local/cuda"",""NCCL_TESTS_DIR"":""/root/nccl-tests""}"
1,p1-nccl-baseline-20260826T181721Z-16cea6a,phase1,2026-08-26T18:17:28Z,measured,16cea6aed21d649453b65981c72d4b8ea7e32605,False,unknown,,5c44f3e9a47e,Ubuntu 24.04.3 LTS,6.8.0-106-generic,AMD EPYC 9254 24-Core Processor,48,1,NVIDIA L4,2,NODE,none-single-node,False,,12.8,580.126.20,2.25.1+cuda12.8,NCCL_DEBUG=VERSION banner,,gcc (Ubuntu 13.3.0-6ubuntu2~24.04) 13.3.0,717b68318278e93f371d8ffb46b076069d7c7851,nccl-tests,all_reduce,float,sum,-1,524288,131072,in_place,20,50,0,full,66.51,7.88,7.88,0,True,True,True,0,/root/nccl-tests/build/all_reduce_perf -b 8 -e 128M -f 2 -g 2 -w 20 -n 50 -c 1 -d float,results/raw/p1-nccl-baseline-20260826T181721Z-16cea6a/all_reduce.full.r0.stdout.txt,,"[{""index"":0,""memory_total_mib"":23034,""name"":""NVIDIA L4"",""pci_bus_id"":""00000000:03:00.0""},{""index"":1,""memory_total_mib"":23034,""name"":""NVIDIA L4"",""pci_bus_id"":""00000000:C3:00.0""}]","""\t\u001b[4mGPU0\tGPU1\tNIC0\tCPU Affinity\tNUMA Affinity\tGPU NUMA ID\u001b[0m\nGPU0\t X \tNODE\tNODE\t0-47\t0\t\tN/A\nGPU1\tNODE\t X \tNODE\t0-47\t0\t\tN/A\nNIC0\tNODE\tNODE\t X \t\t\t\t\n\nLegend:\n\n  X    = Self\n  SYS  = Connection traversing PCIe as well as the SMP interconnect between NUMA nodes (e.g., QPI/UPI)\n  NODE = Connection traversing PCIe as well as the interconnect between PCIe Host Bridges within a NUMA node\n  PHB  = Connection traversing PCIe as well as a PCIe Host Bridge (typically the CPU)\n  PXB  = Connection traversing multiple PCIe bridges (without traversing the PCIe Host Bridge)\n  PIX  = Connection traversing at most a single PCIe bridge\n  NV#  = Connection traversing a bonded set of # NVLinks\n\nNIC Legend:\n\n  NIC0: mlx5_bond_0""","{""CUDA_HOME"":""/usr/local/cuda"",""NCCL_TESTS_DIR"":""/root/nccl-tests""}"
1,p1-nccl-baseline-20260826T181721Z-16cea6a,phase1,2026-08-26T18:17:28Z,measured,16cea6aed21d649453b65981c72d4b8ea7e32605,False,unknown,,5c44f3e9a47e,Ubuntu 24.04.3 LTS,6.8.0-106-generic,AMD EPYC 9254 24-Core Processor,48,1,NVIDIA L4,2,NODE,none-single-node,False,,12.8,580.126.20,2.25.1+cuda12.8,NCCL_DEBUG=VERSION banner,,gcc (Ubuntu 13.3.0-6ubuntu2~24.04) 13.3.0,717b68318278e93f371d8ffb46b076069d7c7851,nccl-tests,all_reduce,float,sum,-1,1048576,262144,out_of_place,20,50,0,full,108.6,9.66,9.66,0,True,True,True,0,/root/nccl-tests/build/all_reduce_perf -b 8 -e 128M -f 2 -g 2 -w 20 -n 50 -c 1 -d float,results/raw/p1-nccl-baseline-20260826T181721Z-16cea6a/all_reduce.full.r0.stdout.txt,,"[{""index"":0,""memory_total_mib"":23034,""name"":""NVIDIA L4"",""pci_bus_id"":""00000000:03:00.0""},{""index"":1,""memory_total_mib"":23034,""name"":""NVIDIA L4"",""pci_bus_id"":""00000000:C3:00.0""}]","""\t\u001b[4mGPU0\tGPU1\tNIC0\tCPU Affinity\tNUMA Affinity\tGPU NUMA ID\u001b[0m\nGPU0\t X \tNODE\tNODE\t0-47\t0\t\tN/A\nGPU1\tNODE\t X \tNODE\t0-47\t0\t\tN/A\nNIC0\tNODE\tNODE\t X \t\t\t\t\n\nLegend:\n\n  X    = Self\n  SYS  = Connection traversing PCIe as well as the SMP interconnect between NUMA nodes (e.g., QPI/UPI)\n  NODE = Connection traversing PCIe as well as the interconnect between PCIe Host Bridges within a NUMA node\n  PHB  = Connection traversing PCIe as well as a PCIe Host Bridge (typically the CPU)\n  PXB  = Connection traversing multiple PCIe bridges (without traversing the PCIe Host Bridge)\n  PIX  = Connection traversing at most a single PCIe bridge\n  NV#  = Connection traversing a bonded set of # NVLinks\n\nNIC Legend:\n\n  NIC0: mlx5_bond_0""","{""CUDA_HOME"":""/usr/local/cuda"",""NCCL_TESTS_DIR"":""/root/nccl-tests""}"
1,p1-nccl-baseline-20260826T181721Z-16cea6a,phase1,2026-08-26T18:17:28Z,measured,16cea6aed21d649453b65981c72d4b8ea7e32605,False,unknown,,5c44f3e9a47e,Ubuntu 24.04.3 LTS,6.8.0-106-generic,AMD EPYC 9254 24-Core Processor,48,1,NVIDIA L4,2,NODE,none-single-node,False,,12.8,580.126.20,2.25.1+cuda12.8,NCCL_DEBUG=VERSION banner,,gcc (Ubuntu 13.3.0-6ubuntu2~24.04) 13.3.0,717b68318278e93f371d8ffb46b076069d7c7851,nccl-tests,all_reduce,float,sum,-1,1048576,262144,in_place,20,50,0,full,108.39,9.67,9.67,0,True,True,True,0,/root/nccl-tests/build/all_reduce_perf -b 8 -e 128M -f 2 -g 2 -w 20 -n 50 -c 1 -d float,results/raw/p1-nccl-baseline-20260826T181721Z-16cea6a/all_reduce.full.r0.stdout.txt,,"[{""index"":0,""memory_total_mib"":23034,""name"":""NVIDIA L4"",""pci_bus_id"":""00000000:03:00.0""},{""index"":1,""memory_total_mib"":23034,""name"":""NVIDIA L4"",""pci_bus_id"":""00000000:C3:00.0""}]","""\t\u001b[4mGPU0\tGPU1\tNIC0\tCPU Affinity\tNUMA Affinity\tGPU NUMA ID\u001b[0m\nGPU0\t X \tNODE\tNODE\t0-47\t0\t\tN/A\nGPU1\tNODE\t X \tNODE\t0-47\t0\t\tN/A\nNIC0\tNODE\tNODE\t X \t\t\t\t\n\nLegend:\n\n  X    = Self\n  SYS  = Connection traversing PCIe as well as the SMP interconnect between NUMA nodes (e.g., QPI/UPI)\n  NODE = Connection traversing PCIe as well as the interconnect between PCIe Host Bridges within a NUMA node\n  PHB  = Connection traversing PCIe as well as a PCIe Host Bridge (typically the CPU)\n  PXB  = Connection traversing multiple PCIe bridges (without traversing the PCIe Host Bridge)\n  PIX  = Connection traversing at most a single PCIe bridge\n  NV#  = Connection traversing a bonded set of # NVLinks\n\nNIC Legend:\n\n  NIC0: mlx5_bond_0""","{""CUDA_HOME"":""/usr/local/cuda"",""NCCL_TESTS_DIR"":""/root/nccl-tests""}"
1,p1-nccl-baseline-20260826T181721Z-16cea6a,phase1,2026-08-26T18:17:28Z,measured,16cea6aed21d649453b65981c72d4b8ea7e32605,False,unknown,,5c44f3e9a47e,Ubuntu 24.04.3 LTS,6.8.0-106-generic,AMD EPYC 9254 24-Core Processor,48,1,NVIDIA L4,2,NODE,none-single-node,False,,12.8,580.126.20,2.25.1+cuda12.8,NCCL_DEBUG=VERSION banner,,gcc (Ubuntu 13.3.0-6ubuntu2~24.04) 13.3.0,717b68318278e93f371d8ffb46b076069d7c7851,nccl-tests,all_reduce,float,sum,-1,2097152,524288,out_of_place,20,50,0,full,199.96,10.49,10.49,0,True,True,True,0,/root/nccl-tests/build/all_reduce_perf -b 8 -e 128M -f 2 -g 2 -w 20 -n 50 -c 1 -d float,results/raw/p1-nccl-baseline-20260826T181721Z-16cea6a/all_reduce.full.r0.stdout.txt,,"[{""index"":0,""memory_total_mib"":23034,""name"":""NVIDIA L4"",""pci_bus_id"":""00000000:03:00.0""},{""index"":1,""memory_total_mib"":23034,""name"":""NVIDIA L4"",""pci_bus_id"":""00000000:C3:00.0""}]","""\t\u001b[4mGPU0\tGPU1\tNIC0\tCPU Affinity\tNUMA Affinity\tGPU NUMA ID\u001b[0m\nGPU0\t X \tNODE\tNODE\t0-47\t0\t\tN/A\nGPU1\tNODE\t X \tNODE\t0-47\t0\t\tN/A\nNIC0\tNODE\tNODE\t X \t\t\t\t\n\nLegend:\n\n  X    = Self\n  SYS  = Connection traversing PCIe as well as the SMP interconnect between NUMA nodes (e.g., QPI/UPI)\n  NODE = Connection traversing PCIe as well as the interconnect between PCIe Host Bridges within a NUMA node\n  PHB  = Connection traversing PCIe as well as a PCIe Host Bridge (typically the CPU)\n  PXB  = Connection traversing multiple PCIe bridges (without traversing the PCIe Host Bridge)\n  PIX  = Connection traversing at most a single PCIe bridge\n  NV#  = Connection traversing a bonded set of # NVLinks\n\nNIC Legend:\n\n  NIC0: mlx5_bond_0""","{""CUDA_HOME"":""/usr/local/cuda"",""NCCL_TESTS_DIR"":""/root/nccl-tests""}"
1,p1-nccl-baseline-20260826T181721Z-16cea6a,phase1,2026-08-26T18:17:28Z,measured,16cea6aed21d649453b65981c72d4b8ea7e32605,False,unknown,,5c44f3e9a47e,Ubuntu 24.04.3 LTS,6.8.0-106-generic,AMD EPYC 9254 24-Core Processor,48,1,NVIDIA L4,2,NODE,none-single-node,False,,12.8,580.126.20,2.25.1+cuda12.8,NCCL_DEBUG=VERSION banner,,gcc (Ubuntu 13.3.0-6ubuntu2~24.04) 13.3.0,717b68318278e93f371d8ffb46b076069d7c7851,nccl-tests,all_reduce,float,sum,-1,2097152,524288,in_place,20,50,0,full,199.73,10.5,10.5,0,True,True,True,0,/root/nccl-tests/build/all_reduce_perf -b 8 -e 128M -f 2 -g 2 -w 20 -n 50 -c 1 -d float,results/raw/p1-nccl-baseline-20260826T181721Z-16cea6a/all_reduce.full.r0.stdout.txt,,"[{""index"":0,""memory_total_mib"":23034,""name"":""NVIDIA L4"",""pci_bus_id"":""00000000:03:00.0""},{""index"":1,""memory_total_mib"":23034,""name"":""NVIDIA L4"",""pci_bus_id"":""00000000:C3:00.0""}]","""\t\u001b[4mGPU0\tGPU1\tNIC0\tCPU Affinity\tNUMA Affinity\tGPU NUMA ID\u001b[0m\nGPU0\t X \tNODE\tNODE\t0-47\t0\t\tN/A\nGPU1\tNODE\t X \tNODE\t0-47\t0\t\tN/A\nNIC0\tNODE\tNODE\t X \t\t\t\t\n\nLegend:\n\n  X    = Self\n  SYS  = Connection traversing PCIe as well as the SMP interconnect between NUMA nodes (e.g., QPI/UPI)\n  NODE = Connection traversing PCIe as well as the interconnect between PCIe Host Bridges within a NUMA node\n  PHB  = Connection traversing PCIe as well as a PCIe Host Bridge (typically the CPU)\n  PXB  = Connection traversing multiple PCIe bridges (without traversing the PCIe Host Bridge)\n  PIX  = Connection traversing at most a single PCIe bridge\n  NV#  = Connection traversing a bonded set of # NVLinks\n\nNIC Legend:\n\n  NIC0: mlx5_bond_0""","{""CUDA_HOME"":""/usr/local/cuda"",""NCCL_TESTS_DIR"":""/root/nccl-tests""}"
1,p1-nccl-baseline-20260826T181721Z-16cea6a,phase1,2026-08-26T18:17:28Z,measured,16cea6aed21d649453b65981c72d4b8ea7e32605,False,unknown,,5c44f3e9a47e,Ubuntu 24.04.3 LTS,6.8.0-106-generic,AMD EPYC 9254 24-Core Processor,48,1,NVIDIA L4,2,NODE,none-single-node,False,,12.8,580.126.20,2.25.1+cuda12.8,NCCL_DEBUG=VERSION banner,,gcc (Ubuntu 13.3.0-6ubuntu2~24.04) 13.3.0,717b68318278e93f371d8ffb46b076069d7c7851,nccl-tests,all_reduce,float,sum,-1,4194304,1048576,out_of_place,20,50,0,full,390.18,10.75,10.75,0,True,True,True,0,/root/nccl-tests/build/all_reduce_perf -b 8 -e 128M -f 2 -g 2 -w 20 -n 50 -c 1 -d float,results/raw/p1-nccl-baseline-20260826T181721Z-16cea6a/all_reduce.full.r0.stdout.txt,,"[{""index"":0,""memory_total_mib"":23034,""name"":""NVIDIA L4"",""pci_bus_id"":""00000000:03:00.0""},{""index"":1,""memory_total_mib"":23034,""name"":""NVIDIA L4"",""pci_bus_id"":""00000000:C3:00.0""}]","""\t\u001b[4mGPU0\tGPU1\tNIC0\tCPU Affinity\tNUMA Affinity\tGPU NUMA ID\u001b[0m\nGPU0\t X \tNODE\tNODE\t0-47\t0\t\tN/A\nGPU1\tNODE\t X \tNODE\t0-47\t0\t\tN/A\nNIC0\tNODE\tNODE\t X \t\t\t\t\n\nLegend:\n\n  X    = Self\n  SYS  = Connection traversing PCIe as well as the SMP interconnect between NUMA nodes (e.g., QPI/UPI)\n  NODE = Connection traversing PCIe as well as the interconnect between PCIe Host Bridges within a NUMA node\n  PHB  = Connection traversing PCIe as well as a PCIe Host Bridge (typically the CPU)\n  PXB  = Connection traversing multiple PCIe bridges (without traversing the PCIe Host Bridge)\n  PIX  = Connection traversing at most a single PCIe bridge\n  NV#  = Connection traversing a bonded set of # NVLinks\n\nNIC Legend:\n\n  NIC0: mlx5_bond_0""","{""CUDA_HOME"":""/usr/local/cuda"",""NCCL_TESTS_DIR"":""/root/nccl-tests""}"
1,p1-nccl-baseline-20260826T181721Z-16cea6a,phase1,2026-08-26T18:17:28Z,measured,16cea6aed21d649453b65981c72d4b8ea7e32605,False,unknown,,5c44f3e9a47e,Ubuntu 24.04.3 LTS,6.8.0-106-generic,AMD EPYC 9254 24-Core Processor,48,1,NVIDIA L4,2,NODE,none-single-node,False,,12.8,580.126.20,2.25.1+cuda12.8,NCCL_DEBUG=VERSION banner,,gcc (Ubuntu 13.3.0-6ubuntu2~24.04) 13.3.0,717b68318278e93f371d8ffb46b076069d7c7851,nccl-tests,all_reduce,float,sum,-1,4194304,1048576,in_place,20,50,0,full,390.38,10.74,10.74,0,True,True,True,0,/root/nccl-tests/build/all_reduce_perf -b 8 -e 128M -f 2 -g 2 -w 20 -n 50 -c 1 -d float,results/raw/p1-nccl-baseline-20260826T181721Z-16cea6a/all_reduce.full.r0.stdout.txt,,"[{""index"":0,""memory_total_mib"":23034,""name"":""NVIDIA L4"",""pci_bus_id"":""00000000:03:00.0""},{""index"":1,""memory_total_mib"":23034,""name"":""NVIDIA L4"",""pci_bus_id"":""00000000:C3:00.0""}]","""\t\u001b[4mGPU0\tGPU1\tNIC0\tCPU Affinity\tNUMA Affinity\tGPU NUMA ID\u001b[0m\nGPU0\t X \tNODE\tNODE\t0-47\t0\t\tN/A\nGPU1\tNODE\t X \tNODE\t0-47\t0\t\tN/A\nNIC0\tNODE\tNODE\t X \t\t\t\t\n\nLegend:\n\n  X    = Self\n  SYS  = Connection traversing PCIe as well as the SMP interconnect between NUMA nodes (e.g., QPI/UPI)\n  NODE = Connection traversing PCIe as well as the interconnect between PCIe Host Bridges within a NUMA node\n  PHB  = Connection traversing PCIe as well as a PCIe Host Bridge (typically the CPU)\n  PXB  = Connection traversing multiple PCIe bridges (without traversing the PCIe Host Bridge)\n  PIX  = Connection traversing at most a single PCIe bridge\n  NV#  = Connection traversing a bonded set of # NVLinks\n\nNIC Legend:\n\n  NIC0: mlx5_bond_0""","{""CUDA_HOME"":""/usr/local/cuda"",""NCCL_TESTS_DIR"":""/root/nccl-tests""}"
1,p1-nccl-baseline-20260826T181721Z-16cea6a,phase1,2026-08-26T18:17:28Z,measured,16cea6aed21d649453b65981c72d4b8ea7e32605,False,unknown,,5c44f3e9a47e,Ubuntu 24.04.3 LTS,6.8.0-106-generic,AMD EPYC 9254 24-Core Processor,48,1,NVIDIA L4,2,NODE,none-single-node,False,,12.8,580.126.20,2.25.1+cuda12.8,NCCL_DEBUG=VERSION banner,,gcc (Ubuntu 13.3.0-6ubuntu2~24.04) 13.3.0,717b68318278e93f371d8ffb46b076069d7c7851,nccl-tests,all_reduce,float,sum,-1,8388608,2097152,out_of_place,20,50,0,full,774.67,10.83,10.83,0,True,True,True,0,/root/nccl-tests/build/all_reduce_perf -b 8 -e 128M -f 2 -g 2 -w 20 -n 50 -c 1 -d float,results/raw/p1-nccl-baseline-20260826T181721Z-16cea6a/all_reduce.full.r0.stdout.txt,,"[{""index"":0,""memory_total_mib"":23034,""name"":""NVIDIA L4"",""pci_bus_id"":""00000000:03:00.0""},{""index"":1,""memory_total_mib"":23034,""name"":""NVIDIA L4"",""pci_bus_id"":""00000000:C3:00.0""}]","""\t\u001b[4mGPU0\tGPU1\tNIC0\tCPU Affinity\tNUMA Affinity\tGPU NUMA ID\u001b[0m\nGPU0\t X \tNODE\tNODE\t0-47\t0\t\tN/A\nGPU1\tNODE\t X \tNODE\t0-47\t0\t\tN/A\nNIC0\tNODE\tNODE\t X \t\t\t\t\n\nLegend:\n\n  X    = Self\n  SYS  = Connection traversing PCIe as well as the SMP interconnect between NUMA nodes (e.g., QPI/UPI)\n  NODE = Connection traversing PCIe as well as the interconnect between PCIe Host Bridges within a NUMA node\n  PHB  = Connection traversing PCIe as well as a PCIe Host Bridge (typically the CPU)\n  PXB  = Connection traversing multiple PCIe bridges (without traversing the PCIe Host Bridge)\n  PIX  = Connection traversing at most a single PCIe bridge\n  NV#  = Connection traversing a bonded set of # NVLinks\n\nNIC Legend:\n\n  NIC0: mlx5_bond_0""","{""CUDA_HOME"":""/usr/local/cuda"",""NCCL_TESTS_DIR"":""/root/nccl-tests""}"
1,p1-nccl-baseline-20260826T181721Z-16cea6a,phase1,2026-08-26T18:17:28Z,measured,16cea6aed21d649453b65981c72d4b8ea7e32605,False,unknown,,5c44f3e9a47e,Ubuntu 24.04.3 LTS,6.8.0-106-generic,AMD EPYC 9254 24-Core Processor,48,1,NVIDIA L4,2,NODE,none-single-node,False,,12.8,580.126.20,2.25.1+cuda12.8,NCCL_DEBUG=VERSION banner,,gcc (Ubuntu 13.3.0-6ubuntu2~24.04) 13.3.0,717b68318278e93f371d8ffb46b076069d7c7851,nccl-tests,all_reduce,float,sum,-1,8388608,2097152,in_place,20,50,0,full,772.77,10.86,10.86,0,True,True,True,0,/root/nccl-tests/build/all_reduce_perf -b 8 -e 128M -f 2 -g 2 -w 20 -n 50 -c 1 -d float,results/raw/p1-nccl-baseline-20260826T181721Z-16cea6a/all_reduce.full.r0.stdout.txt,,"[{""index"":0,""memory_total_mib"":23034,""name"":""NVIDIA L4"",""pci_bus_id"":""00000000:03:00.0""},{""index"":1,""memory_total_mib"":23034,""name"":""NVIDIA L4"",""pci_bus_id"":""00000000:C3:00.0""}]","""\t\u001b[4mGPU0\tGPU1\tNIC0\tCPU Affinity\tNUMA Affinity\tGPU NUMA ID\u001b[0m\nGPU0\t X \tNODE\tNODE\t0-47\t0\t\tN/A\nGPU1\tNODE\t X \tNODE\t0-47\t0\t\tN/A\nNIC0\tNODE\tNODE\t X \t\t\t\t\n\nLegend:\n\n  X    = Self\n  SYS  = Connection traversing PCIe as well as the SMP interconnect between NUMA nodes (e.g., QPI/UPI)\n  NODE = Connection traversing PCIe as well as the interconnect between PCIe Host Bridges within a NUMA node\n  PHB  = Connection traversing PCIe as well as a PCIe Host Bridge (typically the CPU)\n  PXB  = Connection traversing multiple PCIe bridges (without traversing the PCIe Host Bridge)\n  PIX  = Connection traversing at most a single PCIe bridge\n  NV#  = Connection traversing a bonded set of # NVLinks\n\nNIC Legend:\n\n  NIC0: mlx5_bond_0""","{""CUDA_HOME"":""/usr/local/cuda"",""NCCL_TESTS_DIR"":""/root/nccl-tests""}"
1,p1-nccl-baseline-20260826T181721Z-16cea6a,phase1,2026-08-26T18:17:28Z,measured,16cea6aed21d649453b65981c72d4b8ea7e32605,False,unknown,,5c44f3e9a47e,Ubuntu 24.04.3 LTS,6.8.0-106-generic,AMD EPYC 9254 24-Core Processor,48,1,NVIDIA L4,2,NODE,none-single-node,False,,12.8,580.126.20,2.25.1+cuda12.8,NCCL_DEBUG=VERSION banner,,gcc (Ubuntu 13.3.0-6ubuntu2~24.04) 13.3.0,717b68318278e93f371d8ffb46b076069d7c7851,nccl-tests,all_reduce,float,sum,-1,16777216,4194304,out_of_place,20,50,0,full,1537.91,10.91,10.91,0,True,True,True,0,/root/nccl-tests/build/all_reduce_perf -b 8 -e 128M -f 2 -g 2 -w 20 -n 50 -c 1 -d float,results/raw/p1-nccl-baseline-20260826T181721Z-16cea6a/all_reduce.full.r0.stdout.txt,,"[{""index"":0,""memory_total_mib"":23034,""name"":""NVIDIA L4"",""pci_bus_id"":""00000000:03:00.0""},{""index"":1,""memory_total_mib"":23034,""name"":""NVIDIA L4"",""pci_bus_id"":""00000000:C3:00.0""}]","""\t\u001b[4mGPU0\tGPU1\tNIC0\tCPU Affinity\tNUMA Affinity\tGPU NUMA ID\u001b[0m\nGPU0\t X \tNODE\tNODE\t0-47\t0\t\tN/A\nGPU1\tNODE\t X \tNODE\t0-47\t0\t\tN/A\nNIC0\tNODE\tNODE\t X \t\t\t\t\n\nLegend:\n\n  X    = Self\n  SYS  = Connection traversing PCIe as well as the SMP interconnect between NUMA nodes (e.g., QPI/UPI)\n  NODE = Connection traversing PCIe as well as the interconnect between PCIe Host Bridges within a NUMA node\n  PHB  = Connection traversing PCIe as well as a PCIe Host Bridge (typically the CPU)\n  PXB  = Connection traversing multiple PCIe bridges (without traversing the PCIe Host Bridge)\n  PIX  = Connection traversing at most a single PCIe bridge\n  NV#  = Connection traversing a bonded set of # NVLinks\n\nNIC Legend:\n\n  NIC0: mlx5_bond_0""","{""CUDA_HOME"":""/usr/local/cuda"",""NCCL_TESTS_DIR"":""/root/nccl-tests""}"
1,p1-nccl-baseline-20260826T181721Z-16cea6a,phase1,2026-08-26T18:17:28Z,measured,16cea6aed21d649453b65981c72d4b8ea7e32605,False,unknown,,5c44f3e9a47e,Ubuntu 24.04.3 LTS,6.8.0-106-generic,AMD EPYC 9254 24-Core Processor,48,1,NVIDIA L4,2,NODE,none-single-node,False,,12.8,580.126.20,2.25.1+cuda12.8,NCCL_DEBUG=VERSION banner,,gcc (Ubuntu 13.3.0-6ubuntu2~24.04) 13.3.0,717b68318278e93f371d8ffb46b076069d7c7851,nccl-tests,all_reduce,float,sum,-1,16777216,4194304,in_place,20,50,0,full,1538.75,10.9,10.9,0,True,True,True,0,/root/nccl-tests/build/all_reduce_perf -b 8 -e 128M -f 2 -g 2 -w 20 -n 50 -c 1 -d float,results/raw/p1-nccl-baseline-20260826T181721Z-16cea6a/all_reduce.full.r0.stdout.txt,,"[{""index"":0,""memory_total_mib"":23034,""name"":""NVIDIA L4"",""pci_bus_id"":""00000000:03:00.0""},{""index"":1,""memory_total_mib"":23034,""name"":""NVIDIA L4"",""pci_bus_id"":""00000000:C3:00.0""}]","""\t\u001b[4mGPU0\tGPU1\tNIC0\tCPU Affinity\tNUMA Affinity\tGPU NUMA ID\u001b[0m\nGPU0\t X \tNODE\tNODE\t0-47\t0\t\tN/A\nGPU1\tNODE\t X \tNODE\t0-47\t0\t\tN/A\nNIC0\tNODE\tNODE\t X \t\t\t\t\n\nLegend:\n\n  X    = Self\n  SYS  = Connection traversing PCIe as well as the SMP interconnect between NUMA nodes (e.g., QPI/UPI)\n  NODE = Connection traversing PCIe as well as the interconnect between PCIe Host Bridges within a NUMA node\n  PHB  = Connection traversing PCIe as well as a PCIe Host Bridge (typically the CPU)\n  PXB  = Connection traversing multiple PCIe bridges (without traversing the PCIe Host Bridge)\n  PIX  = Connection traversing at most a single PCIe bridge\n  NV#  = Connection traversing a bonded set of # NVLinks\n\nNIC Legend:\n\n  NIC0: mlx5_bond_0""","{""CUDA_HOME"":""/usr/local/cuda"",""NCCL_TESTS_DIR"":""/root/nccl-tests""}"
1,p1-nccl-baseline-20260826T181721Z-16cea6a,phase1,2026-08-26T18:17:28Z,measured,16cea6aed21d649453b65981c72d4b8ea7e32605,False,unknown,,5c44f3e9a47e,Ubuntu 24.04.3 LTS,6.8.0-106-generic,AMD EPYC 9254 24-Core Processor,48,1,NVIDIA L4,2,NODE,none-single-node,False,,12.8,580.126.20,2.25.1+cuda12.8,NCCL_DEBUG=VERSION banner,,gcc (Ubuntu 13.3.0-6ubuntu2~24.04) 13.3.0,717b68318278e93f371d8ffb46b076069d7c7851,nccl-tests,all_reduce,float,sum,-1,33554432,8388608,out_of_place,20,50,0,full,3061.74,10.96,10.96,0,True,True,True,0,/root/nccl-tests/build/all_reduce_perf -b 8 -e 128M -f 2 -g 2 -w 20 -n 50 -c 1 -d float,results/raw/p1-nccl-baseline-20260826T181721Z-16cea6a/all_reduce.full.r0.stdout.txt,,"[{""index"":0,""memory_total_mib"":23034,""name"":""NVIDIA L4"",""pci_bus_id"":""00000000:03:00.0""},{""index"":1,""memory_total_mib"":23034,""name"":""NVIDIA L4"",""pci_bus_id"":""00000000:C3:00.0""}]","""\t\u001b[4mGPU0\tGPU1\tNIC0\tCPU Affinity\tNUMA Affinity\tGPU NUMA ID\u001b[0m\nGPU0\t X \tNODE\tNODE\t0-47\t0\t\tN/A\nGPU1\tNODE\t X \tNODE\t0-47\t0\t\tN/A\nNIC0\tNODE\tNODE\t X \t\t\t\t\n\nLegend:\n\n  X    = Self\n  SYS  = Connection traversing PCIe as well as the SMP interconnect between NUMA nodes (e.g., QPI/UPI)\n  NODE = Connection traversing PCIe as well as the interconnect between PCIe Host Bridges within a NUMA node\n  PHB  = Connection traversing PCIe as well as a PCIe Host Bridge (typically the CPU)\n  PXB  = Connection traversing multiple PCIe bridges (without traversing the PCIe Host Bridge)\n  PIX  = Connection traversing at most a single PCIe bridge\n  NV#  = Connection traversing a bonded set of # NVLinks\n\nNIC Legend:\n\n  NIC0: mlx5_bond_0""","{""CUDA_HOME"":""/usr/local/cuda"",""NCCL_TESTS_DIR"":""/root/nccl-tests""}"
1,p1-nccl-baseline-20260826T181721Z-16cea6a,phase1,2026-08-26T18:17:28Z,measured,16cea6aed21d649453b65981c72d4b8ea7e32605,False,unknown,,5c44f3e9a47e,Ubuntu 24.04.3 LTS,6.8.0-106-generic,AMD EPYC 9254 24-Core Processor,48,1,NVIDIA L4,2,NODE,none-single-node,False,,12.8,580.126.20,2.25.1+cuda12.8,NCCL_DEBUG=VERSION banner,,gcc (Ubuntu 13.3.0-6ubuntu2~24.04) 13.3.0,717b68318278e93f371d8ffb46b076069d7c7851,nccl-tests,all_reduce,float,sum,-1,33554432,8388608,in_place,20,50,0,full,3057.07,10.98,10.98,0,True,True,True,0,/root/nccl-tests/build/all_reduce_perf -b 8 -e 128M -f 2 -g 2 -w 20 -n 50 -c 1 -d float,results/raw/p1-nccl-baseline-20260826T181721Z-16cea6a/all_reduce.full.r0.stdout.txt,,"[{""index"":0,""memory_total_mib"":23034,""name"":""NVIDIA L4"",""pci_bus_id"":""00000000:03:00.0""},{""index"":1,""memory_total_mib"":23034,""name"":""NVIDIA L4"",""pci_bus_id"":""00000000:C3:00.0""}]","""\t\u001b[4mGPU0\tGPU1\tNIC0\tCPU Affinity\tNUMA Affinity\tGPU NUMA ID\u001b[0m\nGPU0\t X \tNODE\tNODE\t0-47\t0\t\tN/A\nGPU1\tNODE\t X \tNODE\t0-47\t0\t\tN/A\nNIC0\tNODE\tNODE\t X \t\t\t\t\n\nLegend:\n\n  X    = Self\n  SYS  = Connection traversing PCIe as well as the SMP interconnect between NUMA nodes (e.g., QPI/UPI)\n  NODE = Connection traversing PCIe as well as the interconnect between PCIe Host Bridges within a NUMA node\n  PHB  = Connection traversing PCIe as well as a PCIe Host Bridge (typically the CPU)\n  PXB  = Connection traversing multiple PCIe bridges (without traversing the PCIe Host Bridge)\n  PIX  = Connection traversing at most a single PCIe bridge\n  NV#  = Connection traversing a bonded set of # NVLinks\n\nNIC Legend:\n\n  NIC0: mlx5_bond_0""","{""CUDA_HOME"":""/usr/local/cuda"",""NCCL_TESTS_DIR"":""/root/nccl-tests""}"
1,p1-nccl-baseline-20260826T181721Z-16cea6a,phase1,2026-08-26T18:17:28Z,measured,16cea6aed21d649453b65981c72d4b8ea7e32605,False,unknown,,5c44f3e9a47e,Ubuntu 24.04.3 LTS,6.8.0-106-generic,AMD EPYC 9254 24-Core Processor,48,1,NVIDIA L4,2,NODE,none-single-node,False,,12.8,580.126.20,2.25.1+cuda12.8,NCCL_DEBUG=VERSION banner,,gcc (Ubuntu 13.3.0-6ubuntu2~24.04) 13.3.0,717b68318278e93f371d8ffb46b076069d7c7851,nccl-tests,all_reduce,float,sum,-1,67108864,16777216,out_of_place,20,50,0,full,6113.46,10.98,10.98,0,True,True,True,0,/root/nccl-tests/build/all_reduce_perf -b 8 -e 128M -f 2 -g 2 -w 20 -n 50 -c 1 -d float,results/raw/p1-nccl-baseline-20260826T181721Z-16cea6a/all_reduce.full.r0.stdout.txt,,"[{""index"":0,""memory_total_mib"":23034,""name"":""NVIDIA L4"",""pci_bus_id"":""00000000:03:00.0""},{""index"":1,""memory_total_mib"":23034,""name"":""NVIDIA L4"",""pci_bus_id"":""00000000:C3:00.0""}]","""\t\u001b[4mGPU0\tGPU1\tNIC0\tCPU Affinity\tNUMA Affinity\tGPU NUMA ID\u001b[0m\nGPU0\t X \tNODE\tNODE\t0-47\t0\t\tN/A\nGPU1\tNODE\t X \tNODE\t0-47\t0\t\tN/A\nNIC0\tNODE\tNODE\t X \t\t\t\t\n\nLegend:\n\n  X    = Self\n  SYS  = Connection traversing PCIe as well as the SMP interconnect between NUMA nodes (e.g., QPI/UPI)\n  NODE = Connection traversing PCIe as well as the interconnect between PCIe Host Bridges within a NUMA node\n  PHB  = Connection traversing PCIe as well as a PCIe Host Bridge (typically the CPU)\n  PXB  = Connection traversing multiple PCIe bridges (without traversing the PCIe Host Bridge)\n  PIX  = Connection traversing at most a single PCIe bridge\n  NV#  = Connection traversing a bonded set of # NVLinks\n\nNIC Legend:\n\n  NIC0: mlx5_bond_0""","{""CUDA_HOME"":""/usr/local/cuda"",""NCCL_TESTS_DIR"":""/root/nccl-tests""}"
1,p1-nccl-baseline-20260826T181721Z-16cea6a,phase1,2026-08-26T18:17:28Z,measured,16cea6aed21d649453b65981c72d4b8ea7e32605,False,unknown,,5c44f3e9a47e,Ubuntu 24.04.3 LTS,6.8.0-106-generic,AMD EPYC 9254 24-Core Processor,48,1,NVIDIA L4,2,NODE,none-single-node,False,,12.8,580.126.20,2.25.1+cuda12.8,NCCL_DEBUG=VERSION banner,,gcc (Ubuntu 13.3.0-6ubuntu2~24.04) 13.3.0,717b68318278e93f371d8ffb46b076069d7c7851,nccl-tests,all_reduce,float,sum,-1,67108864,16777216,in_place,20,50,0,full,6098.32,11.0,11.0,0,True,True,True,0,/root/nccl-tests/build/all_reduce_perf -b 8 -e 128M -f 2 -g 2 -w 20 -n 50 -c 1 -d float,results/raw/p1-nccl-baseline-20260826T181721Z-16cea6a/all_reduce.full.r0.stdout.txt,,"[{""index"":0,""memory_total_mib"":23034,""name"":""NVIDIA L4"",""pci_bus_id"":""00000000:03:00.0""},{""index"":1,""memory_total_mib"":23034,""name"":""NVIDIA L4"",""pci_bus_id"":""00000000:C3:00.0""}]","""\t\u001b[4mGPU0\tGPU1\tNIC0\tCPU Affinity\tNUMA Affinity\tGPU NUMA ID\u001b[0m\nGPU0\t X \tNODE\tNODE\t0-47\t0\t\tN/A\nGPU1\tNODE\t X \tNODE\t0-47\t0\t\tN/A\nNIC0\tNODE\tNODE\t X \t\t\t\t\n\nLegend:\n\n  X    = Self\n  SYS  = Connection traversing PCIe as well as the SMP interconnect between NUMA nodes (e.g., QPI/UPI)\n  NODE = Connection traversing PCIe as well as the interconnect between PCIe Host Bridges within a NUMA node\n  PHB  = Connection traversing PCIe as well as a PCIe Host Bridge (typically the CPU)\n  PXB  = Connection traversing multiple PCIe bridges (without traversing the PCIe Host Bridge)\n  PIX  = Connection traversing at most a single PCIe bridge\n  NV#  = Connection traversing a bonded set of # NVLinks\n\nNIC Legend:\n\n  NIC0: mlx5_bond_0""","{""CUDA_HOME"":""/usr/local/cuda"",""NCCL_TESTS_DIR"":""/root/nccl-tests""}"
1,p1-nccl-baseline-20260826T181721Z-16cea6a,phase1,2026-08-26T18:17:28Z,measured,16cea6aed21d649453b65981c72d4b8ea7e32605,False,unknown,,5c44f3e9a47e,Ubuntu 24.04.3 LTS,6.8.0-106-generic,AMD EPYC 9254 24-Core Processor,48,1,NVIDIA L4,2,NODE,none-single-node,False,,12.8,580.126.20,2.25.1+cuda12.8,NCCL_DEBUG=VERSION banner,,gcc (Ubuntu 13.3.0-6ubuntu2~24.04) 13.3.0,717b68318278e93f371d8ffb46b076069d7c7851,nccl-tests,all_reduce,float,sum,-1,134217728,33554432,out_of_place,20,50,0,full,12205.4,11.0,11.0,0,True,True,True,0,/root/nccl-tests/build/all_reduce_perf -b 8 -e 128M -f 2 -g 2 -w 20 -n 50 -c 1 -d float,results/raw/p1-nccl-baseline-20260826T181721Z-16cea6a/all_reduce.full.r0.stdout.txt,,"[{""index"":0,""memory_total_mib"":23034,""name"":""NVIDIA L4"",""pci_bus_id"":""00000000:03:00.0""},{""index"":1,""memory_total_mib"":23034,""name"":""NVIDIA L4"",""pci_bus_id"":""00000000:C3:00.0""}]","""\t\u001b[4mGPU0\tGPU1\tNIC0\tCPU Affinity\tNUMA Affinity\tGPU NUMA ID\u001b[0m\nGPU0\t X \tNODE\tNODE\t0-47\t0\t\tN/A\nGPU1\tNODE\t X \tNODE\t0-47\t0\t\tN/A\nNIC0\tNODE\tNODE\t X \t\t\t\t\n\nLegend:\n\n  X    = Self\n  SYS  = Connection traversing PCIe as well as the SMP interconnect between NUMA nodes (e.g., QPI/UPI)\n  NODE = Connection traversing PCIe as well as the interconnect between PCIe Host Bridges within a NUMA node\n  PHB  = Connection traversing PCIe as well as a PCIe Host Bridge (typically the CPU)\n  PXB  = Connection traversing multiple PCIe bridges (without traversing the PCIe Host Bridge)\n  PIX  = Connection traversing at most a single PCIe bridge\n  NV#  = Connection traversing a bonded set of # NVLinks\n\nNIC Legend:\n\n  NIC0: mlx5_bond_0""","{""CUDA_HOME"":""/usr/local/cuda"",""NCCL_TESTS_DIR"":""/root/nccl-tests""}"
1,p1-nccl-baseline-20260826T181721Z-16cea6a,phase1,2026-08-26T18:17:28Z,measured,16cea6aed21d649453b65981c72d4b8ea7e32605,False,unknown,,5c44f3e9a47e,Ubuntu 24.04.3 LTS,6.8.0-106-generic,AMD EPYC 9254 24-Core Processor,48,1,NVIDIA L4,2,NODE,none-single-node,False,,12.8,580.126.20,2.25.1+cuda12.8,NCCL_DEBUG=VERSION banner,,gcc (Ubuntu 13.3.0-6ubuntu2~24.04) 13.3.0,717b68318278e93f371d8ffb46b076069d7c7851,nccl-tests,all_reduce,float,sum,-1,134217728,33554432,in_place,20,50,0,full,12182.7,11.02,11.02,0,True,True,True,0,/root/nccl-tests/build/all_reduce_perf -b 8 -e 128M -f 2 -g 2 -w 20 -n 50 -c 1 -d float,results/raw/p1-nccl-baseline-20260826T181721Z-16cea6a/all_reduce.full.r0.stdout.txt,,"[{""index"":0,""memory_total_mib"":23034,""name"":""NVIDIA L4"",""pci_bus_id"":""00000000:03:00.0""},{""index"":1,""memory_total_mib"":23034,""name"":""NVIDIA L4"",""pci_bus_id"":""00000000:C3:00.0""}]","""\t\u001b[4mGPU0\tGPU1\tNIC0\tCPU Affinity\tNUMA Affinity\tGPU NUMA ID\u001b[0m\nGPU0\t X \tNODE\tNODE\t0-47\t0\t\tN/A\nGPU1\tNODE\t X \tNODE\t0-47\t0\t\tN/A\nNIC0\tNODE\tNODE\t X \t\t\t\t\n\nLegend:\n\n  X    = Self\n  SYS  = Connection traversing PCIe as well as the SMP interconnect between NUMA nodes (e.g., QPI/UPI)\n  NODE = Connection traversing PCIe as well as the interconnect between PCIe Host Bridges within a NUMA node\n  PHB  = Connection traversing PCIe as well as a PCIe Host Bridge (typically the CPU)\n  PXB  = Connection traversing multiple PCIe bridges (without traversing the PCIe Host Bridge)\n  PIX  = Connection traversing at most a single PCIe bridge\n  NV#  = Connection traversing a bonded set of # NVLinks\n\nNIC Legend:\n\n  NIC0: mlx5_bond_0""","{""CUDA_HOME"":""/usr/local/cuda"",""NCCL_TESTS_DIR"":""/root/nccl-tests""}"
1,p1-nccl-baseline-20260826T181721Z-16cea6a,phase1,2026-08-26T18:17:33Z,measured,16cea6aed21d649453b65981c72d4b8ea7e32605,False,unknown,,5c44f3e9a47e,Ubuntu 24.04.3 LTS,6.8.0-106-generic,AMD EPYC 9254 24-Core Processor,48,1,NVIDIA L4,2,NODE,none-single-node,False,,12.8,580.126.20,2.25.1+cuda12.8,NCCL_DEBUG=VERSION banner,,gcc (Ubuntu 13.3.0-6ubuntu2~24.04) 13.3.0,717b68318278e93f371d8ffb46b076069d7c7851,nccl-tests,all_gather,float,none,-1,0,0,out_of_place,20,50,0,full,0.16,0.0,0.0,0,True,True,,0,/root/nccl-tests/build/all_gather_perf -b 8 -e 128M -f 2 -g 2 -w 20 -n 50 -c 1 -d float,results/raw/p1-nccl-baseline-20260826T181721Z-16cea6a/all_gather.full.r0.stdout.txt,,"[{""index"":0,""memory_total_mib"":23034,""name"":""NVIDIA L4"",""pci_bus_id"":""00000000:03:00.0""},{""index"":1,""memory_total_mib"":23034,""name"":""NVIDIA L4"",""pci_bus_id"":""00000000:C3:00.0""}]","""\t\u001b[4mGPU0\tGPU1\tNIC0\tCPU Affinity\tNUMA Affinity\tGPU NUMA ID\u001b[0m\nGPU0\t X \tNODE\tNODE\t0-47\t0\t\tN/A\nGPU1\tNODE\t X \tNODE\t0-47\t0\t\tN/A\nNIC0\tNODE\tNODE\t X \t\t\t\t\n\nLegend:\n\n  X    = Self\n  SYS  = Connection traversing PCIe as well as the SMP interconnect between NUMA nodes (e.g., QPI/UPI)\n  NODE = Connection traversing PCIe as well as the interconnect between PCIe Host Bridges within a NUMA node\n  PHB  = Connection traversing PCIe as well as a PCIe Host Bridge (typically the CPU)\n  PXB  = Connection traversing multiple PCIe bridges (without traversing the PCIe Host Bridge)\n  PIX  = Connection traversing at most a single PCIe bridge\n  NV#  = Connection traversing a bonded set of # NVLinks\n\nNIC Legend:\n\n  NIC0: mlx5_bond_0""","{""CUDA_HOME"":""/usr/local/cuda"",""NCCL_TESTS_DIR"":""/root/nccl-tests""}"
1,p1-nccl-baseline-20260826T181721Z-16cea6a,phase1,2026-08-26T18:17:33Z,measured,16cea6aed21d649453b65981c72d4b8ea7e32605,False,unknown,,5c44f3e9a47e,Ubuntu 24.04.3 LTS,6.8.0-106-generic,AMD EPYC 9254 24-Core Processor,48,1,NVIDIA L4,2,NODE,none-single-node,False,,12.8,580.126.20,2.25.1+cuda12.8,NCCL_DEBUG=VERSION banner,,gcc (Ubuntu 13.3.0-6ubuntu2~24.04) 13.3.0,717b68318278e93f371d8ffb46b076069d7c7851,nccl-tests,all_gather,float,none,-1,0,0,in_place,20,50,0,full,0.15,0.0,0.0,0,True,True,,0,/root/nccl-tests/build/all_gather_perf -b 8 -e 128M -f 2 -g 2 -w 20 -n 50 -c 1 -d float,results/raw/p1-nccl-baseline-20260826T181721Z-16cea6a/all_gather.full.r0.stdout.txt,,"[{""index"":0,""memory_total_mib"":23034,""name"":""NVIDIA L4"",""pci_bus_id"":""00000000:03:00.0""},{""index"":1,""memory_total_mib"":23034,""name"":""NVIDIA L4"",""pci_bus_id"":""00000000:C3:00.0""}]","""\t\u001b[4mGPU0\tGPU1\tNIC0\tCPU Affinity\tNUMA Affinity\tGPU NUMA ID\u001b[0m\nGPU0\t X \tNODE\tNODE\t0-47\t0\t\tN/A\nGPU1\tNODE\t X \tNODE\t0-47\t0\t\tN/A\nNIC0\tNODE\tNODE\t X \t\t\t\t\n\nLegend:\n\n  X    = Self\n  SYS  = Connection traversing PCIe as well as the SMP interconnect between NUMA nodes (e.g., QPI/UPI)\n  NODE = Connection traversing PCIe as well as the interconnect between PCIe Host Bridges within a NUMA node\n  PHB  = Connection traversing PCIe as well as a PCIe Host Bridge (typically the CPU)\n  PXB  = Connection traversing multiple PCIe bridges (without traversing the PCIe Host Bridge)\n  PIX  = Connection traversing at most a single PCIe bridge\n  NV#  = Connection traversing a bonded set of # NVLinks\n\nNIC Legend:\n\n  NIC0: mlx5_bond_0""","{""CUDA_HOME"":""/usr/local/cuda"",""NCCL_TESTS_DIR"":""/root/nccl-tests""}"
1,p1-nccl-baseline-20260826T181721Z-16cea6a,phase1,2026-08-26T18:17:33Z,measured,16cea6aed21d649453b65981c72d4b8ea7e32605,False,unknown,,5c44f3e9a47e,Ubuntu 24.04.3 LTS,6.8.0-106-generic,AMD EPYC 9254 24-Core Processor,48,1,NVIDIA L4,2,NODE,none-single-node,False,,12.8,580.126.20,2.25.1+cuda12.8,NCCL_DEBUG=VERSION banner,,gcc (Ubuntu 13.3.0-6ubuntu2~24.04) 13.3.0,717b68318278e93f371d8ffb46b076069d7c7851,nccl-tests,all_gather,float,none,-1,0,0,out_of_place,20,50,0,full,0.15,0.0,0.0,0,True,True,,0,/root/nccl-tests/build/all_gather_perf -b 8 -e 128M -f 2 -g 2 -w 20 -n 50 -c 1 -d float,results/raw/p1-nccl-baseline-20260826T181721Z-16cea6a/all_gather.full.r0.stdout.txt,,"[{""index"":0,""memory_total_mib"":23034,""name"":""NVIDIA L4"",""pci_bus_id"":""00000000:03:00.0""},{""index"":1,""memory_total_mib"":23034,""name"":""NVIDIA L4"",""pci_bus_id"":""00000000:C3:00.0""}]","""\t\u001b[4mGPU0\tGPU1\tNIC0\tCPU Affinity\tNUMA Affinity\tGPU NUMA ID\u001b[0m\nGPU0\t X \tNODE\tNODE\t0-47\t0\t\tN/A\nGPU1\tNODE\t X \tNODE\t0-47\t0\t\tN/A\nNIC0\tNODE\tNODE\t X \t\t\t\t\n\nLegend:\n\n  X    = Self\n  SYS  = Connection traversing PCIe as well as the SMP interconnect between NUMA nodes (e.g., QPI/UPI)\n  NODE = Connection traversing PCIe as well as the interconnect between PCIe Host Bridges within a NUMA node\n  PHB  = Connection traversing PCIe as well as a PCIe Host Bridge (typically the CPU)\n  PXB  = Connection traversing multiple PCIe bridges (without traversing the PCIe Host Bridge)\n  PIX  = Connection traversing at most a single PCIe bridge\n  NV#  = Connection traversing a bonded set of # NVLinks\n\nNIC Legend:\n\n  NIC0: mlx5_bond_0""","{""CUDA_HOME"":""/usr/local/cuda"",""NCCL_TESTS_DIR"":""/root/nccl-tests""}"
1,p1-nccl-baseline-20260826T181721Z-16cea6a,phase1,2026-08-26T18:17:33Z,measured,16cea6aed21d649453b65981c72d4b8ea7e32605,False,unknown,,5c44f3e9a47e,Ubuntu 24.04.3 LTS,6.8.0-106-generic,AMD EPYC 9254 24-Core Processor,48,1,NVIDIA L4,2,NODE,none-single-node,False,,12.8,580.126.20,2.25.1+cuda12.8,NCCL_DEBUG=VERSION banner,,gcc (Ubuntu 13.3.0-6ubuntu2~24.04) 13.3.0,717b68318278e93f371d8ffb46b076069d7c7851,nccl-tests,all_gather,float,none,-1,0,0,in_place,20,50,0,full,0.16,0.0,0.0,0,True,True,,0,/root/nccl-tests/build/all_gather_perf -b 8 -e 128M -f 2 -g 2 -w 20 -n 50 -c 1 -d float,results/raw/p1-nccl-baseline-20260826T181721Z-16cea6a/all_gather.full.r0.stdout.txt,,"[{""index"":0,""memory_total_mib"":23034,""name"":""NVIDIA L4"",""pci_bus_id"":""00000000:03:00.0""},{""index"":1,""memory_total_mib"":23034,""name"":""NVIDIA L4"",""pci_bus_id"":""00000000:C3:00.0""}]","""\t\u001b[4mGPU0\tGPU1\tNIC0\tCPU Affinity\tNUMA Affinity\tGPU NUMA ID\u001b[0m\nGPU0\t X \tNODE\tNODE\t0-47\t0\t\tN/A\nGPU1\tNODE\t X \tNODE\t0-47\t0\t\tN/A\nNIC0\tNODE\tNODE\t X \t\t\t\t\n\nLegend:\n\n  X    = Self\n  SYS  = Connection traversing PCIe as well as the SMP interconnect between NUMA nodes (e.g., QPI/UPI)\n  NODE = Connection traversing PCIe as well as the interconnect between PCIe Host Bridges within a NUMA node\n  PHB  = Connection traversing PCIe as well as a PCIe Host Bridge (typically the CPU)\n  PXB  = Connection traversing multiple PCIe bridges (without traversing the PCIe Host Bridge)\n  PIX  = Connection traversing at most a single PCIe bridge\n  NV#  = Connection traversing a bonded set of # NVLinks\n\nNIC Legend:\n\n  NIC0: mlx5_bond_0""","{""CUDA_HOME"":""/usr/local/cuda"",""NCCL_TESTS_DIR"":""/root/nccl-tests""}"
1,p1-nccl-baseline-20260826T181721Z-16cea6a,phase1,2026-08-26T18:17:33Z,measured,16cea6aed21d649453b65981c72d4b8ea7e32605,False,unknown,,5c44f3e9a47e,Ubuntu 24.04.3 LTS,6.8.0-106-generic,AMD EPYC 9254 24-Core Processor,48,1,NVIDIA L4,2,NODE,none-single-node,False,,12.8,580.126.20,2.25.1+cuda12.8,NCCL_DEBUG=VERSION banner,,gcc (Ubuntu 13.3.0-6ubuntu2~24.04) 13.3.0,717b68318278e93f371d8ffb46b076069d7c7851,nccl-tests,all_gather,float,none,-1,32,4,out_of_place,20,50,0,full,7.35,0.0,0.0,0,True,True,,0,/root/nccl-tests/build/all_gather_perf -b 8 -e 128M -f 2 -g 2 -w 20 -n 50 -c 1 -d float,results/raw/p1-nccl-baseline-20260826T181721Z-16cea6a/all_gather.full.r0.stdout.txt,,"[{""index"":0,""memory_total_mib"":23034,""name"":""NVIDIA L4"",""pci_bus_id"":""00000000:03:00.0""},{""index"":1,""memory_total_mib"":23034,""name"":""NVIDIA L4"",""pci_bus_id"":""00000000:C3:00.0""}]","""\t\u001b[4mGPU0\tGPU1\tNIC0\tCPU Affinity\tNUMA Affinity\tGPU NUMA ID\u001b[0m\nGPU0\t X \tNODE\tNODE\t0-47\t0\t\tN/A\nGPU1\tNODE\t X \tNODE\t0-47\t0\t\tN/A\nNIC0\tNODE\tNODE\t X \t\t\t\t\n\nLegend:\n\n  X    = Self\n  SYS  = Connection traversing PCIe as well as the SMP interconnect between NUMA nodes (e.g., QPI/UPI)\n  NODE = Connection traversing PCIe as well as the interconnect between PCIe Host Bridges within a NUMA node\n  PHB  = Connection traversing PCIe as well as a PCIe Host Bridge (typically the CPU)\n  PXB  = Connection traversing multiple PCIe bridges (without traversing the PCIe Host Bridge)\n  PIX  = Connection traversing at most a single PCIe bridge\n  NV#  = Connection traversing a bonded set of # NVLinks\n\nNIC Legend:\n\n  NIC0: mlx5_bond_0""","{""CUDA_HOME"":""/usr/local/cuda"",""NCCL_TESTS_DIR"":""/root/nccl-tests""}"
1,p1-nccl-baseline-20260826T181721Z-16cea6a,phase1,2026-08-26T18:17:33Z,measured,16cea6aed21d649453b65981c72d4b8ea7e32605,False,unknown,,5c44f3e9a47e,Ubuntu 24.04.3 LTS,6.8.0-106-generic,AMD EPYC 9254 24-Core Processor,48,1,NVIDIA L4,2,NODE,none-single-node,False,,12.8,580.126.20,2.25.1+cuda12.8,NCCL_DEBUG=VERSION banner,,gcc (Ubuntu 13.3.0-6ubuntu2~24.04) 13.3.0,717b68318278e93f371d8ffb46b076069d7c7851,nccl-tests,all_gather,float,none,-1,32,4,in_place,20,50,0,full,7.03,0.0,0.0,0,True,True,,0,/root/nccl-tests/build/all_gather_perf -b 8 -e 128M -f 2 -g 2 -w 20 -n 50 -c 1 -d float,results/raw/p1-nccl-baseline-20260826T181721Z-16cea6a/all_gather.full.r0.stdout.txt,,"[{""index"":0,""memory_total_mib"":23034,""name"":""NVIDIA L4"",""pci_bus_id"":""00000000:03:00.0""},{""index"":1,""memory_total_mib"":23034,""name"":""NVIDIA L4"",""pci_bus_id"":""00000000:C3:00.0""}]","""\t\u001b[4mGPU0\tGPU1\tNIC0\tCPU Affinity\tNUMA Affinity\tGPU NUMA ID\u001b[0m\nGPU0\t X \tNODE\tNODE\t0-47\t0\t\tN/A\nGPU1\tNODE\t X \tNODE\t0-47\t0\t\tN/A\nNIC0\tNODE\tNODE\t X \t\t\t\t\n\nLegend:\n\n  X    = Self\n  SYS  = Connection traversing PCIe as well as the SMP interconnect between NUMA nodes (e.g., QPI/UPI)\n  NODE = Connection traversing PCIe as well as the interconnect between PCIe Host Bridges within a NUMA node\n  PHB  = Connection traversing PCIe as well as a PCIe Host Bridge (typically the CPU)\n  PXB  = Connection traversing multiple PCIe bridges (without traversing the PCIe Host Bridge)\n  PIX  = Connection traversing at most a single PCIe bridge\n  NV#  = Connection traversing a bonded set of # NVLinks\n\nNIC Legend:\n\n  NIC0: mlx5_bond_0""","{""CUDA_HOME"":""/usr/local/cuda"",""NCCL_TESTS_DIR"":""/root/nccl-tests""}"
1,p1-nccl-baseline-20260826T181721Z-16cea6a,phase1,2026-08-26T18:17:33Z,measured,16cea6aed21d649453b65981c72d4b8ea7e32605,False,unknown,,5c44f3e9a47e,Ubuntu 24.04.3 LTS,6.8.0-106-generic,AMD EPYC 9254 24-Core Processor,48,1,NVIDIA L4,2,NODE,none-single-node,False,,12.8,580.126.20,2.25.1+cuda12.8,NCCL_DEBUG=VERSION banner,,gcc (Ubuntu 13.3.0-6ubuntu2~24.04) 13.3.0,717b68318278e93f371d8ffb46b076069d7c7851,nccl-tests,all_gather,float,none,-1,64,8,out_of_place,20,50,0,full,7.23,0.01,0.0,0,True,True,True,0,/root/nccl-tests/build/all_gather_perf -b 8 -e 128M -f 2 -g 2 -w 20 -n 50 -c 1 -d float,results/raw/p1-nccl-baseline-20260826T181721Z-16cea6a/all_gather.full.r0.stdout.txt,,"[{""index"":0,""memory_total_mib"":23034,""name"":""NVIDIA L4"",""pci_bus_id"":""00000000:03:00.0""},{""index"":1,""memory_total_mib"":23034,""name"":""NVIDIA L4"",""pci_bus_id"":""00000000:C3:00.0""}]","""\t\u001b[4mGPU0\tGPU1\tNIC0\tCPU Affinity\tNUMA Affinity\tGPU NUMA ID\u001b[0m\nGPU0\t X \tNODE\tNODE\t0-47\t0\t\tN/A\nGPU1\tNODE\t X \tNODE\t0-47\t0\t\tN/A\nNIC0\tNODE\tNODE\t X \t\t\t\t\n\nLegend:\n\n  X    = Self\n  SYS  = Connection traversing PCIe as well as the SMP interconnect between NUMA nodes (e.g., QPI/UPI)\n  NODE = Connection traversing PCIe as well as the interconnect between PCIe Host Bridges within a NUMA node\n  PHB  = Connection traversing PCIe as well as a PCIe Host Bridge (typically the CPU)\n  PXB  = Connection traversing multiple PCIe bridges (without traversing the PCIe Host Bridge)\n  PIX  = Connection traversing at most a single PCIe bridge\n  NV#  = Connection traversing a bonded set of # NVLinks\n\nNIC Legend:\n\n  NIC0: mlx5_bond_0""","{""CUDA_HOME"":""/usr/local/cuda"",""NCCL_TESTS_DIR"":""/root/nccl-tests""}"
1,p1-nccl-baseline-20260826T181721Z-16cea6a,phase1,2026-08-26T18:17:33Z,measured,16cea6aed21d649453b65981c72d4b8ea7e32605,False,unknown,,5c44f3e9a47e,Ubuntu 24.04.3 LTS,6.8.0-106-generic,AMD EPYC 9254 24-Core Processor,48,1,NVIDIA L4,2,NODE,none-single-node,False,,12.8,580.126.20,2.25.1+cuda12.8,NCCL_DEBUG=VERSION banner,,gcc (Ubuntu 13.3.0-6ubuntu2~24.04) 13.3.0,717b68318278e93f371d8ffb46b076069d7c7851,nccl-tests,all_gather,float,none,-1,64,8,in_place,20,50,0,full,7.05,0.01,0.0,0,True,True,True,0,/root/nccl-tests/build/all_gather_perf -b 8 -e 128M -f 2 -g 2 -w 20 -n 50 -c 1 -d float,results/raw/p1-nccl-baseline-20260826T181721Z-16cea6a/all_gather.full.r0.stdout.txt,,"[{""index"":0,""memory_total_mib"":23034,""name"":""NVIDIA L4"",""pci_bus_id"":""00000000:03:00.0""},{""index"":1,""memory_total_mib"":23034,""name"":""NVIDIA L4"",""pci_bus_id"":""00000000:C3:00.0""}]","""\t\u001b[4mGPU0\tGPU1\tNIC0\tCPU Affinity\tNUMA Affinity\tGPU NUMA ID\u001b[0m\nGPU0\t X \tNODE\tNODE\t0-47\t0\t\tN/A\nGPU1\tNODE\t X \tNODE\t0-47\t0\t\tN/A\nNIC0\tNODE\tNODE\t X \t\t\t\t\n\nLegend:\n\n  X    = Self\n  SYS  = Connection traversing PCIe as well as the SMP interconnect between NUMA nodes (e.g., QPI/UPI)\n  NODE = Connection traversing PCIe as well as the interconnect between PCIe Host Bridges within a NUMA node\n  PHB  = Connection traversing PCIe as well as a PCIe Host Bridge (typically the CPU)\n  PXB  = Connection traversing multiple PCIe bridges (without traversing the PCIe Host Bridge)\n  PIX  = Connection traversing at most a single PCIe bridge\n  NV#  = Connection traversing a bonded set of # NVLinks\n\nNIC Legend:\n\n  NIC0: mlx5_bond_0""","{""CUDA_HOME"":""/usr/local/cuda"",""NCCL_TESTS_DIR"":""/root/nccl-tests""}"
1,p1-nccl-baseline-20260826T181721Z-16cea6a,phase1,2026-08-26T18:17:33Z,measured,16cea6aed21d649453b65981c72d4b8ea7e32605,False,unknown,,5c44f3e9a47e,Ubuntu 24.04.3 LTS,6.8.0-106-generic,AMD EPYC 9254 24-Core Processor,48,1,NVIDIA L4,2,NODE,none-single-node,False,,12.8,580.126.20,2.25.1+cuda12.8,NCCL_DEBUG=VERSION banner,,gcc (Ubuntu 13.3.0-6ubuntu2~24.04) 13.3.0,717b68318278e93f371d8ffb46b076069d7c7851,nccl-tests,all_gather,float,none,-1,128,16,out_of_place,20,50,0,full,7.05,0.02,0.01,0,True,True,True,0,/root/nccl-tests/build/all_gather_perf -b 8 -e 128M -f 2 -g 2 -w 20 -n 50 -c 1 -d float,results/raw/p1-nccl-baseline-20260826T181721Z-16cea6a/all_gather.full.r0.stdout.txt,,"[{""index"":0,""memory_total_mib"":23034,""name"":""NVIDIA L4"",""pci_bus_id"":""00000000:03:00.0""},{""index"":1,""memory_total_mib"":23034,""name"":""NVIDIA L4"",""pci_bus_id"":""00000000:C3:00.0""}]","""\t\u001b[4mGPU0\tGPU1\tNIC0\tCPU Affinity\tNUMA Affinity\tGPU NUMA ID\u001b[0m\nGPU0\t X \tNODE\tNODE\t0-47\t0\t\tN/A\nGPU1\tNODE\t X \tNODE\t0-47\t0\t\tN/A\nNIC0\tNODE\tNODE\t X \t\t\t\t\n\nLegend:\n\n  X    = Self\n  SYS  = Connection traversing PCIe as well as the SMP interconnect between NUMA nodes (e.g., QPI/UPI)\n  NODE = Connection traversing PCIe as well as the interconnect between PCIe Host Bridges within a NUMA node\n  PHB  = Connection traversing PCIe as well as a PCIe Host Bridge (typically the CPU)\n  PXB  = Connection traversing multiple PCIe bridges (without traversing the PCIe Host Bridge)\n  PIX  = Connection traversing at most a single PCIe bridge\n  NV#  = Connection traversing a bonded set of # NVLinks\n\nNIC Legend:\n\n  NIC0: mlx5_bond_0""","{""CUDA_HOME"":""/usr/local/cuda"",""NCCL_TESTS_DIR"":""/root/nccl-tests""}"
1,p1-nccl-baseline-20260826T181721Z-16cea6a,phase1,2026-08-26T18:17:33Z,measured,16cea6aed21d649453b65981c72d4b8ea7e32605,False,unknown,,5c44f3e9a47e,Ubuntu 24.04.3 LTS,6.8.0-106-generic,AMD EPYC 9254 24-Core Processor,48,1,NVIDIA L4,2,NODE,none-single-node,False,,12.8,580.126.20,2.25.1+cuda12.8,NCCL_DEBUG=VERSION banner,,gcc (Ubuntu 13.3.0-6ubuntu2~24.04) 13.3.0,717b68318278e93f371d8ffb46b076069d7c7851,nccl-tests,all_gather,float,none,-1,128,16,in_place,20,50,0,full,7.33,0.02,0.01,0,True,True,True,0,/root/nccl-tests/build/all_gather_perf -b 8 -e 128M -f 2 -g 2 -w 20 -n 50 -c 1 -d float,results/raw/p1-nccl-baseline-20260826T181721Z-16cea6a/all_gather.full.r0.stdout.txt,,"[{""index"":0,""memory_total_mib"":23034,""name"":""NVIDIA L4"",""pci_bus_id"":""00000000:03:00.0""},{""index"":1,""memory_total_mib"":23034,""name"":""NVIDIA L4"",""pci_bus_id"":""00000000:C3:00.0""}]","""\t\u001b[4mGPU0\tGPU1\tNIC0\tCPU Affinity\tNUMA Affinity\tGPU NUMA ID\u001b[0m\nGPU0\t X \tNODE\tNODE\t0-47\t0\t\tN/A\nGPU1\tNODE\t X \tNODE\t0-47\t0\t\tN/A\nNIC0\tNODE\tNODE\t X \t\t\t\t\n\nLegend:\n\n  X    = Self\n  SYS  = Connection traversing PCIe as well as the SMP interconnect between NUMA nodes (e.g., QPI/UPI)\n  NODE = Connection traversing PCIe as well as the interconnect between PCIe Host Bridges within a NUMA node\n  PHB  = Connection traversing PCIe as well as a PCIe Host Bridge (typically the CPU)\n  PXB  = Connection traversing multiple PCIe bridges (without traversing the PCIe Host Bridge)\n  PIX  = Connection traversing at most a single PCIe bridge\n  NV#  = Connection traversing a bonded set of # NVLinks\n\nNIC Legend:\n\n  NIC0: mlx5_bond_0""","{""CUDA_HOME"":""/usr/local/cuda"",""NCCL_TESTS_DIR"":""/root/nccl-tests""}"
1,p1-nccl-baseline-20260826T181721Z-16cea6a,phase1,2026-08-26T18:17:33Z,measured,16cea6aed21d649453b65981c72d4b8ea7e32605,False,unknown,,5c44f3e9a47e,Ubuntu 24.04.3 LTS,6.8.0-106-generic,AMD EPYC 9254 24-Core Processor,48,1,NVIDIA L4,2,NODE,none-single-node,False,,12.8,580.126.20,2.25.1+cuda12.8,NCCL_DEBUG=VERSION banner,,gcc (Ubuntu 13.3.0-6ubuntu2~24.04) 13.3.0,717b68318278e93f371d8ffb46b076069d7c7851,nccl-tests,all_gather,float,none,-1,256,32,out_of_place,20,50,0,full,7.34,0.03,0.02,0,True,True,True,0,/root/nccl-tests/build/all_gather_perf -b 8 -e 128M -f 2 -g 2 -w 20 -n 50 -c 1 -d float,results/raw/p1-nccl-baseline-20260826T181721Z-16cea6a/all_gather.full.r0.stdout.txt,,"[{""index"":0,""memory_total_mib"":23034,""name"":""NVIDIA L4"",""pci_bus_id"":""00000000:03:00.0""},{""index"":1,""memory_total_mib"":23034,""name"":""NVIDIA L4"",""pci_bus_id"":""00000000:C3:00.0""}]","""\t\u001b[4mGPU0\tGPU1\tNIC0\tCPU Affinity\tNUMA Affinity\tGPU NUMA ID\u001b[0m\nGPU0\t X \tNODE\tNODE\t0-47\t0\t\tN/A\nGPU1\tNODE\t X \tNODE\t0-47\t0\t\tN/A\nNIC0\tNODE\tNODE\t X \t\t\t\t\n\nLegend:\n\n  X    = Self\n  SYS  = Connection traversing PCIe as well as the SMP interconnect between NUMA nodes (e.g., QPI/UPI)\n  NODE = Connection traversing PCIe as well as the interconnect between PCIe Host Bridges within a NUMA node\n  PHB  = Connection traversing PCIe as well as a PCIe Host Bridge (typically the CPU)\n  PXB  = Connection traversing multiple PCIe bridges (without traversing the PCIe Host Bridge)\n  PIX  = Connection traversing at most a single PCIe bridge\n  NV#  = Connection traversing a bonded set of # NVLinks\n\nNIC Legend:\n\n  NIC0: mlx5_bond_0""","{""CUDA_HOME"":""/usr/local/cuda"",""NCCL_TESTS_DIR"":""/root/nccl-tests""}"
1,p1-nccl-baseline-20260826T181721Z-16cea6a,phase1,2026-08-26T18:17:33Z,measured,16cea6aed21d649453b65981c72d4b8ea7e32605,False,unknown,,5c44f3e9a47e,Ubuntu 24.04.3 LTS,6.8.0-106-generic,AMD EPYC 9254 24-Core Processor,48,1,NVIDIA L4,2,NODE,none-single-node,False,,12.8,580.126.20,2.25.1+cuda12.8,NCCL_DEBUG=VERSION banner,,gcc (Ubuntu 13.3.0-6ubuntu2~24.04) 13.3.0,717b68318278e93f371d8ffb46b076069d7c7851,nccl-tests,all_gather,float,none,-1,256,32,in_place,20,50,0,full,7.03,0.04,0.02,0,True,True,True,0,/root/nccl-tests/build/all_gather_perf -b 8 -e 128M -f 2 -g 2 -w 20 -n 50 -c 1 -d float,results/raw/p1-nccl-baseline-20260826T181721Z-16cea6a/all_gather.full.r0.stdout.txt,,"[{""index"":0,""memory_total_mib"":23034,""name"":""NVIDIA L4"",""pci_bus_id"":""00000000:03:00.0""},{""index"":1,""memory_total_mib"":23034,""name"":""NVIDIA L4"",""pci_bus_id"":""00000000:C3:00.0""}]","""\t\u001b[4mGPU0\tGPU1\tNIC0\tCPU Affinity\tNUMA Affinity\tGPU NUMA ID\u001b[0m\nGPU0\t X \tNODE\tNODE\t0-47\t0\t\tN/A\nGPU1\tNODE\t X \tNODE\t0-47\t0\t\tN/A\nNIC0\tNODE\tNODE\t X \t\t\t\t\n\nLegend:\n\n  X    = Self\n  SYS  = Connection traversing PCIe as well as the SMP interconnect between NUMA nodes (e.g., QPI/UPI)\n  NODE = Connection traversing PCIe as well as the interconnect between PCIe Host Bridges within a NUMA node\n  PHB  = Connection traversing PCIe as well as a PCIe Host Bridge (typically the CPU)\n  PXB  = Connection traversing multiple PCIe bridges (without traversing the PCIe Host Bridge)\n  PIX  = Connection traversing at most a single PCIe bridge\n  NV#  = Connection traversing a bonded set of # NVLinks\n\nNIC Legend:\n\n  NIC0: mlx5_bond_0""","{""CUDA_HOME"":""/usr/local/cuda"",""NCCL_TESTS_DIR"":""/root/nccl-tests""}"
1,p1-nccl-baseline-20260826T181721Z-16cea6a,phase1,2026-08-26T18:17:33Z,measured,16cea6aed21d649453b65981c72d4b8ea7e32605,False,unknown,,5c44f3e9a47e,Ubuntu 24.04.3 LTS,6.8.0-106-generic,AMD EPYC 9254 24-Core Processor,48,1,NVIDIA L4,2,NODE,none-single-node,False,,12.8,580.126.20,2.25.1+cuda12.8,NCCL_DEBUG=VERSION banner,,gcc (Ubuntu 13.3.0-6ubuntu2~24.04) 13.3.0,717b68318278e93f371d8ffb46b076069d7c7851,nccl-tests,all_gather,float,none,-1,512,64,out_of_place,20,50,0,full,6.98,0.07,0.04,0,True,True,True,0,/root/nccl-tests/build/all_gather_perf -b 8 -e 128M -f 2 -g 2 -w 20 -n 50 -c 1 -d float,results/raw/p1-nccl-baseline-20260826T181721Z-16cea6a/all_gather.full.r0.stdout.txt,,"[{""index"":0,""memory_total_mib"":23034,""name"":""NVIDIA L4"",""pci_bus_id"":""00000000:03:00.0""},{""index"":1,""memory_total_mib"":23034,""name"":""NVIDIA L4"",""pci_bus_id"":""00000000:C3:00.0""}]","""\t\u001b[4mGPU0\tGPU1\tNIC0\tCPU Affinity\tNUMA Affinity\tGPU NUMA ID\u001b[0m\nGPU0\t X \tNODE\tNODE\t0-47\t0\t\tN/A\nGPU1\tNODE\t X \tNODE\t0-47\t0\t\tN/A\nNIC0\tNODE\tNODE\t X \t\t\t\t\n\nLegend:\n\n  X    = Self\n  SYS  = Connection traversing PCIe as well as the SMP interconnect between NUMA nodes (e.g., QPI/UPI)\n  NODE = Connection traversing PCIe as well as the interconnect between PCIe Host Bridges within a NUMA node\n  PHB  = Connection traversing PCIe as well as a PCIe Host Bridge (typically the CPU)\n  PXB  = Connection traversing multiple PCIe bridges (without traversing the PCIe Host Bridge)\n  PIX  = Connection traversing at most a single PCIe bridge\n  NV#  = Connection traversing a bonded set of # NVLinks\n\nNIC Legend:\n\n  NIC0: mlx5_bond_0""","{""CUDA_HOME"":""/usr/local/cuda"",""NCCL_TESTS_DIR"":""/root/nccl-tests""}"
1,p1-nccl-baseline-20260826T181721Z-16cea6a,phase1,2026-08-26T18:17:33Z,measured,16cea6aed21d649453b65981c72d4b8ea7e32605,False,unknown,,5c44f3e9a47e,Ubuntu 24.04.3 LTS,6.8.0-106-generic,AMD EPYC 9254 24-Core Processor,48,1,NVIDIA L4,2,NODE,none-single-node,False,,12.8,580.126.20,2.25.1+cuda12.8,NCCL_DEBUG=VERSION banner,,gcc (Ubuntu 13.3.0-6ubuntu2~24.04) 13.3.0,717b68318278e93f371d8ffb46b076069d7c7851,nccl-tests,all_gather,float,none,-1,512,64,in_place,20,50,0,full,7.14,0.07,0.04,0,True,True,True,0,/root/nccl-tests/build/all_gather_perf -b 8 -e 128M -f 2 -g 2 -w 20 -n 50 -c 1 -d float,results/raw/p1-nccl-baseline-20260826T181721Z-16cea6a/all_gather.full.r0.stdout.txt,,"[{""index"":0,""memory_total_mib"":23034,""name"":""NVIDIA L4"",""pci_bus_id"":""00000000:03:00.0""},{""index"":1,""memory_total_mib"":23034,""name"":""NVIDIA L4"",""pci_bus_id"":""00000000:C3:00.0""}]","""\t\u001b[4mGPU0\tGPU1\tNIC0\tCPU Affinity\tNUMA Affinity\tGPU NUMA ID\u001b[0m\nGPU0\t X \tNODE\tNODE\t0-47\t0\t\tN/A\nGPU1\tNODE\t X \tNODE\t0-47\t0\t\tN/A\nNIC0\tNODE\tNODE\t X \t\t\t\t\n\nLegend:\n\n  X    = Self\n  SYS  = Connection traversing PCIe as well as the SMP interconnect between NUMA nodes (e.g., QPI/UPI)\n  NODE = Connection traversing PCIe as well as the interconnect between PCIe Host Bridges within a NUMA node\n  PHB  = Connection traversing PCIe as well as a PCIe Host Bridge (typically the CPU)\n  PXB  = Connection traversing multiple PCIe bridges (without traversing the PCIe Host Bridge)\n  PIX  = Connection traversing at most a single PCIe bridge\n  NV#  = Connection traversing a bonded set of # NVLinks\n\nNIC Legend:\n\n  NIC0: mlx5_bond_0""","{""CUDA_HOME"":""/usr/local/cuda"",""NCCL_TESTS_DIR"":""/root/nccl-tests""}"
1,p1-nccl-baseline-20260826T181721Z-16cea6a,phase1,2026-08-26T18:17:33Z,measured,16cea6aed21d649453b65981c72d4b8ea7e32605,False,unknown,,5c44f3e9a47e,Ubuntu 24.04.3 LTS,6.8.0-106-generic,AMD EPYC 9254 24-Core Processor,48,1,NVIDIA L4,2,NODE,none-single-node,False,,12.8,580.126.20,2.25.1+cuda12.8,NCCL_DEBUG=VERSION banner,,gcc (Ubuntu 13.3.0-6ubuntu2~24.04) 13.3.0,717b68318278e93f371d8ffb46b076069d7c7851,nccl-tests,all_gather,float,none,-1,1024,128,out_of_place,20,50,0,full,7.08,0.14,0.07,0,True,True,True,0,/root/nccl-tests/build/all_gather_perf -b 8 -e 128M -f 2 -g 2 -w 20 -n 50 -c 1 -d float,results/raw/p1-nccl-baseline-20260826T181721Z-16cea6a/all_gather.full.r0.stdout.txt,,"[{""index"":0,""memory_total_mib"":23034,""name"":""NVIDIA L4"",""pci_bus_id"":""00000000:03:00.0""},{""index"":1,""memory_total_mib"":23034,""name"":""NVIDIA L4"",""pci_bus_id"":""00000000:C3:00.0""}]","""\t\u001b[4mGPU0\tGPU1\tNIC0\tCPU Affinity\tNUMA Affinity\tGPU NUMA ID\u001b[0m\nGPU0\t X \tNODE\tNODE\t0-47\t0\t\tN/A\nGPU1\tNODE\t X \tNODE\t0-47\t0\t\tN/A\nNIC0\tNODE\tNODE\t X \t\t\t\t\n\nLegend:\n\n  X    = Self\n  SYS  = Connection traversing PCIe as well as the SMP interconnect between NUMA nodes (e.g., QPI/UPI)\n  NODE = Connection traversing PCIe as well as the interconnect between PCIe Host Bridges within a NUMA node\n  PHB  = Connection traversing PCIe as well as a PCIe Host Bridge (typically the CPU)\n  PXB  = Connection traversing multiple PCIe bridges (without traversing the PCIe Host Bridge)\n  PIX  = Connection traversing at most a single PCIe bridge\n  NV#  = Connection traversing a bonded set of # NVLinks\n\nNIC Legend:\n\n  NIC0: mlx5_bond_0""","{""CUDA_HOME"":""/usr/local/cuda"",""NCCL_TESTS_DIR"":""/root/nccl-tests""}"
1,p1-nccl-baseline-20260826T181721Z-16cea6a,phase1,2026-08-26T18:17:33Z,measured,16cea6aed21d649453b65981c72d4b8ea7e32605,False,unknown,,5c44f3e9a47e,Ubuntu 24.04.3 LTS,6.8.0-106-generic,AMD EPYC 9254 24-Core Processor,48,1,NVIDIA L4,2,NODE,none-single-node,False,,12.8,580.126.20,2.25.1+cuda12.8,NCCL_DEBUG=VERSION banner,,gcc (Ubuntu 13.3.0-6ubuntu2~24.04) 13.3.0,717b68318278e93f371d8ffb46b076069d7c7851,nccl-tests,all_gather,float,none,-1,1024,128,in_place,20,50,0,full,7.03,0.15,0.07,0,True,True,True,0,/root/nccl-tests/build/all_gather_perf -b 8 -e 128M -f 2 -g 2 -w 20 -n 50 -c 1 -d float,results/raw/p1-nccl-baseline-20260826T181721Z-16cea6a/all_gather.full.r0.stdout.txt,,"[{""index"":0,""memory_total_mib"":23034,""name"":""NVIDIA L4"",""pci_bus_id"":""00000000:03:00.0""},{""index"":1,""memory_total_mib"":23034,""name"":""NVIDIA L4"",""pci_bus_id"":""00000000:C3:00.0""}]","""\t\u001b[4mGPU0\tGPU1\tNIC0\tCPU Affinity\tNUMA Affinity\tGPU NUMA ID\u001b[0m\nGPU0\t X \tNODE\tNODE\t0-47\t0\t\tN/A\nGPU1\tNODE\t X \tNODE\t0-47\t0\t\tN/A\nNIC0\tNODE\tNODE\t X \t\t\t\t\n\nLegend:\n\n  X    = Self\n  SYS  = Connection traversing PCIe as well as the SMP interconnect between NUMA nodes (e.g., QPI/UPI)\n  NODE = Connection traversing PCIe as well as the interconnect between PCIe Host Bridges within a NUMA node\n  PHB  = Connection traversing PCIe as well as a PCIe Host Bridge (typically the CPU)\n  PXB  = Connection traversing multiple PCIe bridges (without traversing the PCIe Host Bridge)\n  PIX  = Connection traversing at most a single PCIe bridge\n  NV#  = Connection traversing a bonded set of # NVLinks\n\nNIC Legend:\n\n  NIC0: mlx5_bond_0""","{""CUDA_HOME"":""/usr/local/cuda"",""NCCL_TESTS_DIR"":""/root/nccl-tests""}"
1,p1-nccl-baseline-20260826T181721Z-16cea6a,phase1,2026-08-26T18:17:33Z,measured,16cea6aed21d649453b65981c72d4b8ea7e32605,False,unknown,,5c44f3e9a47e,Ubuntu 24.04.3 LTS,6.8.0-106-generic,AMD EPYC 9254 24-Core Processor,48,1,NVIDIA L4,2,NODE,none-single-node,False,,12.8,580.126.20,2.25.1+cuda12.8,NCCL_DEBUG=VERSION banner,,gcc (Ubuntu 13.3.0-6ubuntu2~24.04) 13.3.0,717b68318278e93f371d8ffb46b076069d7c7851,nccl-tests,all_gather,float,none,-1,2048,256,out_of_place,20,50,0,full,6.76,0.3,0.15,0,True,True,True,0,/root/nccl-tests/build/all_gather_perf -b 8 -e 128M -f 2 -g 2 -w 20 -n 50 -c 1 -d float,results/raw/p1-nccl-baseline-20260826T181721Z-16cea6a/all_gather.full.r0.stdout.txt,,"[{""index"":0,""memory_total_mib"":23034,""name"":""NVIDIA L4"",""pci_bus_id"":""00000000:03:00.0""},{""index"":1,""memory_total_mib"":23034,""name"":""NVIDIA L4"",""pci_bus_id"":""00000000:C3:00.0""}]","""\t\u001b[4mGPU0\tGPU1\tNIC0\tCPU Affinity\tNUMA Affinity\tGPU NUMA ID\u001b[0m\nGPU0\t X \tNODE\tNODE\t0-47\t0\t\tN/A\nGPU1\tNODE\t X \tNODE\t0-47\t0\t\tN/A\nNIC0\tNODE\tNODE\t X \t\t\t\t\n\nLegend:\n\n  X    = Self\n  SYS  = Connection traversing PCIe as well as the SMP interconnect between NUMA nodes (e.g., QPI/UPI)\n  NODE = Connection traversing PCIe as well as the interconnect between PCIe Host Bridges within a NUMA node\n  PHB  = Connection traversing PCIe as well as a PCIe Host Bridge (typically the CPU)\n  PXB  = Connection traversing multiple PCIe bridges (without traversing the PCIe Host Bridge)\n  PIX  = Connection traversing at most a single PCIe bridge\n  NV#  = Connection traversing a bonded set of # NVLinks\n\nNIC Legend:\n\n  NIC0: mlx5_bond_0""","{""CUDA_HOME"":""/usr/local/cuda"",""NCCL_TESTS_DIR"":""/root/nccl-tests""}"
1,p1-nccl-baseline-20260826T181721Z-16cea6a,phase1,2026-08-26T18:17:33Z,measured,16cea6aed21d649453b65981c72d4b8ea7e32605,False,unknown,,5c44f3e9a47e,Ubuntu 24.04.3 LTS,6.8.0-106-generic,AMD EPYC 9254 24-Core Processor,48,1,NVIDIA L4,2,NODE,none-single-node,False,,12.8,580.126.20,2.25.1+cuda12.8,NCCL_DEBUG=VERSION banner,,gcc (Ubuntu 13.3.0-6ubuntu2~24.04) 13.3.0,717b68318278e93f371d8ffb46b076069d7c7851,nccl-tests,all_gather,float,none,-1,2048,256,in_place,20,50,0,full,6.72,0.3,0.15,0,True,True,True,0,/root/nccl-tests/build/all_gather_perf -b 8 -e 128M -f 2 -g 2 -w 20 -n 50 -c 1 -d float,results/raw/p1-nccl-baseline-20260826T181721Z-16cea6a/all_gather.full.r0.stdout.txt,,"[{""index"":0,""memory_total_mib"":23034,""name"":""NVIDIA L4"",""pci_bus_id"":""00000000:03:00.0""},{""index"":1,""memory_total_mib"":23034,""name"":""NVIDIA L4"",""pci_bus_id"":""00000000:C3:00.0""}]","""\t\u001b[4mGPU0\tGPU1\tNIC0\tCPU Affinity\tNUMA Affinity\tGPU NUMA ID\u001b[0m\nGPU0\t X \tNODE\tNODE\t0-47\t0\t\tN/A\nGPU1\tNODE\t X \tNODE\t0-47\t0\t\tN/A\nNIC0\tNODE\tNODE\t X \t\t\t\t\n\nLegend:\n\n  X    = Self\n  SYS  = Connection traversing PCIe as well as the SMP interconnect between NUMA nodes (e.g., QPI/UPI)\n  NODE = Connection traversing PCIe as well as the interconnect between PCIe Host Bridges within a NUMA node\n  PHB  = Connection traversing PCIe as well as a PCIe Host Bridge (typically the CPU)\n  PXB  = Connection traversing multiple PCIe bridges (without traversing the PCIe Host Bridge)\n  PIX  = Connection traversing at most a single PCIe bridge\n  NV#  = Connection traversing a bonded set of # NVLinks\n\nNIC Legend:\n\n  NIC0: mlx5_bond_0""","{""CUDA_HOME"":""/usr/local/cuda"",""NCCL_TESTS_DIR"":""/root/nccl-tests""}"
1,p1-nccl-baseline-20260826T181721Z-16cea6a,phase1,2026-08-26T18:17:33Z,measured,16cea6aed21d649453b65981c72d4b8ea7e32605,False,unknown,,5c44f3e9a47e,Ubuntu 24.04.3 LTS,6.8.0-106-generic,AMD EPYC 9254 24-Core Processor,48,1,NVIDIA L4,2,NODE,none-single-node,False,,12.8,580.126.20,2.25.1+cuda12.8,NCCL_DEBUG=VERSION banner,,gcc (Ubuntu 13.3.0-6ubuntu2~24.04) 13.3.0,717b68318278e93f371d8ffb46b076069d7c7851,nccl-tests,all_gather,float,none,-1,4096,512,out_of_place,20,50,0,full,6.76,0.61,0.3,0,True,True,True,0,/root/nccl-tests/build/all_gather_perf -b 8 -e 128M -f 2 -g 2 -w 20 -n 50 -c 1 -d float,results/raw/p1-nccl-baseline-20260826T181721Z-16cea6a/all_gather.full.r0.stdout.txt,,"[{""index"":0,""memory_total_mib"":23034,""name"":""NVIDIA L4"",""pci_bus_id"":""00000000:03:00.0""},{""index"":1,""memory_total_mib"":23034,""name"":""NVIDIA L4"",""pci_bus_id"":""00000000:C3:00.0""}]","""\t\u001b[4mGPU0\tGPU1\tNIC0\tCPU Affinity\tNUMA Affinity\tGPU NUMA ID\u001b[0m\nGPU0\t X \tNODE\tNODE\t0-47\t0\t\tN/A\nGPU1\tNODE\t X \tNODE\t0-47\t0\t\tN/A\nNIC0\tNODE\tNODE\t X \t\t\t\t\n\nLegend:\n\n  X    = Self\n  SYS  = Connection traversing PCIe as well as the SMP interconnect between NUMA nodes (e.g., QPI/UPI)\n  NODE = Connection traversing PCIe as well as the interconnect between PCIe Host Bridges within a NUMA node\n  PHB  = Connection traversing PCIe as well as a PCIe Host Bridge (typically the CPU)\n  PXB  = Connection traversing multiple PCIe bridges (without traversing the PCIe Host Bridge)\n  PIX  = Connection traversing at most a single PCIe bridge\n  NV#  = Connection traversing a bonded set of # NVLinks\n\nNIC Legend:\n\n  NIC0: mlx5_bond_0""","{""CUDA_HOME"":""/usr/local/cuda"",""NCCL_TESTS_DIR"":""/root/nccl-tests""}"
1,p1-nccl-baseline-20260826T181721Z-16cea6a,phase1,2026-08-26T18:17:33Z,measured,16cea6aed21d649453b65981c72d4b8ea7e32605,False,unknown,,5c44f3e9a47e,Ubuntu 24.04.3 LTS,6.8.0-106-generic,AMD EPYC 9254 24-Core Processor,48,1,NVIDIA L4,2,NODE,none-single-node,False,,12.8,580.126.20,2.25.1+cuda12.8,NCCL_DEBUG=VERSION banner,,gcc (Ubuntu 13.3.0-6ubuntu2~24.04) 13.3.0,717b68318278e93f371d8ffb46b076069d7c7851,nccl-tests,all_gather,float,none,-1,4096,512,in_place,20,50,0,full,6.73,0.61,0.3,0,True,True,True,0,/root/nccl-tests/build/all_gather_perf -b 8 -e 128M -f 2 -g 2 -w 20 -n 50 -c 1 -d float,results/raw/p1-nccl-baseline-20260826T181721Z-16cea6a/all_gather.full.r0.stdout.txt,,"[{""index"":0,""memory_total_mib"":23034,""name"":""NVIDIA L4"",""pci_bus_id"":""00000000:03:00.0""},{""index"":1,""memory_total_mib"":23034,""name"":""NVIDIA L4"",""pci_bus_id"":""00000000:C3:00.0""}]","""\t\u001b[4mGPU0\tGPU1\tNIC0\tCPU Affinity\tNUMA Affinity\tGPU NUMA ID\u001b[0m\nGPU0\t X \tNODE\tNODE\t0-47\t0\t\tN/A\nGPU1\tNODE\t X \tNODE\t0-47\t0\t\tN/A\nNIC0\tNODE\tNODE\t X \t\t\t\t\n\nLegend:\n\n  X    = Self\n  SYS  = Connection traversing PCIe as well as the SMP interconnect between NUMA nodes (e.g., QPI/UPI)\n  NODE = Connection traversing PCIe as well as the interconnect between PCIe Host Bridges within a NUMA node\n  PHB  = Connection traversing PCIe as well as a PCIe Host Bridge (typically the CPU)\n  PXB  = Connection traversing multiple PCIe bridges (without traversing the PCIe Host Bridge)\n  PIX  = Connection traversing at most a single PCIe bridge\n  NV#  = Connection traversing a bonded set of # NVLinks\n\nNIC Legend:\n\n  NIC0: mlx5_bond_0""","{""CUDA_HOME"":""/usr/local/cuda"",""NCCL_TESTS_DIR"":""/root/nccl-tests""}"
1,p1-nccl-baseline-20260826T181721Z-16cea6a,phase1,2026-08-26T18:17:33Z,measured,16cea6aed21d649453b65981c72d4b8ea7e32605,False,unknown,,5c44f3e9a47e,Ubuntu 24.04.3 LTS,6.8.0-106-generic,AMD EPYC 9254 24-Core Processor,48,1,NVIDIA L4,2,NODE,none-single-node,False,,12.8,580.126.20,2.25.1+cuda12.8,NCCL_DEBUG=VERSION banner,,gcc (Ubuntu 13.3.0-6ubuntu2~24.04) 13.3.0,717b68318278e93f371d8ffb46b076069d7c7851,nccl-tests,all_gather,float,none,-1,8192,1024,out_of_place,20,50,0,full,7.0,1.17,0.58,0,True,True,True,0,/root/nccl-tests/build/all_gather_perf -b 8 -e 128M -f 2 -g 2 -w 20 -n 50 -c 1 -d float,results/raw/p1-nccl-baseline-20260826T181721Z-16cea6a/all_gather.full.r0.stdout.txt,,"[{""index"":0,""memory_total_mib"":23034,""name"":""NVIDIA L4"",""pci_bus_id"":""00000000:03:00.0""},{""index"":1,""memory_total_mib"":23034,""name"":""NVIDIA L4"",""pci_bus_id"":""00000000:C3:00.0""}]","""\t\u001b[4mGPU0\tGPU1\tNIC0\tCPU Affinity\tNUMA Affinity\tGPU NUMA ID\u001b[0m\nGPU0\t X \tNODE\tNODE\t0-47\t0\t\tN/A\nGPU1\tNODE\t X \tNODE\t0-47\t0\t\tN/A\nNIC0\tNODE\tNODE\t X \t\t\t\t\n\nLegend:\n\n  X    = Self\n  SYS  = Connection traversing PCIe as well as the SMP interconnect between NUMA nodes (e.g., QPI/UPI)\n  NODE = Connection traversing PCIe as well as the interconnect between PCIe Host Bridges within a NUMA node\n  PHB  = Connection traversing PCIe as well as a PCIe Host Bridge (typically the CPU)\n  PXB  = Connection traversing multiple PCIe bridges (without traversing the PCIe Host Bridge)\n  PIX  = Connection traversing at most a single PCIe bridge\n  NV#  = Connection traversing a bonded set of # NVLinks\n\nNIC Legend:\n\n  NIC0: mlx5_bond_0""","{""CUDA_HOME"":""/usr/local/cuda"",""NCCL_TESTS_DIR"":""/root/nccl-tests""}"
1,p1-nccl-baseline-20260826T181721Z-16cea6a,phase1,2026-08-26T18:17:33Z,measured,16cea6aed21d649453b65981c72d4b8ea7e32605,False,unknown,,5c44f3e9a47e,Ubuntu 24.04.3 LTS,6.8.0-106-generic,AMD EPYC 9254 24-Core Processor,48,1,NVIDIA L4,2,NODE,none-single-node,False,,12.8,580.126.20,2.25.1+cuda12.8,NCCL_DEBUG=VERSION banner,,gcc (Ubuntu 13.3.0-6ubuntu2~24.04) 13.3.0,717b68318278e93f371d8ffb46b076069d7c7851,nccl-tests,all_gather,float,none,-1,8192,1024,in_place,20,50,0,full,6.85,1.2,0.6,0,True,True,True,0,/root/nccl-tests/build/all_gather_perf -b 8 -e 128M -f 2 -g 2 -w 20 -n 50 -c 1 -d float,results/raw/p1-nccl-baseline-20260826T181721Z-16cea6a/all_gather.full.r0.stdout.txt,,"[{""index"":0,""memory_total_mib"":23034,""name"":""NVIDIA L4"",""pci_bus_id"":""00000000:03:00.0""},{""index"":1,""memory_total_mib"":23034,""name"":""NVIDIA L4"",""pci_bus_id"":""00000000:C3:00.0""}]","""\t\u001b[4mGPU0\tGPU1\tNIC0\tCPU Affinity\tNUMA Affinity\tGPU NUMA ID\u001b[0m\nGPU0\t X \tNODE\tNODE\t0-47\t0\t\tN/A\nGPU1\tNODE\t X \tNODE\t0-47\t0\t\tN/A\nNIC0\tNODE\tNODE\t X \t\t\t\t\n\nLegend:\n\n  X    = Self\n  SYS  = Connection traversing PCIe as well as the SMP interconnect between NUMA nodes (e.g., QPI/UPI)\n  NODE = Connection traversing PCIe as well as the interconnect between PCIe Host Bridges within a NUMA node\n  PHB  = Connection traversing PCIe as well as a PCIe Host Bridge (typically the CPU)\n  PXB  = Connection traversing multiple PCIe bridges (without traversing the PCIe Host Bridge)\n  PIX  = Connection traversing at most a single PCIe bridge\n  NV#  = Connection traversing a bonded set of # NVLinks\n\nNIC Legend:\n\n  NIC0: mlx5_bond_0""","{""CUDA_HOME"":""/usr/local/cuda"",""NCCL_TESTS_DIR"":""/root/nccl-tests""}"
1,p1-nccl-baseline-20260826T181721Z-16cea6a,phase1,2026-08-26T18:17:33Z,measured,16cea6aed21d649453b65981c72d4b8ea7e32605,False,unknown,,5c44f3e9a47e,Ubuntu 24.04.3 LTS,6.8.0-106-generic,AMD EPYC 9254 24-Core Processor,48,1,NVIDIA L4,2,NODE,none-single-node,False,,12.8,580.126.20,2.25.1+cuda12.8,NCCL_DEBUG=VERSION banner,,gcc (Ubuntu 13.3.0-6ubuntu2~24.04) 13.3.0,717b68318278e93f371d8ffb46b076069d7c7851,nccl-tests,all_gather,float,none,-1,16384,2048,out_of_place,20,50,0,full,7.38,2.22,1.11,0,True,True,True,0,/root/nccl-tests/build/all_gather_perf -b 8 -e 128M -f 2 -g 2 -w 20 -n 50 -c 1 -d float,results/raw/p1-nccl-baseline-20260826T181721Z-16cea6a/all_gather.full.r0.stdout.txt,,"[{""index"":0,""memory_total_mib"":23034,""name"":""NVIDIA L4"",""pci_bus_id"":""00000000:03:00.0""},{""index"":1,""memory_total_mib"":23034,""name"":""NVIDIA L4"",""pci_bus_id"":""00000000:C3:00.0""}]","""\t\u001b[4mGPU0\tGPU1\tNIC0\tCPU Affinity\tNUMA Affinity\tGPU NUMA ID\u001b[0m\nGPU0\t X \tNODE\tNODE\t0-47\t0\t\tN/A\nGPU1\tNODE\t X \tNODE\t0-47\t0\t\tN/A\nNIC0\tNODE\tNODE\t X \t\t\t\t\n\nLegend:\n\n  X    = Self\n  SYS  = Connection traversing PCIe as well as the SMP interconnect between NUMA nodes (e.g., QPI/UPI)\n  NODE = Connection traversing PCIe as well as the interconnect between PCIe Host Bridges within a NUMA node\n  PHB  = Connection traversing PCIe as well as a PCIe Host Bridge (typically the CPU)\n  PXB  = Connection traversing multiple PCIe bridges (without traversing the PCIe Host Bridge)\n  PIX  = Connection traversing at most a single PCIe bridge\n  NV#  = Connection traversing a bonded set of # NVLinks\n\nNIC Legend:\n\n  NIC0: mlx5_bond_0""","{""CUDA_HOME"":""/usr/local/cuda"",""NCCL_TESTS_DIR"":""/root/nccl-tests""}"
1,p1-nccl-baseline-20260826T181721Z-16cea6a,phase1,2026-08-26T18:17:33Z,measured,16cea6aed21d649453b65981c72d4b8ea7e32605,False,unknown,,5c44f3e9a47e,Ubuntu 24.04.3 LTS,6.8.0-106-generic,AMD EPYC 9254 24-Core Processor,48,1,NVIDIA L4,2,NODE,none-single-node,False,,12.8,580.126.20,2.25.1+cuda12.8,NCCL_DEBUG=VERSION banner,,gcc (Ubuntu 13.3.0-6ubuntu2~24.04) 13.3.0,717b68318278e93f371d8ffb46b076069d7c7851,nccl-tests,all_gather,float,none,-1,16384,2048,in_place,20,50,0,full,7.37,2.22,1.11,0,True,True,True,0,/root/nccl-tests/build/all_gather_perf -b 8 -e 128M -f 2 -g 2 -w 20 -n 50 -c 1 -d float,results/raw/p1-nccl-baseline-20260826T181721Z-16cea6a/all_gather.full.r0.stdout.txt,,"[{""index"":0,""memory_total_mib"":23034,""name"":""NVIDIA L4"",""pci_bus_id"":""00000000:03:00.0""},{""index"":1,""memory_total_mib"":23034,""name"":""NVIDIA L4"",""pci_bus_id"":""00000000:C3:00.0""}]","""\t\u001b[4mGPU0\tGPU1\tNIC0\tCPU Affinity\tNUMA Affinity\tGPU NUMA ID\u001b[0m\nGPU0\t X \tNODE\tNODE\t0-47\t0\t\tN/A\nGPU1\tNODE\t X \tNODE\t0-47\t0\t\tN/A\nNIC0\tNODE\tNODE\t X \t\t\t\t\n\nLegend:\n\n  X    = Self\n  SYS  = Connection traversing PCIe as well as the SMP interconnect between NUMA nodes (e.g., QPI/UPI)\n  NODE = Connection traversing PCIe as well as the interconnect between PCIe Host Bridges within a NUMA node\n  PHB  = Connection traversing PCIe as well as a PCIe Host Bridge (typically the CPU)\n  PXB  = Connection traversing multiple PCIe bridges (without traversing the PCIe Host Bridge)\n  PIX  = Connection traversing at most a single PCIe bridge\n  NV#  = Connection traversing a bonded set of # NVLinks\n\nNIC Legend:\n\n  NIC0: mlx5_bond_0""","{""CUDA_HOME"":""/usr/local/cuda"",""NCCL_TESTS_DIR"":""/root/nccl-tests""}"
1,p1-nccl-baseline-20260826T181721Z-16cea6a,phase1,2026-08-26T18:17:33Z,measured,16cea6aed21d649453b65981c72d4b8ea7e32605,False,unknown,,5c44f3e9a47e,Ubuntu 24.04.3 LTS,6.8.0-106-generic,AMD EPYC 9254 24-Core Processor,48,1,NVIDIA L4,2,NODE,none-single-node,False,,12.8,580.126.20,2.25.1+cuda12.8,NCCL_DEBUG=VERSION banner,,gcc (Ubuntu 13.3.0-6ubuntu2~24.04) 13.3.0,717b68318278e93f371d8ffb46b076069d7c7851,nccl-tests,all_gather,float,none,-1,32768,4096,out_of_place,20,50,0,full,9.28,3.53,1.77,0,True,True,True,0,/root/nccl-tests/build/all_gather_perf -b 8 -e 128M -f 2 -g 2 -w 20 -n 50 -c 1 -d float,results/raw/p1-nccl-baseline-20260826T181721Z-16cea6a/all_gather.full.r0.stdout.txt,,"[{""index"":0,""memory_total_mib"":23034,""name"":""NVIDIA L4"",""pci_bus_id"":""00000000:03:00.0""},{""index"":1,""memory_total_mib"":23034,""name"":""NVIDIA L4"",""pci_bus_id"":""00000000:C3:00.0""}]","""\t\u001b[4mGPU0\tGPU1\tNIC0\tCPU Affinity\tNUMA Affinity\tGPU NUMA ID\u001b[0m\nGPU0\t X \tNODE\tNODE\t0-47\t0\t\tN/A\nGPU1\tNODE\t X \tNODE\t0-47\t0\t\tN/A\nNIC0\tNODE\tNODE\t X \t\t\t\t\n\nLegend:\n\n  X    = Self\n  SYS  = Connection traversing PCIe as well as the SMP interconnect between NUMA nodes (e.g., QPI/UPI)\n  NODE = Connection traversing PCIe as well as the interconnect between PCIe Host Bridges within a NUMA node\n  PHB  = Connection traversing PCIe as well as a PCIe Host Bridge (typically the CPU)\n  PXB  = Connection traversing multiple PCIe bridges (without traversing the PCIe Host Bridge)\n  PIX  = Connection traversing at most a single PCIe bridge\n  NV#  = Connection traversing a bonded set of # NVLinks\n\nNIC Legend:\n\n  NIC0: mlx5_bond_0""","{""CUDA_HOME"":""/usr/local/cuda"",""NCCL_TESTS_DIR"":""/root/nccl-tests""}"
1,p1-nccl-baseline-20260826T181721Z-16cea6a,phase1,2026-08-26T18:17:33Z,measured,16cea6aed21d649453b65981c72d4b8ea7e32605,False,unknown,,5c44f3e9a47e,Ubuntu 24.04.3 LTS,6.8.0-106-generic,AMD EPYC 9254 24-Core Processor,48,1,NVIDIA L4,2,NODE,none-single-node,False,,12.8,580.126.20,2.25.1+cuda12.8,NCCL_DEBUG=VERSION banner,,gcc (Ubuntu 13.3.0-6ubuntu2~24.04) 13.3.0,717b68318278e93f371d8ffb46b076069d7c7851,nccl-tests,all_gather,float,none,-1,32768,4096,in_place,20,50,0,full,9.19,3.57,1.78,0,True,True,True,0,/root/nccl-tests/build/all_gather_perf -b 8 -e 128M -f 2 -g 2 -w 20 -n 50 -c 1 -d float,results/raw/p1-nccl-baseline-20260826T181721Z-16cea6a/all_gather.full.r0.stdout.txt,,"[{""index"":0,""memory_total_mib"":23034,""name"":""NVIDIA L4"",""pci_bus_id"":""00000000:03:00.0""},{""index"":1,""memory_total_mib"":23034,""name"":""NVIDIA L4"",""pci_bus_id"":""00000000:C3:00.0""}]","""\t\u001b[4mGPU0\tGPU1\tNIC0\tCPU Affinity\tNUMA Affinity\tGPU NUMA ID\u001b[0m\nGPU0\t X \tNODE\tNODE\t0-47\t0\t\tN/A\nGPU1\tNODE\t X \tNODE\t0-47\t0\t\tN/A\nNIC0\tNODE\tNODE\t X \t\t\t\t\n\nLegend:\n\n  X    = Self\n  SYS  = Connection traversing PCIe as well as the SMP interconnect between NUMA nodes (e.g., QPI/UPI)\n  NODE = Connection traversing PCIe as well as the interconnect between PCIe Host Bridges within a NUMA node\n  PHB  = Connection traversing PCIe as well as a PCIe Host Bridge (typically the CPU)\n  PXB  = Connection traversing multiple PCIe bridges (without traversing the PCIe Host Bridge)\n  PIX  = Connection traversing at most a single PCIe bridge\n  NV#  = Connection traversing a bonded set of # NVLinks\n\nNIC Legend:\n\n  NIC0: mlx5_bond_0""","{""CUDA_HOME"":""/usr/local/cuda"",""NCCL_TESTS_DIR"":""/root/nccl-tests""}"
1,p1-nccl-baseline-20260826T181721Z-16cea6a,phase1,2026-08-26T18:17:33Z,measured,16cea6aed21d649453b65981c72d4b8ea7e32605,False,unknown,,5c44f3e9a47e,Ubuntu 24.04.3 LTS,6.8.0-106-generic,AMD EPYC 9254 24-Core Processor,48,1,NVIDIA L4,2,NODE,none-single-node,False,,12.8,580.126.20,2.25.1+cuda12.8,NCCL_DEBUG=VERSION banner,,gcc (Ubuntu 13.3.0-6ubuntu2~24.04) 13.3.0,717b68318278e93f371d8ffb46b076069d7c7851,nccl-tests,all_gather,float,none,-1,65536,8192,out_of_place,20,50,0,full,12.17,5.39,2.69,0,True,True,True,0,/root/nccl-tests/build/all_gather_perf -b 8 -e 128M -f 2 -g 2 -w 20 -n 50 -c 1 -d float,results/raw/p1-nccl-baseline-20260826T181721Z-16cea6a/all_gather.full.r0.stdout.txt,,"[{""index"":0,""memory_total_mib"":23034,""name"":""NVIDIA L4"",""pci_bus_id"":""00000000:03:00.0""},{""index"":1,""memory_total_mib"":23034,""name"":""NVIDIA L4"",""pci_bus_id"":""00000000:C3:00.0""}]","""\t\u001b[4mGPU0\tGPU1\tNIC0\tCPU Affinity\tNUMA Affinity\tGPU NUMA ID\u001b[0m\nGPU0\t X \tNODE\tNODE\t0-47\t0\t\tN/A\nGPU1\tNODE\t X \tNODE\t0-47\t0\t\tN/A\nNIC0\tNODE\tNODE\t X \t\t\t\t\n\nLegend:\n\n  X    = Self\n  SYS  = Connection traversing PCIe as well as the SMP interconnect between NUMA nodes (e.g., QPI/UPI)\n  NODE = Connection traversing PCIe as well as the interconnect between PCIe Host Bridges within a NUMA node\n  PHB  = Connection traversing PCIe as well as a PCIe Host Bridge (typically the CPU)\n  PXB  = Connection traversing multiple PCIe bridges (without traversing the PCIe Host Bridge)\n  PIX  = Connection traversing at most a single PCIe bridge\n  NV#  = Connection traversing a bonded set of # NVLinks\n\nNIC Legend:\n\n  NIC0: mlx5_bond_0""","{""CUDA_HOME"":""/usr/local/cuda"",""NCCL_TESTS_DIR"":""/root/nccl-tests""}"
1,p1-nccl-baseline-20260826T181721Z-16cea6a,phase1,2026-08-26T18:17:33Z,measured,16cea6aed21d649453b65981c72d4b8ea7e32605,False,unknown,,5c44f3e9a47e,Ubuntu 24.04.3 LTS,6.8.0-106-generic,AMD EPYC 9254 24-Core Processor,48,1,NVIDIA L4,2,NODE,none-single-node,False,,12.8,580.126.20,2.25.1+cuda12.8,NCCL_DEBUG=VERSION banner,,gcc (Ubuntu 13.3.0-6ubuntu2~24.04) 13.3.0,717b68318278e93f371d8ffb46b076069d7c7851,nccl-tests,all_gather,float,none,-1,65536,8192,in_place,20,50,0,full,12.08,5.42,2.71,0,True,True,True,0,/root/nccl-tests/build/all_gather_perf -b 8 -e 128M -f 2 -g 2 -w 20 -n 50 -c 1 -d float,results/raw/p1-nccl-baseline-20260826T181721Z-16cea6a/all_gather.full.r0.stdout.txt,,"[{""index"":0,""memory_total_mib"":23034,""name"":""NVIDIA L4"",""pci_bus_id"":""00000000:03:00.0""},{""index"":1,""memory_total_mib"":23034,""name"":""NVIDIA L4"",""pci_bus_id"":""00000000:C3:00.0""}]","""\t\u001b[4mGPU0\tGPU1\tNIC0\tCPU Affinity\tNUMA Affinity\tGPU NUMA ID\u001b[0m\nGPU0\t X \tNODE\tNODE\t0-47\t0\t\tN/A\nGPU1\tNODE\t X \tNODE\t0-47\t0\t\tN/A\nNIC0\tNODE\tNODE\t X \t\t\t\t\n\nLegend:\n\n  X    = Self\n  SYS  = Connection traversing PCIe as well as the SMP interconnect between NUMA nodes (e.g., QPI/UPI)\n  NODE = Connection traversing PCIe as well as the interconnect between PCIe Host Bridges within a NUMA node\n  PHB  = Connection traversing PCIe as well as a PCIe Host Bridge (typically the CPU)\n  PXB  = Connection traversing multiple PCIe bridges (without traversing the PCIe Host Bridge)\n  PIX  = Connection traversing at most a single PCIe bridge\n  NV#  = Connection traversing a bonded set of # NVLinks\n\nNIC Legend:\n\n  NIC0: mlx5_bond_0""","{""CUDA_HOME"":""/usr/local/cuda"",""NCCL_TESTS_DIR"":""/root/nccl-tests""}"
1,p1-nccl-baseline-20260826T181721Z-16cea6a,phase1,2026-08-26T18:17:33Z,measured,16cea6aed21d649453b65981c72d4b8ea7e32605,False,unknown,,5c44f3e9a47e,Ubuntu 24.04.3 LTS,6.8.0-106-generic,AMD EPYC 9254 24-Core Processor,48,1,NVIDIA L4,2,NODE,none-single-node,False,,12.8,580.126.20,2.25.1+cuda12.8,NCCL_DEBUG=VERSION banner,,gcc (Ubuntu 13.3.0-6ubuntu2~24.04) 13.3.0,717b68318278e93f371d8ffb46b076069d7c7851,nccl-tests,all_gather,float,none,-1,131072,16384,out_of_place,20,50,0,full,17.72,7.4,3.7,0,True,True,True,0,/root/nccl-tests/build/all_gather_perf -b 8 -e 128M -f 2 -g 2 -w 20 -n 50 -c 1 -d float,results/raw/p1-nccl-baseline-20260826T181721Z-16cea6a/all_gather.full.r0.stdout.txt,,"[{""index"":0,""memory_total_mib"":23034,""name"":""NVIDIA L4"",""pci_bus_id"":""00000000:03:00.0""},{""index"":1,""memory_total_mib"":23034,""name"":""NVIDIA L4"",""pci_bus_id"":""00000000:C3:00.0""}]","""\t\u001b[4mGPU0\tGPU1\tNIC0\tCPU Affinity\tNUMA Affinity\tGPU NUMA ID\u001b[0m\nGPU0\t X \tNODE\tNODE\t0-47\t0\t\tN/A\nGPU1\tNODE\t X \tNODE\t0-47\t0\t\tN/A\nNIC0\tNODE\tNODE\t X \t\t\t\t\n\nLegend:\n\n  X    = Self\n  SYS  = Connection traversing PCIe as well as the SMP interconnect between NUMA nodes (e.g., QPI/UPI)\n  NODE = Connection traversing PCIe as well as the interconnect between PCIe Host Bridges within a NUMA node\n  PHB  = Connection traversing PCIe as well as a PCIe Host Bridge (typically the CPU)\n  PXB  = Connection traversing multiple PCIe bridges (without traversing the PCIe Host Bridge)\n  PIX  = Connection traversing at most a single PCIe bridge\n  NV#  = Connection traversing a bonded set of # NVLinks\n\nNIC Legend:\n\n  NIC0: mlx5_bond_0""","{""CUDA_HOME"":""/usr/local/cuda"",""NCCL_TESTS_DIR"":""/root/nccl-tests""}"
1,p1-nccl-baseline-20260826T181721Z-16cea6a,phase1,2026-08-26T18:17:33Z,measured,16cea6aed21d649453b65981c72d4b8ea7e32605,False,unknown,,5c44f3e9a47e,Ubuntu 24.04.3 LTS,6.8.0-106-generic,AMD EPYC 9254 24-Core Processor,48,1,NVIDIA L4,2,NODE,none-single-node,False,,12.8,580.126.20,2.25.1+cuda12.8,NCCL_DEBUG=VERSION banner,,gcc (Ubuntu 13.3.0-6ubuntu2~24.04) 13.3.0,717b68318278e93f371d8ffb46b076069d7c7851,nccl-tests,all_gather,float,none,-1,131072,16384,in_place,20,50,0,full,17.69,7.41,3.71,0,True,True,True,0,/root/nccl-tests/build/all_gather_perf -b 8 -e 128M -f 2 -g 2 -w 20 -n 50 -c 1 -d float,results/raw/p1-nccl-baseline-20260826T181721Z-16cea6a/all_gather.full.r0.stdout.txt,,"[{""index"":0,""memory_total_mib"":23034,""name"":""NVIDIA L4"",""pci_bus_id"":""00000000:03:00.0""},{""index"":1,""memory_total_mib"":23034,""name"":""NVIDIA L4"",""pci_bus_id"":""00000000:C3:00.0""}]","""\t\u001b[4mGPU0\tGPU1\tNIC0\tCPU Affinity\tNUMA Affinity\tGPU NUMA ID\u001b[0m\nGPU0\t X \tNODE\tNODE\t0-47\t0\t\tN/A\nGPU1\tNODE\t X \tNODE\t0-47\t0\t\tN/A\nNIC0\tNODE\tNODE\t X \t\t\t\t\n\nLegend:\n\n  X    = Self\n  SYS  = Connection traversing PCIe as well as the SMP interconnect between NUMA nodes (e.g., QPI/UPI)\n  NODE = Connection traversing PCIe as well as the interconnect between PCIe Host Bridges within a NUMA node\n  PHB  = Connection traversing PCIe as well as a PCIe Host Bridge (typically the CPU)\n  PXB  = Connection traversing multiple PCIe bridges (without traversing the PCIe Host Bridge)\n  PIX  = Connection traversing at most a single PCIe bridge\n  NV#  = Connection traversing a bonded set of # NVLinks\n\nNIC Legend:\n\n  NIC0: mlx5_bond_0""","{""CUDA_HOME"":""/usr/local/cuda"",""NCCL_TESTS_DIR"":""/root/nccl-tests""}"
1,p1-nccl-baseline-20260826T181721Z-16cea6a,phase1,2026-08-26T18:17:33Z,measured,16cea6aed21d649453b65981c72d4b8ea7e32605,False,unknown,,5c44f3e9a47e,Ubuntu 24.04.3 LTS,6.8.0-106-generic,AMD EPYC 9254 24-Core Processor,48,1,NVIDIA L4,2,NODE,none-single-node,False,,12.8,580.126.20,2.25.1+cuda12.8,NCCL_DEBUG=VERSION banner,,gcc (Ubuntu 13.3.0-6ubuntu2~24.04) 13.3.0,717b68318278e93f371d8ffb46b076069d7c7851,nccl-tests,all_gather,float,none,-1,262144,32768,out_of_place,20,50,0,full,32.05,8.18,4.09,0,True,True,True,0,/root/nccl-tests/build/all_gather_perf -b 8 -e 128M -f 2 -g 2 -w 20 -n 50 -c 1 -d float,results/raw/p1-nccl-baseline-20260826T181721Z-16cea6a/all_gather.full.r0.stdout.txt,,"[{""index"":0,""memory_total_mib"":23034,""name"":""NVIDIA L4"",""pci_bus_id"":""00000000:03:00.0""},{""index"":1,""memory_total_mib"":23034,""name"":""NVIDIA L4"",""pci_bus_id"":""00000000:C3:00.0""}]","""\t\u001b[4mGPU0\tGPU1\tNIC0\tCPU Affinity\tNUMA Affinity\tGPU NUMA ID\u001b[0m\nGPU0\t X \tNODE\tNODE\t0-47\t0\t\tN/A\nGPU1\tNODE\t X \tNODE\t0-47\t0\t\tN/A\nNIC0\tNODE\tNODE\t X \t\t\t\t\n\nLegend:\n\n  X    = Self\n  SYS  = Connection traversing PCIe as well as the SMP interconnect between NUMA nodes (e.g., QPI/UPI)\n  NODE = Connection traversing PCIe as well as the interconnect between PCIe Host Bridges within a NUMA node\n  PHB  = Connection traversing PCIe as well as a PCIe Host Bridge (typically the CPU)\n  PXB  = Connection traversing multiple PCIe bridges (without traversing the PCIe Host Bridge)\n  PIX  = Connection traversing at most a single PCIe bridge\n  NV#  = Connection traversing a bonded set of # NVLinks\n\nNIC Legend:\n\n  NIC0: mlx5_bond_0""","{""CUDA_HOME"":""/usr/local/cuda"",""NCCL_TESTS_DIR"":""/root/nccl-tests""}"
1,p1-nccl-baseline-20260826T181721Z-16cea6a,phase1,2026-08-26T18:17:33Z,measured,16cea6aed21d649453b65981c72d4b8ea7e32605,False,unknown,,5c44f3e9a47e,Ubuntu 24.04.3 LTS,6.8.0-106-generic,AMD EPYC 9254 24-Core Processor,48,1,NVIDIA L4,2,NODE,none-single-node,False,,12.8,580.126.20,2.25.1+cuda12.8,NCCL_DEBUG=VERSION banner,,gcc (Ubuntu 13.3.0-6ubuntu2~24.04) 13.3.0,717b68318278e93f371d8ffb46b076069d7c7851,nccl-tests,all_gather,float,none,-1,262144,32768,in_place,20,50,0,full,31.3,8.38,4.19,0,True,True,True,0,/root/nccl-tests/build/all_gather_perf -b 8 -e 128M -f 2 -g 2 -w 20 -n 50 -c 1 -d float,results/raw/p1-nccl-baseline-20260826T181721Z-16cea6a/all_gather.full.r0.stdout.txt,,"[{""index"":0,""memory_total_mib"":23034,""name"":""NVIDIA L4"",""pci_bus_id"":""00000000:03:00.0""},{""index"":1,""memory_total_mib"":23034,""name"":""NVIDIA L4"",""pci_bus_id"":""00000000:C3:00.0""}]","""\t\u001b[4mGPU0\tGPU1\tNIC0\tCPU Affinity\tNUMA Affinity\tGPU NUMA ID\u001b[0m\nGPU0\t X \tNODE\tNODE\t0-47\t0\t\tN/A\nGPU1\tNODE\t X \tNODE\t0-47\t0\t\tN/A\nNIC0\tNODE\tNODE\t X \t\t\t\t\n\nLegend:\n\n  X    = Self\n  SYS  = Connection traversing PCIe as well as the SMP interconnect between NUMA nodes (e.g., QPI/UPI)\n  NODE = Connection traversing PCIe as well as the interconnect between PCIe Host Bridges within a NUMA node\n  PHB  = Connection traversing PCIe as well as a PCIe Host Bridge (typically the CPU)\n  PXB  = Connection traversing multiple PCIe bridges (without traversing the PCIe Host Bridge)\n  PIX  = Connection traversing at most a single PCIe bridge\n  NV#  = Connection traversing a bonded set of # NVLinks\n\nNIC Legend:\n\n  NIC0: mlx5_bond_0""","{""CUDA_HOME"":""/usr/local/cuda"",""NCCL_TESTS_DIR"":""/root/nccl-tests""}"
1,p1-nccl-baseline-20260826T181721Z-16cea6a,phase1,2026-08-26T18:17:33Z,measured,16cea6aed21d649453b65981c72d4b8ea7e32605,False,unknown,,5c44f3e9a47e,Ubuntu 24.04.3 LTS,6.8.0-106-generic,AMD EPYC 9254 24-Core Processor,48,1,NVIDIA L4,2,NODE,none-single-node,False,,12.8,580.126.20,2.25.1+cuda12.8,NCCL_DEBUG=VERSION banner,,gcc (Ubuntu 13.3.0-6ubuntu2~24.04) 13.3.0,717b68318278e93f371d8ffb46b076069d7c7851,nccl-tests,all_gather,float,none,-1,524288,65536,out_of_place,20,50,0,full,44.0,11.92,5.96,0,True,True,True,0,/root/nccl-tests/build/all_gather_perf -b 8 -e 128M -f 2 -g 2 -w 20 -n 50 -c 1 -d float,results/raw/p1-nccl-baseline-20260826T181721Z-16cea6a/all_gather.full.r0.stdout.txt,,"[{""index"":0,""memory_total_mib"":23034,""name"":""NVIDIA L4"",""pci_bus_id"":""00000000:03:00.0""},{""index"":1,""memory_total_mib"":23034,""name"":""NVIDIA L4"",""pci_bus_id"":""00000000:C3:00.0""}]","""\t\u001b[4mGPU0\tGPU1\tNIC0\tCPU Affinity\tNUMA Affinity\tGPU NUMA ID\u001b[0m\nGPU0\t X \tNODE\tNODE\t0-47\t0\t\tN/A\nGPU1\tNODE\t X \tNODE\t0-47\t0\t\tN/A\nNIC0\tNODE\tNODE\t X \t\t\t\t\n\nLegend:\n\n  X    = Self\n  SYS  = Connection traversing PCIe as well as the SMP interconnect between NUMA nodes (e.g., QPI/UPI)\n  NODE = Connection traversing PCIe as well as the interconnect between PCIe Host Bridges within a NUMA node\n  PHB  = Connection traversing PCIe as well as a PCIe Host Bridge (typically the CPU)\n  PXB  = Connection traversing multiple PCIe bridges (without traversing the PCIe Host Bridge)\n  PIX  = Connection traversing at most a single PCIe bridge\n  NV#  = Connection traversing a bonded set of # NVLinks\n\nNIC Legend:\n\n  NIC0: mlx5_bond_0""","{""CUDA_HOME"":""/usr/local/cuda"",""NCCL_TESTS_DIR"":""/root/nccl-tests""}"
1,p1-nccl-baseline-20260826T181721Z-16cea6a,phase1,2026-08-26T18:17:33Z,measured,16cea6aed21d649453b65981c72d4b8ea7e32605,False,unknown,,5c44f3e9a47e,Ubuntu 24.04.3 LTS,6.8.0-106-generic,AMD EPYC 9254 24-Core Processor,48,1,NVIDIA L4,2,NODE,none-single-node,False,,12.8,580.126.20,2.25.1+cuda12.8,NCCL_DEBUG=VERSION banner,,gcc (Ubuntu 13.3.0-6ubuntu2~24.04) 13.3.0,717b68318278e93f371d8ffb46b076069d7c7851,nccl-tests,all_gather,float,none,-1,524288,65536,in_place,20,50,0,full,43.56,12.04,6.02,0,True,True,True,0,/root/nccl-tests/build/all_gather_perf -b 8 -e 128M -f 2 -g 2 -w 20 -n 50 -c 1 -d float,results/raw/p1-nccl-baseline-20260826T181721Z-16cea6a/all_gather.full.r0.stdout.txt,,"[{""index"":0,""memory_total_mib"":23034,""name"":""NVIDIA L4"",""pci_bus_id"":""00000000:03:00.0""},{""index"":1,""memory_total_mib"":23034,""name"":""NVIDIA L4"",""pci_bus_id"":""00000000:C3:00.0""}]","""\t\u001b[4mGPU0\tGPU1\tNIC0\tCPU Affinity\tNUMA Affinity\tGPU NUMA ID\u001b[0m\nGPU0\t X \tNODE\tNODE\t0-47\t0\t\tN/A\nGPU1\tNODE\t X \tNODE\t0-47\t0\t\tN/A\nNIC0\tNODE\tNODE\t X \t\t\t\t\n\nLegend:\n\n  X    = Self\n  SYS  = Connection traversing PCIe as well as the SMP interconnect between NUMA nodes (e.g., QPI/UPI)\n  NODE = Connection traversing PCIe as well as the interconnect between PCIe Host Bridges within a NUMA node\n  PHB  = Connection traversing PCIe as well as a PCIe Host Bridge (typically the CPU)\n  PXB  = Connection traversing multiple PCIe bridges (without traversing the PCIe Host Bridge)\n  PIX  = Connection traversing at most a single PCIe bridge\n  NV#  = Connection traversing a bonded set of # NVLinks\n\nNIC Legend:\n\n  NIC0: mlx5_bond_0""","{""CUDA_HOME"":""/usr/local/cuda"",""NCCL_TESTS_DIR"":""/root/nccl-tests""}"
1,p1-nccl-baseline-20260826T181721Z-16cea6a,phase1,2026-08-26T18:17:33Z,measured,16cea6aed21d649453b65981c72d4b8ea7e32605,False,unknown,,5c44f3e9a47e,Ubuntu 24.04.3 LTS,6.8.0-106-generic,AMD EPYC 9254 24-Core Processor,48,1,NVIDIA L4,2,NODE,none-single-node,False,,12.8,580.126.20,2.25.1+cuda12.8,NCCL_DEBUG=VERSION banner,,gcc (Ubuntu 13.3.0-6ubuntu2~24.04) 13.3.0,717b68318278e93f371d8ffb46b076069d7c7851,nccl-tests,all_gather,float,none,-1,1048576,131072,out_of_place,20,50,0,full,65.87,15.92,7.96,0,True,True,True,0,/root/nccl-tests/build/all_gather_perf -b 8 -e 128M -f 2 -g 2 -w 20 -n 50 -c 1 -d float,results/raw/p1-nccl-baseline-20260826T181721Z-16cea6a/all_gather.full.r0.stdout.txt,,"[{""index"":0,""memory_total_mib"":23034,""name"":""NVIDIA L4"",""pci_bus_id"":""00000000:03:00.0""},{""index"":1,""memory_total_mib"":23034,""name"":""NVIDIA L4"",""pci_bus_id"":""00000000:C3:00.0""}]","""\t\u001b[4mGPU0\tGPU1\tNIC0\tCPU Affinity\tNUMA Affinity\tGPU NUMA ID\u001b[0m\nGPU0\t X \tNODE\tNODE\t0-47\t0\t\tN/A\nGPU1\tNODE\t X \tNODE\t0-47\t0\t\tN/A\nNIC0\tNODE\tNODE\t X \t\t\t\t\n\nLegend:\n\n  X    = Self\n  SYS  = Connection traversing PCIe as well as the SMP interconnect between NUMA nodes (e.g., QPI/UPI)\n  NODE = Connection traversing PCIe as well as the interconnect between PCIe Host Bridges within a NUMA node\n  PHB  = Connection traversing PCIe as well as a PCIe Host Bridge (typically the CPU)\n  PXB  = Connection traversing multiple PCIe bridges (without traversing the PCIe Host Bridge)\n  PIX  = Connection traversing at most a single PCIe bridge\n  NV#  = Connection traversing a bonded set of # NVLinks\n\nNIC Legend:\n\n  NIC0: mlx5_bond_0""","{""CUDA_HOME"":""/usr/local/cuda"",""NCCL_TESTS_DIR"":""/root/nccl-tests""}"
1,p1-nccl-baseline-20260826T181721Z-16cea6a,phase1,2026-08-26T18:17:33Z,measured,16cea6aed21d649453b65981c72d4b8ea7e32605,False,unknown,,5c44f3e9a47e,Ubuntu 24.04.3 LTS,6.8.0-106-generic,AMD EPYC 9254 24-Core Processor,48,1,NVIDIA L4,2,NODE,none-single-node,False,,12.8,580.126.20,2.25.1+cuda12.8,NCCL_DEBUG=VERSION banner,,gcc (Ubuntu 13.3.0-6ubuntu2~24.04) 13.3.0,717b68318278e93f371d8ffb46b076069d7c7851,nccl-tests,all_gather,float,none,-1,1048576,131072,in_place,20,50,0,full,65.72,15.96,7.98,0,True,True,True,0,/root/nccl-tests/build/all_gather_perf -b 8 -e 128M -f 2 -g 2 -w 20 -n 50 -c 1 -d float,results/raw/p1-nccl-baseline-20260826T181721Z-16cea6a/all_gather.full.r0.stdout.txt,,"[{""index"":0,""memory_total_mib"":23034,""name"":""NVIDIA L4"",""pci_bus_id"":""00000000:03:00.0""},{""index"":1,""memory_total_mib"":23034,""name"":""NVIDIA L4"",""pci_bus_id"":""00000000:C3:00.0""}]","""\t\u001b[4mGPU0\tGPU1\tNIC0\tCPU Affinity\tNUMA Affinity\tGPU NUMA ID\u001b[0m\nGPU0\t X \tNODE\tNODE\t0-47\t0\t\tN/A\nGPU1\tNODE\t X \tNODE\t0-47\t0\t\tN/A\nNIC0\tNODE\tNODE\t X \t\t\t\t\n\nLegend:\n\n  X    = Self\n  SYS  = Connection traversing PCIe as well as the SMP interconnect between NUMA nodes (e.g., QPI/UPI)\n  NODE = Connection traversing PCIe as well as the interconnect between PCIe Host Bridges within a NUMA node\n  PHB  = Connection traversing PCIe as well as a PCIe Host Bridge (typically the CPU)\n  PXB  = Connection traversing multiple PCIe bridges (without traversing the PCIe Host Bridge)\n  PIX  = Connection traversing at most a single PCIe bridge\n  NV#  = Connection traversing a bonded set of # NVLinks\n\nNIC Legend:\n\n  NIC0: mlx5_bond_0""","{""CUDA_HOME"":""/usr/local/cuda"",""NCCL_TESTS_DIR"":""/root/nccl-tests""}"
1,p1-nccl-baseline-20260826T181721Z-16cea6a,phase1,2026-08-26T18:17:33Z,measured,16cea6aed21d649453b65981c72d4b8ea7e32605,False,unknown,,5c44f3e9a47e,Ubuntu 24.04.3 LTS,6.8.0-106-generic,AMD EPYC 9254 24-Core Processor,48,1,NVIDIA L4,2,NODE,none-single-node,False,,12.8,580.126.20,2.25.1+cuda12.8,NCCL_DEBUG=VERSION banner,,gcc (Ubuntu 13.3.0-6ubuntu2~24.04) 13.3.0,717b68318278e93f371d8ffb46b076069d7c7851,nccl-tests,all_gather,float,none,-1,2097152,262144,out_of_place,20,50,0,full,111.3,18.84,9.42,0,True,True,True,0,/root/nccl-tests/build/all_gather_perf -b 8 -e 128M -f 2 -g 2 -w 20 -n 50 -c 1 -d float,results/raw/p1-nccl-baseline-20260826T181721Z-16cea6a/all_gather.full.r0.stdout.txt,,"[{""index"":0,""memory_total_mib"":23034,""name"":""NVIDIA L4"",""pci_bus_id"":""00000000:03:00.0""},{""index"":1,""memory_total_mib"":23034,""name"":""NVIDIA L4"",""pci_bus_id"":""00000000:C3:00.0""}]","""\t\u001b[4mGPU0\tGPU1\tNIC0\tCPU Affinity\tNUMA Affinity\tGPU NUMA ID\u001b[0m\nGPU0\t X \tNODE\tNODE\t0-47\t0\t\tN/A\nGPU1\tNODE\t X \tNODE\t0-47\t0\t\tN/A\nNIC0\tNODE\tNODE\t X \t\t\t\t\n\nLegend:\n\n  X    = Self\n  SYS  = Connection traversing PCIe as well as the SMP interconnect between NUMA nodes (e.g., QPI/UPI)\n  NODE = Connection traversing PCIe as well as the interconnect between PCIe Host Bridges within a NUMA node\n  PHB  = Connection traversing PCIe as well as a PCIe Host Bridge (typically the CPU)\n  PXB  = Connection traversing multiple PCIe bridges (without traversing the PCIe Host Bridge)\n  PIX  = Connection traversing at most a single PCIe bridge\n  NV#  = Connection traversing a bonded set of # NVLinks\n\nNIC Legend:\n\n  NIC0: mlx5_bond_0""","{""CUDA_HOME"":""/usr/local/cuda"",""NCCL_TESTS_DIR"":""/root/nccl-tests""}"
1,p1-nccl-baseline-20260826T181721Z-16cea6a,phase1,2026-08-26T18:17:33Z,measured,16cea6aed21d649453b65981c72d4b8ea7e32605,False,unknown,,5c44f3e9a47e,Ubuntu 24.04.3 LTS,6.8.0-106-generic,AMD EPYC 9254 24-Core Processor,48,1,NVIDIA L4,2,NODE,none-single-node,False,,12.8,580.126.20,2.25.1+cuda12.8,NCCL_DEBUG=VERSION banner,,gcc (Ubuntu 13.3.0-6ubuntu2~24.04) 13.3.0,717b68318278e93f371d8ffb46b076069d7c7851,nccl-tests,all_gather,float,none,-1,2097152,262144,in_place,20,50,0,full,111.22,18.86,9.43,0,True,True,True,0,/root/nccl-tests/build/all_gather_perf -b 8 -e 128M -f 2 -g 2 -w 20 -n 50 -c 1 -d float,results/raw/p1-nccl-baseline-20260826T181721Z-16cea6a/all_gather.full.r0.stdout.txt,,"[{""index"":0,""memory_total_mib"":23034,""name"":""NVIDIA L4"",""pci_bus_id"":""00000000:03:00.0""},{""index"":1,""memory_total_mib"":23034,""name"":""NVIDIA L4"",""pci_bus_id"":""00000000:C3:00.0""}]","""\t\u001b[4mGPU0\tGPU1\tNIC0\tCPU Affinity\tNUMA Affinity\tGPU NUMA ID\u001b[0m\nGPU0\t X \tNODE\tNODE\t0-47\t0\t\tN/A\nGPU1\tNODE\t X \tNODE\t0-47\t0\t\tN/A\nNIC0\tNODE\tNODE\t X \t\t\t\t\n\nLegend:\n\n  X    = Self\n  SYS  = Connection traversing PCIe as well as the SMP interconnect between NUMA nodes (e.g., QPI/UPI)\n  NODE = Connection traversing PCIe as well as the interconnect between PCIe Host Bridges within a NUMA node\n  PHB  = Connection traversing PCIe as well as a PCIe Host Bridge (typically the CPU)\n  PXB  = Connection traversing multiple PCIe bridges (without traversing the PCIe Host Bridge)\n  PIX  = Connection traversing at most a single PCIe bridge\n  NV#  = Connection traversing a bonded set of # NVLinks\n\nNIC Legend:\n\n  NIC0: mlx5_bond_0""","{""CUDA_HOME"":""/usr/local/cuda"",""NCCL_TESTS_DIR"":""/root/nccl-tests""}"
1,p1-nccl-baseline-20260826T181721Z-16cea6a,phase1,2026-08-26T18:17:33Z,measured,16cea6aed21d649453b65981c72d4b8ea7e32605,False,unknown,,5c44f3e9a47e,Ubuntu 24.04.3 LTS,6.8.0-106-generic,AMD EPYC 9254 24-Core Processor,48,1,NVIDIA L4,2,NODE,none-single-node,False,,12.8,580.126.20,2.25.1+cuda12.8,NCCL_DEBUG=VERSION banner,,gcc (Ubuntu 13.3.0-6ubuntu2~24.04) 13.3.0,717b68318278e93f371d8ffb46b076069d7c7851,nccl-tests,all_gather,float,none,-1,4194304,524288,out_of_place,20,50,0,full,210.31,19.94,9.97,0,True,True,True,0,/root/nccl-tests/build/all_gather_perf -b 8 -e 128M -f 2 -g 2 -w 20 -n 50 -c 1 -d float,results/raw/p1-nccl-baseline-20260826T181721Z-16cea6a/all_gather.full.r0.stdout.txt,,"[{""index"":0,""memory_total_mib"":23034,""name"":""NVIDIA L4"",""pci_bus_id"":""00000000:03:00.0""},{""index"":1,""memory_total_mib"":23034,""name"":""NVIDIA L4"",""pci_bus_id"":""00000000:C3:00.0""}]","""\t\u001b[4mGPU0\tGPU1\tNIC0\tCPU Affinity\tNUMA Affinity\tGPU NUMA ID\u001b[0m\nGPU0\t X \tNODE\tNODE\t0-47\t0\t\tN/A\nGPU1\tNODE\t X \tNODE\t0-47\t0\t\tN/A\nNIC0\tNODE\tNODE\t X \t\t\t\t\n\nLegend:\n\n  X    = Self\n  SYS  = Connection traversing PCIe as well as the SMP interconnect between NUMA nodes (e.g., QPI/UPI)\n  NODE = Connection traversing PCIe as well as the interconnect between PCIe Host Bridges within a NUMA node\n  PHB  = Connection traversing PCIe as well as a PCIe Host Bridge (typically the CPU)\n  PXB  = Connection traversing multiple PCIe bridges (without traversing the PCIe Host Bridge)\n  PIX  = Connection traversing at most a single PCIe bridge\n  NV#  = Connection traversing a bonded set of # NVLinks\n\nNIC Legend:\n\n  NIC0: mlx5_bond_0""","{""CUDA_HOME"":""/usr/local/cuda"",""NCCL_TESTS_DIR"":""/root/nccl-tests""}"
1,p1-nccl-baseline-20260826T181721Z-16cea6a,phase1,2026-08-26T18:17:33Z,measured,16cea6aed21d649453b65981c72d4b8ea7e32605,False,unknown,,5c44f3e9a47e,Ubuntu 24.04.3 LTS,6.8.0-106-generic,AMD EPYC 9254 24-Core Processor,48,1,NVIDIA L4,2,NODE,none-single-node,False,,12.8,580.126.20,2.25.1+cuda12.8,NCCL_DEBUG=VERSION banner,,gcc (Ubuntu 13.3.0-6ubuntu2~24.04) 13.3.0,717b68318278e93f371d8ffb46b076069d7c7851,nccl-tests,all_gather,float,none,-1,4194304,524288,in_place,20,50,0,full,210.21,19.95,9.98,0,True,True,True,0,/root/nccl-tests/build/all_gather_perf -b 8 -e 128M -f 2 -g 2 -w 20 -n 50 -c 1 -d float,results/raw/p1-nccl-baseline-20260826T181721Z-16cea6a/all_gather.full.r0.stdout.txt,,"[{""index"":0,""memory_total_mib"":23034,""name"":""NVIDIA L4"",""pci_bus_id"":""00000000:03:00.0""},{""index"":1,""memory_total_mib"":23034,""name"":""NVIDIA L4"",""pci_bus_id"":""00000000:C3:00.0""}]","""\t\u001b[4mGPU0\tGPU1\tNIC0\tCPU Affinity\tNUMA Affinity\tGPU NUMA ID\u001b[0m\nGPU0\t X \tNODE\tNODE\t0-47\t0\t\tN/A\nGPU1\tNODE\t X \tNODE\t0-47\t0\t\tN/A\nNIC0\tNODE\tNODE\t X \t\t\t\t\n\nLegend:\n\n  X    = Self\n  SYS  = Connection traversing PCIe as well as the SMP interconnect between NUMA nodes (e.g., QPI/UPI)\n  NODE = Connection traversing PCIe as well as the interconnect between PCIe Host Bridges within a NUMA node\n  PHB  = Connection traversing PCIe as well as a PCIe Host Bridge (typically the CPU)\n  PXB  = Connection traversing multiple PCIe bridges (without traversing the PCIe Host Bridge)\n  PIX  = Connection traversing at most a single PCIe bridge\n  NV#  = Connection traversing a bonded set of # NVLinks\n\nNIC Legend:\n\n  NIC0: mlx5_bond_0""","{""CUDA_HOME"":""/usr/local/cuda"",""NCCL_TESTS_DIR"":""/root/nccl-tests""}"
1,p1-nccl-baseline-20260826T181721Z-16cea6a,phase1,2026-08-26T18:17:33Z,measured,16cea6aed21d649453b65981c72d4b8ea7e32605,False,unknown,,5c44f3e9a47e,Ubuntu 24.04.3 LTS,6.8.0-106-generic,AMD EPYC 9254 24-Core Processor,48,1,NVIDIA L4,2,NODE,none-single-node,False,,12.8,580.126.20,2.25.1+cuda12.8,NCCL_DEBUG=VERSION banner,,gcc (Ubuntu 13.3.0-6ubuntu2~24.04) 13.3.0,717b68318278e93f371d8ffb46b076069d7c7851,nccl-tests,all_gather,float,none,-1,8388608,1048576,out_of_place,20,50,0,full,412.41,20.34,10.17,0,True,True,True,0,/root/nccl-tests/build/all_gather_perf -b 8 -e 128M -f 2 -g 2 -w 20 -n 50 -c 1 -d float,results/raw/p1-nccl-baseline-20260826T181721Z-16cea6a/all_gather.full.r0.stdout.txt,,"[{""index"":0,""memory_total_mib"":23034,""name"":""NVIDIA L4"",""pci_bus_id"":""00000000:03:00.0""},{""index"":1,""memory_total_mib"":23034,""name"":""NVIDIA L4"",""pci_bus_id"":""00000000:C3:00.0""}]","""\t\u001b[4mGPU0\tGPU1\tNIC0\tCPU Affinity\tNUMA Affinity\tGPU NUMA ID\u001b[0m\nGPU0\t X \tNODE\tNODE\t0-47\t0\t\tN/A\nGPU1\tNODE\t X \tNODE\t0-47\t0\t\tN/A\nNIC0\tNODE\tNODE\t X \t\t\t\t\n\nLegend:\n\n  X    = Self\n  SYS  = Connection traversing PCIe as well as the SMP interconnect between NUMA nodes (e.g., QPI/UPI)\n  NODE = Connection traversing PCIe as well as the interconnect between PCIe Host Bridges within a NUMA node\n  PHB  = Connection traversing PCIe as well as a PCIe Host Bridge (typically the CPU)\n  PXB  = Connection traversing multiple PCIe bridges (without traversing the PCIe Host Bridge)\n  PIX  = Connection traversing at most a single PCIe bridge\n  NV#  = Connection traversing a bonded set of # NVLinks\n\nNIC Legend:\n\n  NIC0: mlx5_bond_0""","{""CUDA_HOME"":""/usr/local/cuda"",""NCCL_TESTS_DIR"":""/root/nccl-tests""}"
1,p1-nccl-baseline-20260826T181721Z-16cea6a,phase1,2026-08-26T18:17:33Z,measured,16cea6aed21d649453b65981c72d4b8ea7e32605,False,unknown,,5c44f3e9a47e,Ubuntu 24.04.3 LTS,6.8.0-106-generic,AMD EPYC 9254 24-Core Processor,48,1,NVIDIA L4,2,NODE,none-single-node,False,,12.8,580.126.20,2.25.1+cuda12.8,NCCL_DEBUG=VERSION banner,,gcc (Ubuntu 13.3.0-6ubuntu2~24.04) 13.3.0,717b68318278e93f371d8ffb46b076069d7c7851,nccl-tests,all_gather,float,none,-1,8388608,1048576,in_place,20,50,0,full,410.02,20.46,10.23,0,True,True,True,0,/root/nccl-tests/build/all_gather_perf -b 8 -e 128M -f 2 -g 2 -w 20 -n 50 -c 1 -d float,results/raw/p1-nccl-baseline-20260826T181721Z-16cea6a/all_gather.full.r0.stdout.txt,,"[{""index"":0,""memory_total_mib"":23034,""name"":""NVIDIA L4"",""pci_bus_id"":""00000000:03:00.0""},{""index"":1,""memory_total_mib"":23034,""name"":""NVIDIA L4"",""pci_bus_id"":""00000000:C3:00.0""}]","""\t\u001b[4mGPU0\tGPU1\tNIC0\tCPU Affinity\tNUMA Affinity\tGPU NUMA ID\u001b[0m\nGPU0\t X \tNODE\tNODE\t0-47\t0\t\tN/A\nGPU1\tNODE\t X \tNODE\t0-47\t0\t\tN/A\nNIC0\tNODE\tNODE\t X \t\t\t\t\n\nLegend:\n\n  X    = Self\n  SYS  = Connection traversing PCIe as well as the SMP interconnect between NUMA nodes (e.g., QPI/UPI)\n  NODE = Connection traversing PCIe as well as the interconnect between PCIe Host Bridges within a NUMA node\n  PHB  = Connection traversing PCIe as well as a PCIe Host Bridge (typically the CPU)\n  PXB  = Connection traversing multiple PCIe bridges (without traversing the PCIe Host Bridge)\n  PIX  = Connection traversing at most a single PCIe bridge\n  NV#  = Connection traversing a bonded set of # NVLinks\n\nNIC Legend:\n\n  NIC0: mlx5_bond_0""","{""CUDA_HOME"":""/usr/local/cuda"",""NCCL_TESTS_DIR"":""/root/nccl-tests""}"
1,p1-nccl-baseline-20260826T181721Z-16cea6a,phase1,2026-08-26T18:17:33Z,measured,16cea6aed21d649453b65981c72d4b8ea7e32605,False,unknown,,5c44f3e9a47e,Ubuntu 24.04.3 LTS,6.8.0-106-generic,AMD EPYC 9254 24-Core Processor,48,1,NVIDIA L4,2,NODE,none-single-node,False,,12.8,580.126.20,2.25.1+cuda12.8,NCCL_DEBUG=VERSION banner,,gcc (Ubuntu 13.3.0-6ubuntu2~24.04) 13.3.0,717b68318278e93f371d8ffb46b076069d7c7851,nccl-tests,all_gather,float,none,-1,16777216,2097152,out_of_place,20,50,0,full,815.12,20.58,10.29,0,True,True,True,0,/root/nccl-tests/build/all_gather_perf -b 8 -e 128M -f 2 -g 2 -w 20 -n 50 -c 1 -d float,results/raw/p1-nccl-baseline-20260826T181721Z-16cea6a/all_gather.full.r0.stdout.txt,,"[{""index"":0,""memory_total_mib"":23034,""name"":""NVIDIA L4"",""pci_bus_id"":""00000000:03:00.0""},{""index"":1,""memory_total_mib"":23034,""name"":""NVIDIA L4"",""pci_bus_id"":""00000000:C3:00.0""}]","""\t\u001b[4mGPU0\tGPU1\tNIC0\tCPU Affinity\tNUMA Affinity\tGPU NUMA ID\u001b[0m\nGPU0\t X \tNODE\tNODE\t0-47\t0\t\tN/A\nGPU1\tNODE\t X \tNODE\t0-47\t0\t\tN/A\nNIC0\tNODE\tNODE\t X \t\t\t\t\n\nLegend:\n\n  X    = Self\n  SYS  = Connection traversing PCIe as well as the SMP interconnect between NUMA nodes (e.g., QPI/UPI)\n  NODE = Connection traversing PCIe as well as the interconnect between PCIe Host Bridges within a NUMA node\n  PHB  = Connection traversing PCIe as well as a PCIe Host Bridge (typically the CPU)\n  PXB  = Connection traversing multiple PCIe bridges (without traversing the PCIe Host Bridge)\n  PIX  = Connection traversing at most a single PCIe bridge\n  NV#  = Connection traversing a bonded set of # NVLinks\n\nNIC Legend:\n\n  NIC0: mlx5_bond_0""","{""CUDA_HOME"":""/usr/local/cuda"",""NCCL_TESTS_DIR"":""/root/nccl-tests""}"
1,p1-nccl-baseline-20260826T181721Z-16cea6a,phase1,2026-08-26T18:17:33Z,measured,16cea6aed21d649453b65981c72d4b8ea7e32605,False,unknown,,5c44f3e9a47e,Ubuntu 24.04.3 LTS,6.8.0-106-generic,AMD EPYC 9254 24-Core Processor,48,1,NVIDIA L4,2,NODE,none-single-node,False,,12.8,580.126.20,2.25.1+cuda12.8,NCCL_DEBUG=VERSION banner,,gcc (Ubuntu 13.3.0-6ubuntu2~24.04) 13.3.0,717b68318278e93f371d8ffb46b076069d7c7851,nccl-tests,all_gather,float,none,-1,16777216,2097152,in_place,20,50,0,full,811.46,20.68,10.34,0,True,True,True,0,/root/nccl-tests/build/all_gather_perf -b 8 -e 128M -f 2 -g 2 -w 20 -n 50 -c 1 -d float,results/raw/p1-nccl-baseline-20260826T181721Z-16cea6a/all_gather.full.r0.stdout.txt,,"[{""index"":0,""memory_total_mib"":23034,""name"":""NVIDIA L4"",""pci_bus_id"":""00000000:03:00.0""},{""index"":1,""memory_total_mib"":23034,""name"":""NVIDIA L4"",""pci_bus_id"":""00000000:C3:00.0""}]","""\t\u001b[4mGPU0\tGPU1\tNIC0\tCPU Affinity\tNUMA Affinity\tGPU NUMA ID\u001b[0m\nGPU0\t X \tNODE\tNODE\t0-47\t0\t\tN/A\nGPU1\tNODE\t X \tNODE\t0-47\t0\t\tN/A\nNIC0\tNODE\tNODE\t X \t\t\t\t\n\nLegend:\n\n  X    = Self\n  SYS  = Connection traversing PCIe as well as the SMP interconnect between NUMA nodes (e.g., QPI/UPI)\n  NODE = Connection traversing PCIe as well as the interconnect between PCIe Host Bridges within a NUMA node\n  PHB  = Connection traversing PCIe as well as a PCIe Host Bridge (typically the CPU)\n  PXB  = Connection traversing multiple PCIe bridges (without traversing the PCIe Host Bridge)\n  PIX  = Connection traversing at most a single PCIe bridge\n  NV#  = Connection traversing a bonded set of # NVLinks\n\nNIC Legend:\n\n  NIC0: mlx5_bond_0""","{""CUDA_HOME"":""/usr/local/cuda"",""NCCL_TESTS_DIR"":""/root/nccl-tests""}"
1,p1-nccl-baseline-20260826T181721Z-16cea6a,phase1,2026-08-26T18:17:33Z,measured,16cea6aed21d649453b65981c72d4b8ea7e32605,False,unknown,,5c44f3e9a47e,Ubuntu 24.04.3 LTS,6.8.0-106-generic,AMD EPYC 9254 24-Core Processor,48,1,NVIDIA L4,2,NODE,none-single-node,False,,12.8,580.126.20,2.25.1+cuda12.8,NCCL_DEBUG=VERSION banner,,gcc (Ubuntu 13.3.0-6ubuntu2~24.04) 13.3.0,717b68318278e93f371d8ffb46b076069d7c7851,nccl-tests,all_gather,float,none,-1,33554432,4194304,out_of_place,20,50,0,full,1617.23,20.75,10.37,0,True,True,True,0,/root/nccl-tests/build/all_gather_perf -b 8 -e 128M -f 2 -g 2 -w 20 -n 50 -c 1 -d float,results/raw/p1-nccl-baseline-20260826T181721Z-16cea6a/all_gather.full.r0.stdout.txt,,"[{""index"":0,""memory_total_mib"":23034,""name"":""NVIDIA L4"",""pci_bus_id"":""00000000:03:00.0""},{""index"":1,""memory_total_mib"":23034,""name"":""NVIDIA L4"",""pci_bus_id"":""00000000:C3:00.0""}]","""\t\u001b[4mGPU0\tGPU1\tNIC0\tCPU Affinity\tNUMA Affinity\tGPU NUMA ID\u001b[0m\nGPU0\t X \tNODE\tNODE\t0-47\t0\t\tN/A\nGPU1\tNODE\t X \tNODE\t0-47\t0\t\tN/A\nNIC0\tNODE\tNODE\t X \t\t\t\t\n\nLegend:\n\n  X    = Self\n  SYS  = Connection traversing PCIe as well as the SMP interconnect between NUMA nodes (e.g., QPI/UPI)\n  NODE = Connection traversing PCIe as well as the interconnect between PCIe Host Bridges within a NUMA node\n  PHB  = Connection traversing PCIe as well as a PCIe Host Bridge (typically the CPU)\n  PXB  = Connection traversing multiple PCIe bridges (without traversing the PCIe Host Bridge)\n  PIX  = Connection traversing at most a single PCIe bridge\n  NV#  = Connection traversing a bonded set of # NVLinks\n\nNIC Legend:\n\n  NIC0: mlx5_bond_0""","{""CUDA_HOME"":""/usr/local/cuda"",""NCCL_TESTS_DIR"":""/root/nccl-tests""}"
1,p1-nccl-baseline-20260826T181721Z-16cea6a,phase1,2026-08-26T18:17:33Z,measured,16cea6aed21d649453b65981c72d4b8ea7e32605,False,unknown,,5c44f3e9a47e,Ubuntu 24.04.3 LTS,6.8.0-106-generic,AMD EPYC 9254 24-Core Processor,48,1,NVIDIA L4,2,NODE,none-single-node,False,,12.8,580.126.20,2.25.1+cuda12.8,NCCL_DEBUG=VERSION banner,,gcc (Ubuntu 13.3.0-6ubuntu2~24.04) 13.3.0,717b68318278e93f371d8ffb46b076069d7c7851,nccl-tests,all_gather,float,none,-1,33554432,4194304,in_place,20,50,0,full,1607.47,20.87,10.44,0,True,True,True,0,/root/nccl-tests/build/all_gather_perf -b 8 -e 128M -f 2 -g 2 -w 20 -n 50 -c 1 -d float,results/raw/p1-nccl-baseline-20260826T181721Z-16cea6a/all_gather.full.r0.stdout.txt,,"[{""index"":0,""memory_total_mib"":23034,""name"":""NVIDIA L4"",""pci_bus_id"":""00000000:03:00.0""},{""index"":1,""memory_total_mib"":23034,""name"":""NVIDIA L4"",""pci_bus_id"":""00000000:C3:00.0""}]","""\t\u001b[4mGPU0\tGPU1\tNIC0\tCPU Affinity\tNUMA Affinity\tGPU NUMA ID\u001b[0m\nGPU0\t X \tNODE\tNODE\t0-47\t0\t\tN/A\nGPU1\tNODE\t X \tNODE\t0-47\t0\t\tN/A\nNIC0\tNODE\tNODE\t X \t\t\t\t\n\nLegend:\n\n  X    = Self\n  SYS  = Connection traversing PCIe as well as the SMP interconnect between NUMA nodes (e.g., QPI/UPI)\n  NODE = Connection traversing PCIe as well as the interconnect between PCIe Host Bridges within a NUMA node\n  PHB  = Connection traversing PCIe as well as a PCIe Host Bridge (typically the CPU)\n  PXB  = Connection traversing multiple PCIe bridges (without traversing the PCIe Host Bridge)\n  PIX  = Connection traversing at most a single PCIe bridge\n  NV#  = Connection traversing a bonded set of # NVLinks\n\nNIC Legend:\n\n  NIC0: mlx5_bond_0""","{""CUDA_HOME"":""/usr/local/cuda"",""NCCL_TESTS_DIR"":""/root/nccl-tests""}"
1,p1-nccl-baseline-20260826T181721Z-16cea6a,phase1,2026-08-26T18:17:33Z,measured,16cea6aed21d649453b65981c72d4b8ea7e32605,False,unknown,,5c44f3e9a47e,Ubuntu 24.04.3 LTS,6.8.0-106-generic,AMD EPYC 9254 24-Core Processor,48,1,NVIDIA L4,2,NODE,none-single-node,False,,12.8,580.126.20,2.25.1+cuda12.8,NCCL_DEBUG=VERSION banner,,gcc (Ubuntu 13.3.0-6ubuntu2~24.04) 13.3.0,717b68318278e93f371d8ffb46b076069d7c7851,nccl-tests,all_gather,float,none,-1,67108864,8388608,out_of_place,20,50,0,full,3220.8,20.84,10.42,0,True,True,True,0,/root/nccl-tests/build/all_gather_perf -b 8 -e 128M -f 2 -g 2 -w 20 -n 50 -c 1 -d float,results/raw/p1-nccl-baseline-20260826T181721Z-16cea6a/all_gather.full.r0.stdout.txt,,"[{""index"":0,""memory_total_mib"":23034,""name"":""NVIDIA L4"",""pci_bus_id"":""00000000:03:00.0""},{""index"":1,""memory_total_mib"":23034,""name"":""NVIDIA L4"",""pci_bus_id"":""00000000:C3:00.0""}]","""\t\u001b[4mGPU0\tGPU1\tNIC0\tCPU Affinity\tNUMA Affinity\tGPU NUMA ID\u001b[0m\nGPU0\t X \tNODE\tNODE\t0-47\t0\t\tN/A\nGPU1\tNODE\t X \tNODE\t0-47\t0\t\tN/A\nNIC0\tNODE\tNODE\t X \t\t\t\t\n\nLegend:\n\n  X    = Self\n  SYS  = Connection traversing PCIe as well as the SMP interconnect between NUMA nodes (e.g., QPI/UPI)\n  NODE = Connection traversing PCIe as well as the interconnect between PCIe Host Bridges within a NUMA node\n  PHB  = Connection traversing PCIe as well as a PCIe Host Bridge (typically the CPU)\n  PXB  = Connection traversing multiple PCIe bridges (without traversing the PCIe Host Bridge)\n  PIX  = Connection traversing at most a single PCIe bridge\n  NV#  = Connection traversing a bonded set of # NVLinks\n\nNIC Legend:\n\n  NIC0: mlx5_bond_0""","{""CUDA_HOME"":""/usr/local/cuda"",""NCCL_TESTS_DIR"":""/root/nccl-tests""}"
1,p1-nccl-baseline-20260826T181721Z-16cea6a,phase1,2026-08-26T18:17:33Z,measured,16cea6aed21d649453b65981c72d4b8ea7e32605,False,unknown,,5c44f3e9a47e,Ubuntu 24.04.3 LTS,6.8.0-106-generic,AMD EPYC 9254 24-Core Processor,48,1,NVIDIA L4,2,NODE,none-single-node,False,,12.8,580.126.20,2.25.1+cuda12.8,NCCL_DEBUG=VERSION banner,,gcc (Ubuntu 13.3.0-6ubuntu2~24.04) 13.3.0,717b68318278e93f371d8ffb46b076069d7c7851,nccl-tests,all_gather,float,none,-1,67108864,8388608,in_place,20,50,0,full,3210.74,20.9,10.45,0,True,True,True,0,/root/nccl-tests/build/all_gather_perf -b 8 -e 128M -f 2 -g 2 -w 20 -n 50 -c 1 -d float,results/raw/p1-nccl-baseline-20260826T181721Z-16cea6a/all_gather.full.r0.stdout.txt,,"[{""index"":0,""memory_total_mib"":23034,""name"":""NVIDIA L4"",""pci_bus_id"":""00000000:03:00.0""},{""index"":1,""memory_total_mib"":23034,""name"":""NVIDIA L4"",""pci_bus_id"":""00000000:C3:00.0""}]","""\t\u001b[4mGPU0\tGPU1\tNIC0\tCPU Affinity\tNUMA Affinity\tGPU NUMA ID\u001b[0m\nGPU0\t X \tNODE\tNODE\t0-47\t0\t\tN/A\nGPU1\tNODE\t X \tNODE\t0-47\t0\t\tN/A\nNIC0\tNODE\tNODE\t X \t\t\t\t\n\nLegend:\n\n  X    = Self\n  SYS  = Connection traversing PCIe as well as the SMP interconnect between NUMA nodes (e.g., QPI/UPI)\n  NODE = Connection traversing PCIe as well as the interconnect between PCIe Host Bridges within a NUMA node\n  PHB  = Connection traversing PCIe as well as a PCIe Host Bridge (typically the CPU)\n  PXB  = Connection traversing multiple PCIe bridges (without traversing the PCIe Host Bridge)\n  PIX  = Connection traversing at most a single PCIe bridge\n  NV#  = Connection traversing a bonded set of # NVLinks\n\nNIC Legend:\n\n  NIC0: mlx5_bond_0""","{""CUDA_HOME"":""/usr/local/cuda"",""NCCL_TESTS_DIR"":""/root/nccl-tests""}"
1,p1-nccl-baseline-20260826T181721Z-16cea6a,phase1,2026-08-26T18:17:33Z,measured,16cea6aed21d649453b65981c72d4b8ea7e32605,False,unknown,,5c44f3e9a47e,Ubuntu 24.04.3 LTS,6.8.0-106-generic,AMD EPYC 9254 24-Core Processor,48,1,NVIDIA L4,2,NODE,none-single-node,False,,12.8,580.126.20,2.25.1+cuda12.8,NCCL_DEBUG=VERSION banner,,gcc (Ubuntu 13.3.0-6ubuntu2~24.04) 13.3.0,717b68318278e93f371d8ffb46b076069d7c7851,nccl-tests,all_gather,float,none,-1,134217728,16777216,out_of_place,20,50,0,full,6427.98,20.88,10.44,0,True,True,True,0,/root/nccl-tests/build/all_gather_perf -b 8 -e 128M -f 2 -g 2 -w 20 -n 50 -c 1 -d float,results/raw/p1-nccl-baseline-20260826T181721Z-16cea6a/all_gather.full.r0.stdout.txt,,"[{""index"":0,""memory_total_mib"":23034,""name"":""NVIDIA L4"",""pci_bus_id"":""00000000:03:00.0""},{""index"":1,""memory_total_mib"":23034,""name"":""NVIDIA L4"",""pci_bus_id"":""00000000:C3:00.0""}]","""\t\u001b[4mGPU0\tGPU1\tNIC0\tCPU Affinity\tNUMA Affinity\tGPU NUMA ID\u001b[0m\nGPU0\t X \tNODE\tNODE\t0-47\t0\t\tN/A\nGPU1\tNODE\t X \tNODE\t0-47\t0\t\tN/A\nNIC0\tNODE\tNODE\t X \t\t\t\t\n\nLegend:\n\n  X    = Self\n  SYS  = Connection traversing PCIe as well as the SMP interconnect between NUMA nodes (e.g., QPI/UPI)\n  NODE = Connection traversing PCIe as well as the interconnect between PCIe Host Bridges within a NUMA node\n  PHB  = Connection traversing PCIe as well as a PCIe Host Bridge (typically the CPU)\n  PXB  = Connection traversing multiple PCIe bridges (without traversing the PCIe Host Bridge)\n  PIX  = Connection traversing at most a single PCIe bridge\n  NV#  = Connection traversing a bonded set of # NVLinks\n\nNIC Legend:\n\n  NIC0: mlx5_bond_0""","{""CUDA_HOME"":""/usr/local/cuda"",""NCCL_TESTS_DIR"":""/root/nccl-tests""}"
1,p1-nccl-baseline-20260826T181721Z-16cea6a,phase1,2026-08-26T18:17:33Z,measured,16cea6aed21d649453b65981c72d4b8ea7e32605,False,unknown,,5c44f3e9a47e,Ubuntu 24.04.3 LTS,6.8.0-106-generic,AMD EPYC 9254 24-Core Processor,48,1,NVIDIA L4,2,NODE,none-single-node,False,,12.8,580.126.20,2.25.1+cuda12.8,NCCL_DEBUG=VERSION banner,,gcc (Ubuntu 13.3.0-6ubuntu2~24.04) 13.3.0,717b68318278e93f371d8ffb46b076069d7c7851,nccl-tests,all_gather,float,none,-1,134217728,16777216,in_place,20,50,0,full,6405.1,20.95,10.48,0,True,True,True,0,/root/nccl-tests/build/all_gather_perf -b 8 -e 128M -f 2 -g 2 -w 20 -n 50 -c 1 -d float,results/raw/p1-nccl-baseline-20260826T181721Z-16cea6a/all_gather.full.r0.stdout.txt,,"[{""index"":0,""memory_total_mib"":23034,""name"":""NVIDIA L4"",""pci_bus_id"":""00000000:03:00.0""},{""index"":1,""memory_total_mib"":23034,""name"":""NVIDIA L4"",""pci_bus_id"":""00000000:C3:00.0""}]","""\t\u001b[4mGPU0\tGPU1\tNIC0\tCPU Affinity\tNUMA Affinity\tGPU NUMA ID\u001b[0m\nGPU0\t X \tNODE\tNODE\t0-47\t0\t\tN/A\nGPU1\tNODE\t X \tNODE\t0-47\t0\t\tN/A\nNIC0\tNODE\tNODE\t X \t\t\t\t\n\nLegend:\n\n  X    = Self\n  SYS  = Connection traversing PCIe as well as the SMP interconnect between NUMA nodes (e.g., QPI/UPI)\n  NODE = Connection traversing PCIe as well as the interconnect between PCIe Host Bridges within a NUMA node\n  PHB  = Connection traversing PCIe as well as a PCIe Host Bridge (typically the CPU)\n  PXB  = Connection traversing multiple PCIe bridges (without traversing the PCIe Host Bridge)\n  PIX  = Connection traversing at most a single PCIe bridge\n  NV#  = Connection traversing a bonded set of # NVLinks\n\nNIC Legend:\n\n  NIC0: mlx5_bond_0""","{""CUDA_HOME"":""/usr/local/cuda"",""NCCL_TESTS_DIR"":""/root/nccl-tests""}"
1,p1-nccl-baseline-20260826T181721Z-16cea6a,phase1,2026-08-26T18:17:37Z,measured,16cea6aed21d649453b65981c72d4b8ea7e32605,False,unknown,,5c44f3e9a47e,Ubuntu 24.04.3 LTS,6.8.0-106-generic,AMD EPYC 9254 24-Core Processor,48,1,NVIDIA L4,2,NODE,none-single-node,False,,12.8,580.126.20,2.25.1+cuda12.8,NCCL_DEBUG=VERSION banner,,gcc (Ubuntu 13.3.0-6ubuntu2~24.04) 13.3.0,717b68318278e93f371d8ffb46b076069d7c7851,nccl-tests,reduce_scatter,float,sum,-1,0,0,out_of_place,20,50,0,full,0.18,0.0,0.0,0,True,True,,0,/root/nccl-tests/build/reduce_scatter_perf -b 8 -e 128M -f 2 -g 2 -w 20 -n 50 -c 1 -d float,results/raw/p1-nccl-baseline-20260826T181721Z-16cea6a/reduce_scatter.full.r0.stdout.txt,,"[{""index"":0,""memory_total_mib"":23034,""name"":""NVIDIA L4"",""pci_bus_id"":""00000000:03:00.0""},{""index"":1,""memory_total_mib"":23034,""name"":""NVIDIA L4"",""pci_bus_id"":""00000000:C3:00.0""}]","""\t\u001b[4mGPU0\tGPU1\tNIC0\tCPU Affinity\tNUMA Affinity\tGPU NUMA ID\u001b[0m\nGPU0\t X \tNODE\tNODE\t0-47\t0\t\tN/A\nGPU1\tNODE\t X \tNODE\t0-47\t0\t\tN/A\nNIC0\tNODE\tNODE\t X \t\t\t\t\n\nLegend:\n\n  X    = Self\n  SYS  = Connection traversing PCIe as well as the SMP interconnect between NUMA nodes (e.g., QPI/UPI)\n  NODE = Connection traversing PCIe as well as the interconnect between PCIe Host Bridges within a NUMA node\n  PHB  = Connection traversing PCIe as well as a PCIe Host Bridge (typically the CPU)\n  PXB  = Connection traversing multiple PCIe bridges (without traversing the PCIe Host Bridge)\n  PIX  = Connection traversing at most a single PCIe bridge\n  NV#  = Connection traversing a bonded set of # NVLinks\n\nNIC Legend:\n\n  NIC0: mlx5_bond_0""","{""CUDA_HOME"":""/usr/local/cuda"",""NCCL_TESTS_DIR"":""/root/nccl-tests""}"
1,p1-nccl-baseline-20260826T181721Z-16cea6a,phase1,2026-08-26T18:17:37Z,measured,16cea6aed21d649453b65981c72d4b8ea7e32605,False,unknown,,5c44f3e9a47e,Ubuntu 24.04.3 LTS,6.8.0-106-generic,AMD EPYC 9254 24-Core Processor,48,1,NVIDIA L4,2,NODE,none-single-node,False,,12.8,580.126.20,2.25.1+cuda12.8,NCCL_DEBUG=VERSION banner,,gcc (Ubuntu 13.3.0-6ubuntu2~24.04) 13.3.0,717b68318278e93f371d8ffb46b076069d7c7851,nccl-tests,reduce_scatter,float,sum,-1,0,0,in_place,20,50,0,full,0.17,0.0,0.0,0,True,True,,0,/root/nccl-tests/build/reduce_scatter_perf -b 8 -e 128M -f 2 -g 2 -w 20 -n 50 -c 1 -d float,results/raw/p1-nccl-baseline-20260826T181721Z-16cea6a/reduce_scatter.full.r0.stdout.txt,,"[{""index"":0,""memory_total_mib"":23034,""name"":""NVIDIA L4"",""pci_bus_id"":""00000000:03:00.0""},{""index"":1,""memory_total_mib"":23034,""name"":""NVIDIA L4"",""pci_bus_id"":""00000000:C3:00.0""}]","""\t\u001b[4mGPU0\tGPU1\tNIC0\tCPU Affinity\tNUMA Affinity\tGPU NUMA ID\u001b[0m\nGPU0\t X \tNODE\tNODE\t0-47\t0\t\tN/A\nGPU1\tNODE\t X \tNODE\t0-47\t0\t\tN/A\nNIC0\tNODE\tNODE\t X \t\t\t\t\n\nLegend:\n\n  X    = Self\n  SYS  = Connection traversing PCIe as well as the SMP interconnect between NUMA nodes (e.g., QPI/UPI)\n  NODE = Connection traversing PCIe as well as the interconnect between PCIe Host Bridges within a NUMA node\n  PHB  = Connection traversing PCIe as well as a PCIe Host Bridge (typically the CPU)\n  PXB  = Connection traversing multiple PCIe bridges (without traversing the PCIe Host Bridge)\n  PIX  = Connection traversing at most a single PCIe bridge\n  NV#  = Connection traversing a bonded set of # NVLinks\n\nNIC Legend:\n\n  NIC0: mlx5_bond_0""","{""CUDA_HOME"":""/usr/local/cuda"",""NCCL_TESTS_DIR"":""/root/nccl-tests""}"
1,p1-nccl-baseline-20260826T181721Z-16cea6a,phase1,2026-08-26T18:17:37Z,measured,16cea6aed21d649453b65981c72d4b8ea7e32605,False,unknown,,5c44f3e9a47e,Ubuntu 24.04.3 LTS,6.8.0-106-generic,AMD EPYC 9254 24-Core Processor,48,1,NVIDIA L4,2,NODE,none-single-node,False,,12.8,580.126.20,2.25.1+cuda12.8,NCCL_DEBUG=VERSION banner,,gcc (Ubuntu 13.3.0-6ubuntu2~24.04) 13.3.0,717b68318278e93f371d8ffb46b076069d7c7851,nccl-tests,reduce_scatter,float,sum,-1,0,0,out_of_place,20,50,0,full,0.16,0.0,0.0,0,True,True,,0,/root/nccl-tests/build/reduce_scatter_perf -b 8 -e 128M -f 2 -g 2 -w 20 -n 50 -c 1 -d float,results/raw/p1-nccl-baseline-20260826T181721Z-16cea6a/reduce_scatter.full.r0.stdout.txt,,"[{""index"":0,""memory_total_mib"":23034,""name"":""NVIDIA L4"",""pci_bus_id"":""00000000:03:00.0""},{""index"":1,""memory_total_mib"":23034,""name"":""NVIDIA L4"",""pci_bus_id"":""00000000:C3:00.0""}]","""\t\u001b[4mGPU0\tGPU1\tNIC0\tCPU Affinity\tNUMA Affinity\tGPU NUMA ID\u001b[0m\nGPU0\t X \tNODE\tNODE\t0-47\t0\t\tN/A\nGPU1\tNODE\t X \tNODE\t0-47\t0\t\tN/A\nNIC0\tNODE\tNODE\t X \t\t\t\t\n\nLegend:\n\n  X    = Self\n  SYS  = Connection traversing PCIe as well as the SMP interconnect between NUMA nodes (e.g., QPI/UPI)\n  NODE = Connection traversing PCIe as well as the interconnect between PCIe Host Bridges within a NUMA node\n  PHB  = Connection traversing PCIe as well as a PCIe Host Bridge (typically the CPU)\n  PXB  = Connection traversing multiple PCIe bridges (without traversing the PCIe Host Bridge)\n  PIX  = Connection traversing at most a single PCIe bridge\n  NV#  = Connection traversing a bonded set of # NVLinks\n\nNIC Legend:\n\n  NIC0: mlx5_bond_0""","{""CUDA_HOME"":""/usr/local/cuda"",""NCCL_TESTS_DIR"":""/root/nccl-tests""}"
1,p1-nccl-baseline-20260826T181721Z-16cea6a,phase1,2026-08-26T18:17:37Z,measured,16cea6aed21d649453b65981c72d4b8ea7e32605,False,unknown,,5c44f3e9a47e,Ubuntu 24.04.3 LTS,6.8.0-106-generic,AMD EPYC 9254 24-Core Processor,48,1,NVIDIA L4,2,NODE,none-single-node,False,,12.8,580.126.20,2.25.1+cuda12.8,NCCL_DEBUG=VERSION banner,,gcc (Ubuntu 13.3.0-6ubuntu2~24.04) 13.3.0,717b68318278e93f371d8ffb46b076069d7c7851,nccl-tests,reduce_scatter,float,sum,-1,0,0,in_place,20,50,0,full,0.16,0.0,0.0,0,True,True,,0,/root/nccl-tests/build/reduce_scatter_perf -b 8 -e 128M -f 2 -g 2 -w 20 -n 50 -c 1 -d float,results/raw/p1-nccl-baseline-20260826T181721Z-16cea6a/reduce_scatter.full.r0.stdout.txt,,"[{""index"":0,""memory_total_mib"":23034,""name"":""NVIDIA L4"",""pci_bus_id"":""00000000:03:00.0""},{""index"":1,""memory_total_mib"":23034,""name"":""NVIDIA L4"",""pci_bus_id"":""00000000:C3:00.0""}]","""\t\u001b[4mGPU0\tGPU1\tNIC0\tCPU Affinity\tNUMA Affinity\tGPU NUMA ID\u001b[0m\nGPU0\t X \tNODE\tNODE\t0-47\t0\t\tN/A\nGPU1\tNODE\t X \tNODE\t0-47\t0\t\tN/A\nNIC0\tNODE\tNODE\t X \t\t\t\t\n\nLegend:\n\n  X    = Self\n  SYS  = Connection traversing PCIe as well as the SMP interconnect between NUMA nodes (e.g., QPI/UPI)\n  NODE = Connection traversing PCIe as well as the interconnect between PCIe Host Bridges within a NUMA node\n  PHB  = Connection traversing PCIe as well as a PCIe Host Bridge (typically the CPU)\n  PXB  = Connection traversing multiple PCIe bridges (without traversing the PCIe Host Bridge)\n  PIX  = Connection traversing at most a single PCIe bridge\n  NV#  = Connection traversing a bonded set of # NVLinks\n\nNIC Legend:\n\n  NIC0: mlx5_bond_0""","{""CUDA_HOME"":""/usr/local/cuda"",""NCCL_TESTS_DIR"":""/root/nccl-tests""}"
1,p1-nccl-baseline-20260826T181721Z-16cea6a,phase1,2026-08-26T18:17:37Z,measured,16cea6aed21d649453b65981c72d4b8ea7e32605,False,unknown,,5c44f3e9a47e,Ubuntu 24.04.3 LTS,6.8.0-106-generic,AMD EPYC 9254 24-Core Processor,48,1,NVIDIA L4,2,NODE,none-single-node,False,,12.8,580.126.20,2.25.1+cuda12.8,NCCL_DEBUG=VERSION banner,,gcc (Ubuntu 13.3.0-6ubuntu2~24.04) 13.3.0,717b68318278e93f371d8ffb46b076069d7c7851,nccl-tests,reduce_scatter,float,sum,-1,32,4,out_of_place,20,50,0,full,7.47,0.0,0.0,0,True,True,,0,/root/nccl-tests/build/reduce_scatter_perf -b 8 -e 128M -f 2 -g 2 -w 20 -n 50 -c 1 -d float,results/raw/p1-nccl-baseline-20260826T181721Z-16cea6a/reduce_scatter.full.r0.stdout.txt,,"[{""index"":0,""memory_total_mib"":23034,""name"":""NVIDIA L4"",""pci_bus_id"":""00000000:03:00.0""},{""index"":1,""memory_total_mib"":23034,""name"":""NVIDIA L4"",""pci_bus_id"":""00000000:C3:00.0""}]","""\t\u001b[4mGPU0\tGPU1\tNIC0\tCPU Affinity\tNUMA Affinity\tGPU NUMA ID\u001b[0m\nGPU0\t X \tNODE\tNODE\t0-47\t0\t\tN/A\nGPU1\tNODE\t X \tNODE\t0-47\t0\t\tN/A\nNIC0\tNODE\tNODE\t X \t\t\t\t\n\nLegend:\n\n  X    = Self\n  SYS  = Connection traversing PCIe as well as the SMP interconnect between NUMA nodes (e.g., QPI/UPI)\n  NODE = Connection traversing PCIe as well as the interconnect between PCIe Host Bridges within a NUMA node\n  PHB  = Connection traversing PCIe as well as a PCIe Host Bridge (typically the CPU)\n  PXB  = Connection traversing multiple PCIe bridges (without traversing the PCIe Host Bridge)\n  PIX  = Connection traversing at most a single PCIe bridge\n  NV#  = Connection traversing a bonded set of # NVLinks\n\nNIC Legend:\n\n  NIC0: mlx5_bond_0""","{""CUDA_HOME"":""/usr/local/cuda"",""NCCL_TESTS_DIR"":""/root/nccl-tests""}"
1,p1-nccl-baseline-20260826T181721Z-16cea6a,phase1,2026-08-26T18:17:37Z,measured,16cea6aed21d649453b65981c72d4b8ea7e32605,False,unknown,,5c44f3e9a47e,Ubuntu 24.04.3 LTS,6.8.0-106-generic,AMD EPYC 9254 24-Core Processor,48,1,NVIDIA L4,2,NODE,none-single-node,False,,12.8,580.126.20,2.25.1+cuda12.8,NCCL_DEBUG=VERSION banner,,gcc (Ubuntu 13.3.0-6ubuntu2~24.04) 13.3.0,717b68318278e93f371d8ffb46b076069d7c7851,nccl-tests,reduce_scatter,float,sum,-1,32,4,in_place,20,50,0,full,7.33,0.0,0.0,0,True,True,,0,/root/nccl-tests/build/reduce_scatter_perf -b 8 -e 128M -f 2 -g 2 -w 20 -n 50 -c 1 -d float,results/raw/p1-nccl-baseline-20260826T181721Z-16cea6a/reduce_scatter.full.r0.stdout.txt,,"[{""index"":0,""memory_total_mib"":23034,""name"":""NVIDIA L4"",""pci_bus_id"":""00000000:03:00.0""},{""index"":1,""memory_total_mib"":23034,""name"":""NVIDIA L4"",""pci_bus_id"":""00000000:C3:00.0""}]","""\t\u001b[4mGPU0\tGPU1\tNIC0\tCPU Affinity\tNUMA Affinity\tGPU NUMA ID\u001b[0m\nGPU0\t X \tNODE\tNODE\t0-47\t0\t\tN/A\nGPU1\tNODE\t X \tNODE\t0-47\t0\t\tN/A\nNIC0\tNODE\tNODE\t X \t\t\t\t\n\nLegend:\n\n  X    = Self\n  SYS  = Connection traversing PCIe as well as the SMP interconnect between NUMA nodes (e.g., QPI/UPI)\n  NODE = Connection traversing PCIe as well as the interconnect between PCIe Host Bridges within a NUMA node\n  PHB  = Connection traversing PCIe as well as a PCIe Host Bridge (typically the CPU)\n  PXB  = Connection traversing multiple PCIe bridges (without traversing the PCIe Host Bridge)\n  PIX  = Connection traversing at most a single PCIe bridge\n  NV#  = Connection traversing a bonded set of # NVLinks\n\nNIC Legend:\n\n  NIC0: mlx5_bond_0""","{""CUDA_HOME"":""/usr/local/cuda"",""NCCL_TESTS_DIR"":""/root/nccl-tests""}"
1,p1-nccl-baseline-20260826T181721Z-16cea6a,phase1,2026-08-26T18:17:37Z,measured,16cea6aed21d649453b65981c72d4b8ea7e32605,False,unknown,,5c44f3e9a47e,Ubuntu 24.04.3 LTS,6.8.0-106-generic,AMD EPYC 9254 24-Core Processor,48,1,NVIDIA L4,2,NODE,none-single-node,False,,12.8,580.126.20,2.25.1+cuda12.8,NCCL_DEBUG=VERSION banner,,gcc (Ubuntu 13.3.0-6ubuntu2~24.04) 13.3.0,717b68318278e93f371d8ffb46b076069d7c7851,nccl-tests,reduce_scatter,float,sum,-1,64,8,out_of_place,20,50,0,full,7.3,0.01,0.0,0,True,True,True,0,/root/nccl-tests/build/reduce_scatter_perf -b 8 -e 128M -f 2 -g 2 -w 20 -n 50 -c 1 -d float,results/raw/p1-nccl-baseline-20260826T181721Z-16cea6a/reduce_scatter.full.r0.stdout.txt,,"[{""index"":0,""memory_total_mib"":23034,""name"":""NVIDIA L4"",""pci_bus_id"":""00000000:03:00.0""},{""index"":1,""memory_total_mib"":23034,""name"":""NVIDIA L4"",""pci_bus_id"":""00000000:C3:00.0""}]","""\t\u001b[4mGPU0\tGPU1\tNIC0\tCPU Affinity\tNUMA Affinity\tGPU NUMA ID\u001b[0m\nGPU0\t X \tNODE\tNODE\t0-47\t0\t\tN/A\nGPU1\tNODE\t X \tNODE\t0-47\t0\t\tN/A\nNIC0\tNODE\tNODE\t X \t\t\t\t\n\nLegend:\n\n  X    = Self\n  SYS  = Connection traversing PCIe as well as the SMP interconnect between NUMA nodes (e.g., QPI/UPI)\n  NODE = Connection traversing PCIe as well as the interconnect between PCIe Host Bridges within a NUMA node\n  PHB  = Connection traversing PCIe as well as a PCIe Host Bridge (typically the CPU)\n  PXB  = Connection traversing multiple PCIe bridges (without traversing the PCIe Host Bridge)\n  PIX  = Connection traversing at most a single PCIe bridge\n  NV#  = Connection traversing a bonded set of # NVLinks\n\nNIC Legend:\n\n  NIC0: mlx5_bond_0""","{""CUDA_HOME"":""/usr/local/cuda"",""NCCL_TESTS_DIR"":""/root/nccl-tests""}"
1,p1-nccl-baseline-20260826T181721Z-16cea6a,phase1,2026-08-26T18:17:37Z,measured,16cea6aed21d649453b65981c72d4b8ea7e32605,False,unknown,,5c44f3e9a47e,Ubuntu 24.04.3 LTS,6.8.0-106-generic,AMD EPYC 9254 24-Core Processor,48,1,NVIDIA L4,2,NODE,none-single-node,False,,12.8,580.126.20,2.25.1+cuda12.8,NCCL_DEBUG=VERSION banner,,gcc (Ubuntu 13.3.0-6ubuntu2~24.04) 13.3.0,717b68318278e93f371d8ffb46b076069d7c7851,nccl-tests,reduce_scatter,float,sum,-1,64,8,in_place,20,50,0,full,7.03,0.01,0.0,0,True,True,True,0,/root/nccl-tests/build/reduce_scatter_perf -b 8 -e 128M -f 2 -g 2 -w 20 -n 50 -c 1 -d float,results/raw/p1-nccl-baseline-20260826T181721Z-16cea6a/reduce_scatter.full.r0.stdout.txt,,"[{""index"":0,""memory_total_mib"":23034,""name"":""NVIDIA L4"",""pci_bus_id"":""00000000:03:00.0""},{""index"":1,""memory_total_mib"":23034,""name"":""NVIDIA L4"",""pci_bus_id"":""00000000:C3:00.0""}]","""\t\u001b[4mGPU0\tGPU1\tNIC0\tCPU Affinity\tNUMA Affinity\tGPU NUMA ID\u001b[0m\nGPU0\t X \tNODE\tNODE\t0-47\t0\t\tN/A\nGPU1\tNODE\t X \tNODE\t0-47\t0\t\tN/A\nNIC0\tNODE\tNODE\t X \t\t\t\t\n\nLegend:\n\n  X    = Self\n  SYS  = Connection traversing PCIe as well as the SMP interconnect between NUMA nodes (e.g., QPI/UPI)\n  NODE = Connection traversing PCIe as well as the interconnect between PCIe Host Bridges within a NUMA node\n  PHB  = Connection traversing PCIe as well as a PCIe Host Bridge (typically the CPU)\n  PXB  = Connection traversing multiple PCIe bridges (without traversing the PCIe Host Bridge)\n  PIX  = Connection traversing at most a single PCIe bridge\n  NV#  = Connection traversing a bonded set of # NVLinks\n\nNIC Legend:\n\n  NIC0: mlx5_bond_0""","{""CUDA_HOME"":""/usr/local/cuda"",""NCCL_TESTS_DIR"":""/root/nccl-tests""}"
1,p1-nccl-baseline-20260826T181721Z-16cea6a,phase1,2026-08-26T18:17:37Z,measured,16cea6aed21d649453b65981c72d4b8ea7e32605,False,unknown,,5c44f3e9a47e,Ubuntu 24.04.3 LTS,6.8.0-106-generic,AMD EPYC 9254 24-Core Processor,48,1,NVIDIA L4,2,NODE,none-single-node,False,,12.8,580.126.20,2.25.1+cuda12.8,NCCL_DEBUG=VERSION banner,,gcc (Ubuntu 13.3.0-6ubuntu2~24.04) 13.3.0,717b68318278e93f371d8ffb46b076069d7c7851,nccl-tests,reduce_scatter,float,sum,-1,128,16,out_of_place,20,50,0,full,7.16,0.02,0.01,0,True,True,True,0,/root/nccl-tests/build/reduce_scatter_perf -b 8 -e 128M -f 2 -g 2 -w 20 -n 50 -c 1 -d float,results/raw/p1-nccl-baseline-20260826T181721Z-16cea6a/reduce_scatter.full.r0.stdout.txt,,"[{""index"":0,""memory_total_mib"":23034,""name"":""NVIDIA L4"",""pci_bus_id"":""00000000:03:00.0""},{""index"":1,""memory_total_mib"":23034,""name"":""NVIDIA L4"",""pci_bus_id"":""00000000:C3:00.0""}]","""\t\u001b[4mGPU0\tGPU1\tNIC0\tCPU Affinity\tNUMA Affinity\tGPU NUMA ID\u001b[0m\nGPU0\t X \tNODE\tNODE\t0-47\t0\t\tN/A\nGPU1\tNODE\t X \tNODE\t0-47\t0\t\tN/A\nNIC0\tNODE\tNODE\t X \t\t\t\t\n\nLegend:\n\n  X    = Self\n  SYS  = Connection traversing PCIe as well as the SMP interconnect between NUMA nodes (e.g., QPI/UPI)\n  NODE = Connection traversing PCIe as well as the interconnect between PCIe Host Bridges within a NUMA node\n  PHB  = Connection traversing PCIe as well as a PCIe Host Bridge (typically the CPU)\n  PXB  = Connection traversing multiple PCIe bridges (without traversing the PCIe Host Bridge)\n  PIX  = Connection traversing at most a single PCIe bridge\n  NV#  = Connection traversing a bonded set of # NVLinks\n\nNIC Legend:\n\n  NIC0: mlx5_bond_0""","{""CUDA_HOME"":""/usr/local/cuda"",""NCCL_TESTS_DIR"":""/root/nccl-tests""}"
1,p1-nccl-baseline-20260826T181721Z-16cea6a,phase1,2026-08-26T18:17:37Z,measured,16cea6aed21d649453b65981c72d4b8ea7e32605,False,unknown,,5c44f3e9a47e,Ubuntu 24.04.3 LTS,6.8.0-106-generic,AMD EPYC 9254 24-Core Processor,48,1,NVIDIA L4,2,NODE,none-single-node,False,,12.8,580.126.20,2.25.1+cuda12.8,NCCL_DEBUG=VERSION banner,,gcc (Ubuntu 13.3.0-6ubuntu2~24.04) 13.3.0,717b68318278e93f371d8ffb46b076069d7c7851,nccl-tests,reduce_scatter,float,sum,-1,128,16,in_place,20,50,0,full,7.23,0.02,0.01,0,True,True,True,0,/root/nccl-tests/build/reduce_scatter_perf -b 8 -e 128M -f 2 -g 2 -w 20 -n 50 -c 1 -d float,results/raw/p1-nccl-baseline-20260826T181721Z-16cea6a/reduce_scatter.full.r0.stdout.txt,,"[{""index"":0,""memory_total_mib"":23034,""name"":""NVIDIA L4"",""pci_bus_id"":""00000000:03:00.0""},{""index"":1,""memory_total_mib"":23034,""name"":""NVIDIA L4"",""pci_bus_id"":""00000000:C3:00.0""}]","""\t\u001b[4mGPU0\tGPU1\tNIC0\tCPU Affinity\tNUMA Affinity\tGPU NUMA ID\u001b[0m\nGPU0\t X \tNODE\tNODE\t0-47\t0\t\tN/A\nGPU1\tNODE\t X \tNODE\t0-47\t0\t\tN/A\nNIC0\tNODE\tNODE\t X \t\t\t\t\n\nLegend:\n\n  X    = Self\n  SYS  = Connection traversing PCIe as well as the SMP interconnect between NUMA nodes (e.g., QPI/UPI)\n  NODE = Connection traversing PCIe as well as the interconnect between PCIe Host Bridges within a NUMA node\n  PHB  = Connection traversing PCIe as well as a PCIe Host Bridge (typically the CPU)\n  PXB  = Connection traversing multiple PCIe bridges (without traversing the PCIe Host Bridge)\n  PIX  = Connection traversing at most a single PCIe bridge\n  NV#  = Connection traversing a bonded set of # NVLinks\n\nNIC Legend:\n\n  NIC0: mlx5_bond_0""","{""CUDA_HOME"":""/usr/local/cuda"",""NCCL_TESTS_DIR"":""/root/nccl-tests""}"
1,p1-nccl-baseline-20260826T181721Z-16cea6a,phase1,2026-08-26T18:17:37Z,measured,16cea6aed21d649453b65981c72d4b8ea7e32605,False,unknown,,5c44f3e9a47e,Ubuntu 24.04.3 LTS,6.8.0-106-generic,AMD EPYC 9254 24-Core Processor,48,1,NVIDIA L4,2,NODE,none-single-node,False,,12.8,580.126.20,2.25.1+cuda12.8,NCCL_DEBUG=VERSION banner,,gcc (Ubuntu 13.3.0-6ubuntu2~24.04) 13.3.0,717b68318278e93f371d8ffb46b076069d7c7851,nccl-tests,reduce_scatter,float,sum,-1,256,32,out_of_place,20,50,0,full,7.19,0.04,0.02,0,True,True,True,0,/root/nccl-tests/build/reduce_scatter_perf -b 8 -e 128M -f 2 -g 2 -w 20 -n 50 -c 1 -d float,results/raw/p1-nccl-baseline-20260826T181721Z-16cea6a/reduce_scatter.full.r0.stdout.txt,,"[{""index"":0,""memory_total_mib"":23034,""name"":""NVIDIA L4"",""pci_bus_id"":""00000000:03:00.0""},{""index"":1,""memory_total_mib"":23034,""name"":""NVIDIA L4"",""pci_bus_id"":""00000000:C3:00.0""}]","""\t\u001b[4mGPU0\tGPU1\tNIC0\tCPU Affinity\tNUMA Affinity\tGPU NUMA ID\u001b[0m\nGPU0\t X \tNODE\tNODE\t0-47\t0\t\tN/A\nGPU1\tNODE\t X \tNODE\t0-47\t0\t\tN/A\nNIC0\tNODE\tNODE\t X \t\t\t\t\n\nLegend:\n\n  X    = Self\n  SYS  = Connection traversing PCIe as well as the SMP interconnect between NUMA nodes (e.g., QPI/UPI)\n  NODE = Connection traversing PCIe as well as the interconnect between PCIe Host Bridges within a NUMA node\n  PHB  = Connection traversing PCIe as well as a PCIe Host Bridge (typically the CPU)\n  PXB  = Connection traversing multiple PCIe bridges (without traversing the PCIe Host Bridge)\n  PIX  = Connection traversing at most a single PCIe bridge\n  NV#  = Connection traversing a bonded set of # NVLinks\n\nNIC Legend:\n\n  NIC0: mlx5_bond_0""","{""CUDA_HOME"":""/usr/local/cuda"",""NCCL_TESTS_DIR"":""/root/nccl-tests""}"
1,p1-nccl-baseline-20260826T181721Z-16cea6a,phase1,2026-08-26T18:17:37Z,measured,16cea6aed21d649453b65981c72d4b8ea7e32605,False,unknown,,5c44f3e9a47e,Ubuntu 24.04.3 LTS,6.8.0-106-generic,AMD EPYC 9254 24-Core Processor,48,1,NVIDIA L4,2,NODE,none-single-node,False,,12.8,580.126.20,2.25.1+cuda12.8,NCCL_DEBUG=VERSION banner,,gcc (Ubuntu 13.3.0-6ubuntu2~24.04) 13.3.0,717b68318278e93f371d8ffb46b076069d7c7851,nccl-tests,reduce_scatter,float,sum,-1,256,32,in_place,20,50,0,full,7.27,0.04,0.02,0,True,True,True,0,/root/nccl-tests/build/reduce_scatter_perf -b 8 -e 128M -f 2 -g 2 -w 20 -n 50 -c 1 -d float,results/raw/p1-nccl-baseline-20260826T181721Z-16cea6a/reduce_scatter.full.r0.stdout.txt,,"[{""index"":0,""memory_total_mib"":23034,""name"":""NVIDIA L4"",""pci_bus_id"":""00000000:03:00.0""},{""index"":1,""memory_total_mib"":23034,""name"":""NVIDIA L4"",""pci_bus_id"":""00000000:C3:00.0""}]","""\t\u001b[4mGPU0\tGPU1\tNIC0\tCPU Affinity\tNUMA Affinity\tGPU NUMA ID\u001b[0m\nGPU0\t X \tNODE\tNODE\t0-47\t0\t\tN/A\nGPU1\tNODE\t X \tNODE\t0-47\t0\t\tN/A\nNIC0\tNODE\tNODE\t X \t\t\t\t\n\nLegend:\n\n  X    = Self\n  SYS  = Connection traversing PCIe as well as the SMP interconnect between NUMA nodes (e.g., QPI/UPI)\n  NODE = Connection traversing PCIe as well as the interconnect between PCIe Host Bridges within a NUMA node\n  PHB  = Connection traversing PCIe as well as a PCIe Host Bridge (typically the CPU)\n  PXB  = Connection traversing multiple PCIe bridges (without traversing the PCIe Host Bridge)\n  PIX  = Connection traversing at most a single PCIe bridge\n  NV#  = Connection traversing a bonded set of # NVLinks\n\nNIC Legend:\n\n  NIC0: mlx5_bond_0""","{""CUDA_HOME"":""/usr/local/cuda"",""NCCL_TESTS_DIR"":""/root/nccl-tests""}"
1,p1-nccl-baseline-20260826T181721Z-16cea6a,phase1,2026-08-26T18:17:37Z,measured,16cea6aed21d649453b65981c72d4b8ea7e32605,False,unknown,,5c44f3e9a47e,Ubuntu 24.04.3 LTS,6.8.0-106-generic,AMD EPYC 9254 24-Core Processor,48,1,NVIDIA L4,2,NODE,none-single-node,False,,12.8,580.126.20,2.25.1+cuda12.8,NCCL_DEBUG=VERSION banner,,gcc (Ubuntu 13.3.0-6ubuntu2~24.04) 13.3.0,717b68318278e93f371d8ffb46b076069d7c7851,nccl-tests,reduce_scatter,float,sum,-1,512,64,out_of_place,20,50,0,full,7.09,0.07,0.04,0,True,True,True,0,/root/nccl-tests/build/reduce_scatter_perf -b 8 -e 128M -f 2 -g 2 -w 20 -n 50 -c 1 -d float,results/raw/p1-nccl-baseline-20260826T181721Z-16cea6a/reduce_scatter.full.r0.stdout.txt,,"[{""index"":0,""memory_total_mib"":23034,""name"":""NVIDIA L4"",""pci_bus_id"":""00000000:03:00.0""},{""index"":1,""memory_total_mib"":23034,""name"":""NVIDIA L4"",""pci_bus_id"":""00000000:C3:00.0""}]","""\t\u001b[4mGPU0\tGPU1\tNIC0\tCPU Affinity\tNUMA Affinity\tGPU NUMA ID\u001b[0m\nGPU0\t X \tNODE\tNODE\t0-47\t0\t\tN/A\nGPU1\tNODE\t X \tNODE\t0-47\t0\t\tN/A\nNIC0\tNODE\tNODE\t X \t\t\t\t\n\nLegend:\n\n  X    = Self\n  SYS  = Connection traversing PCIe as well as the SMP interconnect between NUMA nodes (e.g., QPI/UPI)\n  NODE = Connection traversing PCIe as well as the interconnect between PCIe Host Bridges within a NUMA node\n  PHB  = Connection traversing PCIe as well as a PCIe Host Bridge (typically the CPU)\n  PXB  = Connection traversing multiple PCIe bridges (without traversing the PCIe Host Bridge)\n  PIX  = Connection traversing at most a single PCIe bridge\n  NV#  = Connection traversing a bonded set of # NVLinks\n\nNIC Legend:\n\n  NIC0: mlx5_bond_0""","{""CUDA_HOME"":""/usr/local/cuda"",""NCCL_TESTS_DIR"":""/root/nccl-tests""}"
1,p1-nccl-baseline-20260826T181721Z-16cea6a,phase1,2026-08-26T18:17:37Z,measured,16cea6aed21d649453b65981c72d4b8ea7e32605,False,unknown,,5c44f3e9a47e,Ubuntu 24.04.3 LTS,6.8.0-106-generic,AMD EPYC 9254 24-Core Processor,48,1,NVIDIA L4,2,NODE,none-single-node,False,,12.8,580.126.20,2.25.1+cuda12.8,NCCL_DEBUG=VERSION banner,,gcc (Ubuntu 13.3.0-6ubuntu2~24.04) 13.3.0,717b68318278e93f371d8ffb46b076069d7c7851,nccl-tests,reduce_scatter,float,sum,-1,512,64,in_place,20,50,0,full,7.18,0.07,0.04,0,True,True,True,0,/root/nccl-tests/build/reduce_scatter_perf -b 8 -e 128M -f 2 -g 2 -w 20 -n 50 -c 1 -d float,results/raw/p1-nccl-baseline-20260826T181721Z-16cea6a/reduce_scatter.full.r0.stdout.txt,,"[{""index"":0,""memory_total_mib"":23034,""name"":""NVIDIA L4"",""pci_bus_id"":""00000000:03:00.0""},{""index"":1,""memory_total_mib"":23034,""name"":""NVIDIA L4"",""pci_bus_id"":""00000000:C3:00.0""}]","""\t\u001b[4mGPU0\tGPU1\tNIC0\tCPU Affinity\tNUMA Affinity\tGPU NUMA ID\u001b[0m\nGPU0\t X \tNODE\tNODE\t0-47\t0\t\tN/A\nGPU1\tNODE\t X \tNODE\t0-47\t0\t\tN/A\nNIC0\tNODE\tNODE\t X \t\t\t\t\n\nLegend:\n\n  X    = Self\n  SYS  = Connection traversing PCIe as well as the SMP interconnect between NUMA nodes (e.g., QPI/UPI)\n  NODE = Connection traversing PCIe as well as the interconnect between PCIe Host Bridges within a NUMA node\n  PHB  = Connection traversing PCIe as well as a PCIe Host Bridge (typically the CPU)\n  PXB  = Connection traversing multiple PCIe bridges (without traversing the PCIe Host Bridge)\n  PIX  = Connection traversing at most a single PCIe bridge\n  NV#  = Connection traversing a bonded set of # NVLinks\n\nNIC Legend:\n\n  NIC0: mlx5_bond_0""","{""CUDA_HOME"":""/usr/local/cuda"",""NCCL_TESTS_DIR"":""/root/nccl-tests""}"
1,p1-nccl-baseline-20260826T181721Z-16cea6a,phase1,2026-08-26T18:17:37Z,measured,16cea6aed21d649453b65981c72d4b8ea7e32605,False,unknown,,5c44f3e9a47e,Ubuntu 24.04.3 LTS,6.8.0-106-generic,AMD EPYC 9254 24-Core Processor,48,1,NVIDIA L4,2,NODE,none-single-node,False,,12.8,580.126.20,2.25.1+cuda12.8,NCCL_DEBUG=VERSION banner,,gcc (Ubuntu 13.3.0-6ubuntu2~24.04) 13.3.0,717b68318278e93f371d8ffb46b076069d7c7851,nccl-tests,reduce_scatter,float,sum,-1,1024,128,out_of_place,20,50,0,full,7.03,0.15,0.07,0,True,True,True,0,/root/nccl-tests/build/reduce_scatter_perf -b 8 -e 128M -f 2 -g 2 -w 20 -n 50 -c 1 -d float,results/raw/p1-nccl-baseline-20260826T181721Z-16cea6a/reduce_scatter.full.r0.stdout.txt,,"[{""index"":0,""memory_total_mib"":23034,""name"":""NVIDIA L4"",""pci_bus_id"":""00000000:03:00.0""},{""index"":1,""memory_total_mib"":23034,""name"":""NVIDIA L4"",""pci_bus_id"":""00000000:C3:00.0""}]","""\t\u001b[4mGPU0\tGPU1\tNIC0\tCPU Affinity\tNUMA Affinity\tGPU NUMA ID\u001b[0m\nGPU0\t X \tNODE\tNODE\t0-47\t0\t\tN/A\nGPU1\tNODE\t X \tNODE\t0-47\t0\t\tN/A\nNIC0\tNODE\tNODE\t X \t\t\t\t\n\nLegend:\n\n  X    = Self\n  SYS  = Connection traversing PCIe as well as the SMP interconnect between NUMA nodes (e.g., QPI/UPI)\n  NODE = Connection traversing PCIe as well as the interconnect between PCIe Host Bridges within a NUMA node\n  PHB  = Connection traversing PCIe as well as a PCIe Host Bridge (typically the CPU)\n  PXB  = Connection traversing multiple PCIe bridges (without traversing the PCIe Host Bridge)\n  PIX  = Connection traversing at most a single PCIe bridge\n  NV#  = Connection traversing a bonded set of # NVLinks\n\nNIC Legend:\n\n  NIC0: mlx5_bond_0""","{""CUDA_HOME"":""/usr/local/cuda"",""NCCL_TESTS_DIR"":""/root/nccl-tests""}"
1,p1-nccl-baseline-20260826T181721Z-16cea6a,phase1,2026-08-26T18:17:37Z,measured,16cea6aed21d649453b65981c72d4b8ea7e32605,False,unknown,,5c44f3e9a47e,Ubuntu 24.04.3 LTS,6.8.0-106-generic,AMD EPYC 9254 24-Core Processor,48,1,NVIDIA L4,2,NODE,none-single-node,False,,12.8,580.126.20,2.25.1+cuda12.8,NCCL_DEBUG=VERSION banner,,gcc (Ubuntu 13.3.0-6ubuntu2~24.04) 13.3.0,717b68318278e93f371d8ffb46b076069d7c7851,nccl-tests,reduce_scatter,float,sum,-1,1024,128,in_place,20,50,0,full,7.02,0.15,0.07,0,True,True,True,0,/root/nccl-tests/build/reduce_scatter_perf -b 8 -e 128M -f 2 -g 2 -w 20 -n 50 -c 1 -d float,results/raw/p1-nccl-baseline-20260826T181721Z-16cea6a/reduce_scatter.full.r0.stdout.txt,,"[{""index"":0,""memory_total_mib"":23034,""name"":""NVIDIA L4"",""pci_bus_id"":""00000000:03:00.0""},{""index"":1,""memory_total_mib"":23034,""name"":""NVIDIA L4"",""pci_bus_id"":""00000000:C3:00.0""}]","""\t\u001b[4mGPU0\tGPU1\tNIC0\tCPU Affinity\tNUMA Affinity\tGPU NUMA ID\u001b[0m\nGPU0\t X \tNODE\tNODE\t0-47\t0\t\tN/A\nGPU1\tNODE\t X \tNODE\t0-47\t0\t\tN/A\nNIC0\tNODE\tNODE\t X \t\t\t\t\n\nLegend:\n\n  X    = Self\n  SYS  = Connection traversing PCIe as well as the SMP interconnect between NUMA nodes (e.g., QPI/UPI)\n  NODE = Connection traversing PCIe as well as the interconnect between PCIe Host Bridges within a NUMA node\n  PHB  = Connection traversing PCIe as well as a PCIe Host Bridge (typically the CPU)\n  PXB  = Connection traversing multiple PCIe bridges (without traversing the PCIe Host Bridge)\n  PIX  = Connection traversing at most a single PCIe bridge\n  NV#  = Connection traversing a bonded set of # NVLinks\n\nNIC Legend:\n\n  NIC0: mlx5_bond_0""","{""CUDA_HOME"":""/usr/local/cuda"",""NCCL_TESTS_DIR"":""/root/nccl-tests""}"
1,p1-nccl-baseline-20260826T181721Z-16cea6a,phase1,2026-08-26T18:17:37Z,measured,16cea6aed21d649453b65981c72d4b8ea7e32605,False,unknown,,5c44f3e9a47e,Ubuntu 24.04.3 LTS,6.8.0-106-generic,AMD EPYC 9254 24-Core Processor,48,1,NVIDIA L4,2,NODE,none-single-node,False,,12.8,580.126.20,2.25.1+cuda12.8,NCCL_DEBUG=VERSION banner,,gcc (Ubuntu 13.3.0-6ubuntu2~24.04) 13.3.0,717b68318278e93f371d8ffb46b076069d7c7851,nccl-tests,reduce_scatter,float,sum,-1,2048,256,out_of_place,20,50,0,full,7.28,0.28,0.14,0,True,True,True,0,/root/nccl-tests/build/reduce_scatter_perf -b 8 -e 128M -f 2 -g 2 -w 20 -n 50 -c 1 -d float,results/raw/p1-nccl-baseline-20260826T181721Z-16cea6a/reduce_scatter.full.r0.stdout.txt,,"[{""index"":0,""memory_total_mib"":23034,""name"":""NVIDIA L4"",""pci_bus_id"":""00000000:03:00.0""},{""index"":1,""memory_total_mib"":23034,""name"":""NVIDIA L4"",""pci_bus_id"":""00000000:C3:00.0""}]","""\t\u001b[4mGPU0\tGPU1\tNIC0\tCPU Affinity\tNUMA Affinity\tGPU NUMA ID\u001b[0m\nGPU0\t X \tNODE\tNODE\t0-47\t0\t\tN/A\nGPU1\tNODE\t X \tNODE\t0-47\t0\t\tN/A\nNIC0\tNODE\tNODE\t X \t\t\t\t\n\nLegend:\n\n  X    = Self\n  SYS  = Connection traversing PCIe as well as the SMP interconnect between NUMA nodes (e.g., QPI/UPI)\n  NODE = Connection traversing PCIe as well as the interconnect between PCIe Host Bridges within a NUMA node\n  PHB  = Connection traversing PCIe as well as a PCIe Host Bridge (typically the CPU)\n  PXB  = Connection traversing multiple PCIe bridges (without traversing the PCIe Host Bridge)\n  PIX  = Connection traversing at most a single PCIe bridge\n  NV#  = Connection traversing a bonded set of # NVLinks\n\nNIC Legend:\n\n  NIC0: mlx5_bond_0""","{""CUDA_HOME"":""/usr/local/cuda"",""NCCL_TESTS_DIR"":""/root/nccl-tests""}"
1,p1-nccl-baseline-20260826T181721Z-16cea6a,phase1,2026-08-26T18:17:37Z,measured,16cea6aed21d649453b65981c72d4b8ea7e32605,False,unknown,,5c44f3e9a47e,Ubuntu 24.04.3 LTS,6.8.0-106-generic,AMD EPYC 9254 24-Core Processor,48,1,NVIDIA L4,2,NODE,none-single-node,False,,12.8,580.126.20,2.25.1+cuda12.8,NCCL_DEBUG=VERSION banner,,gcc (Ubuntu 13.3.0-6ubuntu2~24.04) 13.3.0,717b68318278e93f371d8ffb46b076069d7c7851,nccl-tests,reduce_scatter,float,sum,-1,2048,256,in_place,20,50,0,full,7.02,0.29,0.15,0,True,True,True,0,/root/nccl-tests/build/reduce_scatter_perf -b 8 -e 128M -f 2 -g 2 -w 20 -n 50 -c 1 -d float,results/raw/p1-nccl-baseline-20260826T181721Z-16cea6a/reduce_scatter.full.r0.stdout.txt,,"[{""index"":0,""memory_total_mib"":23034,""name"":""NVIDIA L4"",""pci_bus_id"":""00000000:03:00.0""},{""index"":1,""memory_total_mib"":23034,""name"":""NVIDIA L4"",""pci_bus_id"":""00000000:C3:00.0""}]","""\t\u001b[4mGPU0\tGPU1\tNIC0\tCPU Affinity\tNUMA Affinity\tGPU NUMA ID\u001b[0m\nGPU0\t X \tNODE\tNODE\t0-47\t0\t\tN/A\nGPU1\tNODE\t X \tNODE\t0-47\t0\t\tN/A\nNIC0\tNODE\tNODE\t X \t\t\t\t\n\nLegend:\n\n  X    = Self\n  SYS  = Connection traversing PCIe as well as the SMP interconnect between NUMA nodes (e.g., QPI/UPI)\n  NODE = Connection traversing PCIe as well as the interconnect between PCIe Host Bridges within a NUMA node\n  PHB  = Connection traversing PCIe as well as a PCIe Host Bridge (typically the CPU)\n  PXB  = Connection traversing multiple PCIe bridges (without traversing the PCIe Host Bridge)\n  PIX  = Connection traversing at most a single PCIe bridge\n  NV#  = Connection traversing a bonded set of # NVLinks\n\nNIC Legend:\n\n  NIC0: mlx5_bond_0""","{""CUDA_HOME"":""/usr/local/cuda"",""NCCL_TESTS_DIR"":""/root/nccl-tests""}"
1,p1-nccl-baseline-20260826T181721Z-16cea6a,phase1,2026-08-26T18:17:37Z,measured,16cea6aed21d649453b65981c72d4b8ea7e32605,False,unknown,,5c44f3e9a47e,Ubuntu 24.04.3 LTS,6.8.0-106-generic,AMD EPYC 9254 24-Core Processor,48,1,NVIDIA L4,2,NODE,none-single-node,False,,12.8,580.126.20,2.25.1+cuda12.8,NCCL_DEBUG=VERSION banner,,gcc (Ubuntu 13.3.0-6ubuntu2~24.04) 13.3.0,717b68318278e93f371d8ffb46b076069d7c7851,nccl-tests,reduce_scatter,float,sum,-1,4096,512,out_of_place,20,50,0,full,7.01,0.58,0.29,0,True,True,True,0,/root/nccl-tests/build/reduce_scatter_perf -b 8 -e 128M -f 2 -g 2 -w 20 -n 50 -c 1 -d float,results/raw/p1-nccl-baseline-20260826T181721Z-16cea6a/reduce_scatter.full.r0.stdout.txt,,"[{""index"":0,""memory_total_mib"":23034,""name"":""NVIDIA L4"",""pci_bus_id"":""00000000:03:00.0""},{""index"":1,""memory_total_mib"":23034,""name"":""NVIDIA L4"",""pci_bus_id"":""00000000:C3:00.0""}]","""\t\u001b[4mGPU0\tGPU1\tNIC0\tCPU Affinity\tNUMA Affinity\tGPU NUMA ID\u001b[0m\nGPU0\t X \tNODE\tNODE\t0-47\t0\t\tN/A\nGPU1\tNODE\t X \tNODE\t0-47\t0\t\tN/A\nNIC0\tNODE\tNODE\t X \t\t\t\t\n\nLegend:\n\n  X    = Self\n  SYS  = Connection traversing PCIe as well as the SMP interconnect between NUMA nodes (e.g., QPI/UPI)\n  NODE = Connection traversing PCIe as well as the interconnect between PCIe Host Bridges within a NUMA node\n  PHB  = Connection traversing PCIe as well as a PCIe Host Bridge (typically the CPU)\n  PXB  = Connection traversing multiple PCIe bridges (without traversing the PCIe Host Bridge)\n  PIX  = Connection traversing at most a single PCIe bridge\n  NV#  = Connection traversing a bonded set of # NVLinks\n\nNIC Legend:\n\n  NIC0: mlx5_bond_0""","{""CUDA_HOME"":""/usr/local/cuda"",""NCCL_TESTS_DIR"":""/root/nccl-tests""}"
1,p1-nccl-baseline-20260826T181721Z-16cea6a,phase1,2026-08-26T18:17:37Z,measured,16cea6aed21d649453b65981c72d4b8ea7e32605,False,unknown,,5c44f3e9a47e,Ubuntu 24.04.3 LTS,6.8.0-106-generic,AMD EPYC 9254 24-Core Processor,48,1,NVIDIA L4,2,NODE,none-single-node,False,,12.8,580.126.20,2.25.1+cuda12.8,NCCL_DEBUG=VERSION banner,,gcc (Ubuntu 13.3.0-6ubuntu2~24.04) 13.3.0,717b68318278e93f371d8ffb46b076069d7c7851,nccl-tests,reduce_scatter,float,sum,-1,4096,512,in_place,20,50,0,full,6.78,0.6,0.3,0,True,True,True,0,/root/nccl-tests/build/reduce_scatter_perf -b 8 -e 128M -f 2 -g 2 -w 20 -n 50 -c 1 -d float,results/raw/p1-nccl-baseline-20260826T181721Z-16cea6a/reduce_scatter.full.r0.stdout.txt,,"[{""index"":0,""memory_total_mib"":23034,""name"":""NVIDIA L4"",""pci_bus_id"":""00000000:03:00.0""},{""index"":1,""memory_total_mib"":23034,""name"":""NVIDIA L4"",""pci_bus_id"":""00000000:C3:00.0""}]","""\t\u001b[4mGPU0\tGPU1\tNIC0\tCPU Affinity\tNUMA Affinity\tGPU NUMA ID\u001b[0m\nGPU0\t X \tNODE\tNODE\t0-47\t0\t\tN/A\nGPU1\tNODE\t X \tNODE\t0-47\t0\t\tN/A\nNIC0\tNODE\tNODE\t X \t\t\t\t\n\nLegend:\n\n  X    = Self\n  SYS  = Connection traversing PCIe as well as the SMP interconnect between NUMA nodes (e.g., QPI/UPI)\n  NODE = Connection traversing PCIe as well as the interconnect between PCIe Host Bridges within a NUMA node\n  PHB  = Connection traversing PCIe as well as a PCIe Host Bridge (typically the CPU)\n  PXB  = Connection traversing multiple PCIe bridges (without traversing the PCIe Host Bridge)\n  PIX  = Connection traversing at most a single PCIe bridge\n  NV#  = Connection traversing a bonded set of # NVLinks\n\nNIC Legend:\n\n  NIC0: mlx5_bond_0""","{""CUDA_HOME"":""/usr/local/cuda"",""NCCL_TESTS_DIR"":""/root/nccl-tests""}"
1,p1-nccl-baseline-20260826T181721Z-16cea6a,phase1,2026-08-26T18:17:37Z,measured,16cea6aed21d649453b65981c72d4b8ea7e32605,False,unknown,,5c44f3e9a47e,Ubuntu 24.04.3 LTS,6.8.0-106-generic,AMD EPYC 9254 24-Core Processor,48,1,NVIDIA L4,2,NODE,none-single-node,False,,12.8,580.126.20,2.25.1+cuda12.8,NCCL_DEBUG=VERSION banner,,gcc (Ubuntu 13.3.0-6ubuntu2~24.04) 13.3.0,717b68318278e93f371d8ffb46b076069d7c7851,nccl-tests,reduce_scatter,float,sum,-1,8192,1024,out_of_place,20,50,0,full,7.06,1.16,0.58,0,True,True,True,0,/root/nccl-tests/build/reduce_scatter_perf -b 8 -e 128M -f 2 -g 2 -w 20 -n 50 -c 1 -d float,results/raw/p1-nccl-baseline-20260826T181721Z-16cea6a/reduce_scatter.full.r0.stdout.txt,,"[{""index"":0,""memory_total_mib"":23034,""name"":""NVIDIA L4"",""pci_bus_id"":""00000000:03:00.0""},{""index"":1,""memory_total_mib"":23034,""name"":""NVIDIA L4"",""pci_bus_id"":""00000000:C3:00.0""}]","""\t\u001b[4mGPU0\tGPU1\tNIC0\tCPU Affinity\tNUMA Affinity\tGPU NUMA ID\u001b[0m\nGPU0\t X \tNODE\tNODE\t0-47\t0\t\tN/A\nGPU1\tNODE\t X \tNODE\t0-47\t0\t\tN/A\nNIC0\tNODE\tNODE\t X \t\t\t\t\n\nLegend:\n\n  X    = Self\n  SYS  = Connection traversing PCIe as well as the SMP interconnect between NUMA nodes (e.g., QPI/UPI)\n  NODE = Connection traversing PCIe as well as the interconnect between PCIe Host Bridges within a NUMA node\n  PHB  = Connection traversing PCIe as well as a PCIe Host Bridge (typically the CPU)\n  PXB  = Connection traversing multiple PCIe bridges (without traversing the PCIe Host Bridge)\n  PIX  = Connection traversing at most a single PCIe bridge\n  NV#  = Connection traversing a bonded set of # NVLinks\n\nNIC Legend:\n\n  NIC0: mlx5_bond_0""","{""CUDA_HOME"":""/usr/local/cuda"",""NCCL_TESTS_DIR"":""/root/nccl-tests""}"
1,p1-nccl-baseline-20260826T181721Z-16cea6a,phase1,2026-08-26T18:17:37Z,measured,16cea6aed21d649453b65981c72d4b8ea7e32605,False,unknown,,5c44f3e9a47e,Ubuntu 24.04.3 LTS,6.8.0-106-generic,AMD EPYC 9254 24-Core Processor,48,1,NVIDIA L4,2,NODE,none-single-node,False,,12.8,580.126.20,2.25.1+cuda12.8,NCCL_DEBUG=VERSION banner,,gcc (Ubuntu 13.3.0-6ubuntu2~24.04) 13.3.0,717b68318278e93f371d8ffb46b076069d7c7851,nccl-tests,reduce_scatter,float,sum,-1,8192,1024,in_place,20,50,0,full,7.19,1.14,0.57,0,True,True,True,0,/root/nccl-tests/build/reduce_scatter_perf -b 8 -e 128M -f 2 -g 2 -w 20 -n 50 -c 1 -d float,results/raw/p1-nccl-baseline-20260826T181721Z-16cea6a/reduce_scatter.full.r0.stdout.txt,,"[{""index"":0,""memory_total_mib"":23034,""name"":""NVIDIA L4"",""pci_bus_id"":""00000000:03:00.0""},{""index"":1,""memory_total_mib"":23034,""name"":""NVIDIA L4"",""pci_bus_id"":""00000000:C3:00.0""}]","""\t\u001b[4mGPU0\tGPU1\tNIC0\tCPU Affinity\tNUMA Affinity\tGPU NUMA ID\u001b[0m\nGPU0\t X \tNODE\tNODE\t0-47\t0\t\tN/A\nGPU1\tNODE\t X \tNODE\t0-47\t0\t\tN/A\nNIC0\tNODE\tNODE\t X \t\t\t\t\n\nLegend:\n\n  X    = Self\n  SYS  = Connection traversing PCIe as well as the SMP interconnect between NUMA nodes (e.g., QPI/UPI)\n  NODE = Connection traversing PCIe as well as the interconnect between PCIe Host Bridges within a NUMA node\n  PHB  = Connection traversing PCIe as well as a PCIe Host Bridge (typically the CPU)\n  PXB  = Connection traversing multiple PCIe bridges (without traversing the PCIe Host Bridge)\n  PIX  = Connection traversing at most a single PCIe bridge\n  NV#  = Connection traversing a bonded set of # NVLinks\n\nNIC Legend:\n\n  NIC0: mlx5_bond_0""","{""CUDA_HOME"":""/usr/local/cuda"",""NCCL_TESTS_DIR"":""/root/nccl-tests""}"
1,p1-nccl-baseline-20260826T181721Z-16cea6a,phase1,2026-08-26T18:17:37Z,measured,16cea6aed21d649453b65981c72d4b8ea7e32605,False,unknown,,5c44f3e9a47e,Ubuntu 24.04.3 LTS,6.8.0-106-generic,AMD EPYC 9254 24-Core Processor,48,1,NVIDIA L4,2,NODE,none-single-node,False,,12.8,580.126.20,2.25.1+cuda12.8,NCCL_DEBUG=VERSION banner,,gcc (Ubuntu 13.3.0-6ubuntu2~24.04) 13.3.0,717b68318278e93f371d8ffb46b076069d7c7851,nccl-tests,reduce_scatter,float,sum,-1,16384,2048,out_of_place,20,50,0,full,7.7,2.13,1.06,0,True,True,True,0,/root/nccl-tests/build/reduce_scatter_perf -b 8 -e 128M -f 2 -g 2 -w 20 -n 50 -c 1 -d float,results/raw/p1-nccl-baseline-20260826T181721Z-16cea6a/reduce_scatter.full.r0.stdout.txt,,"[{""index"":0,""memory_total_mib"":23034,""name"":""NVIDIA L4"",""pci_bus_id"":""00000000:03:00.0""},{""index"":1,""memory_total_mib"":23034,""name"":""NVIDIA L4"",""pci_bus_id"":""00000000:C3:00.0""}]","""\t\u001b[4mGPU0\tGPU1\tNIC0\tCPU Affinity\tNUMA Affinity\tGPU NUMA ID\u001b[0m\nGPU0\t X \tNODE\tNODE\t0-47\t0\t\tN/A\nGPU1\tNODE\t X \tNODE\t0-47\t0\t\tN/A\nNIC0\tNODE\tNODE\t X \t\t\t\t\n\nLegend:\n\n  X    = Self\n  SYS  = Connection traversing PCIe as well as the SMP interconnect between NUMA nodes (e.g., QPI/UPI)\n  NODE = Connection traversing PCIe as well as the interconnect between PCIe Host Bridges within a NUMA node\n  PHB  = Connection traversing PCIe as well as a PCIe Host Bridge (typically the CPU)\n  PXB  = Connection traversing multiple PCIe bridges (without traversing the PCIe Host Bridge)\n  PIX  = Connection traversing at most a single PCIe bridge\n  NV#  = Connection traversing a bonded set of # NVLinks\n\nNIC Legend:\n\n  NIC0: mlx5_bond_0""","{""CUDA_HOME"":""/usr/local/cuda"",""NCCL_TESTS_DIR"":""/root/nccl-tests""}"
1,p1-nccl-baseline-20260826T181721Z-16cea6a,phase1,2026-08-26T18:17:37Z,measured,16cea6aed21d649453b65981c72d4b8ea7e32605,False,unknown,,5c44f3e9a47e,Ubuntu 24.04.3 LTS,6.8.0-106-generic,AMD EPYC 9254 24-Core Processor,48,1,NVIDIA L4,2,NODE,none-single-node,False,,12.8,580.126.20,2.25.1+cuda12.8,NCCL_DEBUG=VERSION banner,,gcc (Ubuntu 13.3.0-6ubuntu2~24.04) 13.3.0,717b68318278e93f371d8ffb46b076069d7c7851,nccl-tests,reduce_scatter,float,sum,-1,16384,2048,in_place,20,50,0,full,7.22,2.27,1.14,0,True,True,True,0,/root/nccl-tests/build/reduce_scatter_perf -b 8 -e 128M -f 2 -g 2 -w 20 -n 50 -c 1 -d float,results/raw/p1-nccl-baseline-20260826T181721Z-16cea6a/reduce_scatter.full.r0.stdout.txt,,"[{""index"":0,""memory_total_mib"":23034,""name"":""NVIDIA L4"",""pci_bus_id"":""00000000:03:00.0""},{""index"":1,""memory_total_mib"":23034,""name"":""NVIDIA L4"",""pci_bus_id"":""00000000:C3:00.0""}]","""\t\u001b[4mGPU0\tGPU1\tNIC0\tCPU Affinity\tNUMA Affinity\tGPU NUMA ID\u001b[0m\nGPU0\t X \tNODE\tNODE\t0-47\t0\t\tN/A\nGPU1\tNODE\t X \tNODE\t0-47\t0\t\tN/A\nNIC0\tNODE\tNODE\t X \t\t\t\t\n\nLegend:\n\n  X    = Self\n  SYS  = Connection traversing PCIe as well as the SMP interconnect between NUMA nodes (e.g., QPI/UPI)\n  NODE = Connection traversing PCIe as well as the interconnect between PCIe Host Bridges within a NUMA node\n  PHB  = Connection traversing PCIe as well as a PCIe Host Bridge (typically the CPU)\n  PXB  = Connection traversing multiple PCIe bridges (without traversing the PCIe Host Bridge)\n  PIX  = Connection traversing at most a single PCIe bridge\n  NV#  = Connection traversing a bonded set of # NVLinks\n\nNIC Legend:\n\n  NIC0: mlx5_bond_0""","{""CUDA_HOME"":""/usr/local/cuda"",""NCCL_TESTS_DIR"":""/root/nccl-tests""}"
1,p1-nccl-baseline-20260826T181721Z-16cea6a,phase1,2026-08-26T18:17:37Z,measured,16cea6aed21d649453b65981c72d4b8ea7e32605,False,unknown,,5c44f3e9a47e,Ubuntu 24.04.3 LTS,6.8.0-106-generic,AMD EPYC 9254 24-Core Processor,48,1,NVIDIA L4,2,NODE,none-single-node,False,,12.8,580.126.20,2.25.1+cuda12.8,NCCL_DEBUG=VERSION banner,,gcc (Ubuntu 13.3.0-6ubuntu2~24.04) 13.3.0,717b68318278e93f371d8ffb46b076069d7c7851,nccl-tests,reduce_scatter,float,sum,-1,32768,4096,out_of_place,20,50,0,full,9.09,3.6,1.8,0,True,True,True,0,/root/nccl-tests/build/reduce_scatter_perf -b 8 -e 128M -f 2 -g 2 -w 20 -n 50 -c 1 -d float,results/raw/p1-nccl-baseline-20260826T181721Z-16cea6a/reduce_scatter.full.r0.stdout.txt,,"[{""index"":0,""memory_total_mib"":23034,""name"":""NVIDIA L4"",""pci_bus_id"":""00000000:03:00.0""},{""index"":1,""memory_total_mib"":23034,""name"":""NVIDIA L4"",""pci_bus_id"":""00000000:C3:00.0""}]","""\t\u001b[4mGPU0\tGPU1\tNIC0\tCPU Affinity\tNUMA Affinity\tGPU NUMA ID\u001b[0m\nGPU0\t X \tNODE\tNODE\t0-47\t0\t\tN/A\nGPU1\tNODE\t X \tNODE\t0-47\t0\t\tN/A\nNIC0\tNODE\tNODE\t X \t\t\t\t\n\nLegend:\n\n  X    = Self\n  SYS  = Connection traversing PCIe as well as the SMP interconnect between NUMA nodes (e.g., QPI/UPI)\n  NODE = Connection traversing PCIe as well as the interconnect between PCIe Host Bridges within a NUMA node\n  PHB  = Connection traversing PCIe as well as a PCIe Host Bridge (typically the CPU)\n  PXB  = Connection traversing multiple PCIe bridges (without traversing the PCIe Host Bridge)\n  PIX  = Connection traversing at most a single PCIe bridge\n  NV#  = Connection traversing a bonded set of # NVLinks\n\nNIC Legend:\n\n  NIC0: mlx5_bond_0""","{""CUDA_HOME"":""/usr/local/cuda"",""NCCL_TESTS_DIR"":""/root/nccl-tests""}"
1,p1-nccl-baseline-20260826T181721Z-16cea6a,phase1,2026-08-26T18:17:37Z,measured,16cea6aed21d649453b65981c72d4b8ea7e32605,False,unknown,,5c44f3e9a47e,Ubuntu 24.04.3 LTS,6.8.0-106-generic,AMD EPYC 9254 24-Core Processor,48,1,NVIDIA L4,2,NODE,none-single-node,False,,12.8,580.126.20,2.25.1+cuda12.8,NCCL_DEBUG=VERSION banner,,gcc (Ubuntu 13.3.0-6ubuntu2~24.04) 13.3.0,717b68318278e93f371d8ffb46b076069d7c7851,nccl-tests,reduce_scatter,float,sum,-1,32768,4096,in_place,20,50,0,full,9.07,3.61,1.81,0,True,True,True,0,/root/nccl-tests/build/reduce_scatter_perf -b 8 -e 128M -f 2 -g 2 -w 20 -n 50 -c 1 -d float,results/raw/p1-nccl-baseline-20260826T181721Z-16cea6a/reduce_scatter.full.r0.stdout.txt,,"[{""index"":0,""memory_total_mib"":23034,""name"":""NVIDIA L4"",""pci_bus_id"":""00000000:03:00.0""},{""index"":1,""memory_total_mib"":23034,""name"":""NVIDIA L4"",""pci_bus_id"":""00000000:C3:00.0""}]","""\t\u001b[4mGPU0\tGPU1\tNIC0\tCPU Affinity\tNUMA Affinity\tGPU NUMA ID\u001b[0m\nGPU0\t X \tNODE\tNODE\t0-47\t0\t\tN/A\nGPU1\tNODE\t X \tNODE\t0-47\t0\t\tN/A\nNIC0\tNODE\tNODE\t X \t\t\t\t\n\nLegend:\n\n  X    = Self\n  SYS  = Connection traversing PCIe as well as the SMP interconnect between NUMA nodes (e.g., QPI/UPI)\n  NODE = Connection traversing PCIe as well as the interconnect between PCIe Host Bridges within a NUMA node\n  PHB  = Connection traversing PCIe as well as a PCIe Host Bridge (typically the CPU)\n  PXB  = Connection traversing multiple PCIe bridges (without traversing the PCIe Host Bridge)\n  PIX  = Connection traversing at most a single PCIe bridge\n  NV#  = Connection traversing a bonded set of # NVLinks\n\nNIC Legend:\n\n  NIC0: mlx5_bond_0""","{""CUDA_HOME"":""/usr/local/cuda"",""NCCL_TESTS_DIR"":""/root/nccl-tests""}"
1,p1-nccl-baseline-20260826T181721Z-16cea6a,phase1,2026-08-26T18:17:37Z,measured,16cea6aed21d649453b65981c72d4b8ea7e32605,False,unknown,,5c44f3e9a47e,Ubuntu 24.04.3 LTS,6.8.0-106-generic,AMD EPYC 9254 24-Core Processor,48,1,NVIDIA L4,2,NODE,none-single-node,False,,12.8,580.126.20,2.25.1+cuda12.8,NCCL_DEBUG=VERSION banner,,gcc (Ubuntu 13.3.0-6ubuntu2~24.04) 13.3.0,717b68318278e93f371d8ffb46b076069d7c7851,nccl-tests,reduce_scatter,float,sum,-1,65536,8192,out_of_place,20,50,0,full,12.22,5.36,2.68,0,True,True,True,0,/root/nccl-tests/build/reduce_scatter_perf -b 8 -e 128M -f 2 -g 2 -w 20 -n 50 -c 1 -d float,results/raw/p1-nccl-baseline-20260826T181721Z-16cea6a/reduce_scatter.full.r0.stdout.txt,,"[{""index"":0,""memory_total_mib"":23034,""name"":""NVIDIA L4"",""pci_bus_id"":""00000000:03:00.0""},{""index"":1,""memory_total_mib"":23034,""name"":""NVIDIA L4"",""pci_bus_id"":""00000000:C3:00.0""}]","""\t\u001b[4mGPU0\tGPU1\tNIC0\tCPU Affinity\tNUMA Affinity\tGPU NUMA ID\u001b[0m\nGPU0\t X \tNODE\tNODE\t0-47\t0\t\tN/A\nGPU1\tNODE\t X \tNODE\t0-47\t0\t\tN/A\nNIC0\tNODE\tNODE\t X \t\t\t\t\n\nLegend:\n\n  X    = Self\n  SYS  = Connection traversing PCIe as well as the SMP interconnect between NUMA nodes (e.g., QPI/UPI)\n  NODE = Connection traversing PCIe as well as the interconnect between PCIe Host Bridges within a NUMA node\n  PHB  = Connection traversing PCIe as well as a PCIe Host Bridge (typically the CPU)\n  PXB  = Connection traversing multiple PCIe bridges (without traversing the PCIe Host Bridge)\n  PIX  = Connection traversing at most a single PCIe bridge\n  NV#  = Connection traversing a bonded set of # NVLinks\n\nNIC Legend:\n\n  NIC0: mlx5_bond_0""","{""CUDA_HOME"":""/usr/local/cuda"",""NCCL_TESTS_DIR"":""/root/nccl-tests""}"
1,p1-nccl-baseline-20260826T181721Z-16cea6a,phase1,2026-08-26T18:17:37Z,measured,16cea6aed21d649453b65981c72d4b8ea7e32605,False,unknown,,5c44f3e9a47e,Ubuntu 24.04.3 LTS,6.8.0-106-generic,AMD EPYC 9254 24-Core Processor,48,1,NVIDIA L4,2,NODE,none-single-node,False,,12.8,580.126.20,2.25.1+cuda12.8,NCCL_DEBUG=VERSION banner,,gcc (Ubuntu 13.3.0-6ubuntu2~24.04) 13.3.0,717b68318278e93f371d8ffb46b076069d7c7851,nccl-tests,reduce_scatter,float,sum,-1,65536,8192,in_place,20,50,0,full,12.04,5.44,2.72,0,True,True,True,0,/root/nccl-tests/build/reduce_scatter_perf -b 8 -e 128M -f 2 -g 2 -w 20 -n 50 -c 1 -d float,results/raw/p1-nccl-baseline-20260826T181721Z-16cea6a/reduce_scatter.full.r0.stdout.txt,,"[{""index"":0,""memory_total_mib"":23034,""name"":""NVIDIA L4"",""pci_bus_id"":""00000000:03:00.0""},{""index"":1,""memory_total_mib"":23034,""name"":""NVIDIA L4"",""pci_bus_id"":""00000000:C3:00.0""}]","""\t\u001b[4mGPU0\tGPU1\tNIC0\tCPU Affinity\tNUMA Affinity\tGPU NUMA ID\u001b[0m\nGPU0\t X \tNODE\tNODE\t0-47\t0\t\tN/A\nGPU1\tNODE\t X \tNODE\t0-47\t0\t\tN/A\nNIC0\tNODE\tNODE\t X \t\t\t\t\n\nLegend:\n\n  X    = Self\n  SYS  = Connection traversing PCIe as well as the SMP interconnect between NUMA nodes (e.g., QPI/UPI)\n  NODE = Connection traversing PCIe as well as the interconnect between PCIe Host Bridges within a NUMA node\n  PHB  = Connection traversing PCIe as well as a PCIe Host Bridge (typically the CPU)\n  PXB  = Connection traversing multiple PCIe bridges (without traversing the PCIe Host Bridge)\n  PIX  = Connection traversing at most a single PCIe bridge\n  NV#  = Connection traversing a bonded set of # NVLinks\n\nNIC Legend:\n\n  NIC0: mlx5_bond_0""","{""CUDA_HOME"":""/usr/local/cuda"",""NCCL_TESTS_DIR"":""/root/nccl-tests""}"
1,p1-nccl-baseline-20260826T181721Z-16cea6a,phase1,2026-08-26T18:17:37Z,measured,16cea6aed21d649453b65981c72d4b8ea7e32605,False,unknown,,5c44f3e9a47e,Ubuntu 24.04.3 LTS,6.8.0-106-generic,AMD EPYC 9254 24-Core Processor,48,1,NVIDIA L4,2,NODE,none-single-node,False,,12.8,580.126.20,2.25.1+cuda12.8,NCCL_DEBUG=VERSION banner,,gcc (Ubuntu 13.3.0-6ubuntu2~24.04) 13.3.0,717b68318278e93f371d8ffb46b076069d7c7851,nccl-tests,reduce_scatter,float,sum,-1,131072,16384,out_of_place,20,50,0,full,17.85,7.34,3.67,0,True,True,True,0,/root/nccl-tests/build/reduce_scatter_perf -b 8 -e 128M -f 2 -g 2 -w 20 -n 50 -c 1 -d float,results/raw/p1-nccl-baseline-20260826T181721Z-16cea6a/reduce_scatter.full.r0.stdout.txt,,"[{""index"":0,""memory_total_mib"":23034,""name"":""NVIDIA L4"",""pci_bus_id"":""00000000:03:00.0""},{""index"":1,""memory_total_mib"":23034,""name"":""NVIDIA L4"",""pci_bus_id"":""00000000:C3:00.0""}]","""\t\u001b[4mGPU0\tGPU1\tNIC0\tCPU Affinity\tNUMA Affinity\tGPU NUMA ID\u001b[0m\nGPU0\t X \tNODE\tNODE\t0-47\t0\t\tN/A\nGPU1\tNODE\t X \tNODE\t0-47\t0\t\tN/A\nNIC0\tNODE\tNODE\t X \t\t\t\t\n\nLegend:\n\n  X    = Self\n  SYS  = Connection traversing PCIe as well as the SMP interconnect between NUMA nodes (e.g., QPI/UPI)\n  NODE = Connection traversing PCIe as well as the interconnect between PCIe Host Bridges within a NUMA node\n  PHB  = Connection traversing PCIe as well as a PCIe Host Bridge (typically the CPU)\n  PXB  = Connection traversing multiple PCIe bridges (without traversing the PCIe Host Bridge)\n  PIX  = Connection traversing at most a single PCIe bridge\n  NV#  = Connection traversing a bonded set of # NVLinks\n\nNIC Legend:\n\n  NIC0: mlx5_bond_0""","{""CUDA_HOME"":""/usr/local/cuda"",""NCCL_TESTS_DIR"":""/root/nccl-tests""}"
1,p1-nccl-baseline-20260826T181721Z-16cea6a,phase1,2026-08-26T18:17:37Z,measured,16cea6aed21d649453b65981c72d4b8ea7e32605,False,unknown,,5c44f3e9a47e,Ubuntu 24.04.3 LTS,6.8.0-106-generic,AMD EPYC 9254 24-Core Processor,48,1,NVIDIA L4,2,NODE,none-single-node,False,,12.8,580.126.20,2.25.1+cuda12.8,NCCL_DEBUG=VERSION banner,,gcc (Ubuntu 13.3.0-6ubuntu2~24.04) 13.3.0,717b68318278e93f371d8ffb46b076069d7c7851,nccl-tests,reduce_scatter,float,sum,-1,131072,16384,in_place,20,50,0,full,17.75,7.38,3.69,0,True,True,True,0,/root/nccl-tests/build/reduce_scatter_perf -b 8 -e 128M -f 2 -g 2 -w 20 -n 50 -c 1 -d float,results/raw/p1-nccl-baseline-20260826T181721Z-16cea6a/reduce_scatter.full.r0.stdout.txt,,"[{""index"":0,""memory_total_mib"":23034,""name"":""NVIDIA L4"",""pci_bus_id"":""00000000:03:00.0""},{""index"":1,""memory_total_mib"":23034,""name"":""NVIDIA L4"",""pci_bus_id"":""00000000:C3:00.0""}]","""\t\u001b[4mGPU0\tGPU1\tNIC0\tCPU Affinity\tNUMA Affinity\tGPU NUMA ID\u001b[0m\nGPU0\t X \tNODE\tNODE\t0-47\t0\t\tN/A\nGPU1\tNODE\t X \tNODE\t0-47\t0\t\tN/A\nNIC0\tNODE\tNODE\t X \t\t\t\t\n\nLegend:\n\n  X    = Self\n  SYS  = Connection traversing PCIe as well as the SMP interconnect between NUMA nodes (e.g., QPI/UPI)\n  NODE = Connection traversing PCIe as well as the interconnect between PCIe Host Bridges within a NUMA node\n  PHB  = Connection traversing PCIe as well as a PCIe Host Bridge (typically the CPU)\n  PXB  = Connection traversing multiple PCIe bridges (without traversing the PCIe Host Bridge)\n  PIX  = Connection traversing at most a single PCIe bridge\n  NV#  = Connection traversing a bonded set of # NVLinks\n\nNIC Legend:\n\n  NIC0: mlx5_bond_0""","{""CUDA_HOME"":""/usr/local/cuda"",""NCCL_TESTS_DIR"":""/root/nccl-tests""}"
1,p1-nccl-baseline-20260826T181721Z-16cea6a,phase1,2026-08-26T18:17:37Z,measured,16cea6aed21d649453b65981c72d4b8ea7e32605,False,unknown,,5c44f3e9a47e,Ubuntu 24.04.3 LTS,6.8.0-106-generic,AMD EPYC 9254 24-Core Processor,48,1,NVIDIA L4,2,NODE,none-single-node,False,,12.8,580.126.20,2.25.1+cuda12.8,NCCL_DEBUG=VERSION banner,,gcc (Ubuntu 13.3.0-6ubuntu2~24.04) 13.3.0,717b68318278e93f371d8ffb46b076069d7c7851,nccl-tests,reduce_scatter,float,sum,-1,262144,32768,out_of_place,20,50,0,full,31.63,8.29,4.14,0,True,True,True,0,/root/nccl-tests/build/reduce_scatter_perf -b 8 -e 128M -f 2 -g 2 -w 20 -n 50 -c 1 -d float,results/raw/p1-nccl-baseline-20260826T181721Z-16cea6a/reduce_scatter.full.r0.stdout.txt,,"[{""index"":0,""memory_total_mib"":23034,""name"":""NVIDIA L4"",""pci_bus_id"":""00000000:03:00.0""},{""index"":1,""memory_total_mib"":23034,""name"":""NVIDIA L4"",""pci_bus_id"":""00000000:C3:00.0""}]","""\t\u001b[4mGPU0\tGPU1\tNIC0\tCPU Affinity\tNUMA Affinity\tGPU NUMA ID\u001b[0m\nGPU0\t X \tNODE\tNODE\t0-47\t0\t\tN/A\nGPU1\tNODE\t X \tNODE\t0-47\t0\t\tN/A\nNIC0\tNODE\tNODE\t X \t\t\t\t\n\nLegend:\n\n  X    = Self\n  SYS  = Connection traversing PCIe as well as the SMP interconnect between NUMA nodes (e.g., QPI/UPI)\n  NODE = Connection traversing PCIe as well as the interconnect between PCIe Host Bridges within a NUMA node\n  PHB  = Connection traversing PCIe as well as a PCIe Host Bridge (typically the CPU)\n  PXB  = Connection traversing multiple PCIe bridges (without traversing the PCIe Host Bridge)\n  PIX  = Connection traversing at most a single PCIe bridge\n  NV#  = Connection traversing a bonded set of # NVLinks\n\nNIC Legend:\n\n  NIC0: mlx5_bond_0""","{""CUDA_HOME"":""/usr/local/cuda"",""NCCL_TESTS_DIR"":""/root/nccl-tests""}"
1,p1-nccl-baseline-20260826T181721Z-16cea6a,phase1,2026-08-26T18:17:37Z,measured,16cea6aed21d649453b65981c72d4b8ea7e32605,False,unknown,,5c44f3e9a47e,Ubuntu 24.04.3 LTS,6.8.0-106-generic,AMD EPYC 9254 24-Core Processor,48,1,NVIDIA L4,2,NODE,none-single-node,False,,12.8,580.126.20,2.25.1+cuda12.8,NCCL_DEBUG=VERSION banner,,gcc (Ubuntu 13.3.0-6ubuntu2~24.04) 13.3.0,717b68318278e93f371d8ffb46b076069d7c7851,nccl-tests,reduce_scatter,float,sum,-1,262144,32768,in_place,20,50,0,full,31.23,8.4,4.2,0,True,True,True,0,/root/nccl-tests/build/reduce_scatter_perf -b 8 -e 128M -f 2 -g 2 -w 20 -n 50 -c 1 -d float,results/raw/p1-nccl-baseline-20260826T181721Z-16cea6a/reduce_scatter.full.r0.stdout.txt,,"[{""index"":0,""memory_total_mib"":23034,""name"":""NVIDIA L4"",""pci_bus_id"":""00000000:03:00.0""},{""index"":1,""memory_total_mib"":23034,""name"":""NVIDIA L4"",""pci_bus_id"":""00000000:C3:00.0""}]","""\t\u001b[4mGPU0\tGPU1\tNIC0\tCPU Affinity\tNUMA Affinity\tGPU NUMA ID\u001b[0m\nGPU0\t X \tNODE\tNODE\t0-47\t0\t\tN/A\nGPU1\tNODE\t X \tNODE\t0-47\t0\t\tN/A\nNIC0\tNODE\tNODE\t X \t\t\t\t\n\nLegend:\n\n  X    = Self\n  SYS  = Connection traversing PCIe as well as the SMP interconnect between NUMA nodes (e.g., QPI/UPI)\n  NODE = Connection traversing PCIe as well as the interconnect between PCIe Host Bridges within a NUMA node\n  PHB  = Connection traversing PCIe as well as a PCIe Host Bridge (typically the CPU)\n  PXB  = Connection traversing multiple PCIe bridges (without traversing the PCIe Host Bridge)\n  PIX  = Connection traversing at most a single PCIe bridge\n  NV#  = Connection traversing a bonded set of # NVLinks\n\nNIC Legend:\n\n  NIC0: mlx5_bond_0""","{""CUDA_HOME"":""/usr/local/cuda"",""NCCL_TESTS_DIR"":""/root/nccl-tests""}"
1,p1-nccl-baseline-20260826T181721Z-16cea6a,phase1,2026-08-26T18:17:37Z,measured,16cea6aed21d649453b65981c72d4b8ea7e32605,False,unknown,,5c44f3e9a47e,Ubuntu 24.04.3 LTS,6.8.0-106-generic,AMD EPYC 9254 24-Core Processor,48,1,NVIDIA L4,2,NODE,none-single-node,False,,12.8,580.126.20,2.25.1+cuda12.8,NCCL_DEBUG=VERSION banner,,gcc (Ubuntu 13.3.0-6ubuntu2~24.04) 13.3.0,717b68318278e93f371d8ffb46b076069d7c7851,nccl-tests,reduce_scatter,float,sum,-1,524288,65536,out_of_place,20,50,0,full,44.94,11.67,5.83,0,True,True,True,0,/root/nccl-tests/build/reduce_scatter_perf -b 8 -e 128M -f 2 -g 2 -w 20 -n 50 -c 1 -d float,results/raw/p1-nccl-baseline-20260826T181721Z-16cea6a/reduce_scatter.full.r0.stdout.txt,,"[{""index"":0,""memory_total_mib"":23034,""name"":""NVIDIA L4"",""pci_bus_id"":""00000000:03:00.0""},{""index"":1,""memory_total_mib"":23034,""name"":""NVIDIA L4"",""pci_bus_id"":""00000000:C3:00.0""}]","""\t\u001b[4mGPU0\tGPU1\tNIC0\tCPU Affinity\tNUMA Affinity\tGPU NUMA ID\u001b[0m\nGPU0\t X \tNODE\tNODE\t0-47\t0\t\tN/A\nGPU1\tNODE\t X \tNODE\t0-47\t0\t\tN/A\nNIC0\tNODE\tNODE\t X \t\t\t\t\n\nLegend:\n\n  X    = Self\n  SYS  = Connection traversing PCIe as well as the SMP interconnect between NUMA nodes (e.g., QPI/UPI)\n  NODE = Connection traversing PCIe as well as the interconnect between PCIe Host Bridges within a NUMA node\n  PHB  = Connection traversing PCIe as well as a PCIe Host Bridge (typically the CPU)\n  PXB  = Connection traversing multiple PCIe bridges (without traversing the PCIe Host Bridge)\n  PIX  = Connection traversing at most a single PCIe bridge\n  NV#  = Connection traversing a bonded set of # NVLinks\n\nNIC Legend:\n\n  NIC0: mlx5_bond_0""","{""CUDA_HOME"":""/usr/local/cuda"",""NCCL_TESTS_DIR"":""/root/nccl-tests""}"
1,p1-nccl-baseline-20260826T181721Z-16cea6a,phase1,2026-08-26T18:17:37Z,measured,16cea6aed21d649453b65981c72d4b8ea7e32605,False,unknown,,5c44f3e9a47e,Ubuntu 24.04.3 LTS,6.8.0-106-generic,AMD EPYC 9254 24-Core Processor,48,1,NVIDIA L4,2,NODE,none-single-node,False,,12.8,580.126.20,2.25.1+cuda12.8,NCCL_DEBUG=VERSION banner,,gcc (Ubuntu 13.3.0-6ubuntu2~24.04) 13.3.0,717b68318278e93f371d8ffb46b076069d7c7851,nccl-tests,reduce_scatter,float,sum,-1,524288,65536,in_place,20,50,0,full,44.65,11.74,5.87,0,True,True,True,0,/root/nccl-tests/build/reduce_scatter_perf -b 8 -e 128M -f 2 -g 2 -w 20 -n 50 -c 1 -d float,results/raw/p1-nccl-baseline-20260826T181721Z-16cea6a/reduce_scatter.full.r0.stdout.txt,,"[{""index"":0,""memory_total_mib"":23034,""name"":""NVIDIA L4"",""pci_bus_id"":""00000000:03:00.0""},{""index"":1,""memory_total_mib"":23034,""name"":""NVIDIA L4"",""pci_bus_id"":""00000000:C3:00.0""}]","""\t\u001b[4mGPU0\tGPU1\tNIC0\tCPU Affinity\tNUMA Affinity\tGPU NUMA ID\u001b[0m\nGPU0\t X \tNODE\tNODE\t0-47\t0\t\tN/A\nGPU1\tNODE\t X \tNODE\t0-47\t0\t\tN/A\nNIC0\tNODE\tNODE\t X \t\t\t\t\n\nLegend:\n\n  X    = Self\n  SYS  = Connection traversing PCIe as well as the SMP interconnect between NUMA nodes (e.g., QPI/UPI)\n  NODE = Connection traversing PCIe as well as the interconnect between PCIe Host Bridges within a NUMA node\n  PHB  = Connection traversing PCIe as well as a PCIe Host Bridge (typically the CPU)\n  PXB  = Connection traversing multiple PCIe bridges (without traversing the PCIe Host Bridge)\n  PIX  = Connection traversing at most a single PCIe bridge\n  NV#  = Connection traversing a bonded set of # NVLinks\n\nNIC Legend:\n\n  NIC0: mlx5_bond_0""","{""CUDA_HOME"":""/usr/local/cuda"",""NCCL_TESTS_DIR"":""/root/nccl-tests""}"
1,p1-nccl-baseline-20260826T181721Z-16cea6a,phase1,2026-08-26T18:17:37Z,measured,16cea6aed21d649453b65981c72d4b8ea7e32605,False,unknown,,5c44f3e9a47e,Ubuntu 24.04.3 LTS,6.8.0-106-generic,AMD EPYC 9254 24-Core Processor,48,1,NVIDIA L4,2,NODE,none-single-node,False,,12.8,580.126.20,2.25.1+cuda12.8,NCCL_DEBUG=VERSION banner,,gcc (Ubuntu 13.3.0-6ubuntu2~24.04) 13.3.0,717b68318278e93f371d8ffb46b076069d7c7851,nccl-tests,reduce_scatter,float,sum,-1,1048576,131072,out_of_place,20,50,0,full,69.6,15.07,7.53,0,True,True,True,0,/root/nccl-tests/build/reduce_scatter_perf -b 8 -e 128M -f 2 -g 2 -w 20 -n 50 -c 1 -d float,results/raw/p1-nccl-baseline-20260826T181721Z-16cea6a/reduce_scatter.full.r0.stdout.txt,,"[{""index"":0,""memory_total_mib"":23034,""name"":""NVIDIA L4"",""pci_bus_id"":""00000000:03:00.0""},{""index"":1,""memory_total_mib"":23034,""name"":""NVIDIA L4"",""pci_bus_id"":""00000000:C3:00.0""}]","""\t\u001b[4mGPU0\tGPU1\tNIC0\tCPU Affinity\tNUMA Affinity\tGPU NUMA ID\u001b[0m\nGPU0\t X \tNODE\tNODE\t0-47\t0\t\tN/A\nGPU1\tNODE\t X \tNODE\t0-47\t0\t\tN/A\nNIC0\tNODE\tNODE\t X \t\t\t\t\n\nLegend:\n\n  X    = Self\n  SYS  = Connection traversing PCIe as well as the SMP interconnect between NUMA nodes (e.g., QPI/UPI)\n  NODE = Connection traversing PCIe as well as the interconnect between PCIe Host Bridges within a NUMA node\n  PHB  = Connection traversing PCIe as well as a PCIe Host Bridge (typically the CPU)\n  PXB  = Connection traversing multiple PCIe bridges (without traversing the PCIe Host Bridge)\n  PIX  = Connection traversing at most a single PCIe bridge\n  NV#  = Connection traversing a bonded set of # NVLinks\n\nNIC Legend:\n\n  NIC0: mlx5_bond_0""","{""CUDA_HOME"":""/usr/local/cuda"",""NCCL_TESTS_DIR"":""/root/nccl-tests""}"
1,p1-nccl-baseline-20260826T181721Z-16cea6a,phase1,2026-08-26T18:17:37Z,measured,16cea6aed21d649453b65981c72d4b8ea7e32605,False,unknown,,5c44f3e9a47e,Ubuntu 24.04.3 LTS,6.8.0-106-generic,AMD EPYC 9254 24-Core Processor,48,1,NVIDIA L4,2,NODE,none-single-node,False,,12.8,580.126.20,2.25.1+cuda12.8,NCCL_DEBUG=VERSION banner,,gcc (Ubuntu 13.3.0-6ubuntu2~24.04) 13.3.0,717b68318278e93f371d8ffb46b076069d7c7851,nccl-tests,reduce_scatter,float,sum,-1,1048576,131072,in_place,20,50,0,full,69.71,15.04,7.52,0,True,True,True,0,/root/nccl-tests/build/reduce_scatter_perf -b 8 -e 128M -f 2 -g 2 -w 20 -n 50 -c 1 -d float,results/raw/p1-nccl-baseline-20260826T181721Z-16cea6a/reduce_scatter.full.r0.stdout.txt,,"[{""index"":0,""memory_total_mib"":23034,""name"":""NVIDIA L4"",""pci_bus_id"":""00000000:03:00.0""},{""index"":1,""memory_total_mib"":23034,""name"":""NVIDIA L4"",""pci_bus_id"":""00000000:C3:00.0""}]","""\t\u001b[4mGPU0\tGPU1\tNIC0\tCPU Affinity\tNUMA Affinity\tGPU NUMA ID\u001b[0m\nGPU0\t X \tNODE\tNODE\t0-47\t0\t\tN/A\nGPU1\tNODE\t X \tNODE\t0-47\t0\t\tN/A\nNIC0\tNODE\tNODE\t X \t\t\t\t\n\nLegend:\n\n  X    = Self\n  SYS  = Connection traversing PCIe as well as the SMP interconnect between NUMA nodes (e.g., QPI/UPI)\n  NODE = Connection traversing PCIe as well as the interconnect between PCIe Host Bridges within a NUMA node\n  PHB  = Connection traversing PCIe as well as a PCIe Host Bridge (typically the CPU)\n  PXB  = Connection traversing multiple PCIe bridges (without traversing the PCIe Host Bridge)\n  PIX  = Connection traversing at most a single PCIe bridge\n  NV#  = Connection traversing a bonded set of # NVLinks\n\nNIC Legend:\n\n  NIC0: mlx5_bond_0""","{""CUDA_HOME"":""/usr/local/cuda"",""NCCL_TESTS_DIR"":""/root/nccl-tests""}"
1,p1-nccl-baseline-20260826T181721Z-16cea6a,phase1,2026-08-26T18:17:37Z,measured,16cea6aed21d649453b65981c72d4b8ea7e32605,False,unknown,,5c44f3e9a47e,Ubuntu 24.04.3 LTS,6.8.0-106-generic,AMD EPYC 9254 24-Core Processor,48,1,NVIDIA L4,2,NODE,none-single-node,False,,12.8,580.126.20,2.25.1+cuda12.8,NCCL_DEBUG=VERSION banner,,gcc (Ubuntu 13.3.0-6ubuntu2~24.04) 13.3.0,717b68318278e93f371d8ffb46b076069d7c7851,nccl-tests,reduce_scatter,float,sum,-1,2097152,262144,out_of_place,20,50,0,full,118.17,17.75,8.87,0,True,True,True,0,/root/nccl-tests/build/reduce_scatter_perf -b 8 -e 128M -f 2 -g 2 -w 20 -n 50 -c 1 -d float,results/raw/p1-nccl-baseline-20260826T181721Z-16cea6a/reduce_scatter.full.r0.stdout.txt,,"[{""index"":0,""memory_total_mib"":23034,""name"":""NVIDIA L4"",""pci_bus_id"":""00000000:03:00.0""},{""index"":1,""memory_total_mib"":23034,""name"":""NVIDIA L4"",""pci_bus_id"":""00000000:C3:00.0""}]","""\t\u001b[4mGPU0\tGPU1\tNIC0\tCPU Affinity\tNUMA Affinity\tGPU NUMA ID\u001b[0m\nGPU0\t X \tNODE\tNODE\t0-47\t0\t\tN/A\nGPU1\tNODE\t X \tNODE\t0-47\t0\t\tN/A\nNIC0\tNODE\tNODE\t X \t\t\t\t\n\nLegend:\n\n  X    = Self\n  SYS  = Connection traversing PCIe as well as the SMP interconnect between NUMA nodes (e.g., QPI/UPI)\n  NODE = Connection traversing PCIe as well as the interconnect between PCIe Host Bridges within a NUMA node\n  PHB  = Connection traversing PCIe as well as a PCIe Host Bridge (typically the CPU)\n  PXB  = Connection traversing multiple PCIe bridges (without traversing the PCIe Host Bridge)\n  PIX  = Connection traversing at most a single PCIe bridge\n  NV#  = Connection traversing a bonded set of # NVLinks\n\nNIC Legend:\n\n  NIC0: mlx5_bond_0""","{""CUDA_HOME"":""/usr/local/cuda"",""NCCL_TESTS_DIR"":""/root/nccl-tests""}"
1,p1-nccl-baseline-20260826T181721Z-16cea6a,phase1,2026-08-26T18:17:37Z,measured,16cea6aed21d649453b65981c72d4b8ea7e32605,False,unknown,,5c44f3e9a47e,Ubuntu 24.04.3 LTS,6.8.0-106-generic,AMD EPYC 9254 24-Core Processor,48,1,NVIDIA L4,2,NODE,none-single-node,False,,12.8,580.126.20,2.25.1+cuda12.8,NCCL_DEBUG=VERSION banner,,gcc (Ubuntu 13.3.0-6ubuntu2~24.04) 13.3.0,717b68318278e93f371d8ffb46b076069d7c7851,nccl-tests,reduce_scatter,float,sum,-1,2097152,262144,in_place,20,50,0,full,118.07,17.76,8.88,0,True,True,True,0,/root/nccl-tests/build/reduce_scatter_perf -b 8 -e 128M -f 2 -g 2 -w 20 -n 50 -c 1 -d float,results/raw/p1-nccl-baseline-20260826T181721Z-16cea6a/reduce_scatter.full.r0.stdout.txt,,"[{""index"":0,""memory_total_mib"":23034,""name"":""NVIDIA L4"",""pci_bus_id"":""00000000:03:00.0""},{""index"":1,""memory_total_mib"":23034,""name"":""NVIDIA L4"",""pci_bus_id"":""00000000:C3:00.0""}]","""\t\u001b[4mGPU0\tGPU1\tNIC0\tCPU Affinity\tNUMA Affinity\tGPU NUMA ID\u001b[0m\nGPU0\t X \tNODE\tNODE\t0-47\t0\t\tN/A\nGPU1\tNODE\t X \tNODE\t0-47\t0\t\tN/A\nNIC0\tNODE\tNODE\t X \t\t\t\t\n\nLegend:\n\n  X    = Self\n  SYS  = Connection traversing PCIe as well as the SMP interconnect between NUMA nodes (e.g., QPI/UPI)\n  NODE = Connection traversing PCIe as well as the interconnect between PCIe Host Bridges within a NUMA node\n  PHB  = Connection traversing PCIe as well as a PCIe Host Bridge (typically the CPU)\n  PXB  = Connection traversing multiple PCIe bridges (without traversing the PCIe Host Bridge)\n  PIX  = Connection traversing at most a single PCIe bridge\n  NV#  = Connection traversing a bonded set of # NVLinks\n\nNIC Legend:\n\n  NIC0: mlx5_bond_0""","{""CUDA_HOME"":""/usr/local/cuda"",""NCCL_TESTS_DIR"":""/root/nccl-tests""}"
1,p1-nccl-baseline-20260826T181721Z-16cea6a,phase1,2026-08-26T18:17:37Z,measured,16cea6aed21d649453b65981c72d4b8ea7e32605,False,unknown,,5c44f3e9a47e,Ubuntu 24.04.3 LTS,6.8.0-106-generic,AMD EPYC 9254 24-Core Processor,48,1,NVIDIA L4,2,NODE,none-single-node,False,,12.8,580.126.20,2.25.1+cuda12.8,NCCL_DEBUG=VERSION banner,,gcc (Ubuntu 13.3.0-6ubuntu2~24.04) 13.3.0,717b68318278e93f371d8ffb46b076069d7c7851,nccl-tests,reduce_scatter,float,sum,-1,4194304,524288,out_of_place,20,50,0,full,225.67,18.59,9.29,0,True,True,True,0,/root/nccl-tests/build/reduce_scatter_perf -b 8 -e 128M -f 2 -g 2 -w 20 -n 50 -c 1 -d float,results/raw/p1-nccl-baseline-20260826T181721Z-16cea6a/reduce_scatter.full.r0.stdout.txt,,"[{""index"":0,""memory_total_mib"":23034,""name"":""NVIDIA L4"",""pci_bus_id"":""00000000:03:00.0""},{""index"":1,""memory_total_mib"":23034,""name"":""NVIDIA L4"",""pci_bus_id"":""00000000:C3:00.0""}]","""\t\u001b[4mGPU0\tGPU1\tNIC0\tCPU Affinity\tNUMA Affinity\tGPU NUMA ID\u001b[0m\nGPU0\t X \tNODE\tNODE\t0-47\t0\t\tN/A\nGPU1\tNODE\t X \tNODE\t0-47\t0\t\tN/A\nNIC0\tNODE\tNODE\t X \t\t\t\t\n\nLegend:\n\n  X    = Self\n  SYS  = Connection traversing PCIe as well as the SMP interconnect between NUMA nodes (e.g., QPI/UPI)\n  NODE = Connection traversing PCIe as well as the interconnect between PCIe Host Bridges within a NUMA node\n  PHB  = Connection traversing PCIe as well as a PCIe Host Bridge (typically the CPU)\n  PXB  = Connection traversing multiple PCIe bridges (without traversing the PCIe Host Bridge)\n  PIX  = Connection traversing at most a single PCIe bridge\n  NV#  = Connection traversing a bonded set of # NVLinks\n\nNIC Legend:\n\n  NIC0: mlx5_bond_0""","{""CUDA_HOME"":""/usr/local/cuda"",""NCCL_TESTS_DIR"":""/root/nccl-tests""}"
1,p1-nccl-baseline-20260826T181721Z-16cea6a,phase1,2026-08-26T18:17:37Z,measured,16cea6aed21d649453b65981c72d4b8ea7e32605,False,unknown,,5c44f3e9a47e,Ubuntu 24.04.3 LTS,6.8.0-106-generic,AMD EPYC 9254 24-Core Processor,48,1,NVIDIA L4,2,NODE,none-single-node,False,,12.8,580.126.20,2.25.1+cuda12.8,NCCL_DEBUG=VERSION banner,,gcc (Ubuntu 13.3.0-6ubuntu2~24.04) 13.3.0,717b68318278e93f371d8ffb46b076069d7c7851,nccl-tests,reduce_scatter,float,sum,-1,4194304,524288,in_place,20,50,0,full,225.28,18.62,9.31,0,True,True,True,0,/root/nccl-tests/build/reduce_scatter_perf -b 8 -e 128M -f 2 -g 2 -w 20 -n 50 -c 1 -d float,results/raw/p1-nccl-baseline-20260826T181721Z-16cea6a/reduce_scatter.full.r0.stdout.txt,,"[{""index"":0,""memory_total_mib"":23034,""name"":""NVIDIA L4"",""pci_bus_id"":""00000000:03:00.0""},{""index"":1,""memory_total_mib"":23034,""name"":""NVIDIA L4"",""pci_bus_id"":""00000000:C3:00.0""}]","""\t\u001b[4mGPU0\tGPU1\tNIC0\tCPU Affinity\tNUMA Affinity\tGPU NUMA ID\u001b[0m\nGPU0\t X \tNODE\tNODE\t0-47\t0\t\tN/A\nGPU1\tNODE\t X \tNODE\t0-47\t0\t\tN/A\nNIC0\tNODE\tNODE\t X \t\t\t\t\n\nLegend:\n\n  X    = Self\n  SYS  = Connection traversing PCIe as well as the SMP interconnect between NUMA nodes (e.g., QPI/UPI)\n  NODE = Connection traversing PCIe as well as the interconnect between PCIe Host Bridges within a NUMA node\n  PHB  = Connection traversing PCIe as well as a PCIe Host Bridge (typically the CPU)\n  PXB  = Connection traversing multiple PCIe bridges (without traversing the PCIe Host Bridge)\n  PIX  = Connection traversing at most a single PCIe bridge\n  NV#  = Connection traversing a bonded set of # NVLinks\n\nNIC Legend:\n\n  NIC0: mlx5_bond_0""","{""CUDA_HOME"":""/usr/local/cuda"",""NCCL_TESTS_DIR"":""/root/nccl-tests""}"
1,p1-nccl-baseline-20260826T181721Z-16cea6a,phase1,2026-08-26T18:17:37Z,measured,16cea6aed21d649453b65981c72d4b8ea7e32605,False,unknown,,5c44f3e9a47e,Ubuntu 24.04.3 LTS,6.8.0-106-generic,AMD EPYC 9254 24-Core Processor,48,1,NVIDIA L4,2,NODE,none-single-node,False,,12.8,580.126.20,2.25.1+cuda12.8,NCCL_DEBUG=VERSION banner,,gcc (Ubuntu 13.3.0-6ubuntu2~24.04) 13.3.0,717b68318278e93f371d8ffb46b076069d7c7851,nccl-tests,reduce_scatter,float,sum,-1,8388608,1048576,out_of_place,20,50,0,full,442.68,18.95,9.47,0,True,True,True,0,/root/nccl-tests/build/reduce_scatter_perf -b 8 -e 128M -f 2 -g 2 -w 20 -n 50 -c 1 -d float,results/raw/p1-nccl-baseline-20260826T181721Z-16cea6a/reduce_scatter.full.r0.stdout.txt,,"[{""index"":0,""memory_total_mib"":23034,""name"":""NVIDIA L4"",""pci_bus_id"":""00000000:03:00.0""},{""index"":1,""memory_total_mib"":23034,""name"":""NVIDIA L4"",""pci_bus_id"":""00000000:C3:00.0""}]","""\t\u001b[4mGPU0\tGPU1\tNIC0\tCPU Affinity\tNUMA Affinity\tGPU NUMA ID\u001b[0m\nGPU0\t X \tNODE\tNODE\t0-47\t0\t\tN/A\nGPU1\tNODE\t X \tNODE\t0-47\t0\t\tN/A\nNIC0\tNODE\tNODE\t X \t\t\t\t\n\nLegend:\n\n  X    = Self\n  SYS  = Connection traversing PCIe as well as the SMP interconnect between NUMA nodes (e.g., QPI/UPI)\n  NODE = Connection traversing PCIe as well as the interconnect between PCIe Host Bridges within a NUMA node\n  PHB  = Connection traversing PCIe as well as a PCIe Host Bridge (typically the CPU)\n  PXB  = Connection traversing multiple PCIe bridges (without traversing the PCIe Host Bridge)\n  PIX  = Connection traversing at most a single PCIe bridge\n  NV#  = Connection traversing a bonded set of # NVLinks\n\nNIC Legend:\n\n  NIC0: mlx5_bond_0""","{""CUDA_HOME"":""/usr/local/cuda"",""NCCL_TESTS_DIR"":""/root/nccl-tests""}"
1,p1-nccl-baseline-20260826T181721Z-16cea6a,phase1,2026-08-26T18:17:37Z,measured,16cea6aed21d649453b65981c72d4b8ea7e32605,False,unknown,,5c44f3e9a47e,Ubuntu 24.04.3 LTS,6.8.0-106-generic,AMD EPYC 9254 24-Core Processor,48,1,NVIDIA L4,2,NODE,none-single-node,False,,12.8,580.126.20,2.25.1+cuda12.8,NCCL_DEBUG=VERSION banner,,gcc (Ubuntu 13.3.0-6ubuntu2~24.04) 13.3.0,717b68318278e93f371d8ffb46b076069d7c7851,nccl-tests,reduce_scatter,float,sum,-1,8388608,1048576,in_place,20,50,0,full,443.08,18.93,9.47,0,True,True,True,0,/root/nccl-tests/build/reduce_scatter_perf -b 8 -e 128M -f 2 -g 2 -w 20 -n 50 -c 1 -d float,results/raw/p1-nccl-baseline-20260826T181721Z-16cea6a/reduce_scatter.full.r0.stdout.txt,,"[{""index"":0,""memory_total_mib"":23034,""name"":""NVIDIA L4"",""pci_bus_id"":""00000000:03:00.0""},{""index"":1,""memory_total_mib"":23034,""name"":""NVIDIA L4"",""pci_bus_id"":""00000000:C3:00.0""}]","""\t\u001b[4mGPU0\tGPU1\tNIC0\tCPU Affinity\tNUMA Affinity\tGPU NUMA ID\u001b[0m\nGPU0\t X \tNODE\tNODE\t0-47\t0\t\tN/A\nGPU1\tNODE\t X \tNODE\t0-47\t0\t\tN/A\nNIC0\tNODE\tNODE\t X \t\t\t\t\n\nLegend:\n\n  X    = Self\n  SYS  = Connection traversing PCIe as well as the SMP interconnect between NUMA nodes (e.g., QPI/UPI)\n  NODE = Connection traversing PCIe as well as the interconnect between PCIe Host Bridges within a NUMA node\n  PHB  = Connection traversing PCIe as well as a PCIe Host Bridge (typically the CPU)\n  PXB  = Connection traversing multiple PCIe bridges (without traversing the PCIe Host Bridge)\n  PIX  = Connection traversing at most a single PCIe bridge\n  NV#  = Connection traversing a bonded set of # NVLinks\n\nNIC Legend:\n\n  NIC0: mlx5_bond_0""","{""CUDA_HOME"":""/usr/local/cuda"",""NCCL_TESTS_DIR"":""/root/nccl-tests""}"
1,p1-nccl-baseline-20260826T181721Z-16cea6a,phase1,2026-08-26T18:17:37Z,measured,16cea6aed21d649453b65981c72d4b8ea7e32605,False,unknown,,5c44f3e9a47e,Ubuntu 24.04.3 LTS,6.8.0-106-generic,AMD EPYC 9254 24-Core Processor,48,1,NVIDIA L4,2,NODE,none-single-node,False,,12.8,580.126.20,2.25.1+cuda12.8,NCCL_DEBUG=VERSION banner,,gcc (Ubuntu 13.3.0-6ubuntu2~24.04) 13.3.0,717b68318278e93f371d8ffb46b076069d7c7851,nccl-tests,reduce_scatter,float,sum,-1,16777216,2097152,out_of_place,20,50,0,full,875.65,19.16,9.58,0,True,True,True,0,/root/nccl-tests/build/reduce_scatter_perf -b 8 -e 128M -f 2 -g 2 -w 20 -n 50 -c 1 -d float,results/raw/p1-nccl-baseline-20260826T181721Z-16cea6a/reduce_scatter.full.r0.stdout.txt,,"[{""index"":0,""memory_total_mib"":23034,""name"":""NVIDIA L4"",""pci_bus_id"":""00000000:03:00.0""},{""index"":1,""memory_total_mib"":23034,""name"":""NVIDIA L4"",""pci_bus_id"":""00000000:C3:00.0""}]","""\t\u001b[4mGPU0\tGPU1\tNIC0\tCPU Affinity\tNUMA Affinity\tGPU NUMA ID\u001b[0m\nGPU0\t X \tNODE\tNODE\t0-47\t0\t\tN/A\nGPU1\tNODE\t X \tNODE\t0-47\t0\t\tN/A\nNIC0\tNODE\tNODE\t X \t\t\t\t\n\nLegend:\n\n  X    = Self\n  SYS  = Connection traversing PCIe as well as the SMP interconnect between NUMA nodes (e.g., QPI/UPI)\n  NODE = Connection traversing PCIe as well as the interconnect between PCIe Host Bridges within a NUMA node\n  PHB  = Connection traversing PCIe as well as a PCIe Host Bridge (typically the CPU)\n  PXB  = Connection traversing multiple PCIe bridges (without traversing the PCIe Host Bridge)\n  PIX  = Connection traversing at most a single PCIe bridge\n  NV#  = Connection traversing a bonded set of # NVLinks\n\nNIC Legend:\n\n  NIC0: mlx5_bond_0""","{""CUDA_HOME"":""/usr/local/cuda"",""NCCL_TESTS_DIR"":""/root/nccl-tests""}"
1,p1-nccl-baseline-20260826T181721Z-16cea6a,phase1,2026-08-26T18:17:37Z,measured,16cea6aed21d649453b65981c72d4b8ea7e32605,False,unknown,,5c44f3e9a47e,Ubuntu 24.04.3 LTS,6.8.0-106-generic,AMD EPYC 9254 24-Core Processor,48,1,NVIDIA L4,2,NODE,none-single-node,False,,12.8,580.126.20,2.25.1+cuda12.8,NCCL_DEBUG=VERSION banner,,gcc (Ubuntu 13.3.0-6ubuntu2~24.04) 13.3.0,717b68318278e93f371d8ffb46b076069d7c7851,nccl-tests,reduce_scatter,float,sum,-1,16777216,2097152,in_place,20,50,0,full,874.7,19.18,9.59,0,True,True,True,0,/root/nccl-tests/build/reduce_scatter_perf -b 8 -e 128M -f 2 -g 2 -w 20 -n 50 -c 1 -d float,results/raw/p1-nccl-baseline-20260826T181721Z-16cea6a/reduce_scatter.full.r0.stdout.txt,,"[{""index"":0,""memory_total_mib"":23034,""name"":""NVIDIA L4"",""pci_bus_id"":""00000000:03:00.0""},{""index"":1,""memory_total_mib"":23034,""name"":""NVIDIA L4"",""pci_bus_id"":""00000000:C3:00.0""}]","""\t\u001b[4mGPU0\tGPU1\tNIC0\tCPU Affinity\tNUMA Affinity\tGPU NUMA ID\u001b[0m\nGPU0\t X \tNODE\tNODE\t0-47\t0\t\tN/A\nGPU1\tNODE\t X \tNODE\t0-47\t0\t\tN/A\nNIC0\tNODE\tNODE\t X \t\t\t\t\n\nLegend:\n\n  X    = Self\n  SYS  = Connection traversing PCIe as well as the SMP interconnect between NUMA nodes (e.g., QPI/UPI)\n  NODE = Connection traversing PCIe as well as the interconnect between PCIe Host Bridges within a NUMA node\n  PHB  = Connection traversing PCIe as well as a PCIe Host Bridge (typically the CPU)\n  PXB  = Connection traversing multiple PCIe bridges (without traversing the PCIe Host Bridge)\n  PIX  = Connection traversing at most a single PCIe bridge\n  NV#  = Connection traversing a bonded set of # NVLinks\n\nNIC Legend:\n\n  NIC0: mlx5_bond_0""","{""CUDA_HOME"":""/usr/local/cuda"",""NCCL_TESTS_DIR"":""/root/nccl-tests""}"
1,p1-nccl-baseline-20260826T181721Z-16cea6a,phase1,2026-08-26T18:17:37Z,measured,16cea6aed21d649453b65981c72d4b8ea7e32605,False,unknown,,5c44f3e9a47e,Ubuntu 24.04.3 LTS,6.8.0-106-generic,AMD EPYC 9254 24-Core Processor,48,1,NVIDIA L4,2,NODE,none-single-node,False,,12.8,580.126.20,2.25.1+cuda12.8,NCCL_DEBUG=VERSION banner,,gcc (Ubuntu 13.3.0-6ubuntu2~24.04) 13.3.0,717b68318278e93f371d8ffb46b076069d7c7851,nccl-tests,reduce_scatter,float,sum,-1,33554432,4194304,out_of_place,20,50,0,full,1741.45,19.27,9.63,0,True,True,True,0,/root/nccl-tests/build/reduce_scatter_perf -b 8 -e 128M -f 2 -g 2 -w 20 -n 50 -c 1 -d float,results/raw/p1-nccl-baseline-20260826T181721Z-16cea6a/reduce_scatter.full.r0.stdout.txt,,"[{""index"":0,""memory_total_mib"":23034,""name"":""NVIDIA L4"",""pci_bus_id"":""00000000:03:00.0""},{""index"":1,""memory_total_mib"":23034,""name"":""NVIDIA L4"",""pci_bus_id"":""00000000:C3:00.0""}]","""\t\u001b[4mGPU0\tGPU1\tNIC0\tCPU Affinity\tNUMA Affinity\tGPU NUMA ID\u001b[0m\nGPU0\t X \tNODE\tNODE\t0-47\t0\t\tN/A\nGPU1\tNODE\t X \tNODE\t0-47\t0\t\tN/A\nNIC0\tNODE\tNODE\t X \t\t\t\t\n\nLegend:\n\n  X    = Self\n  SYS  = Connection traversing PCIe as well as the SMP interconnect between NUMA nodes (e.g., QPI/UPI)\n  NODE = Connection traversing PCIe as well as the interconnect between PCIe Host Bridges within a NUMA node\n  PHB  = Connection traversing PCIe as well as a PCIe Host Bridge (typically the CPU)\n  PXB  = Connection traversing multiple PCIe bridges (without traversing the PCIe Host Bridge)\n  PIX  = Connection traversing at most a single PCIe bridge\n  NV#  = Connection traversing a bonded set of # NVLinks\n\nNIC Legend:\n\n  NIC0: mlx5_bond_0""","{""CUDA_HOME"":""/usr/local/cuda"",""NCCL_TESTS_DIR"":""/root/nccl-tests""}"
1,p1-nccl-baseline-20260826T181721Z-16cea6a,phase1,2026-08-26T18:17:37Z,measured,16cea6aed21d649453b65981c72d4b8ea7e32605,False,unknown,,5c44f3e9a47e,Ubuntu 24.04.3 LTS,6.8.0-106-generic,AMD EPYC 9254 24-Core Processor,48,1,NVIDIA L4,2,NODE,none-single-node,False,,12.8,580.126.20,2.25.1+cuda12.8,NCCL_DEBUG=VERSION banner,,gcc (Ubuntu 13.3.0-6ubuntu2~24.04) 13.3.0,717b68318278e93f371d8ffb46b076069d7c7851,nccl-tests,reduce_scatter,float,sum,-1,33554432,4194304,in_place,20,50,0,full,1734.31,19.35,9.67,0,True,True,True,0,/root/nccl-tests/build/reduce_scatter_perf -b 8 -e 128M -f 2 -g 2 -w 20 -n 50 -c 1 -d float,results/raw/p1-nccl-baseline-20260826T181721Z-16cea6a/reduce_scatter.full.r0.stdout.txt,,"[{""index"":0,""memory_total_mib"":23034,""name"":""NVIDIA L4"",""pci_bus_id"":""00000000:03:00.0""},{""index"":1,""memory_total_mib"":23034,""name"":""NVIDIA L4"",""pci_bus_id"":""00000000:C3:00.0""}]","""\t\u001b[4mGPU0\tGPU1\tNIC0\tCPU Affinity\tNUMA Affinity\tGPU NUMA ID\u001b[0m\nGPU0\t X \tNODE\tNODE\t0-47\t0\t\tN/A\nGPU1\tNODE\t X \tNODE\t0-47\t0\t\tN/A\nNIC0\tNODE\tNODE\t X \t\t\t\t\n\nLegend:\n\n  X    = Self\n  SYS  = Connection traversing PCIe as well as the SMP interconnect between NUMA nodes (e.g., QPI/UPI)\n  NODE = Connection traversing PCIe as well as the interconnect between PCIe Host Bridges within a NUMA node\n  PHB  = Connection traversing PCIe as well as a PCIe Host Bridge (typically the CPU)\n  PXB  = Connection traversing multiple PCIe bridges (without traversing the PCIe Host Bridge)\n  PIX  = Connection traversing at most a single PCIe bridge\n  NV#  = Connection traversing a bonded set of # NVLinks\n\nNIC Legend:\n\n  NIC0: mlx5_bond_0""","{""CUDA_HOME"":""/usr/local/cuda"",""NCCL_TESTS_DIR"":""/root/nccl-tests""}"
1,p1-nccl-baseline-20260826T181721Z-16cea6a,phase1,2026-08-26T18:17:37Z,measured,16cea6aed21d649453b65981c72d4b8ea7e32605,False,unknown,,5c44f3e9a47e,Ubuntu 24.04.3 LTS,6.8.0-106-generic,AMD EPYC 9254 24-Core Processor,48,1,NVIDIA L4,2,NODE,none-single-node,False,,12.8,580.126.20,2.25.1+cuda12.8,NCCL_DEBUG=VERSION banner,,gcc (Ubuntu 13.3.0-6ubuntu2~24.04) 13.3.0,717b68318278e93f371d8ffb46b076069d7c7851,nccl-tests,reduce_scatter,float,sum,-1,67108864,8388608,out_of_place,20,50,0,full,3455.61,19.42,9.71,0,True,True,True,0,/root/nccl-tests/build/reduce_scatter_perf -b 8 -e 128M -f 2 -g 2 -w 20 -n 50 -c 1 -d float,results/raw/p1-nccl-baseline-20260826T181721Z-16cea6a/reduce_scatter.full.r0.stdout.txt,,"[{""index"":0,""memory_total_mib"":23034,""name"":""NVIDIA L4"",""pci_bus_id"":""00000000:03:00.0""},{""index"":1,""memory_total_mib"":23034,""name"":""NVIDIA L4"",""pci_bus_id"":""00000000:C3:00.0""}]","""\t\u001b[4mGPU0\tGPU1\tNIC0\tCPU Affinity\tNUMA Affinity\tGPU NUMA ID\u001b[0m\nGPU0\t X \tNODE\tNODE\t0-47\t0\t\tN/A\nGPU1\tNODE\t X \tNODE\t0-47\t0\t\tN/A\nNIC0\tNODE\tNODE\t X \t\t\t\t\n\nLegend:\n\n  X    = Self\n  SYS  = Connection traversing PCIe as well as the SMP interconnect between NUMA nodes (e.g., QPI/UPI)\n  NODE = Connection traversing PCIe as well as the interconnect between PCIe Host Bridges within a NUMA node\n  PHB  = Connection traversing PCIe as well as a PCIe Host Bridge (typically the CPU)\n  PXB  = Connection traversing multiple PCIe bridges (without traversing the PCIe Host Bridge)\n  PIX  = Connection traversing at most a single PCIe bridge\n  NV#  = Connection traversing a bonded set of # NVLinks\n\nNIC Legend:\n\n  NIC0: mlx5_bond_0""","{""CUDA_HOME"":""/usr/local/cuda"",""NCCL_TESTS_DIR"":""/root/nccl-tests""}"
1,p1-nccl-baseline-20260826T181721Z-16cea6a,phase1,2026-08-26T18:17:37Z,measured,16cea6aed21d649453b65981c72d4b8ea7e32605,False,unknown,,5c44f3e9a47e,Ubuntu 24.04.3 LTS,6.8.0-106-generic,AMD EPYC 9254 24-Core Processor,48,1,NVIDIA L4,2,NODE,none-single-node,False,,12.8,580.126.20,2.25.1+cuda12.8,NCCL_DEBUG=VERSION banner,,gcc (Ubuntu 13.3.0-6ubuntu2~24.04) 13.3.0,717b68318278e93f371d8ffb46b076069d7c7851,nccl-tests,reduce_scatter,float,sum,-1,67108864,8388608,in_place,20,50,0,full,3461.33,19.39,9.69,0,True,True,True,0,/root/nccl-tests/build/reduce_scatter_perf -b 8 -e 128M -f 2 -g 2 -w 20 -n 50 -c 1 -d float,results/raw/p1-nccl-baseline-20260826T181721Z-16cea6a/reduce_scatter.full.r0.stdout.txt,,"[{""index"":0,""memory_total_mib"":23034,""name"":""NVIDIA L4"",""pci_bus_id"":""00000000:03:00.0""},{""index"":1,""memory_total_mib"":23034,""name"":""NVIDIA L4"",""pci_bus_id"":""00000000:C3:00.0""}]","""\t\u001b[4mGPU0\tGPU1\tNIC0\tCPU Affinity\tNUMA Affinity\tGPU NUMA ID\u001b[0m\nGPU0\t X \tNODE\tNODE\t0-47\t0\t\tN/A\nGPU1\tNODE\t X \tNODE\t0-47\t0\t\tN/A\nNIC0\tNODE\tNODE\t X \t\t\t\t\n\nLegend:\n\n  X    = Self\n  SYS  = Connection traversing PCIe as well as the SMP interconnect between NUMA nodes (e.g., QPI/UPI)\n  NODE = Connection traversing PCIe as well as the interconnect between PCIe Host Bridges within a NUMA node\n  PHB  = Connection traversing PCIe as well as a PCIe Host Bridge (typically the CPU)\n  PXB  = Connection traversing multiple PCIe bridges (without traversing the PCIe Host Bridge)\n  PIX  = Connection traversing at most a single PCIe bridge\n  NV#  = Connection traversing a bonded set of # NVLinks\n\nNIC Legend:\n\n  NIC0: mlx5_bond_0""","{""CUDA_HOME"":""/usr/local/cuda"",""NCCL_TESTS_DIR"":""/root/nccl-tests""}"
1,p1-nccl-baseline-20260826T181721Z-16cea6a,phase1,2026-08-26T18:17:37Z,measured,16cea6aed21d649453b65981c72d4b8ea7e32605,False,unknown,,5c44f3e9a47e,Ubuntu 24.04.3 LTS,6.8.0-106-generic,AMD EPYC 9254 24-Core Processor,48,1,NVIDIA L4,2,NODE,none-single-node,False,,12.8,580.126.20,2.25.1+cuda12.8,NCCL_DEBUG=VERSION banner,,gcc (Ubuntu 13.3.0-6ubuntu2~24.04) 13.3.0,717b68318278e93f371d8ffb46b076069d7c7851,nccl-tests,reduce_scatter,float,sum,-1,134217728,16777216,out_of_place,20,50,0,full,6838.63,19.63,9.81,0,True,True,True,0,/root/nccl-tests/build/reduce_scatter_perf -b 8 -e 128M -f 2 -g 2 -w 20 -n 50 -c 1 -d float,results/raw/p1-nccl-baseline-20260826T181721Z-16cea6a/reduce_scatter.full.r0.stdout.txt,,"[{""index"":0,""memory_total_mib"":23034,""name"":""NVIDIA L4"",""pci_bus_id"":""00000000:03:00.0""},{""index"":1,""memory_total_mib"":23034,""name"":""NVIDIA L4"",""pci_bus_id"":""00000000:C3:00.0""}]","""\t\u001b[4mGPU0\tGPU1\tNIC0\tCPU Affinity\tNUMA Affinity\tGPU NUMA ID\u001b[0m\nGPU0\t X \tNODE\tNODE\t0-47\t0\t\tN/A\nGPU1\tNODE\t X \tNODE\t0-47\t0\t\tN/A\nNIC0\tNODE\tNODE\t X \t\t\t\t\n\nLegend:\n\n  X    = Self\n  SYS  = Connection traversing PCIe as well as the SMP interconnect between NUMA nodes (e.g., QPI/UPI)\n  NODE = Connection traversing PCIe as well as the interconnect between PCIe Host Bridges within a NUMA node\n  PHB  = Connection traversing PCIe as well as a PCIe Host Bridge (typically the CPU)\n  PXB  = Connection traversing multiple PCIe bridges (without traversing the PCIe Host Bridge)\n  PIX  = Connection traversing at most a single PCIe bridge\n  NV#  = Connection traversing a bonded set of # NVLinks\n\nNIC Legend:\n\n  NIC0: mlx5_bond_0""","{""CUDA_HOME"":""/usr/local/cuda"",""NCCL_TESTS_DIR"":""/root/nccl-tests""}"
1,p1-nccl-baseline-20260826T181721Z-16cea6a,phase1,2026-08-26T18:17:37Z,measured,16cea6aed21d649453b65981c72d4b8ea7e32605,False,unknown,,5c44f3e9a47e,Ubuntu 24.04.3 LTS,6.8.0-106-generic,AMD EPYC 9254 24-Core Processor,48,1,NVIDIA L4,2,NODE,none-single-node,False,,12.8,580.126.20,2.25.1+cuda12.8,NCCL_DEBUG=VERSION banner,,gcc (Ubuntu 13.3.0-6ubuntu2~24.04) 13.3.0,717b68318278e93f371d8ffb46b076069d7c7851,nccl-tests,reduce_scatter,float,sum,-1,134217728,16777216,in_place,20,50,0,full,6892.96,19.47,9.74,0,True,True,True,0,/root/nccl-tests/build/reduce_scatter_perf -b 8 -e 128M -f 2 -g 2 -w 20 -n 50 -c 1 -d float,results/raw/p1-nccl-baseline-20260826T181721Z-16cea6a/reduce_scatter.full.r0.stdout.txt,,"[{""index"":0,""memory_total_mib"":23034,""name"":""NVIDIA L4"",""pci_bus_id"":""00000000:03:00.0""},{""index"":1,""memory_total_mib"":23034,""name"":""NVIDIA L4"",""pci_bus_id"":""00000000:C3:00.0""}]","""\t\u001b[4mGPU0\tGPU1\tNIC0\tCPU Affinity\tNUMA Affinity\tGPU NUMA ID\u001b[0m\nGPU0\t X \tNODE\tNODE\t0-47\t0\t\tN/A\nGPU1\tNODE\t X \tNODE\t0-47\t0\t\tN/A\nNIC0\tNODE\tNODE\t X \t\t\t\t\n\nLegend:\n\n  X    = Self\n  SYS  = Connection traversing PCIe as well as the SMP interconnect between NUMA nodes (e.g., QPI/UPI)\n  NODE = Connection traversing PCIe as well as the interconnect between PCIe Host Bridges within a NUMA node\n  PHB  = Connection traversing PCIe as well as a PCIe Host Bridge (typically the CPU)\n  PXB  = Connection traversing multiple PCIe bridges (without traversing the PCIe Host Bridge)\n  PIX  = Connection traversing at most a single PCIe bridge\n  NV#  = Connection traversing a bonded set of # NVLinks\n\nNIC Legend:\n\n  NIC0: mlx5_bond_0""","{""CUDA_HOME"":""/usr/local/cuda"",""NCCL_TESTS_DIR"":""/root/nccl-tests""}"
1,p1-nccl-baseline-20260826T181721Z-16cea6a,phase1,2026-08-26T18:17:40Z,measured,16cea6aed21d649453b65981c72d4b8ea7e32605,False,unknown,,5c44f3e9a47e,Ubuntu 24.04.3 LTS,6.8.0-106-generic,AMD EPYC 9254 24-Core Processor,48,1,NVIDIA L4,2,NODE,none-single-node,False,,12.8,580.126.20,2.25.1+cuda12.8,NCCL_DEBUG=VERSION banner,,gcc (Ubuntu 13.3.0-6ubuntu2~24.04) 13.3.0,717b68318278e93f371d8ffb46b076069d7c7851,nccl-tests,all_reduce,float,sum,-1,8,2,out_of_place,20,50,1,full,7.37,0.0,0.0,0,True,True,,0,/root/nccl-tests/build/all_reduce_perf -b 8 -e 128M -f 2 -g 2 -w 20 -n 50 -c 1 -d float,results/raw/p1-nccl-baseline-20260826T181721Z-16cea6a/all_reduce.full.r1.stdout.txt,,"[{""index"":0,""memory_total_mib"":23034,""name"":""NVIDIA L4"",""pci_bus_id"":""00000000:03:00.0""},{""index"":1,""memory_total_mib"":23034,""name"":""NVIDIA L4"",""pci_bus_id"":""00000000:C3:00.0""}]","""\t\u001b[4mGPU0\tGPU1\tNIC0\tCPU Affinity\tNUMA Affinity\tGPU NUMA ID\u001b[0m\nGPU0\t X \tNODE\tNODE\t0-47\t0\t\tN/A\nGPU1\tNODE\t X \tNODE\t0-47\t0\t\tN/A\nNIC0\tNODE\tNODE\t X \t\t\t\t\n\nLegend:\n\n  X    = Self\n  SYS  = Connection traversing PCIe as well as the SMP interconnect between NUMA nodes (e.g., QPI/UPI)\n  NODE = Connection traversing PCIe as well as the interconnect between PCIe Host Bridges within a NUMA node\n  PHB  = Connection traversing PCIe as well as a PCIe Host Bridge (typically the CPU)\n  PXB  = Connection traversing multiple PCIe bridges (without traversing the PCIe Host Bridge)\n  PIX  = Connection traversing at most a single PCIe bridge\n  NV#  = Connection traversing a bonded set of # NVLinks\n\nNIC Legend:\n\n  NIC0: mlx5_bond_0""","{""CUDA_HOME"":""/usr/local/cuda"",""NCCL_TESTS_DIR"":""/root/nccl-tests""}"
1,p1-nccl-baseline-20260826T181721Z-16cea6a,phase1,2026-08-26T18:17:40Z,measured,16cea6aed21d649453b65981c72d4b8ea7e32605,False,unknown,,5c44f3e9a47e,Ubuntu 24.04.3 LTS,6.8.0-106-generic,AMD EPYC 9254 24-Core Processor,48,1,NVIDIA L4,2,NODE,none-single-node,False,,12.8,580.126.20,2.25.1+cuda12.8,NCCL_DEBUG=VERSION banner,,gcc (Ubuntu 13.3.0-6ubuntu2~24.04) 13.3.0,717b68318278e93f371d8ffb46b076069d7c7851,nccl-tests,all_reduce,float,sum,-1,8,2,in_place,20,50,1,full,7.39,0.0,0.0,0,True,True,,0,/root/nccl-tests/build/all_reduce_perf -b 8 -e 128M -f 2 -g 2 -w 20 -n 50 -c 1 -d float,results/raw/p1-nccl-baseline-20260826T181721Z-16cea6a/all_reduce.full.r1.stdout.txt,,"[{""index"":0,""memory_total_mib"":23034,""name"":""NVIDIA L4"",""pci_bus_id"":""00000000:03:00.0""},{""index"":1,""memory_total_mib"":23034,""name"":""NVIDIA L4"",""pci_bus_id"":""00000000:C3:00.0""}]","""\t\u001b[4mGPU0\tGPU1\tNIC0\tCPU Affinity\tNUMA Affinity\tGPU NUMA ID\u001b[0m\nGPU0\t X \tNODE\tNODE\t0-47\t0\t\tN/A\nGPU1\tNODE\t X \tNODE\t0-47\t0\t\tN/A\nNIC0\tNODE\tNODE\t X \t\t\t\t\n\nLegend:\n\n  X    = Self\n  SYS  = Connection traversing PCIe as well as the SMP interconnect between NUMA nodes (e.g., QPI/UPI)\n  NODE = Connection traversing PCIe as well as the interconnect between PCIe Host Bridges within a NUMA node\n  PHB  = Connection traversing PCIe as well as a PCIe Host Bridge (typically the CPU)\n  PXB  = Connection traversing multiple PCIe bridges (without traversing the PCIe Host Bridge)\n  PIX  = Connection traversing at most a single PCIe bridge\n  NV#  = Connection traversing a bonded set of # NVLinks\n\nNIC Legend:\n\n  NIC0: mlx5_bond_0""","{""CUDA_HOME"":""/usr/local/cuda"",""NCCL_TESTS_DIR"":""/root/nccl-tests""}"
1,p1-nccl-baseline-20260826T181721Z-16cea6a,phase1,2026-08-26T18:17:40Z,measured,16cea6aed21d649453b65981c72d4b8ea7e32605,False,unknown,,5c44f3e9a47e,Ubuntu 24.04.3 LTS,6.8.0-106-generic,AMD EPYC 9254 24-Core Processor,48,1,NVIDIA L4,2,NODE,none-single-node,False,,12.8,580.126.20,2.25.1+cuda12.8,NCCL_DEBUG=VERSION banner,,gcc (Ubuntu 13.3.0-6ubuntu2~24.04) 13.3.0,717b68318278e93f371d8ffb46b076069d7c7851,nccl-tests,all_reduce,float,sum,-1,16,4,out_of_place,20,50,1,full,6.92,0.0,0.0,0,True,True,,0,/root/nccl-tests/build/all_reduce_perf -b 8 -e 128M -f 2 -g 2 -w 20 -n 50 -c 1 -d float,results/raw/p1-nccl-baseline-20260826T181721Z-16cea6a/all_reduce.full.r1.stdout.txt,,"[{""index"":0,""memory_total_mib"":23034,""name"":""NVIDIA L4"",""pci_bus_id"":""00000000:03:00.0""},{""index"":1,""memory_total_mib"":23034,""name"":""NVIDIA L4"",""pci_bus_id"":""00000000:C3:00.0""}]","""\t\u001b[4mGPU0\tGPU1\tNIC0\tCPU Affinity\tNUMA Affinity\tGPU NUMA ID\u001b[0m\nGPU0\t X \tNODE\tNODE\t0-47\t0\t\tN/A\nGPU1\tNODE\t X \tNODE\t0-47\t0\t\tN/A\nNIC0\tNODE\tNODE\t X \t\t\t\t\n\nLegend:\n\n  X    = Self\n  SYS  = Connection traversing PCIe as well as the SMP interconnect between NUMA nodes (e.g., QPI/UPI)\n  NODE = Connection traversing PCIe as well as the interconnect between PCIe Host Bridges within a NUMA node\n  PHB  = Connection traversing PCIe as well as a PCIe Host Bridge (typically the CPU)\n  PXB  = Connection traversing multiple PCIe bridges (without traversing the PCIe Host Bridge)\n  PIX  = Connection traversing at most a single PCIe bridge\n  NV#  = Connection traversing a bonded set of # NVLinks\n\nNIC Legend:\n\n  NIC0: mlx5_bond_0""","{""CUDA_HOME"":""/usr/local/cuda"",""NCCL_TESTS_DIR"":""/root/nccl-tests""}"
1,p1-nccl-baseline-20260826T181721Z-16cea6a,phase1,2026-08-26T18:17:40Z,measured,16cea6aed21d649453b65981c72d4b8ea7e32605,False,unknown,,5c44f3e9a47e,Ubuntu 24.04.3 LTS,6.8.0-106-generic,AMD EPYC 9254 24-Core Processor,48,1,NVIDIA L4,2,NODE,none-single-node,False,,12.8,580.126.20,2.25.1+cuda12.8,NCCL_DEBUG=VERSION banner,,gcc (Ubuntu 13.3.0-6ubuntu2~24.04) 13.3.0,717b68318278e93f371d8ffb46b076069d7c7851,nccl-tests,all_reduce,float,sum,-1,16,4,in_place,20,50,1,full,6.78,0.0,0.0,0,True,True,,0,/root/nccl-tests/build/all_reduce_perf -b 8 -e 128M -f 2 -g 2 -w 20 -n 50 -c 1 -d float,results/raw/p1-nccl-baseline-20260826T181721Z-16cea6a/all_reduce.full.r1.stdout.txt,,"[{""index"":0,""memory_total_mib"":23034,""name"":""NVIDIA L4"",""pci_bus_id"":""00000000:03:00.0""},{""index"":1,""memory_total_mib"":23034,""name"":""NVIDIA L4"",""pci_bus_id"":""00000000:C3:00.0""}]","""\t\u001b[4mGPU0\tGPU1\tNIC0\tCPU Affinity\tNUMA Affinity\tGPU NUMA ID\u001b[0m\nGPU0\t X \tNODE\tNODE\t0-47\t0\t\tN/A\nGPU1\tNODE\t X \tNODE\t0-47\t0\t\tN/A\nNIC0\tNODE\tNODE\t X \t\t\t\t\n\nLegend:\n\n  X    = Self\n  SYS  = Connection traversing PCIe as well as the SMP interconnect between NUMA nodes (e.g., QPI/UPI)\n  NODE = Connection traversing PCIe as well as the interconnect between PCIe Host Bridges within a NUMA node\n  PHB  = Connection traversing PCIe as well as a PCIe Host Bridge (typically the CPU)\n  PXB  = Connection traversing multiple PCIe bridges (without traversing the PCIe Host Bridge)\n  PIX  = Connection traversing at most a single PCIe bridge\n  NV#  = Connection traversing a bonded set of # NVLinks\n\nNIC Legend:\n\n  NIC0: mlx5_bond_0""","{""CUDA_HOME"":""/usr/local/cuda"",""NCCL_TESTS_DIR"":""/root/nccl-tests""}"
1,p1-nccl-baseline-20260826T181721Z-16cea6a,phase1,2026-08-26T18:17:40Z,measured,16cea6aed21d649453b65981c72d4b8ea7e32605,False,unknown,,5c44f3e9a47e,Ubuntu 24.04.3 LTS,6.8.0-106-generic,AMD EPYC 9254 24-Core Processor,48,1,NVIDIA L4,2,NODE,none-single-node,False,,12.8,580.126.20,2.25.1+cuda12.8,NCCL_DEBUG=VERSION banner,,gcc (Ubuntu 13.3.0-6ubuntu2~24.04) 13.3.0,717b68318278e93f371d8ffb46b076069d7c7851,nccl-tests,all_reduce,float,sum,-1,32,8,out_of_place,20,50,1,full,6.94,0.0,0.0,0,True,True,,0,/root/nccl-tests/build/all_reduce_perf -b 8 -e 128M -f 2 -g 2 -w 20 -n 50 -c 1 -d float,results/raw/p1-nccl-baseline-20260826T181721Z-16cea6a/all_reduce.full.r1.stdout.txt,,"[{""index"":0,""memory_total_mib"":23034,""name"":""NVIDIA L4"",""pci_bus_id"":""00000000:03:00.0""},{""index"":1,""memory_total_mib"":23034,""name"":""NVIDIA L4"",""pci_bus_id"":""00000000:C3:00.0""}]","""\t\u001b[4mGPU0\tGPU1\tNIC0\tCPU Affinity\tNUMA Affinity\tGPU NUMA ID\u001b[0m\nGPU0\t X \tNODE\tNODE\t0-47\t0\t\tN/A\nGPU1\tNODE\t X \tNODE\t0-47\t0\t\tN/A\nNIC0\tNODE\tNODE\t X \t\t\t\t\n\nLegend:\n\n  X    = Self\n  SYS  = Connection traversing PCIe as well as the SMP interconnect between NUMA nodes (e.g., QPI/UPI)\n  NODE = Connection traversing PCIe as well as the interconnect between PCIe Host Bridges within a NUMA node\n  PHB  = Connection traversing PCIe as well as a PCIe Host Bridge (typically the CPU)\n  PXB  = Connection traversing multiple PCIe bridges (without traversing the PCIe Host Bridge)\n  PIX  = Connection traversing at most a single PCIe bridge\n  NV#  = Connection traversing a bonded set of # NVLinks\n\nNIC Legend:\n\n  NIC0: mlx5_bond_0""","{""CUDA_HOME"":""/usr/local/cuda"",""NCCL_TESTS_DIR"":""/root/nccl-tests""}"
1,p1-nccl-baseline-20260826T181721Z-16cea6a,phase1,2026-08-26T18:17:40Z,measured,16cea6aed21d649453b65981c72d4b8ea7e32605,False,unknown,,5c44f3e9a47e,Ubuntu 24.04.3 LTS,6.8.0-106-generic,AMD EPYC 9254 24-Core Processor,48,1,NVIDIA L4,2,NODE,none-single-node,False,,12.8,580.126.20,2.25.1+cuda12.8,NCCL_DEBUG=VERSION banner,,gcc (Ubuntu 13.3.0-6ubuntu2~24.04) 13.3.0,717b68318278e93f371d8ffb46b076069d7c7851,nccl-tests,all_reduce,float,sum,-1,32,8,in_place,20,50,1,full,7.03,0.0,0.0,0,True,True,,0,/root/nccl-tests/build/all_reduce_perf -b 8 -e 128M -f 2 -g 2 -w 20 -n 50 -c 1 -d float,results/raw/p1-nccl-baseline-20260826T181721Z-16cea6a/all_reduce.full.r1.stdout.txt,,"[{""index"":0,""memory_total_mib"":23034,""name"":""NVIDIA L4"",""pci_bus_id"":""00000000:03:00.0""},{""index"":1,""memory_total_mib"":23034,""name"":""NVIDIA L4"",""pci_bus_id"":""00000000:C3:00.0""}]","""\t\u001b[4mGPU0\tGPU1\tNIC0\tCPU Affinity\tNUMA Affinity\tGPU NUMA ID\u001b[0m\nGPU0\t X \tNODE\tNODE\t0-47\t0\t\tN/A\nGPU1\tNODE\t X \tNODE\t0-47\t0\t\tN/A\nNIC0\tNODE\tNODE\t X \t\t\t\t\n\nLegend:\n\n  X    = Self\n  SYS  = Connection traversing PCIe as well as the SMP interconnect between NUMA nodes (e.g., QPI/UPI)\n  NODE = Connection traversing PCIe as well as the interconnect between PCIe Host Bridges within a NUMA node\n  PHB  = Connection traversing PCIe as well as a PCIe Host Bridge (typically the CPU)\n  PXB  = Connection traversing multiple PCIe bridges (without traversing the PCIe Host Bridge)\n  PIX  = Connection traversing at most a single PCIe bridge\n  NV#  = Connection traversing a bonded set of # NVLinks\n\nNIC Legend:\n\n  NIC0: mlx5_bond_0""","{""CUDA_HOME"":""/usr/local/cuda"",""NCCL_TESTS_DIR"":""/root/nccl-tests""}"
1,p1-nccl-baseline-20260826T181721Z-16cea6a,phase1,2026-08-26T18:17:40Z,measured,16cea6aed21d649453b65981c72d4b8ea7e32605,False,unknown,,5c44f3e9a47e,Ubuntu 24.04.3 LTS,6.8.0-106-generic,AMD EPYC 9254 24-Core Processor,48,1,NVIDIA L4,2,NODE,none-single-node,False,,12.8,580.126.20,2.25.1+cuda12.8,NCCL_DEBUG=VERSION banner,,gcc (Ubuntu 13.3.0-6ubuntu2~24.04) 13.3.0,717b68318278e93f371d8ffb46b076069d7c7851,nccl-tests,all_reduce,float,sum,-1,64,16,out_of_place,20,50,1,full,7.25,0.01,0.01,0,True,True,True,0,/root/nccl-tests/build/all_reduce_perf -b 8 -e 128M -f 2 -g 2 -w 20 -n 50 -c 1 -d float,results/raw/p1-nccl-baseline-20260826T181721Z-16cea6a/all_reduce.full.r1.stdout.txt,,"[{""index"":0,""memory_total_mib"":23034,""name"":""NVIDIA L4"",""pci_bus_id"":""00000000:03:00.0""},{""index"":1,""memory_total_mib"":23034,""name"":""NVIDIA L4"",""pci_bus_id"":""00000000:C3:00.0""}]","""\t\u001b[4mGPU0\tGPU1\tNIC0\tCPU Affinity\tNUMA Affinity\tGPU NUMA ID\u001b[0m\nGPU0\t X \tNODE\tNODE\t0-47\t0\t\tN/A\nGPU1\tNODE\t X \tNODE\t0-47\t0\t\tN/A\nNIC0\tNODE\tNODE\t X \t\t\t\t\n\nLegend:\n\n  X    = Self\n  SYS  = Connection traversing PCIe as well as the SMP interconnect between NUMA nodes (e.g., QPI/UPI)\n  NODE = Connection traversing PCIe as well as the interconnect between PCIe Host Bridges within a NUMA node\n  PHB  = Connection traversing PCIe as well as a PCIe Host Bridge (typically the CPU)\n  PXB  = Connection traversing multiple PCIe bridges (without traversing the PCIe Host Bridge)\n  PIX  = Connection traversing at most a single PCIe bridge\n  NV#  = Connection traversing a bonded set of # NVLinks\n\nNIC Legend:\n\n  NIC0: mlx5_bond_0""","{""CUDA_HOME"":""/usr/local/cuda"",""NCCL_TESTS_DIR"":""/root/nccl-tests""}"
1,p1-nccl-baseline-20260826T181721Z-16cea6a,phase1,2026-08-26T18:17:40Z,measured,16cea6aed21d649453b65981c72d4b8ea7e32605,False,unknown,,5c44f3e9a47e,Ubuntu 24.04.3 LTS,6.8.0-106-generic,AMD EPYC 9254 24-Core Processor,48,1,NVIDIA L4,2,NODE,none-single-node,False,,12.8,580.126.20,2.25.1+cuda12.8,NCCL_DEBUG=VERSION banner,,gcc (Ubuntu 13.3.0-6ubuntu2~24.04) 13.3.0,717b68318278e93f371d8ffb46b076069d7c7851,nccl-tests,all_reduce,float,sum,-1,64,16,in_place,20,50,1,full,7.02,0.01,0.01,0,True,True,True,0,/root/nccl-tests/build/all_reduce_perf -b 8 -e 128M -f 2 -g 2 -w 20 -n 50 -c 1 -d float,results/raw/p1-nccl-baseline-20260826T181721Z-16cea6a/all_reduce.full.r1.stdout.txt,,"[{""index"":0,""memory_total_mib"":23034,""name"":""NVIDIA L4"",""pci_bus_id"":""00000000:03:00.0""},{""index"":1,""memory_total_mib"":23034,""name"":""NVIDIA L4"",""pci_bus_id"":""00000000:C3:00.0""}]","""\t\u001b[4mGPU0\tGPU1\tNIC0\tCPU Affinity\tNUMA Affinity\tGPU NUMA ID\u001b[0m\nGPU0\t X \tNODE\tNODE\t0-47\t0\t\tN/A\nGPU1\tNODE\t X \tNODE\t0-47\t0\t\tN/A\nNIC0\tNODE\tNODE\t X \t\t\t\t\n\nLegend:\n\n  X    = Self\n  SYS  = Connection traversing PCIe as well as the SMP interconnect between NUMA nodes (e.g., QPI/UPI)\n  NODE = Connection traversing PCIe as well as the interconnect between PCIe Host Bridges within a NUMA node\n  PHB  = Connection traversing PCIe as well as a PCIe Host Bridge (typically the CPU)\n  PXB  = Connection traversing multiple PCIe bridges (without traversing the PCIe Host Bridge)\n  PIX  = Connection traversing at most a single PCIe bridge\n  NV#  = Connection traversing a bonded set of # NVLinks\n\nNIC Legend:\n\n  NIC0: mlx5_bond_0""","{""CUDA_HOME"":""/usr/local/cuda"",""NCCL_TESTS_DIR"":""/root/nccl-tests""}"
1,p1-nccl-baseline-20260826T181721Z-16cea6a,phase1,2026-08-26T18:17:40Z,measured,16cea6aed21d649453b65981c72d4b8ea7e32605,False,unknown,,5c44f3e9a47e,Ubuntu 24.04.3 LTS,6.8.0-106-generic,AMD EPYC 9254 24-Core Processor,48,1,NVIDIA L4,2,NODE,none-single-node,False,,12.8,580.126.20,2.25.1+cuda12.8,NCCL_DEBUG=VERSION banner,,gcc (Ubuntu 13.3.0-6ubuntu2~24.04) 13.3.0,717b68318278e93f371d8ffb46b076069d7c7851,nccl-tests,all_reduce,float,sum,-1,128,32,out_of_place,20,50,1,full,7.11,0.02,0.02,0,True,True,True,0,/root/nccl-tests/build/all_reduce_perf -b 8 -e 128M -f 2 -g 2 -w 20 -n 50 -c 1 -d float,results/raw/p1-nccl-baseline-20260826T181721Z-16cea6a/all_reduce.full.r1.stdout.txt,,"[{""index"":0,""memory_total_mib"":23034,""name"":""NVIDIA L4"",""pci_bus_id"":""00000000:03:00.0""},{""index"":1,""memory_total_mib"":23034,""name"":""NVIDIA L4"",""pci_bus_id"":""00000000:C3:00.0""}]","""\t\u001b[4mGPU0\tGPU1\tNIC0\tCPU Affinity\tNUMA Affinity\tGPU NUMA ID\u001b[0m\nGPU0\t X \tNODE\tNODE\t0-47\t0\t\tN/A\nGPU1\tNODE\t X \tNODE\t0-47\t0\t\tN/A\nNIC0\tNODE\tNODE\t X \t\t\t\t\n\nLegend:\n\n  X    = Self\n  SYS  = Connection traversing PCIe as well as the SMP interconnect between NUMA nodes (e.g., QPI/UPI)\n  NODE = Connection traversing PCIe as well as the interconnect between PCIe Host Bridges within a NUMA node\n  PHB  = Connection traversing PCIe as well as a PCIe Host Bridge (typically the CPU)\n  PXB  = Connection traversing multiple PCIe bridges (without traversing the PCIe Host Bridge)\n  PIX  = Connection traversing at most a single PCIe bridge\n  NV#  = Connection traversing a bonded set of # NVLinks\n\nNIC Legend:\n\n  NIC0: mlx5_bond_0""","{""CUDA_HOME"":""/usr/local/cuda"",""NCCL_TESTS_DIR"":""/root/nccl-tests""}"
1,p1-nccl-baseline-20260826T181721Z-16cea6a,phase1,2026-08-26T18:17:40Z,measured,16cea6aed21d649453b65981c72d4b8ea7e32605,False,unknown,,5c44f3e9a47e,Ubuntu 24.04.3 LTS,6.8.0-106-generic,AMD EPYC 9254 24-Core Processor,48,1,NVIDIA L4,2,NODE,none-single-node,False,,12.8,580.126.20,2.25.1+cuda12.8,NCCL_DEBUG=VERSION banner,,gcc (Ubuntu 13.3.0-6ubuntu2~24.04) 13.3.0,717b68318278e93f371d8ffb46b076069d7c7851,nccl-tests,all_reduce,float,sum,-1,128,32,in_place,20,50,1,full,6.98,0.02,0.02,0,True,True,True,0,/root/nccl-tests/build/all_reduce_perf -b 8 -e 128M -f 2 -g 2 -w 20 -n 50 -c 1 -d float,results/raw/p1-nccl-baseline-20260826T181721Z-16cea6a/all_reduce.full.r1.stdout.txt,,"[{""index"":0,""memory_total_mib"":23034,""name"":""NVIDIA L4"",""pci_bus_id"":""00000000:03:00.0""},{""index"":1,""memory_total_mib"":23034,""name"":""NVIDIA L4"",""pci_bus_id"":""00000000:C3:00.0""}]","""\t\u001b[4mGPU0\tGPU1\tNIC0\tCPU Affinity\tNUMA Affinity\tGPU NUMA ID\u001b[0m\nGPU0\t X \tNODE\tNODE\t0-47\t0\t\tN/A\nGPU1\tNODE\t X \tNODE\t0-47\t0\t\tN/A\nNIC0\tNODE\tNODE\t X \t\t\t\t\n\nLegend:\n\n  X    = Self\n  SYS  = Connection traversing PCIe as well as the SMP interconnect between NUMA nodes (e.g., QPI/UPI)\n  NODE = Connection traversing PCIe as well as the interconnect between PCIe Host Bridges within a NUMA node\n  PHB  = Connection traversing PCIe as well as a PCIe Host Bridge (typically the CPU)\n  PXB  = Connection traversing multiple PCIe bridges (without traversing the PCIe Host Bridge)\n  PIX  = Connection traversing at most a single PCIe bridge\n  NV#  = Connection traversing a bonded set of # NVLinks\n\nNIC Legend:\n\n  NIC0: mlx5_bond_0""","{""CUDA_HOME"":""/usr/local/cuda"",""NCCL_TESTS_DIR"":""/root/nccl-tests""}"
1,p1-nccl-baseline-20260826T181721Z-16cea6a,phase1,2026-08-26T18:17:40Z,measured,16cea6aed21d649453b65981c72d4b8ea7e32605,False,unknown,,5c44f3e9a47e,Ubuntu 24.04.3 LTS,6.8.0-106-generic,AMD EPYC 9254 24-Core Processor,48,1,NVIDIA L4,2,NODE,none-single-node,False,,12.8,580.126.20,2.25.1+cuda12.8,NCCL_DEBUG=VERSION banner,,gcc (Ubuntu 13.3.0-6ubuntu2~24.04) 13.3.0,717b68318278e93f371d8ffb46b076069d7c7851,nccl-tests,all_reduce,float,sum,-1,256,64,out_of_place,20,50,1,full,7.07,0.04,0.04,0,True,True,True,0,/root/nccl-tests/build/all_reduce_perf -b 8 -e 128M -f 2 -g 2 -w 20 -n 50 -c 1 -d float,results/raw/p1-nccl-baseline-20260826T181721Z-16cea6a/all_reduce.full.r1.stdout.txt,,"[{""index"":0,""memory_total_mib"":23034,""name"":""NVIDIA L4"",""pci_bus_id"":""00000000:03:00.0""},{""index"":1,""memory_total_mib"":23034,""name"":""NVIDIA L4"",""pci_bus_id"":""00000000:C3:00.0""}]","""\t\u001b[4mGPU0\tGPU1\tNIC0\tCPU Affinity\tNUMA Affinity\tGPU NUMA ID\u001b[0m\nGPU0\t X \tNODE\tNODE\t0-47\t0\t\tN/A\nGPU1\tNODE\t X \tNODE\t0-47\t0\t\tN/A\nNIC0\tNODE\tNODE\t X \t\t\t\t\n\nLegend:\n\n  X    = Self\n  SYS  = Connection traversing PCIe as well as the SMP interconnect between NUMA nodes (e.g., QPI/UPI)\n  NODE = Connection traversing PCIe as well as the interconnect between PCIe Host Bridges within a NUMA node\n  PHB  = Connection traversing PCIe as well as a PCIe Host Bridge (typically the CPU)\n  PXB  = Connection traversing multiple PCIe bridges (without traversing the PCIe Host Bridge)\n  PIX  = Connection traversing at most a single PCIe bridge\n  NV#  = Connection traversing a bonded set of # NVLinks\n\nNIC Legend:\n\n  NIC0: mlx5_bond_0""","{""CUDA_HOME"":""/usr/local/cuda"",""NCCL_TESTS_DIR"":""/root/nccl-tests""}"
1,p1-nccl-baseline-20260826T181721Z-16cea6a,phase1,2026-08-26T18:17:40Z,measured,16cea6aed21d649453b65981c72d4b8ea7e32605,False,unknown,,5c44f3e9a47e,Ubuntu 24.04.3 LTS,6.8.0-106-generic,AMD EPYC 9254 24-Core Processor,48,1,NVIDIA L4,2,NODE,none-single-node,False,,12.8,580.126.20,2.25.1+cuda12.8,NCCL_DEBUG=VERSION banner,,gcc (Ubuntu 13.3.0-6ubuntu2~24.04) 13.3.0,717b68318278e93f371d8ffb46b076069d7c7851,nccl-tests,all_reduce,float,sum,-1,256,64,in_place,20,50,1,full,8.58,0.03,0.03,0,True,True,True,0,/root/nccl-tests/build/all_reduce_perf -b 8 -e 128M -f 2 -g 2 -w 20 -n 50 -c 1 -d float,results/raw/p1-nccl-baseline-20260826T181721Z-16cea6a/all_reduce.full.r1.stdout.txt,,"[{""index"":0,""memory_total_mib"":23034,""name"":""NVIDIA L4"",""pci_bus_id"":""00000000:03:00.0""},{""index"":1,""memory_total_mib"":23034,""name"":""NVIDIA L4"",""pci_bus_id"":""00000000:C3:00.0""}]","""\t\u001b[4mGPU0\tGPU1\tNIC0\tCPU Affinity\tNUMA Affinity\tGPU NUMA ID\u001b[0m\nGPU0\t X \tNODE\tNODE\t0-47\t0\t\tN/A\nGPU1\tNODE\t X \tNODE\t0-47\t0\t\tN/A\nNIC0\tNODE\tNODE\t X \t\t\t\t\n\nLegend:\n\n  X    = Self\n  SYS  = Connection traversing PCIe as well as the SMP interconnect between NUMA nodes (e.g., QPI/UPI)\n  NODE = Connection traversing PCIe as well as the interconnect between PCIe Host Bridges within a NUMA node\n  PHB  = Connection traversing PCIe as well as a PCIe Host Bridge (typically the CPU)\n  PXB  = Connection traversing multiple PCIe bridges (without traversing the PCIe Host Bridge)\n  PIX  = Connection traversing at most a single PCIe bridge\n  NV#  = Connection traversing a bonded set of # NVLinks\n\nNIC Legend:\n\n  NIC0: mlx5_bond_0""","{""CUDA_HOME"":""/usr/local/cuda"",""NCCL_TESTS_DIR"":""/root/nccl-tests""}"
1,p1-nccl-baseline-20260826T181721Z-16cea6a,phase1,2026-08-26T18:17:40Z,measured,16cea6aed21d649453b65981c72d4b8ea7e32605,False,unknown,,5c44f3e9a47e,Ubuntu 24.04.3 LTS,6.8.0-106-generic,AMD EPYC 9254 24-Core Processor,48,1,NVIDIA L4,2,NODE,none-single-node,False,,12.8,580.126.20,2.25.1+cuda12.8,NCCL_DEBUG=VERSION banner,,gcc (Ubuntu 13.3.0-6ubuntu2~24.04) 13.3.0,717b68318278e93f371d8ffb46b076069d7c7851,nccl-tests,all_reduce,float,sum,-1,512,128,out_of_place,20,50,1,full,7.03,0.07,0.07,0,True,True,True,0,/root/nccl-tests/build/all_reduce_perf -b 8 -e 128M -f 2 -g 2 -w 20 -n 50 -c 1 -d float,results/raw/p1-nccl-baseline-20260826T181721Z-16cea6a/all_reduce.full.r1.stdout.txt,,"[{""index"":0,""memory_total_mib"":23034,""name"":""NVIDIA L4"",""pci_bus_id"":""00000000:03:00.0""},{""index"":1,""memory_total_mib"":23034,""name"":""NVIDIA L4"",""pci_bus_id"":""00000000:C3:00.0""}]","""\t\u001b[4mGPU0\tGPU1\tNIC0\tCPU Affinity\tNUMA Affinity\tGPU NUMA ID\u001b[0m\nGPU0\t X \tNODE\tNODE\t0-47\t0\t\tN/A\nGPU1\tNODE\t X \tNODE\t0-47\t0\t\tN/A\nNIC0\tNODE\tNODE\t X \t\t\t\t\n\nLegend:\n\n  X    = Self\n  SYS  = Connection traversing PCIe as well as the SMP interconnect between NUMA nodes (e.g., QPI/UPI)\n  NODE = Connection traversing PCIe as well as the interconnect between PCIe Host Bridges within a NUMA node\n  PHB  = Connection traversing PCIe as well as a PCIe Host Bridge (typically the CPU)\n  PXB  = Connection traversing multiple PCIe bridges (without traversing the PCIe Host Bridge)\n  PIX  = Connection traversing at most a single PCIe bridge\n  NV#  = Connection traversing a bonded set of # NVLinks\n\nNIC Legend:\n\n  NIC0: mlx5_bond_0""","{""CUDA_HOME"":""/usr/local/cuda"",""NCCL_TESTS_DIR"":""/root/nccl-tests""}"
1,p1-nccl-baseline-20260826T181721Z-16cea6a,phase1,2026-08-26T18:17:40Z,measured,16cea6aed21d649453b65981c72d4b8ea7e32605,False,unknown,,5c44f3e9a47e,Ubuntu 24.04.3 LTS,6.8.0-106-generic,AMD EPYC 9254 24-Core Processor,48,1,NVIDIA L4,2,NODE,none-single-node,False,,12.8,580.126.20,2.25.1+cuda12.8,NCCL_DEBUG=VERSION banner,,gcc (Ubuntu 13.3.0-6ubuntu2~24.04) 13.3.0,717b68318278e93f371d8ffb46b076069d7c7851,nccl-tests,all_reduce,float,sum,-1,512,128,in_place,20,50,1,full,7.11,0.07,0.07,0,True,True,True,0,/root/nccl-tests/build/all_reduce_perf -b 8 -e 128M -f 2 -g 2 -w 20 -n 50 -c 1 -d float,results/raw/p1-nccl-baseline-20260826T181721Z-16cea6a/all_reduce.full.r1.stdout.txt,,"[{""index"":0,""memory_total_mib"":23034,""name"":""NVIDIA L4"",""pci_bus_id"":""00000000:03:00.0""},{""index"":1,""memory_total_mib"":23034,""name"":""NVIDIA L4"",""pci_bus_id"":""00000000:C3:00.0""}]","""\t\u001b[4mGPU0\tGPU1\tNIC0\tCPU Affinity\tNUMA Affinity\tGPU NUMA ID\u001b[0m\nGPU0\t X \tNODE\tNODE\t0-47\t0\t\tN/A\nGPU1\tNODE\t X \tNODE\t0-47\t0\t\tN/A\nNIC0\tNODE\tNODE\t X \t\t\t\t\n\nLegend:\n\n  X    = Self\n  SYS  = Connection traversing PCIe as well as the SMP interconnect between NUMA nodes (e.g., QPI/UPI)\n  NODE = Connection traversing PCIe as well as the interconnect between PCIe Host Bridges within a NUMA node\n  PHB  = Connection traversing PCIe as well as a PCIe Host Bridge (typically the CPU)\n  PXB  = Connection traversing multiple PCIe bridges (without traversing the PCIe Host Bridge)\n  PIX  = Connection traversing at most a single PCIe bridge\n  NV#  = Connection traversing a bonded set of # NVLinks\n\nNIC Legend:\n\n  NIC0: mlx5_bond_0""","{""CUDA_HOME"":""/usr/local/cuda"",""NCCL_TESTS_DIR"":""/root/nccl-tests""}"
1,p1-nccl-baseline-20260826T181721Z-16cea6a,phase1,2026-08-26T18:17:40Z,measured,16cea6aed21d649453b65981c72d4b8ea7e32605,False,unknown,,5c44f3e9a47e,Ubuntu 24.04.3 LTS,6.8.0-106-generic,AMD EPYC 9254 24-Core Processor,48,1,NVIDIA L4,2,NODE,none-single-node,False,,12.8,580.126.20,2.25.1+cuda12.8,NCCL_DEBUG=VERSION banner,,gcc (Ubuntu 13.3.0-6ubuntu2~24.04) 13.3.0,717b68318278e93f371d8ffb46b076069d7c7851,nccl-tests,all_reduce,float,sum,-1,1024,256,out_of_place,20,50,1,full,7.31,0.14,0.14,0,True,True,True,0,/root/nccl-tests/build/all_reduce_perf -b 8 -e 128M -f 2 -g 2 -w 20 -n 50 -c 1 -d float,results/raw/p1-nccl-baseline-20260826T181721Z-16cea6a/all_reduce.full.r1.stdout.txt,,"[{""index"":0,""memory_total_mib"":23034,""name"":""NVIDIA L4"",""pci_bus_id"":""00000000:03:00.0""},{""index"":1,""memory_total_mib"":23034,""name"":""NVIDIA L4"",""pci_bus_id"":""00000000:C3:00.0""}]","""\t\u001b[4mGPU0\tGPU1\tNIC0\tCPU Affinity\tNUMA Affinity\tGPU NUMA ID\u001b[0m\nGPU0\t X \tNODE\tNODE\t0-47\t0\t\tN/A\nGPU1\tNODE\t X \tNODE\t0-47\t0\t\tN/A\nNIC0\tNODE\tNODE\t X \t\t\t\t\n\nLegend:\n\n  X    = Self\n  SYS  = Connection traversing PCIe as well as the SMP interconnect between NUMA nodes (e.g., QPI/UPI)\n  NODE = Connection traversing PCIe as well as the interconnect between PCIe Host Bridges within a NUMA node\n  PHB  = Connection traversing PCIe as well as a PCIe Host Bridge (typically the CPU)\n  PXB  = Connection traversing multiple PCIe bridges (without traversing the PCIe Host Bridge)\n  PIX  = Connection traversing at most a single PCIe bridge\n  NV#  = Connection traversing a bonded set of # NVLinks\n\nNIC Legend:\n\n  NIC0: mlx5_bond_0""","{""CUDA_HOME"":""/usr/local/cuda"",""NCCL_TESTS_DIR"":""/root/nccl-tests""}"
1,p1-nccl-baseline-20260826T181721Z-16cea6a,phase1,2026-08-26T18:17:40Z,measured,16cea6aed21d649453b65981c72d4b8ea7e32605,False,unknown,,5c44f3e9a47e,Ubuntu 24.04.3 LTS,6.8.0-106-generic,AMD EPYC 9254 24-Core Processor,48,1,NVIDIA L4,2,NODE,none-single-node,False,,12.8,580.126.20,2.25.1+cuda12.8,NCCL_DEBUG=VERSION banner,,gcc (Ubuntu 13.3.0-6ubuntu2~24.04) 13.3.0,717b68318278e93f371d8ffb46b076069d7c7851,nccl-tests,all_reduce,float,sum,-1,1024,256,in_place,20,50,1,full,7.06,0.15,0.15,0,True,True,True,0,/root/nccl-tests/build/all_reduce_perf -b 8 -e 128M -f 2 -g 2 -w 20 -n 50 -c 1 -d float,results/raw/p1-nccl-baseline-20260826T181721Z-16cea6a/all_reduce.full.r1.stdout.txt,,"[{""index"":0,""memory_total_mib"":23034,""name"":""NVIDIA L4"",""pci_bus_id"":""00000000:03:00.0""},{""index"":1,""memory_total_mib"":23034,""name"":""NVIDIA L4"",""pci_bus_id"":""00000000:C3:00.0""}]","""\t\u001b[4mGPU0\tGPU1\tNIC0\tCPU Affinity\tNUMA Affinity\tGPU NUMA ID\u001b[0m\nGPU0\t X \tNODE\tNODE\t0-47\t0\t\tN/A\nGPU1\tNODE\t X \tNODE\t0-47\t0\t\tN/A\nNIC0\tNODE\tNODE\t X \t\t\t\t\n\nLegend:\n\n  X    = Self\n  SYS  = Connection traversing PCIe as well as the SMP interconnect between NUMA nodes (e.g., QPI/UPI)\n  NODE = Connection traversing PCIe as well as the interconnect between PCIe Host Bridges within a NUMA node\n  PHB  = Connection traversing PCIe as well as a PCIe Host Bridge (typically the CPU)\n  PXB  = Connection traversing multiple PCIe bridges (without traversing the PCIe Host Bridge)\n  PIX  = Connection traversing at most a single PCIe bridge\n  NV#  = Connection traversing a bonded set of # NVLinks\n\nNIC Legend:\n\n  NIC0: mlx5_bond_0""","{""CUDA_HOME"":""/usr/local/cuda"",""NCCL_TESTS_DIR"":""/root/nccl-tests""}"
1,p1-nccl-baseline-20260826T181721Z-16cea6a,phase1,2026-08-26T18:17:40Z,measured,16cea6aed21d649453b65981c72d4b8ea7e32605,False,unknown,,5c44f3e9a47e,Ubuntu 24.04.3 LTS,6.8.0-106-generic,AMD EPYC 9254 24-Core Processor,48,1,NVIDIA L4,2,NODE,none-single-node,False,,12.8,580.126.20,2.25.1+cuda12.8,NCCL_DEBUG=VERSION banner,,gcc (Ubuntu 13.3.0-6ubuntu2~24.04) 13.3.0,717b68318278e93f371d8ffb46b076069d7c7851,nccl-tests,all_reduce,float,sum,-1,2048,512,out_of_place,20,50,1,full,7.2,0.28,0.28,0,True,True,True,0,/root/nccl-tests/build/all_reduce_perf -b 8 -e 128M -f 2 -g 2 -w 20 -n 50 -c 1 -d float,results/raw/p1-nccl-baseline-20260826T181721Z-16cea6a/all_reduce.full.r1.stdout.txt,,"[{""index"":0,""memory_total_mib"":23034,""name"":""NVIDIA L4"",""pci_bus_id"":""00000000:03:00.0""},{""index"":1,""memory_total_mib"":23034,""name"":""NVIDIA L4"",""pci_bus_id"":""00000000:C3:00.0""}]","""\t\u001b[4mGPU0\tGPU1\tNIC0\tCPU Affinity\tNUMA Affinity\tGPU NUMA ID\u001b[0m\nGPU0\t X \tNODE\tNODE\t0-47\t0\t\tN/A\nGPU1\tNODE\t X \tNODE\t0-47\t0\t\tN/A\nNIC0\tNODE\tNODE\t X \t\t\t\t\n\nLegend:\n\n  X    = Self\n  SYS  = Connection traversing PCIe as well as the SMP interconnect between NUMA nodes (e.g., QPI/UPI)\n  NODE = Connection traversing PCIe as well as the interconnect between PCIe Host Bridges within a NUMA node\n  PHB  = Connection traversing PCIe as well as a PCIe Host Bridge (typically the CPU)\n  PXB  = Connection traversing multiple PCIe bridges (without traversing the PCIe Host Bridge)\n  PIX  = Connection traversing at most a single PCIe bridge\n  NV#  = Connection traversing a bonded set of # NVLinks\n\nNIC Legend:\n\n  NIC0: mlx5_bond_0""","{""CUDA_HOME"":""/usr/local/cuda"",""NCCL_TESTS_DIR"":""/root/nccl-tests""}"
1,p1-nccl-baseline-20260826T181721Z-16cea6a,phase1,2026-08-26T18:17:40Z,measured,16cea6aed21d649453b65981c72d4b8ea7e32605,False,unknown,,5c44f3e9a47e,Ubuntu 24.04.3 LTS,6.8.0-106-generic,AMD EPYC 9254 24-Core Processor,48,1,NVIDIA L4,2,NODE,none-single-node,False,,12.8,580.126.20,2.25.1+cuda12.8,NCCL_DEBUG=VERSION banner,,gcc (Ubuntu 13.3.0-6ubuntu2~24.04) 13.3.0,717b68318278e93f371d8ffb46b076069d7c7851,nccl-tests,all_reduce,float,sum,-1,2048,512,in_place,20,50,1,full,7.05,0.29,0.29,0,True,True,True,0,/root/nccl-tests/build/all_reduce_perf -b 8 -e 128M -f 2 -g 2 -w 20 -n 50 -c 1 -d float,results/raw/p1-nccl-baseline-20260826T181721Z-16cea6a/all_reduce.full.r1.stdout.txt,,"[{""index"":0,""memory_total_mib"":23034,""name"":""NVIDIA L4"",""pci_bus_id"":""00000000:03:00.0""},{""index"":1,""memory_total_mib"":23034,""name"":""NVIDIA L4"",""pci_bus_id"":""00000000:C3:00.0""}]","""\t\u001b[4mGPU0\tGPU1\tNIC0\tCPU Affinity\tNUMA Affinity\tGPU NUMA ID\u001b[0m\nGPU0\t X \tNODE\tNODE\t0-47\t0\t\tN/A\nGPU1\tNODE\t X \tNODE\t0-47\t0\t\tN/A\nNIC0\tNODE\tNODE\t X \t\t\t\t\n\nLegend:\n\n  X    = Self\n  SYS  = Connection traversing PCIe as well as the SMP interconnect between NUMA nodes (e.g., QPI/UPI)\n  NODE = Connection traversing PCIe as well as the interconnect between PCIe Host Bridges within a NUMA node\n  PHB  = Connection traversing PCIe as well as a PCIe Host Bridge (typically the CPU)\n  PXB  = Connection traversing multiple PCIe bridges (without traversing the PCIe Host Bridge)\n  PIX  = Connection traversing at most a single PCIe bridge\n  NV#  = Connection traversing a bonded set of # NVLinks\n\nNIC Legend:\n\n  NIC0: mlx5_bond_0""","{""CUDA_HOME"":""/usr/local/cuda"",""NCCL_TESTS_DIR"":""/root/nccl-tests""}"
1,p1-nccl-baseline-20260826T181721Z-16cea6a,phase1,2026-08-26T18:17:40Z,measured,16cea6aed21d649453b65981c72d4b8ea7e32605,False,unknown,,5c44f3e9a47e,Ubuntu 24.04.3 LTS,6.8.0-106-generic,AMD EPYC 9254 24-Core Processor,48,1,NVIDIA L4,2,NODE,none-single-node,False,,12.8,580.126.20,2.25.1+cuda12.8,NCCL_DEBUG=VERSION banner,,gcc (Ubuntu 13.3.0-6ubuntu2~24.04) 13.3.0,717b68318278e93f371d8ffb46b076069d7c7851,nccl-tests,all_reduce,float,sum,-1,4096,1024,out_of_place,20,50,1,full,7.27,0.56,0.56,0,True,True,True,0,/root/nccl-tests/build/all_reduce_perf -b 8 -e 128M -f 2 -g 2 -w 20 -n 50 -c 1 -d float,results/raw/p1-nccl-baseline-20260826T181721Z-16cea6a/all_reduce.full.r1.stdout.txt,,"[{""index"":0,""memory_total_mib"":23034,""name"":""NVIDIA L4"",""pci_bus_id"":""00000000:03:00.0""},{""index"":1,""memory_total_mib"":23034,""name"":""NVIDIA L4"",""pci_bus_id"":""00000000:C3:00.0""}]","""\t\u001b[4mGPU0\tGPU1\tNIC0\tCPU Affinity\tNUMA Affinity\tGPU NUMA ID\u001b[0m\nGPU0\t X \tNODE\tNODE\t0-47\t0\t\tN/A\nGPU1\tNODE\t X \tNODE\t0-47\t0\t\tN/A\nNIC0\tNODE\tNODE\t X \t\t\t\t\n\nLegend:\n\n  X    = Self\n  SYS  = Connection traversing PCIe as well as the SMP interconnect between NUMA nodes (e.g., QPI/UPI)\n  NODE = Connection traversing PCIe as well as the interconnect between PCIe Host Bridges within a NUMA node\n  PHB  = Connection traversing PCIe as well as a PCIe Host Bridge (typically the CPU)\n  PXB  = Connection traversing multiple PCIe bridges (without traversing the PCIe Host Bridge)\n  PIX  = Connection traversing at most a single PCIe bridge\n  NV#  = Connection traversing a bonded set of # NVLinks\n\nNIC Legend:\n\n  NIC0: mlx5_bond_0""","{""CUDA_HOME"":""/usr/local/cuda"",""NCCL_TESTS_DIR"":""/root/nccl-tests""}"
1,p1-nccl-baseline-20260826T181721Z-16cea6a,phase1,2026-08-26T18:17:40Z,measured,16cea6aed21d649453b65981c72d4b8ea7e32605,False,unknown,,5c44f3e9a47e,Ubuntu 24.04.3 LTS,6.8.0-106-generic,AMD EPYC 9254 24-Core Processor,48,1,NVIDIA L4,2,NODE,none-single-node,False,,12.8,580.126.20,2.25.1+cuda12.8,NCCL_DEBUG=VERSION banner,,gcc (Ubuntu 13.3.0-6ubuntu2~24.04) 13.3.0,717b68318278e93f371d8ffb46b076069d7c7851,nccl-tests,all_reduce,float,sum,-1,4096,1024,in_place,20,50,1,full,7.1,0.58,0.58,0,True,True,True,0,/root/nccl-tests/build/all_reduce_perf -b 8 -e 128M -f 2 -g 2 -w 20 -n 50 -c 1 -d float,results/raw/p1-nccl-baseline-20260826T181721Z-16cea6a/all_reduce.full.r1.stdout.txt,,"[{""index"":0,""memory_total_mib"":23034,""name"":""NVIDIA L4"",""pci_bus_id"":""00000000:03:00.0""},{""index"":1,""memory_total_mib"":23034,""name"":""NVIDIA L4"",""pci_bus_id"":""00000000:C3:00.0""}]","""\t\u001b[4mGPU0\tGPU1\tNIC0\tCPU Affinity\tNUMA Affinity\tGPU NUMA ID\u001b[0m\nGPU0\t X \tNODE\tNODE\t0-47\t0\t\tN/A\nGPU1\tNODE\t X \tNODE\t0-47\t0\t\tN/A\nNIC0\tNODE\tNODE\t X \t\t\t\t\n\nLegend:\n\n  X    = Self\n  SYS  = Connection traversing PCIe as well as the SMP interconnect between NUMA nodes (e.g., QPI/UPI)\n  NODE = Connection traversing PCIe as well as the interconnect between PCIe Host Bridges within a NUMA node\n  PHB  = Connection traversing PCIe as well as a PCIe Host Bridge (typically the CPU)\n  PXB  = Connection traversing multiple PCIe bridges (without traversing the PCIe Host Bridge)\n  PIX  = Connection traversing at most a single PCIe bridge\n  NV#  = Connection traversing a bonded set of # NVLinks\n\nNIC Legend:\n\n  NIC0: mlx5_bond_0""","{""CUDA_HOME"":""/usr/local/cuda"",""NCCL_TESTS_DIR"":""/root/nccl-tests""}"
1,p1-nccl-baseline-20260826T181721Z-16cea6a,phase1,2026-08-26T18:17:40Z,measured,16cea6aed21d649453b65981c72d4b8ea7e32605,False,unknown,,5c44f3e9a47e,Ubuntu 24.04.3 LTS,6.8.0-106-generic,AMD EPYC 9254 24-Core Processor,48,1,NVIDIA L4,2,NODE,none-single-node,False,,12.8,580.126.20,2.25.1+cuda12.8,NCCL_DEBUG=VERSION banner,,gcc (Ubuntu 13.3.0-6ubuntu2~24.04) 13.3.0,717b68318278e93f371d8ffb46b076069d7c7851,nccl-tests,all_reduce,float,sum,-1,8192,2048,out_of_place,20,50,1,full,7.73,1.06,1.06,0,True,True,True,0,/root/nccl-tests/build/all_reduce_perf -b 8 -e 128M -f 2 -g 2 -w 20 -n 50 -c 1 -d float,results/raw/p1-nccl-baseline-20260826T181721Z-16cea6a/all_reduce.full.r1.stdout.txt,,"[{""index"":0,""memory_total_mib"":23034,""name"":""NVIDIA L4"",""pci_bus_id"":""00000000:03:00.0""},{""index"":1,""memory_total_mib"":23034,""name"":""NVIDIA L4"",""pci_bus_id"":""00000000:C3:00.0""}]","""\t\u001b[4mGPU0\tGPU1\tNIC0\tCPU Affinity\tNUMA Affinity\tGPU NUMA ID\u001b[0m\nGPU0\t X \tNODE\tNODE\t0-47\t0\t\tN/A\nGPU1\tNODE\t X \tNODE\t0-47\t0\t\tN/A\nNIC0\tNODE\tNODE\t X \t\t\t\t\n\nLegend:\n\n  X    = Self\n  SYS  = Connection traversing PCIe as well as the SMP interconnect between NUMA nodes (e.g., QPI/UPI)\n  NODE = Connection traversing PCIe as well as the interconnect between PCIe Host Bridges within a NUMA node\n  PHB  = Connection traversing PCIe as well as a PCIe Host Bridge (typically the CPU)\n  PXB  = Connection traversing multiple PCIe bridges (without traversing the PCIe Host Bridge)\n  PIX  = Connection traversing at most a single PCIe bridge\n  NV#  = Connection traversing a bonded set of # NVLinks\n\nNIC Legend:\n\n  NIC0: mlx5_bond_0""","{""CUDA_HOME"":""/usr/local/cuda"",""NCCL_TESTS_DIR"":""/root/nccl-tests""}"
1,p1-nccl-baseline-20260826T181721Z-16cea6a,phase1,2026-08-26T18:17:40Z,measured,16cea6aed21d649453b65981c72d4b8ea7e32605,False,unknown,,5c44f3e9a47e,Ubuntu 24.04.3 LTS,6.8.0-106-generic,AMD EPYC 9254 24-Core Processor,48,1,NVIDIA L4,2,NODE,none-single-node,False,,12.8,580.126.20,2.25.1+cuda12.8,NCCL_DEBUG=VERSION banner,,gcc (Ubuntu 13.3.0-6ubuntu2~24.04) 13.3.0,717b68318278e93f371d8ffb46b076069d7c7851,nccl-tests,all_reduce,float,sum,-1,8192,2048,in_place,20,50,1,full,7.56,1.08,1.08,0,True,True,True,0,/root/nccl-tests/build/all_reduce_perf -b 8 -e 128M -f 2 -g 2 -w 20 -n 50 -c 1 -d float,results/raw/p1-nccl-baseline-20260826T181721Z-16cea6a/all_reduce.full.r1.stdout.txt,,"[{""index"":0,""memory_total_mib"":23034,""name"":""NVIDIA L4"",""pci_bus_id"":""00000000:03:00.0""},{""index"":1,""memory_total_mib"":23034,""name"":""NVIDIA L4"",""pci_bus_id"":""00000000:C3:00.0""}]","""\t\u001b[4mGPU0\tGPU1\tNIC0\tCPU Affinity\tNUMA Affinity\tGPU NUMA ID\u001b[0m\nGPU0\t X \tNODE\tNODE\t0-47\t0\t\tN/A\nGPU1\tNODE\t X \tNODE\t0-47\t0\t\tN/A\nNIC0\tNODE\tNODE\t X \t\t\t\t\n\nLegend:\n\n  X    = Self\n  SYS  = Connection traversing PCIe as well as the SMP interconnect between NUMA nodes (e.g., QPI/UPI)\n  NODE = Connection traversing PCIe as well as the interconnect between PCIe Host Bridges within a NUMA node\n  PHB  = Connection traversing PCIe as well as a PCIe Host Bridge (typically the CPU)\n  PXB  = Connection traversing multiple PCIe bridges (without traversing the PCIe Host Bridge)\n  PIX  = Connection traversing at most a single PCIe bridge\n  NV#  = Connection traversing a bonded set of # NVLinks\n\nNIC Legend:\n\n  NIC0: mlx5_bond_0""","{""CUDA_HOME"":""/usr/local/cuda"",""NCCL_TESTS_DIR"":""/root/nccl-tests""}"
1,p1-nccl-baseline-20260826T181721Z-16cea6a,phase1,2026-08-26T18:17:40Z,measured,16cea6aed21d649453b65981c72d4b8ea7e32605,False,unknown,,5c44f3e9a47e,Ubuntu 24.04.3 LTS,6.8.0-106-generic,AMD EPYC 9254 24-Core Processor,48,1,NVIDIA L4,2,NODE,none-single-node,False,,12.8,580.126.20,2.25.1+cuda12.8,NCCL_DEBUG=VERSION banner,,gcc (Ubuntu 13.3.0-6ubuntu2~24.04) 13.3.0,717b68318278e93f371d8ffb46b076069d7c7851,nccl-tests,all_reduce,float,sum,-1,16384,4096,out_of_place,20,50,1,full,9.21,1.78,1.78,0,True,True,True,0,/root/nccl-tests/build/all_reduce_perf -b 8 -e 128M -f 2 -g 2 -w 20 -n 50 -c 1 -d float,results/raw/p1-nccl-baseline-20260826T181721Z-16cea6a/all_reduce.full.r1.stdout.txt,,"[{""index"":0,""memory_total_mib"":23034,""name"":""NVIDIA L4"",""pci_bus_id"":""00000000:03:00.0""},{""index"":1,""memory_total_mib"":23034,""name"":""NVIDIA L4"",""pci_bus_id"":""00000000:C3:00.0""}]","""\t\u001b[4mGPU0\tGPU1\tNIC0\tCPU Affinity\tNUMA Affinity\tGPU NUMA ID\u001b[0m\nGPU0\t X \tNODE\tNODE\t0-47\t0\t\tN/A\nGPU1\tNODE\t X \tNODE\t0-47\t0\t\tN/A\nNIC0\tNODE\tNODE\t X \t\t\t\t\n\nLegend:\n\n  X    = Self\n  SYS  = Connection traversing PCIe as well as the SMP interconnect between NUMA nodes (e.g., QPI/UPI)\n  NODE = Connection traversing PCIe as well as the interconnect between PCIe Host Bridges within a NUMA node\n  PHB  = Connection traversing PCIe as well as a PCIe Host Bridge (typically the CPU)\n  PXB  = Connection traversing multiple PCIe bridges (without traversing the PCIe Host Bridge)\n  PIX  = Connection traversing at most a single PCIe bridge\n  NV#  = Connection traversing a bonded set of # NVLinks\n\nNIC Legend:\n\n  NIC0: mlx5_bond_0""","{""CUDA_HOME"":""/usr/local/cuda"",""NCCL_TESTS_DIR"":""/root/nccl-tests""}"
1,p1-nccl-baseline-20260826T181721Z-16cea6a,phase1,2026-08-26T18:17:40Z,measured,16cea6aed21d649453b65981c72d4b8ea7e32605,False,unknown,,5c44f3e9a47e,Ubuntu 24.04.3 LTS,6.8.0-106-generic,AMD EPYC 9254 24-Core Processor,48,1,NVIDIA L4,2,NODE,none-single-node,False,,12.8,580.126.20,2.25.1+cuda12.8,NCCL_DEBUG=VERSION banner,,gcc (Ubuntu 13.3.0-6ubuntu2~24.04) 13.3.0,717b68318278e93f371d8ffb46b076069d7c7851,nccl-tests,all_reduce,float,sum,-1,16384,4096,in_place,20,50,1,full,9.16,1.79,1.79,0,True,True,True,0,/root/nccl-tests/build/all_reduce_perf -b 8 -e 128M -f 2 -g 2 -w 20 -n 50 -c 1 -d float,results/raw/p1-nccl-baseline-20260826T181721Z-16cea6a/all_reduce.full.r1.stdout.txt,,"[{""index"":0,""memory_total_mib"":23034,""name"":""NVIDIA L4"",""pci_bus_id"":""00000000:03:00.0""},{""index"":1,""memory_total_mib"":23034,""name"":""NVIDIA L4"",""pci_bus_id"":""00000000:C3:00.0""}]","""\t\u001b[4mGPU0\tGPU1\tNIC0\tCPU Affinity\tNUMA Affinity\tGPU NUMA ID\u001b[0m\nGPU0\t X \tNODE\tNODE\t0-47\t0\t\tN/A\nGPU1\tNODE\t X \tNODE\t0-47\t0\t\tN/A\nNIC0\tNODE\tNODE\t X \t\t\t\t\n\nLegend:\n\n  X    = Self\n  SYS  = Connection traversing PCIe as well as the SMP interconnect between NUMA nodes (e.g., QPI/UPI)\n  NODE = Connection traversing PCIe as well as the interconnect between PCIe Host Bridges within a NUMA node\n  PHB  = Connection traversing PCIe as well as a PCIe Host Bridge (typically the CPU)\n  PXB  = Connection traversing multiple PCIe bridges (without traversing the PCIe Host Bridge)\n  PIX  = Connection traversing at most a single PCIe bridge\n  NV#  = Connection traversing a bonded set of # NVLinks\n\nNIC Legend:\n\n  NIC0: mlx5_bond_0""","{""CUDA_HOME"":""/usr/local/cuda"",""NCCL_TESTS_DIR"":""/root/nccl-tests""}"
1,p1-nccl-baseline-20260826T181721Z-16cea6a,phase1,2026-08-26T18:17:40Z,measured,16cea6aed21d649453b65981c72d4b8ea7e32605,False,unknown,,5c44f3e9a47e,Ubuntu 24.04.3 LTS,6.8.0-106-generic,AMD EPYC 9254 24-Core Processor,48,1,NVIDIA L4,2,NODE,none-single-node,False,,12.8,580.126.20,2.25.1+cuda12.8,NCCL_DEBUG=VERSION banner,,gcc (Ubuntu 13.3.0-6ubuntu2~24.04) 13.3.0,717b68318278e93f371d8ffb46b076069d7c7851,nccl-tests,all_reduce,float,sum,-1,32768,8192,out_of_place,20,50,1,full,12.09,2.71,2.71,0,True,True,True,0,/root/nccl-tests/build/all_reduce_perf -b 8 -e 128M -f 2 -g 2 -w 20 -n 50 -c 1 -d float,results/raw/p1-nccl-baseline-20260826T181721Z-16cea6a/all_reduce.full.r1.stdout.txt,,"[{""index"":0,""memory_total_mib"":23034,""name"":""NVIDIA L4"",""pci_bus_id"":""00000000:03:00.0""},{""index"":1,""memory_total_mib"":23034,""name"":""NVIDIA L4"",""pci_bus_id"":""00000000:C3:00.0""}]","""\t\u001b[4mGPU0\tGPU1\tNIC0\tCPU Affinity\tNUMA Affinity\tGPU NUMA ID\u001b[0m\nGPU0\t X \tNODE\tNODE\t0-47\t0\t\tN/A\nGPU1\tNODE\t X \tNODE\t0-47\t0\t\tN/A\nNIC0\tNODE\tNODE\t X \t\t\t\t\n\nLegend:\n\n  X    = Self\n  SYS  = Connection traversing PCIe as well as the SMP interconnect between NUMA nodes (e.g., QPI/UPI)\n  NODE = Connection traversing PCIe as well as the interconnect between PCIe Host Bridges within a NUMA node\n  PHB  = Connection traversing PCIe as well as a PCIe Host Bridge (typically the CPU)\n  PXB  = Connection traversing multiple PCIe bridges (without traversing the PCIe Host Bridge)\n  PIX  = Connection traversing at most a single PCIe bridge\n  NV#  = Connection traversing a bonded set of # NVLinks\n\nNIC Legend:\n\n  NIC0: mlx5_bond_0""","{""CUDA_HOME"":""/usr/local/cuda"",""NCCL_TESTS_DIR"":""/root/nccl-tests""}"
1,p1-nccl-baseline-20260826T181721Z-16cea6a,phase1,2026-08-26T18:17:40Z,measured,16cea6aed21d649453b65981c72d4b8ea7e32605,False,unknown,,5c44f3e9a47e,Ubuntu 24.04.3 LTS,6.8.0-106-generic,AMD EPYC 9254 24-Core Processor,48,1,NVIDIA L4,2,NODE,none-single-node,False,,12.8,580.126.20,2.25.1+cuda12.8,NCCL_DEBUG=VERSION banner,,gcc (Ubuntu 13.3.0-6ubuntu2~24.04) 13.3.0,717b68318278e93f371d8ffb46b076069d7c7851,nccl-tests,all_reduce,float,sum,-1,32768,8192,in_place,20,50,1,full,11.97,2.74,2.74,0,True,True,True,0,/root/nccl-tests/build/all_reduce_perf -b 8 -e 128M -f 2 -g 2 -w 20 -n 50 -c 1 -d float,results/raw/p1-nccl-baseline-20260826T181721Z-16cea6a/all_reduce.full.r1.stdout.txt,,"[{""index"":0,""memory_total_mib"":23034,""name"":""NVIDIA L4"",""pci_bus_id"":""00000000:03:00.0""},{""index"":1,""memory_total_mib"":23034,""name"":""NVIDIA L4"",""pci_bus_id"":""00000000:C3:00.0""}]","""\t\u001b[4mGPU0\tGPU1\tNIC0\tCPU Affinity\tNUMA Affinity\tGPU NUMA ID\u001b[0m\nGPU0\t X \tNODE\tNODE\t0-47\t0\t\tN/A\nGPU1\tNODE\t X \tNODE\t0-47\t0\t\tN/A\nNIC0\tNODE\tNODE\t X \t\t\t\t\n\nLegend:\n\n  X    = Self\n  SYS  = Connection traversing PCIe as well as the SMP interconnect between NUMA nodes (e.g., QPI/UPI)\n  NODE = Connection traversing PCIe as well as the interconnect between PCIe Host Bridges within a NUMA node\n  PHB  = Connection traversing PCIe as well as a PCIe Host Bridge (typically the CPU)\n  PXB  = Connection traversing multiple PCIe bridges (without traversing the PCIe Host Bridge)\n  PIX  = Connection traversing at most a single PCIe bridge\n  NV#  = Connection traversing a bonded set of # NVLinks\n\nNIC Legend:\n\n  NIC0: mlx5_bond_0""","{""CUDA_HOME"":""/usr/local/cuda"",""NCCL_TESTS_DIR"":""/root/nccl-tests""}"
1,p1-nccl-baseline-20260826T181721Z-16cea6a,phase1,2026-08-26T18:17:40Z,measured,16cea6aed21d649453b65981c72d4b8ea7e32605,False,unknown,,5c44f3e9a47e,Ubuntu 24.04.3 LTS,6.8.0-106-generic,AMD EPYC 9254 24-Core Processor,48,1,NVIDIA L4,2,NODE,none-single-node,False,,12.8,580.126.20,2.25.1+cuda12.8,NCCL_DEBUG=VERSION banner,,gcc (Ubuntu 13.3.0-6ubuntu2~24.04) 13.3.0,717b68318278e93f371d8ffb46b076069d7c7851,nccl-tests,all_reduce,float,sum,-1,65536,16384,out_of_place,20,50,1,full,17.75,3.69,3.69,0,True,True,True,0,/root/nccl-tests/build/all_reduce_perf -b 8 -e 128M -f 2 -g 2 -w 20 -n 50 -c 1 -d float,results/raw/p1-nccl-baseline-20260826T181721Z-16cea6a/all_reduce.full.r1.stdout.txt,,"[{""index"":0,""memory_total_mib"":23034,""name"":""NVIDIA L4"",""pci_bus_id"":""00000000:03:00.0""},{""index"":1,""memory_total_mib"":23034,""name"":""NVIDIA L4"",""pci_bus_id"":""00000000:C3:00.0""}]","""\t\u001b[4mGPU0\tGPU1\tNIC0\tCPU Affinity\tNUMA Affinity\tGPU NUMA ID\u001b[0m\nGPU0\t X \tNODE\tNODE\t0-47\t0\t\tN/A\nGPU1\tNODE\t X \tNODE\t0-47\t0\t\tN/A\nNIC0\tNODE\tNODE\t X \t\t\t\t\n\nLegend:\n\n  X    = Self\n  SYS  = Connection traversing PCIe as well as the SMP interconnect between NUMA nodes (e.g., QPI/UPI)\n  NODE = Connection traversing PCIe as well as the interconnect between PCIe Host Bridges within a NUMA node\n  PHB  = Connection traversing PCIe as well as a PCIe Host Bridge (typically the CPU)\n  PXB  = Connection traversing multiple PCIe bridges (without traversing the PCIe Host Bridge)\n  PIX  = Connection traversing at most a single PCIe bridge\n  NV#  = Connection traversing a bonded set of # NVLinks\n\nNIC Legend:\n\n  NIC0: mlx5_bond_0""","{""CUDA_HOME"":""/usr/local/cuda"",""NCCL_TESTS_DIR"":""/root/nccl-tests""}"
1,p1-nccl-baseline-20260826T181721Z-16cea6a,phase1,2026-08-26T18:17:40Z,measured,16cea6aed21d649453b65981c72d4b8ea7e32605,False,unknown,,5c44f3e9a47e,Ubuntu 24.04.3 LTS,6.8.0-106-generic,AMD EPYC 9254 24-Core Processor,48,1,NVIDIA L4,2,NODE,none-single-node,False,,12.8,580.126.20,2.25.1+cuda12.8,NCCL_DEBUG=VERSION banner,,gcc (Ubuntu 13.3.0-6ubuntu2~24.04) 13.3.0,717b68318278e93f371d8ffb46b076069d7c7851,nccl-tests,all_reduce,float,sum,-1,65536,16384,in_place,20,50,1,full,17.62,3.72,3.72,0,True,True,True,0,/root/nccl-tests/build/all_reduce_perf -b 8 -e 128M -f 2 -g 2 -w 20 -n 50 -c 1 -d float,results/raw/p1-nccl-baseline-20260826T181721Z-16cea6a/all_reduce.full.r1.stdout.txt,,"[{""index"":0,""memory_total_mib"":23034,""name"":""NVIDIA L4"",""pci_bus_id"":""00000000:03:00.0""},{""index"":1,""memory_total_mib"":23034,""name"":""NVIDIA L4"",""pci_bus_id"":""00000000:C3:00.0""}]","""\t\u001b[4mGPU0\tGPU1\tNIC0\tCPU Affinity\tNUMA Affinity\tGPU NUMA ID\u001b[0m\nGPU0\t X \tNODE\tNODE\t0-47\t0\t\tN/A\nGPU1\tNODE\t X \tNODE\t0-47\t0\t\tN/A\nNIC0\tNODE\tNODE\t X \t\t\t\t\n\nLegend:\n\n  X    = Self\n  SYS  = Connection traversing PCIe as well as the SMP interconnect between NUMA nodes (e.g., QPI/UPI)\n  NODE = Connection traversing PCIe as well as the interconnect between PCIe Host Bridges within a NUMA node\n  PHB  = Connection traversing PCIe as well as a PCIe Host Bridge (typically the CPU)\n  PXB  = Connection traversing multiple PCIe bridges (without traversing the PCIe Host Bridge)\n  PIX  = Connection traversing at most a single PCIe bridge\n  NV#  = Connection traversing a bonded set of # NVLinks\n\nNIC Legend:\n\n  NIC0: mlx5_bond_0""","{""CUDA_HOME"":""/usr/local/cuda"",""NCCL_TESTS_DIR"":""/root/nccl-tests""}"
1,p1-nccl-baseline-20260826T181721Z-16cea6a,phase1,2026-08-26T18:17:40Z,measured,16cea6aed21d649453b65981c72d4b8ea7e32605,False,unknown,,5c44f3e9a47e,Ubuntu 24.04.3 LTS,6.8.0-106-generic,AMD EPYC 9254 24-Core Processor,48,1,NVIDIA L4,2,NODE,none-single-node,False,,12.8,580.126.20,2.25.1+cuda12.8,NCCL_DEBUG=VERSION banner,,gcc (Ubuntu 13.3.0-6ubuntu2~24.04) 13.3.0,717b68318278e93f371d8ffb46b076069d7c7851,nccl-tests,all_reduce,float,sum,-1,131072,32768,out_of_place,20,50,1,full,28.75,4.56,4.56,0,True,True,True,0,/root/nccl-tests/build/all_reduce_perf -b 8 -e 128M -f 2 -g 2 -w 20 -n 50 -c 1 -d float,results/raw/p1-nccl-baseline-20260826T181721Z-16cea6a/all_reduce.full.r1.stdout.txt,,"[{""index"":0,""memory_total_mib"":23034,""name"":""NVIDIA L4"",""pci_bus_id"":""00000000:03:00.0""},{""index"":1,""memory_total_mib"":23034,""name"":""NVIDIA L4"",""pci_bus_id"":""00000000:C3:00.0""}]","""\t\u001b[4mGPU0\tGPU1\tNIC0\tCPU Affinity\tNUMA Affinity\tGPU NUMA ID\u001b[0m\nGPU0\t X \tNODE\tNODE\t0-47\t0\t\tN/A\nGPU1\tNODE\t X \tNODE\t0-47\t0\t\tN/A\nNIC0\tNODE\tNODE\t X \t\t\t\t\n\nLegend:\n\n  X    = Self\n  SYS  = Connection traversing PCIe as well as the SMP interconnect between NUMA nodes (e.g., QPI/UPI)\n  NODE = Connection traversing PCIe as well as the interconnect between PCIe Host Bridges within a NUMA node\n  PHB  = Connection traversing PCIe as well as a PCIe Host Bridge (typically the CPU)\n  PXB  = Connection traversing multiple PCIe bridges (without traversing the PCIe Host Bridge)\n  PIX  = Connection traversing at most a single PCIe bridge\n  NV#  = Connection traversing a bonded set of # NVLinks\n\nNIC Legend:\n\n  NIC0: mlx5_bond_0""","{""CUDA_HOME"":""/usr/local/cuda"",""NCCL_TESTS_DIR"":""/root/nccl-tests""}"
1,p1-nccl-baseline-20260826T181721Z-16cea6a,phase1,2026-08-26T18:17:40Z,measured,16cea6aed21d649453b65981c72d4b8ea7e32605,False,unknown,,5c44f3e9a47e,Ubuntu 24.04.3 LTS,6.8.0-106-generic,AMD EPYC 9254 24-Core Processor,48,1,NVIDIA L4,2,NODE,none-single-node,False,,12.8,580.126.20,2.25.1+cuda12.8,NCCL_DEBUG=VERSION banner,,gcc (Ubuntu 13.3.0-6ubuntu2~24.04) 13.3.0,717b68318278e93f371d8ffb46b076069d7c7851,nccl-tests,all_reduce,float,sum,-1,131072,32768,in_place,20,50,1,full,28.85,4.54,4.54,0,True,True,True,0,/root/nccl-tests/build/all_reduce_perf -b 8 -e 128M -f 2 -g 2 -w 20 -n 50 -c 1 -d float,results/raw/p1-nccl-baseline-20260826T181721Z-16cea6a/all_reduce.full.r1.stdout.txt,,"[{""index"":0,""memory_total_mib"":23034,""name"":""NVIDIA L4"",""pci_bus_id"":""00000000:03:00.0""},{""index"":1,""memory_total_mib"":23034,""name"":""NVIDIA L4"",""pci_bus_id"":""00000000:C3:00.0""}]","""\t\u001b[4mGPU0\tGPU1\tNIC0\tCPU Affinity\tNUMA Affinity\tGPU NUMA ID\u001b[0m\nGPU0\t X \tNODE\tNODE\t0-47\t0\t\tN/A\nGPU1\tNODE\t X \tNODE\t0-47\t0\t\tN/A\nNIC0\tNODE\tNODE\t X \t\t\t\t\n\nLegend:\n\n  X    = Self\n  SYS  = Connection traversing PCIe as well as the SMP interconnect between NUMA nodes (e.g., QPI/UPI)\n  NODE = Connection traversing PCIe as well as the interconnect between PCIe Host Bridges within a NUMA node\n  PHB  = Connection traversing PCIe as well as a PCIe Host Bridge (typically the CPU)\n  PXB  = Connection traversing multiple PCIe bridges (without traversing the PCIe Host Bridge)\n  PIX  = Connection traversing at most a single PCIe bridge\n  NV#  = Connection traversing a bonded set of # NVLinks\n\nNIC Legend:\n\n  NIC0: mlx5_bond_0""","{""CUDA_HOME"":""/usr/local/cuda"",""NCCL_TESTS_DIR"":""/root/nccl-tests""}"
1,p1-nccl-baseline-20260826T181721Z-16cea6a,phase1,2026-08-26T18:17:40Z,measured,16cea6aed21d649453b65981c72d4b8ea7e32605,False,unknown,,5c44f3e9a47e,Ubuntu 24.04.3 LTS,6.8.0-106-generic,AMD EPYC 9254 24-Core Processor,48,1,NVIDIA L4,2,NODE,none-single-node,False,,12.8,580.126.20,2.25.1+cuda12.8,NCCL_DEBUG=VERSION banner,,gcc (Ubuntu 13.3.0-6ubuntu2~24.04) 13.3.0,717b68318278e93f371d8ffb46b076069d7c7851,nccl-tests,all_reduce,float,sum,-1,262144,65536,out_of_place,20,50,1,full,42.08,6.23,6.23,0,True,True,True,0,/root/nccl-tests/build/all_reduce_perf -b 8 -e 128M -f 2 -g 2 -w 20 -n 50 -c 1 -d float,results/raw/p1-nccl-baseline-20260826T181721Z-16cea6a/all_reduce.full.r1.stdout.txt,,"[{""index"":0,""memory_total_mib"":23034,""name"":""NVIDIA L4"",""pci_bus_id"":""00000000:03:00.0""},{""index"":1,""memory_total_mib"":23034,""name"":""NVIDIA L4"",""pci_bus_id"":""00000000:C3:00.0""}]","""\t\u001b[4mGPU0\tGPU1\tNIC0\tCPU Affinity\tNUMA Affinity\tGPU NUMA ID\u001b[0m\nGPU0\t X \tNODE\tNODE\t0-47\t0\t\tN/A\nGPU1\tNODE\t X \tNODE\t0-47\t0\t\tN/A\nNIC0\tNODE\tNODE\t X \t\t\t\t\n\nLegend:\n\n  X    = Self\n  SYS  = Connection traversing PCIe as well as the SMP interconnect between NUMA nodes (e.g., QPI/UPI)\n  NODE = Connection traversing PCIe as well as the interconnect between PCIe Host Bridges within a NUMA node\n  PHB  = Connection traversing PCIe as well as a PCIe Host Bridge (typically the CPU)\n  PXB  = Connection traversing multiple PCIe bridges (without traversing the PCIe Host Bridge)\n  PIX  = Connection traversing at most a single PCIe bridge\n  NV#  = Connection traversing a bonded set of # NVLinks\n\nNIC Legend:\n\n  NIC0: mlx5_bond_0""","{""CUDA_HOME"":""/usr/local/cuda"",""NCCL_TESTS_DIR"":""/root/nccl-tests""}"
1,p1-nccl-baseline-20260826T181721Z-16cea6a,phase1,2026-08-26T18:17:40Z,measured,16cea6aed21d649453b65981c72d4b8ea7e32605,False,unknown,,5c44f3e9a47e,Ubuntu 24.04.3 LTS,6.8.0-106-generic,AMD EPYC 9254 24-Core Processor,48,1,NVIDIA L4,2,NODE,none-single-node,False,,12.8,580.126.20,2.25.1+cuda12.8,NCCL_DEBUG=VERSION banner,,gcc (Ubuntu 13.3.0-6ubuntu2~24.04) 13.3.0,717b68318278e93f371d8ffb46b076069d7c7851,nccl-tests,all_reduce,float,sum,-1,262144,65536,in_place,20,50,1,full,42.27,6.2,6.2,0,True,True,True,0,/root/nccl-tests/build/all_reduce_perf -b 8 -e 128M -f 2 -g 2 -w 20 -n 50 -c 1 -d float,results/raw/p1-nccl-baseline-20260826T181721Z-16cea6a/all_reduce.full.r1.stdout.txt,,"[{""index"":0,""memory_total_mib"":23034,""name"":""NVIDIA L4"",""pci_bus_id"":""00000000:03:00.0""},{""index"":1,""memory_total_mib"":23034,""name"":""NVIDIA L4"",""pci_bus_id"":""00000000:C3:00.0""}]","""\t\u001b[4mGPU0\tGPU1\tNIC0\tCPU Affinity\tNUMA Affinity\tGPU NUMA ID\u001b[0m\nGPU0\t X \tNODE\tNODE\t0-47\t0\t\tN/A\nGPU1\tNODE\t X \tNODE\t0-47\t0\t\tN/A\nNIC0\tNODE\tNODE\t X \t\t\t\t\n\nLegend:\n\n  X    = Self\n  SYS  = Connection traversing PCIe as well as the SMP interconnect between NUMA nodes (e.g., QPI/UPI)\n  NODE = Connection traversing PCIe as well as the interconnect between PCIe Host Bridges within a NUMA node\n  PHB  = Connection traversing PCIe as well as a PCIe Host Bridge (typically the CPU)\n  PXB  = Connection traversing multiple PCIe bridges (without traversing the PCIe Host Bridge)\n  PIX  = Connection traversing at most a single PCIe bridge\n  NV#  = Connection traversing a bonded set of # NVLinks\n\nNIC Legend:\n\n  NIC0: mlx5_bond_0""","{""CUDA_HOME"":""/usr/local/cuda"",""NCCL_TESTS_DIR"":""/root/nccl-tests""}"
1,p1-nccl-baseline-20260826T181721Z-16cea6a,phase1,2026-08-26T18:17:40Z,measured,16cea6aed21d649453b65981c72d4b8ea7e32605,False,unknown,,5c44f3e9a47e,Ubuntu 24.04.3 LTS,6.8.0-106-generic,AMD EPYC 9254 24-Core Processor,48,1,NVIDIA L4,2,NODE,none-single-node,False,,12.8,580.126.20,2.25.1+cuda12.8,NCCL_DEBUG=VERSION banner,,gcc (Ubuntu 13.3.0-6ubuntu2~24.04) 13.3.0,717b68318278e93f371d8ffb46b076069d7c7851,nccl-tests,all_reduce,float,sum,-1,524288,131072,out_of_place,20,50,1,full,66.81,7.85,7.85,0,True,True,True,0,/root/nccl-tests/build/all_reduce_perf -b 8 -e 128M -f 2 -g 2 -w 20 -n 50 -c 1 -d float,results/raw/p1-nccl-baseline-20260826T181721Z-16cea6a/all_reduce.full.r1.stdout.txt,,"[{""index"":0,""memory_total_mib"":23034,""name"":""NVIDIA L4"",""pci_bus_id"":""00000000:03:00.0""},{""index"":1,""memory_total_mib"":23034,""name"":""NVIDIA L4"",""pci_bus_id"":""00000000:C3:00.0""}]","""\t\u001b[4mGPU0\tGPU1\tNIC0\tCPU Affinity\tNUMA Affinity\tGPU NUMA ID\u001b[0m\nGPU0\t X \tNODE\tNODE\t0-47\t0\t\tN/A\nGPU1\tNODE\t X \tNODE\t0-47\t0\t\tN/A\nNIC0\tNODE\tNODE\t X \t\t\t\t\n\nLegend:\n\n  X    = Self\n  SYS  = Connection traversing PCIe as well as the SMP interconnect between NUMA nodes (e.g., QPI/UPI)\n  NODE = Connection traversing PCIe as well as the interconnect between PCIe Host Bridges within a NUMA node\n  PHB  = Connection traversing PCIe as well as a PCIe Host Bridge (typically the CPU)\n  PXB  = Connection traversing multiple PCIe bridges (without traversing the PCIe Host Bridge)\n  PIX  = Connection traversing at most a single PCIe bridge\n  NV#  = Connection traversing a bonded set of # NVLinks\n\nNIC Legend:\n\n  NIC0: mlx5_bond_0""","{""CUDA_HOME"":""/usr/local/cuda"",""NCCL_TESTS_DIR"":""/root/nccl-tests""}"
1,p1-nccl-baseline-20260826T181721Z-16cea6a,phase1,2026-08-26T18:17:40Z,measured,16cea6aed21d649453b65981c72d4b8ea7e32605,False,unknown,,5c44f3e9a47e,Ubuntu 24.04.3 LTS,6.8.0-106-generic,AMD EPYC 9254 24-Core Processor,48,1,NVIDIA L4,2,NODE,none-single-node,False,,12.8,580.126.20,2.25.1+cuda12.8,NCCL_DEBUG=VERSION banner,,gcc (Ubuntu 13.3.0-6ubuntu2~24.04) 13.3.0,717b68318278e93f371d8ffb46b076069d7c7851,nccl-tests,all_reduce,float,sum,-1,524288,131072,in_place,20,50,1,full,66.05,7.94,7.94,0,True,True,True,0,/root/nccl-tests/build/all_reduce_perf -b 8 -e 128M -f 2 -g 2 -w 20 -n 50 -c 1 -d float,results/raw/p1-nccl-baseline-20260826T181721Z-16cea6a/all_reduce.full.r1.stdout.txt,,"[{""index"":0,""memory_total_mib"":23034,""name"":""NVIDIA L4"",""pci_bus_id"":""00000000:03:00.0""},{""index"":1,""memory_total_mib"":23034,""name"":""NVIDIA L4"",""pci_bus_id"":""00000000:C3:00.0""}]","""\t\u001b[4mGPU0\tGPU1\tNIC0\tCPU Affinity\tNUMA Affinity\tGPU NUMA ID\u001b[0m\nGPU0\t X \tNODE\tNODE\t0-47\t0\t\tN/A\nGPU1\tNODE\t X \tNODE\t0-47\t0\t\tN/A\nNIC0\tNODE\tNODE\t X \t\t\t\t\n\nLegend:\n\n  X    = Self\n  SYS  = Connection traversing PCIe as well as the SMP interconnect between NUMA nodes (e.g., QPI/UPI)\n  NODE = Connection traversing PCIe as well as the interconnect between PCIe Host Bridges within a NUMA node\n  PHB  = Connection traversing PCIe as well as a PCIe Host Bridge (typically the CPU)\n  PXB  = Connection traversing multiple PCIe bridges (without traversing the PCIe Host Bridge)\n  PIX  = Connection traversing at most a single PCIe bridge\n  NV#  = Connection traversing a bonded set of # NVLinks\n\nNIC Legend:\n\n  NIC0: mlx5_bond_0""","{""CUDA_HOME"":""/usr/local/cuda"",""NCCL_TESTS_DIR"":""/root/nccl-tests""}"
1,p1-nccl-baseline-20260826T181721Z-16cea6a,phase1,2026-08-26T18:17:40Z,measured,16cea6aed21d649453b65981c72d4b8ea7e32605,False,unknown,,5c44f3e9a47e,Ubuntu 24.04.3 LTS,6.8.0-106-generic,AMD EPYC 9254 24-Core Processor,48,1,NVIDIA L4,2,NODE,none-single-node,False,,12.8,580.126.20,2.25.1+cuda12.8,NCCL_DEBUG=VERSION banner,,gcc (Ubuntu 13.3.0-6ubuntu2~24.04) 13.3.0,717b68318278e93f371d8ffb46b076069d7c7851,nccl-tests,all_reduce,float,sum,-1,1048576,262144,out_of_place,20,50,1,full,108.35,9.68,9.68,0,True,True,True,0,/root/nccl-tests/build/all_reduce_perf -b 8 -e 128M -f 2 -g 2 -w 20 -n 50 -c 1 -d float,results/raw/p1-nccl-baseline-20260826T181721Z-16cea6a/all_reduce.full.r1.stdout.txt,,"[{""index"":0,""memory_total_mib"":23034,""name"":""NVIDIA L4"",""pci_bus_id"":""00000000:03:00.0""},{""index"":1,""memory_total_mib"":23034,""name"":""NVIDIA L4"",""pci_bus_id"":""00000000:C3:00.0""}]","""\t\u001b[4mGPU0\tGPU1\tNIC0\tCPU Affinity\tNUMA Affinity\tGPU NUMA ID\u001b[0m\nGPU0\t X \tNODE\tNODE\t0-47\t0\t\tN/A\nGPU1\tNODE\t X \tNODE\t0-47\t0\t\tN/A\nNIC0\tNODE\tNODE\t X \t\t\t\t\n\nLegend:\n\n  X    = Self\n  SYS  = Connection traversing PCIe as well as the SMP interconnect between NUMA nodes (e.g., QPI/UPI)\n  NODE = Connection traversing PCIe as well as the interconnect between PCIe Host Bridges within a NUMA node\n  PHB  = Connection traversing PCIe as well as a PCIe Host Bridge (typically the CPU)\n  PXB  = Connection traversing multiple PCIe bridges (without traversing the PCIe Host Bridge)\n  PIX  = Connection traversing at most a single PCIe bridge\n  NV#  = Connection traversing a bonded set of # NVLinks\n\nNIC Legend:\n\n  NIC0: mlx5_bond_0""","{""CUDA_HOME"":""/usr/local/cuda"",""NCCL_TESTS_DIR"":""/root/nccl-tests""}"
1,p1-nccl-baseline-20260826T181721Z-16cea6a,phase1,2026-08-26T18:17:40Z,measured,16cea6aed21d649453b65981c72d4b8ea7e32605,False,unknown,,5c44f3e9a47e,Ubuntu 24.04.3 LTS,6.8.0-106-generic,AMD EPYC 9254 24-Core Processor,48,1,NVIDIA L4,2,NODE,none-single-node,False,,12.8,580.126.20,2.25.1+cuda12.8,NCCL_DEBUG=VERSION banner,,gcc (Ubuntu 13.3.0-6ubuntu2~24.04) 13.3.0,717b68318278e93f371d8ffb46b076069d7c7851,nccl-tests,all_reduce,float,sum,-1,1048576,262144,in_place,20,50,1,full,108.66,9.65,9.65,0,True,True,True,0,/root/nccl-tests/build/all_reduce_perf -b 8 -e 128M -f 2 -g 2 -w 20 -n 50 -c 1 -d float,results/raw/p1-nccl-baseline-20260826T181721Z-16cea6a/all_reduce.full.r1.stdout.txt,,"[{""index"":0,""memory_total_mib"":23034,""name"":""NVIDIA L4"",""pci_bus_id"":""00000000:03:00.0""},{""index"":1,""memory_total_mib"":23034,""name"":""NVIDIA L4"",""pci_bus_id"":""00000000:C3:00.0""}]","""\t\u001b[4mGPU0\tGPU1\tNIC0\tCPU Affinity\tNUMA Affinity\tGPU NUMA ID\u001b[0m\nGPU0\t X \tNODE\tNODE\t0-47\t0\t\tN/A\nGPU1\tNODE\t X \tNODE\t0-47\t0\t\tN/A\nNIC0\tNODE\tNODE\t X \t\t\t\t\n\nLegend:\n\n  X    = Self\n  SYS  = Connection traversing PCIe as well as the SMP interconnect between NUMA nodes (e.g., QPI/UPI)\n  NODE = Connection traversing PCIe as well as the interconnect between PCIe Host Bridges within a NUMA node\n  PHB  = Connection traversing PCIe as well as a PCIe Host Bridge (typically the CPU)\n  PXB  = Connection traversing multiple PCIe bridges (without traversing the PCIe Host Bridge)\n  PIX  = Connection traversing at most a single PCIe bridge\n  NV#  = Connection traversing a bonded set of # NVLinks\n\nNIC Legend:\n\n  NIC0: mlx5_bond_0""","{""CUDA_HOME"":""/usr/local/cuda"",""NCCL_TESTS_DIR"":""/root/nccl-tests""}"
1,p1-nccl-baseline-20260826T181721Z-16cea6a,phase1,2026-08-26T18:17:40Z,measured,16cea6aed21d649453b65981c72d4b8ea7e32605,False,unknown,,5c44f3e9a47e,Ubuntu 24.04.3 LTS,6.8.0-106-generic,AMD EPYC 9254 24-Core Processor,48,1,NVIDIA L4,2,NODE,none-single-node,False,,12.8,580.126.20,2.25.1+cuda12.8,NCCL_DEBUG=VERSION banner,,gcc (Ubuntu 13.3.0-6ubuntu2~24.04) 13.3.0,717b68318278e93f371d8ffb46b076069d7c7851,nccl-tests,all_reduce,float,sum,-1,2097152,524288,out_of_place,20,50,1,full,199.77,10.5,10.5,0,True,True,True,0,/root/nccl-tests/build/all_reduce_perf -b 8 -e 128M -f 2 -g 2 -w 20 -n 50 -c 1 -d float,results/raw/p1-nccl-baseline-20260826T181721Z-16cea6a/all_reduce.full.r1.stdout.txt,,"[{""index"":0,""memory_total_mib"":23034,""name"":""NVIDIA L4"",""pci_bus_id"":""00000000:03:00.0""},{""index"":1,""memory_total_mib"":23034,""name"":""NVIDIA L4"",""pci_bus_id"":""00000000:C3:00.0""}]","""\t\u001b[4mGPU0\tGPU1\tNIC0\tCPU Affinity\tNUMA Affinity\tGPU NUMA ID\u001b[0m\nGPU0\t X \tNODE\tNODE\t0-47\t0\t\tN/A\nGPU1\tNODE\t X \tNODE\t0-47\t0\t\tN/A\nNIC0\tNODE\tNODE\t X \t\t\t\t\n\nLegend:\n\n  X    = Self\n  SYS  = Connection traversing PCIe as well as the SMP interconnect between NUMA nodes (e.g., QPI/UPI)\n  NODE = Connection traversing PCIe as well as the interconnect between PCIe Host Bridges within a NUMA node\n  PHB  = Connection traversing PCIe as well as a PCIe Host Bridge (typically the CPU)\n  PXB  = Connection traversing multiple PCIe bridges (without traversing the PCIe Host Bridge)\n  PIX  = Connection traversing at most a single PCIe bridge\n  NV#  = Connection traversing a bonded set of # NVLinks\n\nNIC Legend:\n\n  NIC0: mlx5_bond_0""","{""CUDA_HOME"":""/usr/local/cuda"",""NCCL_TESTS_DIR"":""/root/nccl-tests""}"
1,p1-nccl-baseline-20260826T181721Z-16cea6a,phase1,2026-08-26T18:17:40Z,measured,16cea6aed21d649453b65981c72d4b8ea7e32605,False,unknown,,5c44f3e9a47e,Ubuntu 24.04.3 LTS,6.8.0-106-generic,AMD EPYC 9254 24-Core Processor,48,1,NVIDIA L4,2,NODE,none-single-node,False,,12.8,580.126.20,2.25.1+cuda12.8,NCCL_DEBUG=VERSION banner,,gcc (Ubuntu 13.3.0-6ubuntu2~24.04) 13.3.0,717b68318278e93f371d8ffb46b076069d7c7851,nccl-tests,all_reduce,float,sum,-1,2097152,524288,in_place,20,50,1,full,199.42,10.52,10.52,0,True,True,True,0,/root/nccl-tests/build/all_reduce_perf -b 8 -e 128M -f 2 -g 2 -w 20 -n 50 -c 1 -d float,results/raw/p1-nccl-baseline-20260826T181721Z-16cea6a/all_reduce.full.r1.stdout.txt,,"[{""index"":0,""memory_total_mib"":23034,""name"":""NVIDIA L4"",""pci_bus_id"":""00000000:03:00.0""},{""index"":1,""memory_total_mib"":23034,""name"":""NVIDIA L4"",""pci_bus_id"":""00000000:C3:00.0""}]","""\t\u001b[4mGPU0\tGPU1\tNIC0\tCPU Affinity\tNUMA Affinity\tGPU NUMA ID\u001b[0m\nGPU0\t X \tNODE\tNODE\t0-47\t0\t\tN/A\nGPU1\tNODE\t X \tNODE\t0-47\t0\t\tN/A\nNIC0\tNODE\tNODE\t X \t\t\t\t\n\nLegend:\n\n  X    = Self\n  SYS  = Connection traversing PCIe as well as the SMP interconnect between NUMA nodes (e.g., QPI/UPI)\n  NODE = Connection traversing PCIe as well as the interconnect between PCIe Host Bridges within a NUMA node\n  PHB  = Connection traversing PCIe as well as a PCIe Host Bridge (typically the CPU)\n  PXB  = Connection traversing multiple PCIe bridges (without traversing the PCIe Host Bridge)\n  PIX  = Connection traversing at most a single PCIe bridge\n  NV#  = Connection traversing a bonded set of # NVLinks\n\nNIC Legend:\n\n  NIC0: mlx5_bond_0""","{""CUDA_HOME"":""/usr/local/cuda"",""NCCL_TESTS_DIR"":""/root/nccl-tests""}"
1,p1-nccl-baseline-20260826T181721Z-16cea6a,phase1,2026-08-26T18:17:40Z,measured,16cea6aed21d649453b65981c72d4b8ea7e32605,False,unknown,,5c44f3e9a47e,Ubuntu 24.04.3 LTS,6.8.0-106-generic,AMD EPYC 9254 24-Core Processor,48,1,NVIDIA L4,2,NODE,none-single-node,False,,12.8,580.126.20,2.25.1+cuda12.8,NCCL_DEBUG=VERSION banner,,gcc (Ubuntu 13.3.0-6ubuntu2~24.04) 13.3.0,717b68318278e93f371d8ffb46b076069d7c7851,nccl-tests,all_reduce,float,sum,-1,4194304,1048576,out_of_place,20,50,1,full,390.07,10.75,10.75,0,True,True,True,0,/root/nccl-tests/build/all_reduce_perf -b 8 -e 128M -f 2 -g 2 -w 20 -n 50 -c 1 -d float,results/raw/p1-nccl-baseline-20260826T181721Z-16cea6a/all_reduce.full.r1.stdout.txt,,"[{""index"":0,""memory_total_mib"":23034,""name"":""NVIDIA L4"",""pci_bus_id"":""00000000:03:00.0""},{""index"":1,""memory_total_mib"":23034,""name"":""NVIDIA L4"",""pci_bus_id"":""00000000:C3:00.0""}]","""\t\u001b[4mGPU0\tGPU1\tNIC0\tCPU Affinity\tNUMA Affinity\tGPU NUMA ID\u001b[0m\nGPU0\t X \tNODE\tNODE\t0-47\t0\t\tN/A\nGPU1\tNODE\t X \tNODE\t0-47\t0\t\tN/A\nNIC0\tNODE\tNODE\t X \t\t\t\t\n\nLegend:\n\n  X    = Self\n  SYS  = Connection traversing PCIe as well as the SMP interconnect between NUMA nodes (e.g., QPI/UPI)\n  NODE = Connection traversing PCIe as well as the interconnect between PCIe Host Bridges within a NUMA node\n  PHB  = Connection traversing PCIe as well as a PCIe Host Bridge (typically the CPU)\n  PXB  = Connection traversing multiple PCIe bridges (without traversing the PCIe Host Bridge)\n  PIX  = Connection traversing at most a single PCIe bridge\n  NV#  = Connection traversing a bonded set of # NVLinks\n\nNIC Legend:\n\n  NIC0: mlx5_bond_0""","{""CUDA_HOME"":""/usr/local/cuda"",""NCCL_TESTS_DIR"":""/root/nccl-tests""}"
1,p1-nccl-baseline-20260826T181721Z-16cea6a,phase1,2026-08-26T18:17:40Z,measured,16cea6aed21d649453b65981c72d4b8ea7e32605,False,unknown,,5c44f3e9a47e,Ubuntu 24.04.3 LTS,6.8.0-106-generic,AMD EPYC 9254 24-Core Processor,48,1,NVIDIA L4,2,NODE,none-single-node,False,,12.8,580.126.20,2.25.1+cuda12.8,NCCL_DEBUG=VERSION banner,,gcc (Ubuntu 13.3.0-6ubuntu2~24.04) 13.3.0,717b68318278e93f371d8ffb46b076069d7c7851,nccl-tests,all_reduce,float,sum,-1,4194304,1048576,in_place,20,50,1,full,389.99,10.76,10.76,0,True,True,True,0,/root/nccl-tests/build/all_reduce_perf -b 8 -e 128M -f 2 -g 2 -w 20 -n 50 -c 1 -d float,results/raw/p1-nccl-baseline-20260826T181721Z-16cea6a/all_reduce.full.r1.stdout.txt,,"[{""index"":0,""memory_total_mib"":23034,""name"":""NVIDIA L4"",""pci_bus_id"":""00000000:03:00.0""},{""index"":1,""memory_total_mib"":23034,""name"":""NVIDIA L4"",""pci_bus_id"":""00000000:C3:00.0""}]","""\t\u001b[4mGPU0\tGPU1\tNIC0\tCPU Affinity\tNUMA Affinity\tGPU NUMA ID\u001b[0m\nGPU0\t X \tNODE\tNODE\t0-47\t0\t\tN/A\nGPU1\tNODE\t X \tNODE\t0-47\t0\t\tN/A\nNIC0\tNODE\tNODE\t X \t\t\t\t\n\nLegend:\n\n  X    = Self\n  SYS  = Connection traversing PCIe as well as the SMP interconnect between NUMA nodes (e.g., QPI/UPI)\n  NODE = Connection traversing PCIe as well as the interconnect between PCIe Host Bridges within a NUMA node\n  PHB  = Connection traversing PCIe as well as a PCIe Host Bridge (typically the CPU)\n  PXB  = Connection traversing multiple PCIe bridges (without traversing the PCIe Host Bridge)\n  PIX  = Connection traversing at most a single PCIe bridge\n  NV#  = Connection traversing a bonded set of # NVLinks\n\nNIC Legend:\n\n  NIC0: mlx5_bond_0""","{""CUDA_HOME"":""/usr/local/cuda"",""NCCL_TESTS_DIR"":""/root/nccl-tests""}"
1,p1-nccl-baseline-20260826T181721Z-16cea6a,phase1,2026-08-26T18:17:40Z,measured,16cea6aed21d649453b65981c72d4b8ea7e32605,False,unknown,,5c44f3e9a47e,Ubuntu 24.04.3 LTS,6.8.0-106-generic,AMD EPYC 9254 24-Core Processor,48,1,NVIDIA L4,2,NODE,none-single-node,False,,12.8,580.126.20,2.25.1+cuda12.8,NCCL_DEBUG=VERSION banner,,gcc (Ubuntu 13.3.0-6ubuntu2~24.04) 13.3.0,717b68318278e93f371d8ffb46b076069d7c7851,nccl-tests,all_reduce,float,sum,-1,8388608,2097152,out_of_place,20,50,1,full,771.76,10.87,10.87,0,True,True,True,0,/root/nccl-tests/build/all_reduce_perf -b 8 -e 128M -f 2 -g 2 -w 20 -n 50 -c 1 -d float,results/raw/p1-nccl-baseline-20260826T181721Z-16cea6a/all_reduce.full.r1.stdout.txt,,"[{""index"":0,""memory_total_mib"":23034,""name"":""NVIDIA L4"",""pci_bus_id"":""00000000:03:00.0""},{""index"":1,""memory_total_mib"":23034,""name"":""NVIDIA L4"",""pci_bus_id"":""00000000:C3:00.0""}]","""\t\u001b[4mGPU0\tGPU1\tNIC0\tCPU Affinity\tNUMA Affinity\tGPU NUMA ID\u001b[0m\nGPU0\t X \tNODE\tNODE\t0-47\t0\t\tN/A\nGPU1\tNODE\t X \tNODE\t0-47\t0\t\tN/A\nNIC0\tNODE\tNODE\t X \t\t\t\t\n\nLegend:\n\n  X    = Self\n  SYS  = Connection traversing PCIe as well as the SMP interconnect between NUMA nodes (e.g., QPI/UPI)\n  NODE = Connection traversing PCIe as well as the interconnect between PCIe Host Bridges within a NUMA node\n  PHB  = Connection traversing PCIe as well as a PCIe Host Bridge (typically the CPU)\n  PXB  = Connection traversing multiple PCIe bridges (without traversing the PCIe Host Bridge)\n  PIX  = Connection traversing at most a single PCIe bridge\n  NV#  = Connection traversing a bonded set of # NVLinks\n\nNIC Legend:\n\n  NIC0: mlx5_bond_0""","{""CUDA_HOME"":""/usr/local/cuda"",""NCCL_TESTS_DIR"":""/root/nccl-tests""}"
1,p1-nccl-baseline-20260826T181721Z-16cea6a,phase1,2026-08-26T18:17:40Z,measured,16cea6aed21d649453b65981c72d4b8ea7e32605,False,unknown,,5c44f3e9a47e,Ubuntu 24.04.3 LTS,6.8.0-106-generic,AMD EPYC 9254 24-Core Processor,48,1,NVIDIA L4,2,NODE,none-single-node,False,,12.8,580.126.20,2.25.1+cuda12.8,NCCL_DEBUG=VERSION banner,,gcc (Ubuntu 13.3.0-6ubuntu2~24.04) 13.3.0,717b68318278e93f371d8ffb46b076069d7c7851,nccl-tests,all_reduce,float,sum,-1,8388608,2097152,in_place,20,50,1,full,769.91,10.9,10.9,0,True,True,True,0,/root/nccl-tests/build/all_reduce_perf -b 8 -e 128M -f 2 -g 2 -w 20 -n 50 -c 1 -d float,results/raw/p1-nccl-baseline-20260826T181721Z-16cea6a/all_reduce.full.r1.stdout.txt,,"[{""index"":0,""memory_total_mib"":23034,""name"":""NVIDIA L4"",""pci_bus_id"":""00000000:03:00.0""},{""index"":1,""memory_total_mib"":23034,""name"":""NVIDIA L4"",""pci_bus_id"":""00000000:C3:00.0""}]","""\t\u001b[4mGPU0\tGPU1\tNIC0\tCPU Affinity\tNUMA Affinity\tGPU NUMA ID\u001b[0m\nGPU0\t X \tNODE\tNODE\t0-47\t0\t\tN/A\nGPU1\tNODE\t X \tNODE\t0-47\t0\t\tN/A\nNIC0\tNODE\tNODE\t X \t\t\t\t\n\nLegend:\n\n  X    = Self\n  SYS  = Connection traversing PCIe as well as the SMP interconnect between NUMA nodes (e.g., QPI/UPI)\n  NODE = Connection traversing PCIe as well as the interconnect between PCIe Host Bridges within a NUMA node\n  PHB  = Connection traversing PCIe as well as a PCIe Host Bridge (typically the CPU)\n  PXB  = Connection traversing multiple PCIe bridges (without traversing the PCIe Host Bridge)\n  PIX  = Connection traversing at most a single PCIe bridge\n  NV#  = Connection traversing a bonded set of # NVLinks\n\nNIC Legend:\n\n  NIC0: mlx5_bond_0""","{""CUDA_HOME"":""/usr/local/cuda"",""NCCL_TESTS_DIR"":""/root/nccl-tests""}"
1,p1-nccl-baseline-20260826T181721Z-16cea6a,phase1,2026-08-26T18:17:40Z,measured,16cea6aed21d649453b65981c72d4b8ea7e32605,False,unknown,,5c44f3e9a47e,Ubuntu 24.04.3 LTS,6.8.0-106-generic,AMD EPYC 9254 24-Core Processor,48,1,NVIDIA L4,2,NODE,none-single-node,False,,12.8,580.126.20,2.25.1+cuda12.8,NCCL_DEBUG=VERSION banner,,gcc (Ubuntu 13.3.0-6ubuntu2~24.04) 13.3.0,717b68318278e93f371d8ffb46b076069d7c7851,nccl-tests,all_reduce,float,sum,-1,16777216,4194304,out_of_place,20,50,1,full,1529.53,10.97,10.97,0,True,True,True,0,/root/nccl-tests/build/all_reduce_perf -b 8 -e 128M -f 2 -g 2 -w 20 -n 50 -c 1 -d float,results/raw/p1-nccl-baseline-20260826T181721Z-16cea6a/all_reduce.full.r1.stdout.txt,,"[{""index"":0,""memory_total_mib"":23034,""name"":""NVIDIA L4"",""pci_bus_id"":""00000000:03:00.0""},{""index"":1,""memory_total_mib"":23034,""name"":""NVIDIA L4"",""pci_bus_id"":""00000000:C3:00.0""}]","""\t\u001b[4mGPU0\tGPU1\tNIC0\tCPU Affinity\tNUMA Affinity\tGPU NUMA ID\u001b[0m\nGPU0\t X \tNODE\tNODE\t0-47\t0\t\tN/A\nGPU1\tNODE\t X \tNODE\t0-47\t0\t\tN/A\nNIC0\tNODE\tNODE\t X \t\t\t\t\n\nLegend:\n\n  X    = Self\n  SYS  = Connection traversing PCIe as well as the SMP interconnect between NUMA nodes (e.g., QPI/UPI)\n  NODE = Connection traversing PCIe as well as the interconnect between PCIe Host Bridges within a NUMA node\n  PHB  = Connection traversing PCIe as well as a PCIe Host Bridge (typically the CPU)\n  PXB  = Connection traversing multiple PCIe bridges (without traversing the PCIe Host Bridge)\n  PIX  = Connection traversing at most a single PCIe bridge\n  NV#  = Connection traversing a bonded set of # NVLinks\n\nNIC Legend:\n\n  NIC0: mlx5_bond_0""","{""CUDA_HOME"":""/usr/local/cuda"",""NCCL_TESTS_DIR"":""/root/nccl-tests""}"
1,p1-nccl-baseline-20260826T181721Z-16cea6a,phase1,2026-08-26T18:17:40Z,measured,16cea6aed21d649453b65981c72d4b8ea7e32605,False,unknown,,5c44f3e9a47e,Ubuntu 24.04.3 LTS,6.8.0-106-generic,AMD EPYC 9254 24-Core Processor,48,1,NVIDIA L4,2,NODE,none-single-node,False,,12.8,580.126.20,2.25.1+cuda12.8,NCCL_DEBUG=VERSION banner,,gcc (Ubuntu 13.3.0-6ubuntu2~24.04) 13.3.0,717b68318278e93f371d8ffb46b076069d7c7851,nccl-tests,all_reduce,float,sum,-1,16777216,4194304,in_place,20,50,1,full,1526.98,10.99,10.99,0,True,True,True,0,/root/nccl-tests/build/all_reduce_perf -b 8 -e 128M -f 2 -g 2 -w 20 -n 50 -c 1 -d float,results/raw/p1-nccl-baseline-20260826T181721Z-16cea6a/all_reduce.full.r1.stdout.txt,,"[{""index"":0,""memory_total_mib"":23034,""name"":""NVIDIA L4"",""pci_bus_id"":""00000000:03:00.0""},{""index"":1,""memory_total_mib"":23034,""name"":""NVIDIA L4"",""pci_bus_id"":""00000000:C3:00.0""}]","""\t\u001b[4mGPU0\tGPU1\tNIC0\tCPU Affinity\tNUMA Affinity\tGPU NUMA ID\u001b[0m\nGPU0\t X \tNODE\tNODE\t0-47\t0\t\tN/A\nGPU1\tNODE\t X \tNODE\t0-47\t0\t\tN/A\nNIC0\tNODE\tNODE\t X \t\t\t\t\n\nLegend:\n\n  X    = Self\n  SYS  = Connection traversing PCIe as well as the SMP interconnect between NUMA nodes (e.g., QPI/UPI)\n  NODE = Connection traversing PCIe as well as the interconnect between PCIe Host Bridges within a NUMA node\n  PHB  = Connection traversing PCIe as well as a PCIe Host Bridge (typically the CPU)\n  PXB  = Connection traversing multiple PCIe bridges (without traversing the PCIe Host Bridge)\n  PIX  = Connection traversing at most a single PCIe bridge\n  NV#  = Connection traversing a bonded set of # NVLinks\n\nNIC Legend:\n\n  NIC0: mlx5_bond_0""","{""CUDA_HOME"":""/usr/local/cuda"",""NCCL_TESTS_DIR"":""/root/nccl-tests""}"
1,p1-nccl-baseline-20260826T181721Z-16cea6a,phase1,2026-08-26T18:17:40Z,measured,16cea6aed21d649453b65981c72d4b8ea7e32605,False,unknown,,5c44f3e9a47e,Ubuntu 24.04.3 LTS,6.8.0-106-generic,AMD EPYC 9254 24-Core Processor,48,1,NVIDIA L4,2,NODE,none-single-node,False,,12.8,580.126.20,2.25.1+cuda12.8,NCCL_DEBUG=VERSION banner,,gcc (Ubuntu 13.3.0-6ubuntu2~24.04) 13.3.0,717b68318278e93f371d8ffb46b076069d7c7851,nccl-tests,all_reduce,float,sum,-1,33554432,8388608,out_of_place,20,50,1,full,3047.95,11.01,11.01,0,True,True,True,0,/root/nccl-tests/build/all_reduce_perf -b 8 -e 128M -f 2 -g 2 -w 20 -n 50 -c 1 -d float,results/raw/p1-nccl-baseline-20260826T181721Z-16cea6a/all_reduce.full.r1.stdout.txt,,"[{""index"":0,""memory_total_mib"":23034,""name"":""NVIDIA L4"",""pci_bus_id"":""00000000:03:00.0""},{""index"":1,""memory_total_mib"":23034,""name"":""NVIDIA L4"",""pci_bus_id"":""00000000:C3:00.0""}]","""\t\u001b[4mGPU0\tGPU1\tNIC0\tCPU Affinity\tNUMA Affinity\tGPU NUMA ID\u001b[0m\nGPU0\t X \tNODE\tNODE\t0-47\t0\t\tN/A\nGPU1\tNODE\t X \tNODE\t0-47\t0\t\tN/A\nNIC0\tNODE\tNODE\t X \t\t\t\t\n\nLegend:\n\n  X    = Self\n  SYS  = Connection traversing PCIe as well as the SMP interconnect between NUMA nodes (e.g., QPI/UPI)\n  NODE = Connection traversing PCIe as well as the interconnect between PCIe Host Bridges within a NUMA node\n  PHB  = Connection traversing PCIe as well as a PCIe Host Bridge (typically the CPU)\n  PXB  = Connection traversing multiple PCIe bridges (without traversing the PCIe Host Bridge)\n  PIX  = Connection traversing at most a single PCIe bridge\n  NV#  = Connection traversing a bonded set of # NVLinks\n\nNIC Legend:\n\n  NIC0: mlx5_bond_0""","{""CUDA_HOME"":""/usr/local/cuda"",""NCCL_TESTS_DIR"":""/root/nccl-tests""}"
1,p1-nccl-baseline-20260826T181721Z-16cea6a,phase1,2026-08-26T18:17:40Z,measured,16cea6aed21d649453b65981c72d4b8ea7e32605,False,unknown,,5c44f3e9a47e,Ubuntu 24.04.3 LTS,6.8.0-106-generic,AMD EPYC 9254 24-Core Processor,48,1,NVIDIA L4,2,NODE,none-single-node,False,,12.8,580.126.20,2.25.1+cuda12.8,NCCL_DEBUG=VERSION banner,,gcc (Ubuntu 13.3.0-6ubuntu2~24.04) 13.3.0,717b68318278e93f371d8ffb46b076069d7c7851,nccl-tests,all_reduce,float,sum,-1,33554432,8388608,in_place,20,50,1,full,3044.72,11.02,11.02,0,True,True,True,0,/root/nccl-tests/build/all_reduce_perf -b 8 -e 128M -f 2 -g 2 -w 20 -n 50 -c 1 -d float,results/raw/p1-nccl-baseline-20260826T181721Z-16cea6a/all_reduce.full.r1.stdout.txt,,"[{""index"":0,""memory_total_mib"":23034,""name"":""NVIDIA L4"",""pci_bus_id"":""00000000:03:00.0""},{""index"":1,""memory_total_mib"":23034,""name"":""NVIDIA L4"",""pci_bus_id"":""00000000:C3:00.0""}]","""\t\u001b[4mGPU0\tGPU1\tNIC0\tCPU Affinity\tNUMA Affinity\tGPU NUMA ID\u001b[0m\nGPU0\t X \tNODE\tNODE\t0-47\t0\t\tN/A\nGPU1\tNODE\t X \tNODE\t0-47\t0\t\tN/A\nNIC0\tNODE\tNODE\t X \t\t\t\t\n\nLegend:\n\n  X    = Self\n  SYS  = Connection traversing PCIe as well as the SMP interconnect between NUMA nodes (e.g., QPI/UPI)\n  NODE = Connection traversing PCIe as well as the interconnect between PCIe Host Bridges within a NUMA node\n  PHB  = Connection traversing PCIe as well as a PCIe Host Bridge (typically the CPU)\n  PXB  = Connection traversing multiple PCIe bridges (without traversing the PCIe Host Bridge)\n  PIX  = Connection traversing at most a single PCIe bridge\n  NV#  = Connection traversing a bonded set of # NVLinks\n\nNIC Legend:\n\n  NIC0: mlx5_bond_0""","{""CUDA_HOME"":""/usr/local/cuda"",""NCCL_TESTS_DIR"":""/root/nccl-tests""}"
1,p1-nccl-baseline-20260826T181721Z-16cea6a,phase1,2026-08-26T18:17:40Z,measured,16cea6aed21d649453b65981c72d4b8ea7e32605,False,unknown,,5c44f3e9a47e,Ubuntu 24.04.3 LTS,6.8.0-106-generic,AMD EPYC 9254 24-Core Processor,48,1,NVIDIA L4,2,NODE,none-single-node,False,,12.8,580.126.20,2.25.1+cuda12.8,NCCL_DEBUG=VERSION banner,,gcc (Ubuntu 13.3.0-6ubuntu2~24.04) 13.3.0,717b68318278e93f371d8ffb46b076069d7c7851,nccl-tests,all_reduce,float,sum,-1,67108864,16777216,out_of_place,20,50,1,full,6082.68,11.03,11.03,0,True,True,True,0,/root/nccl-tests/build/all_reduce_perf -b 8 -e 128M -f 2 -g 2 -w 20 -n 50 -c 1 -d float,results/raw/p1-nccl-baseline-20260826T181721Z-16cea6a/all_reduce.full.r1.stdout.txt,,"[{""index"":0,""memory_total_mib"":23034,""name"":""NVIDIA L4"",""pci_bus_id"":""00000000:03:00.0""},{""index"":1,""memory_total_mib"":23034,""name"":""NVIDIA L4"",""pci_bus_id"":""00000000:C3:00.0""}]","""\t\u001b[4mGPU0\tGPU1\tNIC0\tCPU Affinity\tNUMA Affinity\tGPU NUMA ID\u001b[0m\nGPU0\t X \tNODE\tNODE\t0-47\t0\t\tN/A\nGPU1\tNODE\t X \tNODE\t0-47\t0\t\tN/A\nNIC0\tNODE\tNODE\t X \t\t\t\t\n\nLegend:\n\n  X    = Self\n  SYS  = Connection traversing PCIe as well as the SMP interconnect between NUMA nodes (e.g., QPI/UPI)\n  NODE = Connection traversing PCIe as well as the interconnect between PCIe Host Bridges within a NUMA node\n  PHB  = Connection traversing PCIe as well as a PCIe Host Bridge (typically the CPU)\n  PXB  = Connection traversing multiple PCIe bridges (without traversing the PCIe Host Bridge)\n  PIX  = Connection traversing at most a single PCIe bridge\n  NV#  = Connection traversing a bonded set of # NVLinks\n\nNIC Legend:\n\n  NIC0: mlx5_bond_0""","{""CUDA_HOME"":""/usr/local/cuda"",""NCCL_TESTS_DIR"":""/root/nccl-tests""}"
1,p1-nccl-baseline-20260826T181721Z-16cea6a,phase1,2026-08-26T18:17:40Z,measured,16cea6aed21d649453b65981c72d4b8ea7e32605,False,unknown,,5c44f3e9a47e,Ubuntu 24.04.3 LTS,6.8.0-106-generic,AMD EPYC 9254 24-Core Processor,48,1,NVIDIA L4,2,NODE,none-single-node,False,,12.8,580.126.20,2.25.1+cuda12.8,NCCL_DEBUG=VERSION banner,,gcc (Ubuntu 13.3.0-6ubuntu2~24.04) 13.3.0,717b68318278e93f371d8ffb46b076069d7c7851,nccl-tests,all_reduce,float,sum,-1,67108864,16777216,in_place,20,50,1,full,6071.13,11.05,11.05,0,True,True,True,0,/root/nccl-tests/build/all_reduce_perf -b 8 -e 128M -f 2 -g 2 -w 20 -n 50 -c 1 -d float,results/raw/p1-nccl-baseline-20260826T181721Z-16cea6a/all_reduce.full.r1.stdout.txt,,"[{""index"":0,""memory_total_mib"":23034,""name"":""NVIDIA L4"",""pci_bus_id"":""00000000:03:00.0""},{""index"":1,""memory_total_mib"":23034,""name"":""NVIDIA L4"",""pci_bus_id"":""00000000:C3:00.0""}]","""\t\u001b[4mGPU0\tGPU1\tNIC0\tCPU Affinity\tNUMA Affinity\tGPU NUMA ID\u001b[0m\nGPU0\t X \tNODE\tNODE\t0-47\t0\t\tN/A\nGPU1\tNODE\t X \tNODE\t0-47\t0\t\tN/A\nNIC0\tNODE\tNODE\t X \t\t\t\t\n\nLegend:\n\n  X    = Self\n  SYS  = Connection traversing PCIe as well as the SMP interconnect between NUMA nodes (e.g., QPI/UPI)\n  NODE = Connection traversing PCIe as well as the interconnect between PCIe Host Bridges within a NUMA node\n  PHB  = Connection traversing PCIe as well as a PCIe Host Bridge (typically the CPU)\n  PXB  = Connection traversing multiple PCIe bridges (without traversing the PCIe Host Bridge)\n  PIX  = Connection traversing at most a single PCIe bridge\n  NV#  = Connection traversing a bonded set of # NVLinks\n\nNIC Legend:\n\n  NIC0: mlx5_bond_0""","{""CUDA_HOME"":""/usr/local/cuda"",""NCCL_TESTS_DIR"":""/root/nccl-tests""}"
1,p1-nccl-baseline-20260826T181721Z-16cea6a,phase1,2026-08-26T18:17:40Z,measured,16cea6aed21d649453b65981c72d4b8ea7e32605,False,unknown,,5c44f3e9a47e,Ubuntu 24.04.3 LTS,6.8.0-106-generic,AMD EPYC 9254 24-Core Processor,48,1,NVIDIA L4,2,NODE,none-single-node,False,,12.8,580.126.20,2.25.1+cuda12.8,NCCL_DEBUG=VERSION banner,,gcc (Ubuntu 13.3.0-6ubuntu2~24.04) 13.3.0,717b68318278e93f371d8ffb46b076069d7c7851,nccl-tests,all_reduce,float,sum,-1,134217728,33554432,out_of_place,20,50,1,full,12142.1,11.05,11.05,0,True,True,True,0,/root/nccl-tests/build/all_reduce_perf -b 8 -e 128M -f 2 -g 2 -w 20 -n 50 -c 1 -d float,results/raw/p1-nccl-baseline-20260826T181721Z-16cea6a/all_reduce.full.r1.stdout.txt,,"[{""index"":0,""memory_total_mib"":23034,""name"":""NVIDIA L4"",""pci_bus_id"":""00000000:03:00.0""},{""index"":1,""memory_total_mib"":23034,""name"":""NVIDIA L4"",""pci_bus_id"":""00000000:C3:00.0""}]","""\t\u001b[4mGPU0\tGPU1\tNIC0\tCPU Affinity\tNUMA Affinity\tGPU NUMA ID\u001b[0m\nGPU0\t X \tNODE\tNODE\t0-47\t0\t\tN/A\nGPU1\tNODE\t X \tNODE\t0-47\t0\t\tN/A\nNIC0\tNODE\tNODE\t X \t\t\t\t\n\nLegend:\n\n  X    = Self\n  SYS  = Connection traversing PCIe as well as the SMP interconnect between NUMA nodes (e.g., QPI/UPI)\n  NODE = Connection traversing PCIe as well as the interconnect between PCIe Host Bridges within a NUMA node\n  PHB  = Connection traversing PCIe as well as a PCIe Host Bridge (typically the CPU)\n  PXB  = Connection traversing multiple PCIe bridges (without traversing the PCIe Host Bridge)\n  PIX  = Connection traversing at most a single PCIe bridge\n  NV#  = Connection traversing a bonded set of # NVLinks\n\nNIC Legend:\n\n  NIC0: mlx5_bond_0""","{""CUDA_HOME"":""/usr/local/cuda"",""NCCL_TESTS_DIR"":""/root/nccl-tests""}"
1,p1-nccl-baseline-20260826T181721Z-16cea6a,phase1,2026-08-26T18:17:40Z,measured,16cea6aed21d649453b65981c72d4b8ea7e32605,False,unknown,,5c44f3e9a47e,Ubuntu 24.04.3 LTS,6.8.0-106-generic,AMD EPYC 9254 24-Core Processor,48,1,NVIDIA L4,2,NODE,none-single-node,False,,12.8,580.126.20,2.25.1+cuda12.8,NCCL_DEBUG=VERSION banner,,gcc (Ubuntu 13.3.0-6ubuntu2~24.04) 13.3.0,717b68318278e93f371d8ffb46b076069d7c7851,nccl-tests,all_reduce,float,sum,-1,134217728,33554432,in_place,20,50,1,full,12123.9,11.07,11.07,0,True,True,True,0,/root/nccl-tests/build/all_reduce_perf -b 8 -e 128M -f 2 -g 2 -w 20 -n 50 -c 1 -d float,results/raw/p1-nccl-baseline-20260826T181721Z-16cea6a/all_reduce.full.r1.stdout.txt,,"[{""index"":0,""memory_total_mib"":23034,""name"":""NVIDIA L4"",""pci_bus_id"":""00000000:03:00.0""},{""index"":1,""memory_total_mib"":23034,""name"":""NVIDIA L4"",""pci_bus_id"":""00000000:C3:00.0""}]","""\t\u001b[4mGPU0\tGPU1\tNIC0\tCPU Affinity\tNUMA Affinity\tGPU NUMA ID\u001b[0m\nGPU0\t X \tNODE\tNODE\t0-47\t0\t\tN/A\nGPU1\tNODE\t X \tNODE\t0-47\t0\t\tN/A\nNIC0\tNODE\tNODE\t X \t\t\t\t\n\nLegend:\n\n  X    = Self\n  SYS  = Connection traversing PCIe as well as the SMP interconnect between NUMA nodes (e.g., QPI/UPI)\n  NODE = Connection traversing PCIe as well as the interconnect between PCIe Host Bridges within a NUMA node\n  PHB  = Connection traversing PCIe as well as a PCIe Host Bridge (typically the CPU)\n  PXB  = Connection traversing multiple PCIe bridges (without traversing the PCIe Host Bridge)\n  PIX  = Connection traversing at most a single PCIe bridge\n  NV#  = Connection traversing a bonded set of # NVLinks\n\nNIC Legend:\n\n  NIC0: mlx5_bond_0""","{""CUDA_HOME"":""/usr/local/cuda"",""NCCL_TESTS_DIR"":""/root/nccl-tests""}"
1,p1-nccl-baseline-20260826T181721Z-16cea6a,phase1,2026-08-26T18:17:45Z,measured,16cea6aed21d649453b65981c72d4b8ea7e32605,False,unknown,,5c44f3e9a47e,Ubuntu 24.04.3 LTS,6.8.0-106-generic,AMD EPYC 9254 24-Core Processor,48,1,NVIDIA L4,2,NODE,none-single-node,False,,12.8,580.126.20,2.25.1+cuda12.8,NCCL_DEBUG=VERSION banner,,gcc (Ubuntu 13.3.0-6ubuntu2~24.04) 13.3.0,717b68318278e93f371d8ffb46b076069d7c7851,nccl-tests,all_gather,float,none,-1,0,0,out_of_place,20,50,1,full,0.16,0.0,0.0,0,True,True,,0,/root/nccl-tests/build/all_gather_perf -b 8 -e 128M -f 2 -g 2 -w 20 -n 50 -c 1 -d float,results/raw/p1-nccl-baseline-20260826T181721Z-16cea6a/all_gather.full.r1.stdout.txt,,"[{""index"":0,""memory_total_mib"":23034,""name"":""NVIDIA L4"",""pci_bus_id"":""00000000:03:00.0""},{""index"":1,""memory_total_mib"":23034,""name"":""NVIDIA L4"",""pci_bus_id"":""00000000:C3:00.0""}]","""\t\u001b[4mGPU0\tGPU1\tNIC0\tCPU Affinity\tNUMA Affinity\tGPU NUMA ID\u001b[0m\nGPU0\t X \tNODE\tNODE\t0-47\t0\t\tN/A\nGPU1\tNODE\t X \tNODE\t0-47\t0\t\tN/A\nNIC0\tNODE\tNODE\t X \t\t\t\t\n\nLegend:\n\n  X    = Self\n  SYS  = Connection traversing PCIe as well as the SMP interconnect between NUMA nodes (e.g., QPI/UPI)\n  NODE = Connection traversing PCIe as well as the interconnect between PCIe Host Bridges within a NUMA node\n  PHB  = Connection traversing PCIe as well as a PCIe Host Bridge (typically the CPU)\n  PXB  = Connection traversing multiple PCIe bridges (without traversing the PCIe Host Bridge)\n  PIX  = Connection traversing at most a single PCIe bridge\n  NV#  = Connection traversing a bonded set of # NVLinks\n\nNIC Legend:\n\n  NIC0: mlx5_bond_0""","{""CUDA_HOME"":""/usr/local/cuda"",""NCCL_TESTS_DIR"":""/root/nccl-tests""}"
1,p1-nccl-baseline-20260826T181721Z-16cea6a,phase1,2026-08-26T18:17:45Z,measured,16cea6aed21d649453b65981c72d4b8ea7e32605,False,unknown,,5c44f3e9a47e,Ubuntu 24.04.3 LTS,6.8.0-106-generic,AMD EPYC 9254 24-Core Processor,48,1,NVIDIA L4,2,NODE,none-single-node,False,,12.8,580.126.20,2.25.1+cuda12.8,NCCL_DEBUG=VERSION banner,,gcc (Ubuntu 13.3.0-6ubuntu2~24.04) 13.3.0,717b68318278e93f371d8ffb46b076069d7c7851,nccl-tests,all_gather,float,none,-1,0,0,in_place,20,50,1,full,0.15,0.0,0.0,0,True,True,,0,/root/nccl-tests/build/all_gather_perf -b 8 -e 128M -f 2 -g 2 -w 20 -n 50 -c 1 -d float,results/raw/p1-nccl-baseline-20260826T181721Z-16cea6a/all_gather.full.r1.stdout.txt,,"[{""index"":0,""memory_total_mib"":23034,""name"":""NVIDIA L4"",""pci_bus_id"":""00000000:03:00.0""},{""index"":1,""memory_total_mib"":23034,""name"":""NVIDIA L4"",""pci_bus_id"":""00000000:C3:00.0""}]","""\t\u001b[4mGPU0\tGPU1\tNIC0\tCPU Affinity\tNUMA Affinity\tGPU NUMA ID\u001b[0m\nGPU0\t X \tNODE\tNODE\t0-47\t0\t\tN/A\nGPU1\tNODE\t X \tNODE\t0-47\t0\t\tN/A\nNIC0\tNODE\tNODE\t X \t\t\t\t\n\nLegend:\n\n  X    = Self\n  SYS  = Connection traversing PCIe as well as the SMP interconnect between NUMA nodes (e.g., QPI/UPI)\n  NODE = Connection traversing PCIe as well as the interconnect between PCIe Host Bridges within a NUMA node\n  PHB  = Connection traversing PCIe as well as a PCIe Host Bridge (typically the CPU)\n  PXB  = Connection traversing multiple PCIe bridges (without traversing the PCIe Host Bridge)\n  PIX  = Connection traversing at most a single PCIe bridge\n  NV#  = Connection traversing a bonded set of # NVLinks\n\nNIC Legend:\n\n  NIC0: mlx5_bond_0""","{""CUDA_HOME"":""/usr/local/cuda"",""NCCL_TESTS_DIR"":""/root/nccl-tests""}"
1,p1-nccl-baseline-20260826T181721Z-16cea6a,phase1,2026-08-26T18:17:45Z,measured,16cea6aed21d649453b65981c72d4b8ea7e32605,False,unknown,,5c44f3e9a47e,Ubuntu 24.04.3 LTS,6.8.0-106-generic,AMD EPYC 9254 24-Core Processor,48,1,NVIDIA L4,2,NODE,none-single-node,False,,12.8,580.126.20,2.25.1+cuda12.8,NCCL_DEBUG=VERSION banner,,gcc (Ubuntu 13.3.0-6ubuntu2~24.04) 13.3.0,717b68318278e93f371d8ffb46b076069d7c7851,nccl-tests,all_gather,float,none,-1,0,0,out_of_place,20,50,1,full,0.15,0.0,0.0,0,True,True,,0,/root/nccl-tests/build/all_gather_perf -b 8 -e 128M -f 2 -g 2 -w 20 -n 50 -c 1 -d float,results/raw/p1-nccl-baseline-20260826T181721Z-16cea6a/all_gather.full.r1.stdout.txt,,"[{""index"":0,""memory_total_mib"":23034,""name"":""NVIDIA L4"",""pci_bus_id"":""00000000:03:00.0""},{""index"":1,""memory_total_mib"":23034,""name"":""NVIDIA L4"",""pci_bus_id"":""00000000:C3:00.0""}]","""\t\u001b[4mGPU0\tGPU1\tNIC0\tCPU Affinity\tNUMA Affinity\tGPU NUMA ID\u001b[0m\nGPU0\t X \tNODE\tNODE\t0-47\t0\t\tN/A\nGPU1\tNODE\t X \tNODE\t0-47\t0\t\tN/A\nNIC0\tNODE\tNODE\t X \t\t\t\t\n\nLegend:\n\n  X    = Self\n  SYS  = Connection traversing PCIe as well as the SMP interconnect between NUMA nodes (e.g., QPI/UPI)\n  NODE = Connection traversing PCIe as well as the interconnect between PCIe Host Bridges within a NUMA node\n  PHB  = Connection traversing PCIe as well as a PCIe Host Bridge (typically the CPU)\n  PXB  = Connection traversing multiple PCIe bridges (without traversing the PCIe Host Bridge)\n  PIX  = Connection traversing at most a single PCIe bridge\n  NV#  = Connection traversing a bonded set of # NVLinks\n\nNIC Legend:\n\n  NIC0: mlx5_bond_0""","{""CUDA_HOME"":""/usr/local/cuda"",""NCCL_TESTS_DIR"":""/root/nccl-tests""}"
1,p1-nccl-baseline-20260826T181721Z-16cea6a,phase1,2026-08-26T18:17:45Z,measured,16cea6aed21d649453b65981c72d4b8ea7e32605,False,unknown,,5c44f3e9a47e,Ubuntu 24.04.3 LTS,6.8.0-106-generic,AMD EPYC 9254 24-Core Processor,48,1,NVIDIA L4,2,NODE,none-single-node,False,,12.8,580.126.20,2.25.1+cuda12.8,NCCL_DEBUG=VERSION banner,,gcc (Ubuntu 13.3.0-6ubuntu2~24.04) 13.3.0,717b68318278e93f371d8ffb46b076069d7c7851,nccl-tests,all_gather,float,none,-1,0,0,in_place,20,50,1,full,0.15,0.0,0.0,0,True,True,,0,/root/nccl-tests/build/all_gather_perf -b 8 -e 128M -f 2 -g 2 -w 20 -n 50 -c 1 -d float,results/raw/p1-nccl-baseline-20260826T181721Z-16cea6a/all_gather.full.r1.stdout.txt,,"[{""index"":0,""memory_total_mib"":23034,""name"":""NVIDIA L4"",""pci_bus_id"":""00000000:03:00.0""},{""index"":1,""memory_total_mib"":23034,""name"":""NVIDIA L4"",""pci_bus_id"":""00000000:C3:00.0""}]","""\t\u001b[4mGPU0\tGPU1\tNIC0\tCPU Affinity\tNUMA Affinity\tGPU NUMA ID\u001b[0m\nGPU0\t X \tNODE\tNODE\t0-47\t0\t\tN/A\nGPU1\tNODE\t X \tNODE\t0-47\t0\t\tN/A\nNIC0\tNODE\tNODE\t X \t\t\t\t\n\nLegend:\n\n  X    = Self\n  SYS  = Connection traversing PCIe as well as the SMP interconnect between NUMA nodes (e.g., QPI/UPI)\n  NODE = Connection traversing PCIe as well as the interconnect between PCIe Host Bridges within a NUMA node\n  PHB  = Connection traversing PCIe as well as a PCIe Host Bridge (typically the CPU)\n  PXB  = Connection traversing multiple PCIe bridges (without traversing the PCIe Host Bridge)\n  PIX  = Connection traversing at most a single PCIe bridge\n  NV#  = Connection traversing a bonded set of # NVLinks\n\nNIC Legend:\n\n  NIC0: mlx5_bond_0""","{""CUDA_HOME"":""/usr/local/cuda"",""NCCL_TESTS_DIR"":""/root/nccl-tests""}"
1,p1-nccl-baseline-20260826T181721Z-16cea6a,phase1,2026-08-26T18:17:45Z,measured,16cea6aed21d649453b65981c72d4b8ea7e32605,False,unknown,,5c44f3e9a47e,Ubuntu 24.04.3 LTS,6.8.0-106-generic,AMD EPYC 9254 24-Core Processor,48,1,NVIDIA L4,2,NODE,none-single-node,False,,12.8,580.126.20,2.25.1+cuda12.8,NCCL_DEBUG=VERSION banner,,gcc (Ubuntu 13.3.0-6ubuntu2~24.04) 13.3.0,717b68318278e93f371d8ffb46b076069d7c7851,nccl-tests,all_gather,float,none,-1,32,4,out_of_place,20,50,1,full,7.07,0.0,0.0,0,True,True,,0,/root/nccl-tests/build/all_gather_perf -b 8 -e 128M -f 2 -g 2 -w 20 -n 50 -c 1 -d float,results/raw/p1-nccl-baseline-20260826T181721Z-16cea6a/all_gather.full.r1.stdout.txt,,"[{""index"":0,""memory_total_mib"":23034,""name"":""NVIDIA L4"",""pci_bus_id"":""00000000:03:00.0""},{""index"":1,""memory_total_mib"":23034,""name"":""NVIDIA L4"",""pci_bus_id"":""00000000:C3:00.0""}]","""\t\u001b[4mGPU0\tGPU1\tNIC0\tCPU Affinity\tNUMA Affinity\tGPU NUMA ID\u001b[0m\nGPU0\t X \tNODE\tNODE\t0-47\t0\t\tN/A\nGPU1\tNODE\t X \tNODE\t0-47\t0\t\tN/A\nNIC0\tNODE\tNODE\t X \t\t\t\t\n\nLegend:\n\n  X    = Self\n  SYS  = Connection traversing PCIe as well as the SMP interconnect between NUMA nodes (e.g., QPI/UPI)\n  NODE = Connection traversing PCIe as well as the interconnect between PCIe Host Bridges within a NUMA node\n  PHB  = Connection traversing PCIe as well as a PCIe Host Bridge (typically the CPU)\n  PXB  = Connection traversing multiple PCIe bridges (without traversing the PCIe Host Bridge)\n  PIX  = Connection traversing at most a single PCIe bridge\n  NV#  = Connection traversing a bonded set of # NVLinks\n\nNIC Legend:\n\n  NIC0: mlx5_bond_0""","{""CUDA_HOME"":""/usr/local/cuda"",""NCCL_TESTS_DIR"":""/root/nccl-tests""}"
1,p1-nccl-baseline-20260826T181721Z-16cea6a,phase1,2026-08-26T18:17:45Z,measured,16cea6aed21d649453b65981c72d4b8ea7e32605,False,unknown,,5c44f3e9a47e,Ubuntu 24.04.3 LTS,6.8.0-106-generic,AMD EPYC 9254 24-Core Processor,48,1,NVIDIA L4,2,NODE,none-single-node,False,,12.8,580.126.20,2.25.1+cuda12.8,NCCL_DEBUG=VERSION banner,,gcc (Ubuntu 13.3.0-6ubuntu2~24.04) 13.3.0,717b68318278e93f371d8ffb46b076069d7c7851,nccl-tests,all_gather,float,none,-1,32,4,in_place,20,50,1,full,7.06,0.0,0.0,0,True,True,,0,/root/nccl-tests/build/all_gather_perf -b 8 -e 128M -f 2 -g 2 -w 20 -n 50 -c 1 -d float,results/raw/p1-nccl-baseline-20260826T181721Z-16cea6a/all_gather.full.r1.stdout.txt,,"[{""index"":0,""memory_total_mib"":23034,""name"":""NVIDIA L4"",""pci_bus_id"":""00000000:03:00.0""},{""index"":1,""memory_total_mib"":23034,""name"":""NVIDIA L4"",""pci_bus_id"":""00000000:C3:00.0""}]","""\t\u001b[4mGPU0\tGPU1\tNIC0\tCPU Affinity\tNUMA Affinity\tGPU NUMA ID\u001b[0m\nGPU0\t X \tNODE\tNODE\t0-47\t0\t\tN/A\nGPU1\tNODE\t X \tNODE\t0-47\t0\t\tN/A\nNIC0\tNODE\tNODE\t X \t\t\t\t\n\nLegend:\n\n  X    = Self\n  SYS  = Connection traversing PCIe as well as the SMP interconnect between NUMA nodes (e.g., QPI/UPI)\n  NODE = Connection traversing PCIe as well as the interconnect between PCIe Host Bridges within a NUMA node\n  PHB  = Connection traversing PCIe as well as a PCIe Host Bridge (typically the CPU)\n  PXB  = Connection traversing multiple PCIe bridges (without traversing the PCIe Host Bridge)\n  PIX  = Connection traversing at most a single PCIe bridge\n  NV#  = Connection traversing a bonded set of # NVLinks\n\nNIC Legend:\n\n  NIC0: mlx5_bond_0""","{""CUDA_HOME"":""/usr/local/cuda"",""NCCL_TESTS_DIR"":""/root/nccl-tests""}"
1,p1-nccl-baseline-20260826T181721Z-16cea6a,phase1,2026-08-26T18:17:45Z,measured,16cea6aed21d649453b65981c72d4b8ea7e32605,False,unknown,,5c44f3e9a47e,Ubuntu 24.04.3 LTS,6.8.0-106-generic,AMD EPYC 9254 24-Core Processor,48,1,NVIDIA L4,2,NODE,none-single-node,False,,12.8,580.126.20,2.25.1+cuda12.8,NCCL_DEBUG=VERSION banner,,gcc (Ubuntu 13.3.0-6ubuntu2~24.04) 13.3.0,717b68318278e93f371d8ffb46b076069d7c7851,nccl-tests,all_gather,float,none,-1,64,8,out_of_place,20,50,1,full,7.01,0.01,0.0,0,True,True,True,0,/root/nccl-tests/build/all_gather_perf -b 8 -e 128M -f 2 -g 2 -w 20 -n 50 -c 1 -d float,results/raw/p1-nccl-baseline-20260826T181721Z-16cea6a/all_gather.full.r1.stdout.txt,,"[{""index"":0,""memory_total_mib"":23034,""name"":""NVIDIA L4"",""pci_bus_id"":""00000000:03:00.0""},{""index"":1,""memory_total_mib"":23034,""name"":""NVIDIA L4"",""pci_bus_id"":""00000000:C3:00.0""}]","""\t\u001b[4mGPU0\tGPU1\tNIC0\tCPU Affinity\tNUMA Affinity\tGPU NUMA ID\u001b[0m\nGPU0\t X \tNODE\tNODE\t0-47\t0\t\tN/A\nGPU1\tNODE\t X \tNODE\t0-47\t0\t\tN/A\nNIC0\tNODE\tNODE\t X \t\t\t\t\n\nLegend:\n\n  X    = Self\n  SYS  = Connection traversing PCIe as well as the SMP interconnect between NUMA nodes (e.g., QPI/UPI)\n  NODE = Connection traversing PCIe as well as the interconnect between PCIe Host Bridges within a NUMA node\n  PHB  = Connection traversing PCIe as well as a PCIe Host Bridge (typically the CPU)\n  PXB  = Connection traversing multiple PCIe bridges (without traversing the PCIe Host Bridge)\n  PIX  = Connection traversing at most a single PCIe bridge\n  NV#  = Connection traversing a bonded set of # NVLinks\n\nNIC Legend:\n\n  NIC0: mlx5_bond_0""","{""CUDA_HOME"":""/usr/local/cuda"",""NCCL_TESTS_DIR"":""/root/nccl-tests""}"
1,p1-nccl-baseline-20260826T181721Z-16cea6a,phase1,2026-08-26T18:17:45Z,measured,16cea6aed21d649453b65981c72d4b8ea7e32605,False,unknown,,5c44f3e9a47e,Ubuntu 24.04.3 LTS,6.8.0-106-generic,AMD EPYC 9254 24-Core Processor,48,1,NVIDIA L4,2,NODE,none-single-node,False,,12.8,580.126.20,2.25.1+cuda12.8,NCCL_DEBUG=VERSION banner,,gcc (Ubuntu 13.3.0-6ubuntu2~24.04) 13.3.0,717b68318278e93f371d8ffb46b076069d7c7851,nccl-tests,all_gather,float,none,-1,64,8,in_place,20,50,1,full,7.08,0.01,0.0,0,True,True,True,0,/root/nccl-tests/build/all_gather_perf -b 8 -e 128M -f 2 -g 2 -w 20 -n 50 -c 1 -d float,results/raw/p1-nccl-baseline-20260826T181721Z-16cea6a/all_gather.full.r1.stdout.txt,,"[{""index"":0,""memory_total_mib"":23034,""name"":""NVIDIA L4"",""pci_bus_id"":""00000000:03:00.0""},{""index"":1,""memory_total_mib"":23034,""name"":""NVIDIA L4"",""pci_bus_id"":""00000000:C3:00.0""}]","""\t\u001b[4mGPU0\tGPU1\tNIC0\tCPU Affinity\tNUMA Affinity\tGPU NUMA ID\u001b[0m\nGPU0\t X \tNODE\tNODE\t0-47\t0\t\tN/A\nGPU1\tNODE\t X \tNODE\t0-47\t0\t\tN/A\nNIC0\tNODE\tNODE\t X \t\t\t\t\n\nLegend:\n\n  X    = Self\n  SYS  = Connection traversing PCIe as well as the SMP interconnect between NUMA nodes (e.g., QPI/UPI)\n  NODE = Connection traversing PCIe as well as the interconnect between PCIe Host Bridges within a NUMA node\n  PHB  = Connection traversing PCIe as well as a PCIe Host Bridge (typically the CPU)\n  PXB  = Connection traversing multiple PCIe bridges (without traversing the PCIe Host Bridge)\n  PIX  = Connection traversing at most a single PCIe bridge\n  NV#  = Connection traversing a bonded set of # NVLinks\n\nNIC Legend:\n\n  NIC0: mlx5_bond_0""","{""CUDA_HOME"":""/usr/local/cuda"",""NCCL_TESTS_DIR"":""/root/nccl-tests""}"
1,p1-nccl-baseline-20260826T181721Z-16cea6a,phase1,2026-08-26T18:17:45Z,measured,16cea6aed21d649453b65981c72d4b8ea7e32605,False,unknown,,5c44f3e9a47e,Ubuntu 24.04.3 LTS,6.8.0-106-generic,AMD EPYC 9254 24-Core Processor,48,1,NVIDIA L4,2,NODE,none-single-node,False,,12.8,580.126.20,2.25.1+cuda12.8,NCCL_DEBUG=VERSION banner,,gcc (Ubuntu 13.3.0-6ubuntu2~24.04) 13.3.0,717b68318278e93f371d8ffb46b076069d7c7851,nccl-tests,all_gather,float,none,-1,128,16,out_of_place,20,50,1,full,6.91,0.02,0.01,0,True,True,True,0,/root/nccl-tests/build/all_gather_perf -b 8 -e 128M -f 2 -g 2 -w 20 -n 50 -c 1 -d float,results/raw/p1-nccl-baseline-20260826T181721Z-16cea6a/all_gather.full.r1.stdout.txt,,"[{""index"":0,""memory_total_mib"":23034,""name"":""NVIDIA L4"",""pci_bus_id"":""00000000:03:00.0""},{""index"":1,""memory_total_mib"":23034,""name"":""NVIDIA L4"",""pci_bus_id"":""00000000:C3:00.0""}]","""\t\u001b[4mGPU0\tGPU1\tNIC0\tCPU Affinity\tNUMA Affinity\tGPU NUMA ID\u001b[0m\nGPU0\t X \tNODE\tNODE\t0-47\t0\t\tN/A\nGPU1\tNODE\t X \tNODE\t0-47\t0\t\tN/A\nNIC0\tNODE\tNODE\t X \t\t\t\t\n\nLegend:\n\n  X    = Self\n  SYS  = Connection traversing PCIe as well as the SMP interconnect between NUMA nodes (e.g., QPI/UPI)\n  NODE = Connection traversing PCIe as well as the interconnect between PCIe Host Bridges within a NUMA node\n  PHB  = Connection traversing PCIe as well as a PCIe Host Bridge (typically the CPU)\n  PXB  = Connection traversing multiple PCIe bridges (without traversing the PCIe Host Bridge)\n  PIX  = Connection traversing at most a single PCIe bridge\n  NV#  = Connection traversing a bonded set of # NVLinks\n\nNIC Legend:\n\n  NIC0: mlx5_bond_0""","{""CUDA_HOME"":""/usr/local/cuda"",""NCCL_TESTS_DIR"":""/root/nccl-tests""}"
1,p1-nccl-baseline-20260826T181721Z-16cea6a,phase1,2026-08-26T18:17:45Z,measured,16cea6aed21d649453b65981c72d4b8ea7e32605,False,unknown,,5c44f3e9a47e,Ubuntu 24.04.3 LTS,6.8.0-106-generic,AMD EPYC 9254 24-Core Processor,48,1,NVIDIA L4,2,NODE,none-single-node,False,,12.8,580.126.20,2.25.1+cuda12.8,NCCL_DEBUG=VERSION banner,,gcc (Ubuntu 13.3.0-6ubuntu2~24.04) 13.3.0,717b68318278e93f371d8ffb46b076069d7c7851,nccl-tests,all_gather,float,none,-1,128,16,in_place,20,50,1,full,7.1,0.02,0.01,0,True,True,True,0,/root/nccl-tests/build/all_gather_perf -b 8 -e 128M -f 2 -g 2 -w 20 -n 50 -c 1 -d float,results/raw/p1-nccl-baseline-20260826T181721Z-16cea6a/all_gather.full.r1.stdout.txt,,"[{""index"":0,""memory_total_mib"":23034,""name"":""NVIDIA L4"",""pci_bus_id"":""00000000:03:00.0""},{""index"":1,""memory_total_mib"":23034,""name"":""NVIDIA L4"",""pci_bus_id"":""00000000:C3:00.0""}]","""\t\u001b[4mGPU0\tGPU1\tNIC0\tCPU Affinity\tNUMA Affinity\tGPU NUMA ID\u001b[0m\nGPU0\t X \tNODE\tNODE\t0-47\t0\t\tN/A\nGPU1\tNODE\t X \tNODE\t0-47\t0\t\tN/A\nNIC0\tNODE\tNODE\t X \t\t\t\t\n\nLegend:\n\n  X    = Self\n  SYS  = Connection traversing PCIe as well as the SMP interconnect between NUMA nodes (e.g., QPI/UPI)\n  NODE = Connection traversing PCIe as well as the interconnect between PCIe Host Bridges within a NUMA node\n  PHB  = Connection traversing PCIe as well as a PCIe Host Bridge (typically the CPU)\n  PXB  = Connection traversing multiple PCIe bridges (without traversing the PCIe Host Bridge)\n  PIX  = Connection traversing at most a single PCIe bridge\n  NV#  = Connection traversing a bonded set of # NVLinks\n\nNIC Legend:\n\n  NIC0: mlx5_bond_0""","{""CUDA_HOME"":""/usr/local/cuda"",""NCCL_TESTS_DIR"":""/root/nccl-tests""}"
1,p1-nccl-baseline-20260826T181721Z-16cea6a,phase1,2026-08-26T18:17:45Z,measured,16cea6aed21d649453b65981c72d4b8ea7e32605,False,unknown,,5c44f3e9a47e,Ubuntu 24.04.3 LTS,6.8.0-106-generic,AMD EPYC 9254 24-Core Processor,48,1,NVIDIA L4,2,NODE,none-single-node,False,,12.8,580.126.20,2.25.1+cuda12.8,NCCL_DEBUG=VERSION banner,,gcc (Ubuntu 13.3.0-6ubuntu2~24.04) 13.3.0,717b68318278e93f371d8ffb46b076069d7c7851,nccl-tests,all_gather,float,none,-1,256,32,out_of_place,20,50,1,full,7.13,0.04,0.02,0,True,True,True,0,/root/nccl-tests/build/all_gather_perf -b 8 -e 128M -f 2 -g 2 -w 20 -n 50 -c 1 -d float,results/raw/p1-nccl-baseline-20260826T181721Z-16cea6a/all_gather.full.r1.stdout.txt,,"[{""index"":0,""memory_total_mib"":23034,""name"":""NVIDIA L4"",""pci_bus_id"":""00000000:03:00.0""},{""index"":1,""memory_total_mib"":23034,""name"":""NVIDIA L4"",""pci_bus_id"":""00000000:C3:00.0""}]","""\t\u001b[4mGPU0\tGPU1\tNIC0\tCPU Affinity\tNUMA Affinity\tGPU NUMA ID\u001b[0m\nGPU0\t X \tNODE\tNODE\t0-47\t0\t\tN/A\nGPU1\tNODE\t X \tNODE\t0-47\t0\t\tN/A\nNIC0\tNODE\tNODE\t X \t\t\t\t\n\nLegend:\n\n  X    = Self\n  SYS  = Connection traversing PCIe as well as the SMP interconnect between NUMA nodes (e.g., QPI/UPI)\n  NODE = Connection traversing PCIe as well as the interconnect between PCIe Host Bridges within a NUMA node\n  PHB  = Connection traversing PCIe as well as a PCIe Host Bridge (typically the CPU)\n  PXB  = Connection traversing multiple PCIe bridges (without traversing the PCIe Host Bridge)\n  PIX  = Connection traversing at most a single PCIe bridge\n  NV#  = Connection traversing a bonded set of # NVLinks\n\nNIC Legend:\n\n  NIC0: mlx5_bond_0""","{""CUDA_HOME"":""/usr/local/cuda"",""NCCL_TESTS_DIR"":""/root/nccl-tests""}"
1,p1-nccl-baseline-20260826T181721Z-16cea6a,phase1,2026-08-26T18:17:45Z,measured,16cea6aed21d649453b65981c72d4b8ea7e32605,False,unknown,,5c44f3e9a47e,Ubuntu 24.04.3 LTS,6.8.0-106-generic,AMD EPYC 9254 24-Core Processor,48,1,NVIDIA L4,2,NODE,none-single-node,False,,12.8,580.126.20,2.25.1+cuda12.8,NCCL_DEBUG=VERSION banner,,gcc (Ubuntu 13.3.0-6ubuntu2~24.04) 13.3.0,717b68318278e93f371d8ffb46b076069d7c7851,nccl-tests,all_gather,float,none,-1,256,32,in_place,20,50,1,full,7.05,0.04,0.02,0,True,True,True,0,/root/nccl-tests/build/all_gather_perf -b 8 -e 128M -f 2 -g 2 -w 20 -n 50 -c 1 -d float,results/raw/p1-nccl-baseline-20260826T181721Z-16cea6a/all_gather.full.r1.stdout.txt,,"[{""index"":0,""memory_total_mib"":23034,""name"":""NVIDIA L4"",""pci_bus_id"":""00000000:03:00.0""},{""index"":1,""memory_total_mib"":23034,""name"":""NVIDIA L4"",""pci_bus_id"":""00000000:C3:00.0""}]","""\t\u001b[4mGPU0\tGPU1\tNIC0\tCPU Affinity\tNUMA Affinity\tGPU NUMA ID\u001b[0m\nGPU0\t X \tNODE\tNODE\t0-47\t0\t\tN/A\nGPU1\tNODE\t X \tNODE\t0-47\t0\t\tN/A\nNIC0\tNODE\tNODE\t X \t\t\t\t\n\nLegend:\n\n  X    = Self\n  SYS  = Connection traversing PCIe as well as the SMP interconnect between NUMA nodes (e.g., QPI/UPI)\n  NODE = Connection traversing PCIe as well as the interconnect between PCIe Host Bridges within a NUMA node\n  PHB  = Connection traversing PCIe as well as a PCIe Host Bridge (typically the CPU)\n  PXB  = Connection traversing multiple PCIe bridges (without traversing the PCIe Host Bridge)\n  PIX  = Connection traversing at most a single PCIe bridge\n  NV#  = Connection traversing a bonded set of # NVLinks\n\nNIC Legend:\n\n  NIC0: mlx5_bond_0""","{""CUDA_HOME"":""/usr/local/cuda"",""NCCL_TESTS_DIR"":""/root/nccl-tests""}"
1,p1-nccl-baseline-20260826T181721Z-16cea6a,phase1,2026-08-26T18:17:45Z,measured,16cea6aed21d649453b65981c72d4b8ea7e32605,False,unknown,,5c44f3e9a47e,Ubuntu 24.04.3 LTS,6.8.0-106-generic,AMD EPYC 9254 24-Core Processor,48,1,NVIDIA L4,2,NODE,none-single-node,False,,12.8,580.126.20,2.25.1+cuda12.8,NCCL_DEBUG=VERSION banner,,gcc (Ubuntu 13.3.0-6ubuntu2~24.04) 13.3.0,717b68318278e93f371d8ffb46b076069d7c7851,nccl-tests,all_gather,float,none,-1,512,64,out_of_place,20,50,1,full,7.1,0.07,0.04,0,True,True,True,0,/root/nccl-tests/build/all_gather_perf -b 8 -e 128M -f 2 -g 2 -w 20 -n 50 -c 1 -d float,results/raw/p1-nccl-baseline-20260826T181721Z-16cea6a/all_gather.full.r1.stdout.txt,,"[{""index"":0,""memory_total_mib"":23034,""name"":""NVIDIA L4"",""pci_bus_id"":""00000000:03:00.0""},{""index"":1,""memory_total_mib"":23034,""name"":""NVIDIA L4"",""pci_bus_id"":""00000000:C3:00.0""}]","""\t\u001b[4mGPU0\tGPU1\tNIC0\tCPU Affinity\tNUMA Affinity\tGPU NUMA ID\u001b[0m\nGPU0\t X \tNODE\tNODE\t0-47\t0\t\tN/A\nGPU1\tNODE\t X \tNODE\t0-47\t0\t\tN/A\nNIC0\tNODE\tNODE\t X \t\t\t\t\n\nLegend:\n\n  X    = Self\n  SYS  = Connection traversing PCIe as well as the SMP interconnect between NUMA nodes (e.g., QPI/UPI)\n  NODE = Connection traversing PCIe as well as the interconnect between PCIe Host Bridges within a NUMA node\n  PHB  = Connection traversing PCIe as well as a PCIe Host Bridge (typically the CPU)\n  PXB  = Connection traversing multiple PCIe bridges (without traversing the PCIe Host Bridge)\n  PIX  = Connection traversing at most a single PCIe bridge\n  NV#  = Connection traversing a bonded set of # NVLinks\n\nNIC Legend:\n\n  NIC0: mlx5_bond_0""","{""CUDA_HOME"":""/usr/local/cuda"",""NCCL_TESTS_DIR"":""/root/nccl-tests""}"
1,p1-nccl-baseline-20260826T181721Z-16cea6a,phase1,2026-08-26T18:17:45Z,measured,16cea6aed21d649453b65981c72d4b8ea7e32605,False,unknown,,5c44f3e9a47e,Ubuntu 24.04.3 LTS,6.8.0-106-generic,AMD EPYC 9254 24-Core Processor,48,1,NVIDIA L4,2,NODE,none-single-node,False,,12.8,580.126.20,2.25.1+cuda12.8,NCCL_DEBUG=VERSION banner,,gcc (Ubuntu 13.3.0-6ubuntu2~24.04) 13.3.0,717b68318278e93f371d8ffb46b076069d7c7851,nccl-tests,all_gather,float,none,-1,512,64,in_place,20,50,1,full,7.16,0.07,0.04,0,True,True,True,0,/root/nccl-tests/build/all_gather_perf -b 8 -e 128M -f 2 -g 2 -w 20 -n 50 -c 1 -d float,results/raw/p1-nccl-baseline-20260826T181721Z-16cea6a/all_gather.full.r1.stdout.txt,,"[{""index"":0,""memory_total_mib"":23034,""name"":""NVIDIA L4"",""pci_bus_id"":""00000000:03:00.0""},{""index"":1,""memory_total_mib"":23034,""name"":""NVIDIA L4"",""pci_bus_id"":""00000000:C3:00.0""}]","""\t\u001b[4mGPU0\tGPU1\tNIC0\tCPU Affinity\tNUMA Affinity\tGPU NUMA ID\u001b[0m\nGPU0\t X \tNODE\tNODE\t0-47\t0\t\tN/A\nGPU1\tNODE\t X \tNODE\t0-47\t0\t\tN/A\nNIC0\tNODE\tNODE\t X \t\t\t\t\n\nLegend:\n\n  X    = Self\n  SYS  = Connection traversing PCIe as well as the SMP interconnect between NUMA nodes (e.g., QPI/UPI)\n  NODE = Connection traversing PCIe as well as the interconnect between PCIe Host Bridges within a NUMA node\n  PHB  = Connection traversing PCIe as well as a PCIe Host Bridge (typically the CPU)\n  PXB  = Connection traversing multiple PCIe bridges (without traversing the PCIe Host Bridge)\n  PIX  = Connection traversing at most a single PCIe bridge\n  NV#  = Connection traversing a bonded set of # NVLinks\n\nNIC Legend:\n\n  NIC0: mlx5_bond_0""","{""CUDA_HOME"":""/usr/local/cuda"",""NCCL_TESTS_DIR"":""/root/nccl-tests""}"
1,p1-nccl-baseline-20260826T181721Z-16cea6a,phase1,2026-08-26T18:17:45Z,measured,16cea6aed21d649453b65981c72d4b8ea7e32605,False,unknown,,5c44f3e9a47e,Ubuntu 24.04.3 LTS,6.8.0-106-generic,AMD EPYC 9254 24-Core Processor,48,1,NVIDIA L4,2,NODE,none-single-node,False,,12.8,580.126.20,2.25.1+cuda12.8,NCCL_DEBUG=VERSION banner,,gcc (Ubuntu 13.3.0-6ubuntu2~24.04) 13.3.0,717b68318278e93f371d8ffb46b076069d7c7851,nccl-tests,all_gather,float,none,-1,1024,128,out_of_place,20,50,1,full,7.09,0.14,0.07,0,True,True,True,0,/root/nccl-tests/build/all_gather_perf -b 8 -e 128M -f 2 -g 2 -w 20 -n 50 -c 1 -d float,results/raw/p1-nccl-baseline-20260826T181721Z-16cea6a/all_gather.full.r1.stdout.txt,,"[{""index"":0,""memory_total_mib"":23034,""name"":""NVIDIA L4"",""pci_bus_id"":""00000000:03:00.0""},{""index"":1,""memory_total_mib"":23034,""name"":""NVIDIA L4"",""pci_bus_id"":""00000000:C3:00.0""}]","""\t\u001b[4mGPU0\tGPU1\tNIC0\tCPU Affinity\tNUMA Affinity\tGPU NUMA ID\u001b[0m\nGPU0\t X \tNODE\tNODE\t0-47\t0\t\tN/A\nGPU1\tNODE\t X \tNODE\t0-47\t0\t\tN/A\nNIC0\tNODE\tNODE\t X \t\t\t\t\n\nLegend:\n\n  X    = Self\n  SYS  = Connection traversing PCIe as well as the SMP interconnect between NUMA nodes (e.g., QPI/UPI)\n  NODE = Connection traversing PCIe as well as the interconnect between PCIe Host Bridges within a NUMA node\n  PHB  = Connection traversing PCIe as well as a PCIe Host Bridge (typically the CPU)\n  PXB  = Connection traversing multiple PCIe bridges (without traversing the PCIe Host Bridge)\n  PIX  = Connection traversing at most a single PCIe bridge\n  NV#  = Connection traversing a bonded set of # NVLinks\n\nNIC Legend:\n\n  NIC0: mlx5_bond_0""","{""CUDA_HOME"":""/usr/local/cuda"",""NCCL_TESTS_DIR"":""/root/nccl-tests""}"
1,p1-nccl-baseline-20260826T181721Z-16cea6a,phase1,2026-08-26T18:17:45Z,measured,16cea6aed21d649453b65981c72d4b8ea7e32605,False,unknown,,5c44f3e9a47e,Ubuntu 24.04.3 LTS,6.8.0-106-generic,AMD EPYC 9254 24-Core Processor,48,1,NVIDIA L4,2,NODE,none-single-node,False,,12.8,580.126.20,2.25.1+cuda12.8,NCCL_DEBUG=VERSION banner,,gcc (Ubuntu 13.3.0-6ubuntu2~24.04) 13.3.0,717b68318278e93f371d8ffb46b076069d7c7851,nccl-tests,all_gather,float,none,-1,1024,128,in_place,20,50,1,full,6.95,0.15,0.07,0,True,True,True,0,/root/nccl-tests/build/all_gather_perf -b 8 -e 128M -f 2 -g 2 -w 20 -n 50 -c 1 -d float,results/raw/p1-nccl-baseline-20260826T181721Z-16cea6a/all_gather.full.r1.stdout.txt,,"[{""index"":0,""memory_total_mib"":23034,""name"":""NVIDIA L4"",""pci_bus_id"":""00000000:03:00.0""},{""index"":1,""memory_total_mib"":23034,""name"":""NVIDIA L4"",""pci_bus_id"":""00000000:C3:00.0""}]","""\t\u001b[4mGPU0\tGPU1\tNIC0\tCPU Affinity\tNUMA Affinity\tGPU NUMA ID\u001b[0m\nGPU0\t X \tNODE\tNODE\t0-47\t0\t\tN/A\nGPU1\tNODE\t X \tNODE\t0-47\t0\t\tN/A\nNIC0\tNODE\tNODE\t X \t\t\t\t\n\nLegend:\n\n  X    = Self\n  SYS  = Connection traversing PCIe as well as the SMP interconnect between NUMA nodes (e.g., QPI/UPI)\n  NODE = Connection traversing PCIe as well as the interconnect between PCIe Host Bridges within a NUMA node\n  PHB  = Connection traversing PCIe as well as a PCIe Host Bridge (typically the CPU)\n  PXB  = Connection traversing multiple PCIe bridges (without traversing the PCIe Host Bridge)\n  PIX  = Connection traversing at most a single PCIe bridge\n  NV#  = Connection traversing a bonded set of # NVLinks\n\nNIC Legend:\n\n  NIC0: mlx5_bond_0""","{""CUDA_HOME"":""/usr/local/cuda"",""NCCL_TESTS_DIR"":""/root/nccl-tests""}"
1,p1-nccl-baseline-20260826T181721Z-16cea6a,phase1,2026-08-26T18:17:45Z,measured,16cea6aed21d649453b65981c72d4b8ea7e32605,False,unknown,,5c44f3e9a47e,Ubuntu 24.04.3 LTS,6.8.0-106-generic,AMD EPYC 9254 24-Core Processor,48,1,NVIDIA L4,2,NODE,none-single-node,False,,12.8,580.126.20,2.25.1+cuda12.8,NCCL_DEBUG=VERSION banner,,gcc (Ubuntu 13.3.0-6ubuntu2~24.04) 13.3.0,717b68318278e93f371d8ffb46b076069d7c7851,nccl-tests,all_gather,float,none,-1,2048,256,out_of_place,20,50,1,full,7.09,0.29,0.14,0,True,True,True,0,/root/nccl-tests/build/all_gather_perf -b 8 -e 128M -f 2 -g 2 -w 20 -n 50 -c 1 -d float,results/raw/p1-nccl-baseline-20260826T181721Z-16cea6a/all_gather.full.r1.stdout.txt,,"[{""index"":0,""memory_total_mib"":23034,""name"":""NVIDIA L4"",""pci_bus_id"":""00000000:03:00.0""},{""index"":1,""memory_total_mib"":23034,""name"":""NVIDIA L4"",""pci_bus_id"":""00000000:C3:00.0""}]","""\t\u001b[4mGPU0\tGPU1\tNIC0\tCPU Affinity\tNUMA Affinity\tGPU NUMA ID\u001b[0m\nGPU0\t X \tNODE\tNODE\t0-47\t0\t\tN/A\nGPU1\tNODE\t X \tNODE\t0-47\t0\t\tN/A\nNIC0\tNODE\tNODE\t X \t\t\t\t\n\nLegend:\n\n  X    = Self\n  SYS  = Connection traversing PCIe as well as the SMP interconnect between NUMA nodes (e.g., QPI/UPI)\n  NODE = Connection traversing PCIe as well as the interconnect between PCIe Host Bridges within a NUMA node\n  PHB  = Connection traversing PCIe as well as a PCIe Host Bridge (typically the CPU)\n  PXB  = Connection traversing multiple PCIe bridges (without traversing the PCIe Host Bridge)\n  PIX  = Connection traversing at most a single PCIe bridge\n  NV#  = Connection traversing a bonded set of # NVLinks\n\nNIC Legend:\n\n  NIC0: mlx5_bond_0""","{""CUDA_HOME"":""/usr/local/cuda"",""NCCL_TESTS_DIR"":""/root/nccl-tests""}"
1,p1-nccl-baseline-20260826T181721Z-16cea6a,phase1,2026-08-26T18:17:45Z,measured,16cea6aed21d649453b65981c72d4b8ea7e32605,False,unknown,,5c44f3e9a47e,Ubuntu 24.04.3 LTS,6.8.0-106-generic,AMD EPYC 9254 24-Core Processor,48,1,NVIDIA L4,2,NODE,none-single-node,False,,12.8,580.126.20,2.25.1+cuda12.8,NCCL_DEBUG=VERSION banner,,gcc (Ubuntu 13.3.0-6ubuntu2~24.04) 13.3.0,717b68318278e93f371d8ffb46b076069d7c7851,nccl-tests,all_gather,float,none,-1,2048,256,in_place,20,50,1,full,6.82,0.3,0.15,0,True,True,True,0,/root/nccl-tests/build/all_gather_perf -b 8 -e 128M -f 2 -g 2 -w 20 -n 50 -c 1 -d float,results/raw/p1-nccl-baseline-20260826T181721Z-16cea6a/all_gather.full.r1.stdout.txt,,"[{""index"":0,""memory_total_mib"":23034,""name"":""NVIDIA L4"",""pci_bus_id"":""00000000:03:00.0""},{""index"":1,""memory_total_mib"":23034,""name"":""NVIDIA L4"",""pci_bus_id"":""00000000:C3:00.0""}]","""\t\u001b[4mGPU0\tGPU1\tNIC0\tCPU Affinity\tNUMA Affinity\tGPU NUMA ID\u001b[0m\nGPU0\t X \tNODE\tNODE\t0-47\t0\t\tN/A\nGPU1\tNODE\t X \tNODE\t0-47\t0\t\tN/A\nNIC0\tNODE\tNODE\t X \t\t\t\t\n\nLegend:\n\n  X    = Self\n  SYS  = Connection traversing PCIe as well as the SMP interconnect between NUMA nodes (e.g., QPI/UPI)\n  NODE = Connection traversing PCIe as well as the interconnect between PCIe Host Bridges within a NUMA node\n  PHB  = Connection traversing PCIe as well as a PCIe Host Bridge (typically the CPU)\n  PXB  = Connection traversing multiple PCIe bridges (without traversing the PCIe Host Bridge)\n  PIX  = Connection traversing at most a single PCIe bridge\n  NV#  = Connection traversing a bonded set of # NVLinks\n\nNIC Legend:\n\n  NIC0: mlx5_bond_0""","{""CUDA_HOME"":""/usr/local/cuda"",""NCCL_TESTS_DIR"":""/root/nccl-tests""}"
1,p1-nccl-baseline-20260826T181721Z-16cea6a,phase1,2026-08-26T18:17:45Z,measured,16cea6aed21d649453b65981c72d4b8ea7e32605,False,unknown,,5c44f3e9a47e,Ubuntu 24.04.3 LTS,6.8.0-106-generic,AMD EPYC 9254 24-Core Processor,48,1,NVIDIA L4,2,NODE,none-single-node,False,,12.8,580.126.20,2.25.1+cuda12.8,NCCL_DEBUG=VERSION banner,,gcc (Ubuntu 13.3.0-6ubuntu2~24.04) 13.3.0,717b68318278e93f371d8ffb46b076069d7c7851,nccl-tests,all_gather,float,none,-1,4096,512,out_of_place,20,50,1,full,6.77,0.61,0.3,0,True,True,True,0,/root/nccl-tests/build/all_gather_perf -b 8 -e 128M -f 2 -g 2 -w 20 -n 50 -c 1 -d float,results/raw/p1-nccl-baseline-20260826T181721Z-16cea6a/all_gather.full.r1.stdout.txt,,"[{""index"":0,""memory_total_mib"":23034,""name"":""NVIDIA L4"",""pci_bus_id"":""00000000:03:00.0""},{""index"":1,""memory_total_mib"":23034,""name"":""NVIDIA L4"",""pci_bus_id"":""00000000:C3:00.0""}]","""\t\u001b[4mGPU0\tGPU1\tNIC0\tCPU Affinity\tNUMA Affinity\tGPU NUMA ID\u001b[0m\nGPU0\t X \tNODE\tNODE\t0-47\t0\t\tN/A\nGPU1\tNODE\t X \tNODE\t0-47\t0\t\tN/A\nNIC0\tNODE\tNODE\t X \t\t\t\t\n\nLegend:\n\n  X    = Self\n  SYS  = Connection traversing PCIe as well as the SMP interconnect between NUMA nodes (e.g., QPI/UPI)\n  NODE = Connection traversing PCIe as well as the interconnect between PCIe Host Bridges within a NUMA node\n  PHB  = Connection traversing PCIe as well as a PCIe Host Bridge (typically the CPU)\n  PXB  = Connection traversing multiple PCIe bridges (without traversing the PCIe Host Bridge)\n  PIX  = Connection traversing at most a single PCIe bridge\n  NV#  = Connection traversing a bonded set of # NVLinks\n\nNIC Legend:\n\n  NIC0: mlx5_bond_0""","{""CUDA_HOME"":""/usr/local/cuda"",""NCCL_TESTS_DIR"":""/root/nccl-tests""}"
1,p1-nccl-baseline-20260826T181721Z-16cea6a,phase1,2026-08-26T18:17:45Z,measured,16cea6aed21d649453b65981c72d4b8ea7e32605,False,unknown,,5c44f3e9a47e,Ubuntu 24.04.3 LTS,6.8.0-106-generic,AMD EPYC 9254 24-Core Processor,48,1,NVIDIA L4,2,NODE,none-single-node,False,,12.8,580.126.20,2.25.1+cuda12.8,NCCL_DEBUG=VERSION banner,,gcc (Ubuntu 13.3.0-6ubuntu2~24.04) 13.3.0,717b68318278e93f371d8ffb46b076069d7c7851,nccl-tests,all_gather,float,none,-1,4096,512,in_place,20,50,1,full,6.89,0.59,0.3,0,True,True,True,0,/root/nccl-tests/build/all_gather_perf -b 8 -e 128M -f 2 -g 2 -w 20 -n 50 -c 1 -d float,results/raw/p1-nccl-baseline-20260826T181721Z-16cea6a/all_gather.full.r1.stdout.txt,,"[{""index"":0,""memory_total_mib"":23034,""name"":""NVIDIA L4"",""pci_bus_id"":""00000000:03:00.0""},{""index"":1,""memory_total_mib"":23034,""name"":""NVIDIA L4"",""pci_bus_id"":""00000000:C3:00.0""}]","""\t\u001b[4mGPU0\tGPU1\tNIC0\tCPU Affinity\tNUMA Affinity\tGPU NUMA ID\u001b[0m\nGPU0\t X \tNODE\tNODE\t0-47\t0\t\tN/A\nGPU1\tNODE\t X \tNODE\t0-47\t0\t\tN/A\nNIC0\tNODE\tNODE\t X \t\t\t\t\n\nLegend:\n\n  X    = Self\n  SYS  = Connection traversing PCIe as well as the SMP interconnect between NUMA nodes (e.g., QPI/UPI)\n  NODE = Connection traversing PCIe as well as the interconnect between PCIe Host Bridges within a NUMA node\n  PHB  = Connection traversing PCIe as well as a PCIe Host Bridge (typically the CPU)\n  PXB  = Connection traversing multiple PCIe bridges (without traversing the PCIe Host Bridge)\n  PIX  = Connection traversing at most a single PCIe bridge\n  NV#  = Connection traversing a bonded set of # NVLinks\n\nNIC Legend:\n\n  NIC0: mlx5_bond_0""","{""CUDA_HOME"":""/usr/local/cuda"",""NCCL_TESTS_DIR"":""/root/nccl-tests""}"
1,p1-nccl-baseline-20260826T181721Z-16cea6a,phase1,2026-08-26T18:17:45Z,measured,16cea6aed21d649453b65981c72d4b8ea7e32605,False,unknown,,5c44f3e9a47e,Ubuntu 24.04.3 LTS,6.8.0-106-generic,AMD EPYC 9254 24-Core Processor,48,1,NVIDIA L4,2,NODE,none-single-node,False,,12.8,580.126.20,2.25.1+cuda12.8,NCCL_DEBUG=VERSION banner,,gcc (Ubuntu 13.3.0-6ubuntu2~24.04) 13.3.0,717b68318278e93f371d8ffb46b076069d7c7851,nccl-tests,all_gather,float,none,-1,8192,1024,out_of_place,20,50,1,full,6.98,1.17,0.59,0,True,True,True,0,/root/nccl-tests/build/all_gather_perf -b 8 -e 128M -f 2 -g 2 -w 20 -n 50 -c 1 -d float,results/raw/p1-nccl-baseline-20260826T181721Z-16cea6a/all_gather.full.r1.stdout.txt,,"[{""index"":0,""memory_total_mib"":23034,""name"":""NVIDIA L4"",""pci_bus_id"":""00000000:03:00.0""},{""index"":1,""memory_total_mib"":23034,""name"":""NVIDIA L4"",""pci_bus_id"":""00000000:C3:00.0""}]","""\t\u001b[4mGPU0\tGPU1\tNIC0\tCPU Affinity\tNUMA Affinity\tGPU NUMA ID\u001b[0m\nGPU0\t X \tNODE\tNODE\t0-47\t0\t\tN/A\nGPU1\tNODE\t X \tNODE\t0-47\t0\t\tN/A\nNIC0\tNODE\tNODE\t X \t\t\t\t\n\nLegend:\n\n  X    = Self\n  SYS  = Connection traversing PCIe as well as the SMP interconnect between NUMA nodes (e.g., QPI/UPI)\n  NODE = Connection traversing PCIe as well as the interconnect between PCIe Host Bridges within a NUMA node\n  PHB  = Connection traversing PCIe as well as a PCIe Host Bridge (typically the CPU)\n  PXB  = Connection traversing multiple PCIe bridges (without traversing the PCIe Host Bridge)\n  PIX  = Connection traversing at most a single PCIe bridge\n  NV#  = Connection traversing a bonded set of # NVLinks\n\nNIC Legend:\n\n  NIC0: mlx5_bond_0""","{""CUDA_HOME"":""/usr/local/cuda"",""NCCL_TESTS_DIR"":""/root/nccl-tests""}"
1,p1-nccl-baseline-20260826T181721Z-16cea6a,phase1,2026-08-26T18:17:45Z,measured,16cea6aed21d649453b65981c72d4b8ea7e32605,False,unknown,,5c44f3e9a47e,Ubuntu 24.04.3 LTS,6.8.0-106-generic,AMD EPYC 9254 24-Core Processor,48,1,NVIDIA L4,2,NODE,none-single-node,False,,12.8,580.126.20,2.25.1+cuda12.8,NCCL_DEBUG=VERSION banner,,gcc (Ubuntu 13.3.0-6ubuntu2~24.04) 13.3.0,717b68318278e93f371d8ffb46b076069d7c7851,nccl-tests,all_gather,float,none,-1,8192,1024,in_place,20,50,1,full,6.94,1.18,0.59,0,True,True,True,0,/root/nccl-tests/build/all_gather_perf -b 8 -e 128M -f 2 -g 2 -w 20 -n 50 -c 1 -d float,results/raw/p1-nccl-baseline-20260826T181721Z-16cea6a/all_gather.full.r1.stdout.txt,,"[{""index"":0,""memory_total_mib"":23034,""name"":""NVIDIA L4"",""pci_bus_id"":""00000000:03:00.0""},{""index"":1,""memory_total_mib"":23034,""name"":""NVIDIA L4"",""pci_bus_id"":""00000000:C3:00.0""}]","""\t\u001b[4mGPU0\tGPU1\tNIC0\tCPU Affinity\tNUMA Affinity\tGPU NUMA ID\u001b[0m\nGPU0\t X \tNODE\tNODE\t0-47\t0\t\tN/A\nGPU1\tNODE\t X \tNODE\t0-47\t0\t\tN/A\nNIC0\tNODE\tNODE\t X \t\t\t\t\n\nLegend:\n\n  X    = Self\n  SYS  = Connection traversing PCIe as well as the SMP interconnect between NUMA nodes (e.g., QPI/UPI)\n  NODE = Connection traversing PCIe as well as the interconnect between PCIe Host Bridges within a NUMA node\n  PHB  = Connection traversing PCIe as well as a PCIe Host Bridge (typically the CPU)\n  PXB  = Connection traversing multiple PCIe bridges (without traversing the PCIe Host Bridge)\n  PIX  = Connection traversing at most a single PCIe bridge\n  NV#  = Connection traversing a bonded set of # NVLinks\n\nNIC Legend:\n\n  NIC0: mlx5_bond_0""","{""CUDA_HOME"":""/usr/local/cuda"",""NCCL_TESTS_DIR"":""/root/nccl-tests""}"
1,p1-nccl-baseline-20260826T181721Z-16cea6a,phase1,2026-08-26T18:17:45Z,measured,16cea6aed21d649453b65981c72d4b8ea7e32605,False,unknown,,5c44f3e9a47e,Ubuntu 24.04.3 LTS,6.8.0-106-generic,AMD EPYC 9254 24-Core Processor,48,1,NVIDIA L4,2,NODE,none-single-node,False,,12.8,580.126.20,2.25.1+cuda12.8,NCCL_DEBUG=VERSION banner,,gcc (Ubuntu 13.3.0-6ubuntu2~24.04) 13.3.0,717b68318278e93f371d8ffb46b076069d7c7851,nccl-tests,all_gather,float,none,-1,16384,2048,out_of_place,20,50,1,full,7.47,2.19,1.1,0,True,True,True,0,/root/nccl-tests/build/all_gather_perf -b 8 -e 128M -f 2 -g 2 -w 20 -n 50 -c 1 -d float,results/raw/p1-nccl-baseline-20260826T181721Z-16cea6a/all_gather.full.r1.stdout.txt,,"[{""index"":0,""memory_total_mib"":23034,""name"":""NVIDIA L4"",""pci_bus_id"":""00000000:03:00.0""},{""index"":1,""memory_total_mib"":23034,""name"":""NVIDIA L4"",""pci_bus_id"":""00000000:C3:00.0""}]","""\t\u001b[4mGPU0\tGPU1\tNIC0\tCPU Affinity\tNUMA Affinity\tGPU NUMA ID\u001b[0m\nGPU0\t X \tNODE\tNODE\t0-47\t0\t\tN/A\nGPU1\tNODE\t X \tNODE\t0-47\t0\t\tN/A\nNIC0\tNODE\tNODE\t X \t\t\t\t\n\nLegend:\n\n  X    = Self\n  SYS  = Connection traversing PCIe as well as the SMP interconnect between NUMA nodes (e.g., QPI/UPI)\n  NODE = Connection traversing PCIe as well as the interconnect between PCIe Host Bridges within a NUMA node\n  PHB  = Connection traversing PCIe as well as a PCIe Host Bridge (typically the CPU)\n  PXB  = Connection traversing multiple PCIe bridges (without traversing the PCIe Host Bridge)\n  PIX  = Connection traversing at most a single PCIe bridge\n  NV#  = Connection traversing a bonded set of # NVLinks\n\nNIC Legend:\n\n  NIC0: mlx5_bond_0""","{""CUDA_HOME"":""/usr/local/cuda"",""NCCL_TESTS_DIR"":""/root/nccl-tests""}"
1,p1-nccl-baseline-20260826T181721Z-16cea6a,phase1,2026-08-26T18:17:45Z,measured,16cea6aed21d649453b65981c72d4b8ea7e32605,False,unknown,,5c44f3e9a47e,Ubuntu 24.04.3 LTS,6.8.0-106-generic,AMD EPYC 9254 24-Core Processor,48,1,NVIDIA L4,2,NODE,none-single-node,False,,12.8,580.126.20,2.25.1+cuda12.8,NCCL_DEBUG=VERSION banner,,gcc (Ubuntu 13.3.0-6ubuntu2~24.04) 13.3.0,717b68318278e93f371d8ffb46b076069d7c7851,nccl-tests,all_gather,float,none,-1,16384,2048,in_place,20,50,1,full,7.31,2.24,1.12,0,True,True,True,0,/root/nccl-tests/build/all_gather_perf -b 8 -e 128M -f 2 -g 2 -w 20 -n 50 -c 1 -d float,results/raw/p1-nccl-baseline-20260826T181721Z-16cea6a/all_gather.full.r1.stdout.txt,,"[{""index"":0,""memory_total_mib"":23034,""name"":""NVIDIA L4"",""pci_bus_id"":""00000000:03:00.0""},{""index"":1,""memory_total_mib"":23034,""name"":""NVIDIA L4"",""pci_bus_id"":""00000000:C3:00.0""}]","""\t\u001b[4mGPU0\tGPU1\tNIC0\tCPU Affinity\tNUMA Affinity\tGPU NUMA ID\u001b[0m\nGPU0\t X \tNODE\tNODE\t0-47\t0\t\tN/A\nGPU1\tNODE\t X \tNODE\t0-47\t0\t\tN/A\nNIC0\tNODE\tNODE\t X \t\t\t\t\n\nLegend:\n\n  X    = Self\n  SYS  = Connection traversing PCIe as well as the SMP interconnect between NUMA nodes (e.g., QPI/UPI)\n  NODE = Connection traversing PCIe as well as the interconnect between PCIe Host Bridges within a NUMA node\n  PHB  = Connection traversing PCIe as well as a PCIe Host Bridge (typically the CPU)\n  PXB  = Connection traversing multiple PCIe bridges (without traversing the PCIe Host Bridge)\n  PIX  = Connection traversing at most a single PCIe bridge\n  NV#  = Connection traversing a bonded set of # NVLinks\n\nNIC Legend:\n\n  NIC0: mlx5_bond_0""","{""CUDA_HOME"":""/usr/local/cuda"",""NCCL_TESTS_DIR"":""/root/nccl-tests""}"
1,p1-nccl-baseline-20260826T181721Z-16cea6a,phase1,2026-08-26T18:17:45Z,measured,16cea6aed21d649453b65981c72d4b8ea7e32605,False,unknown,,5c44f3e9a47e,Ubuntu 24.04.3 LTS,6.8.0-106-generic,AMD EPYC 9254 24-Core Processor,48,1,NVIDIA L4,2,NODE,none-single-node,False,,12.8,580.126.20,2.25.1+cuda12.8,NCCL_DEBUG=VERSION banner,,gcc (Ubuntu 13.3.0-6ubuntu2~24.04) 13.3.0,717b68318278e93f371d8ffb46b076069d7c7851,nccl-tests,all_gather,float,none,-1,32768,4096,out_of_place,20,50,1,full,9.31,3.52,1.76,0,True,True,True,0,/root/nccl-tests/build/all_gather_perf -b 8 -e 128M -f 2 -g 2 -w 20 -n 50 -c 1 -d float,results/raw/p1-nccl-baseline-20260826T181721Z-16cea6a/all_gather.full.r1.stdout.txt,,"[{""index"":0,""memory_total_mib"":23034,""name"":""NVIDIA L4"",""pci_bus_id"":""00000000:03:00.0""},{""index"":1,""memory_total_mib"":23034,""name"":""NVIDIA L4"",""pci_bus_id"":""00000000:C3:00.0""}]","""\t\u001b[4mGPU0\tGPU1\tNIC0\tCPU Affinity\tNUMA Affinity\tGPU NUMA ID\u001b[0m\nGPU0\t X \tNODE\tNODE\t0-47\t0\t\tN/A\nGPU1\tNODE\t X \tNODE\t0-47\t0\t\tN/A\nNIC0\tNODE\tNODE\t X \t\t\t\t\n\nLegend:\n\n  X    = Self\n  SYS  = Connection traversing PCIe as well as the SMP interconnect between NUMA nodes (e.g., QPI/UPI)\n  NODE = Connection traversing PCIe as well as the interconnect between PCIe Host Bridges within a NUMA node\n  PHB  = Connection traversing PCIe as well as a PCIe Host Bridge (typically the CPU)\n  PXB  = Connection traversing multiple PCIe bridges (without traversing the PCIe Host Bridge)\n  PIX  = Connection traversing at most a single PCIe bridge\n  NV#  = Connection traversing a bonded set of # NVLinks\n\nNIC Legend:\n\n  NIC0: mlx5_bond_0""","{""CUDA_HOME"":""/usr/local/cuda"",""NCCL_TESTS_DIR"":""/root/nccl-tests""}"
1,p1-nccl-baseline-20260826T181721Z-16cea6a,phase1,2026-08-26T18:17:45Z,measured,16cea6aed21d649453b65981c72d4b8ea7e32605,False,unknown,,5c44f3e9a47e,Ubuntu 24.04.3 LTS,6.8.0-106-generic,AMD EPYC 9254 24-Core Processor,48,1,NVIDIA L4,2,NODE,none-single-node,False,,12.8,580.126.20,2.25.1+cuda12.8,NCCL_DEBUG=VERSION banner,,gcc (Ubuntu 13.3.0-6ubuntu2~24.04) 13.3.0,717b68318278e93f371d8ffb46b076069d7c7851,nccl-tests,all_gather,float,none,-1,32768,4096,in_place,20,50,1,full,9.16,3.58,1.79,0,True,True,True,0,/root/nccl-tests/build/all_gather_perf -b 8 -e 128M -f 2 -g 2 -w 20 -n 50 -c 1 -d float,results/raw/p1-nccl-baseline-20260826T181721Z-16cea6a/all_gather.full.r1.stdout.txt,,"[{""index"":0,""memory_total_mib"":23034,""name"":""NVIDIA L4"",""pci_bus_id"":""00000000:03:00.0""},{""index"":1,""memory_total_mib"":23034,""name"":""NVIDIA L4"",""pci_bus_id"":""00000000:C3:00.0""}]","""\t\u001b[4mGPU0\tGPU1\tNIC0\tCPU Affinity\tNUMA Affinity\tGPU NUMA ID\u001b[0m\nGPU0\t X \tNODE\tNODE\t0-47\t0\t\tN/A\nGPU1\tNODE\t X \tNODE\t0-47\t0\t\tN/A\nNIC0\tNODE\tNODE\t X \t\t\t\t\n\nLegend:\n\n  X    = Self\n  SYS  = Connection traversing PCIe as well as the SMP interconnect between NUMA nodes (e.g., QPI/UPI)\n  NODE = Connection traversing PCIe as well as the interconnect between PCIe Host Bridges within a NUMA node\n  PHB  = Connection traversing PCIe as well as a PCIe Host Bridge (typically the CPU)\n  PXB  = Connection traversing multiple PCIe bridges (without traversing the PCIe Host Bridge)\n  PIX  = Connection traversing at most a single PCIe bridge\n  NV#  = Connection traversing a bonded set of # NVLinks\n\nNIC Legend:\n\n  NIC0: mlx5_bond_0""","{""CUDA_HOME"":""/usr/local/cuda"",""NCCL_TESTS_DIR"":""/root/nccl-tests""}"
1,p1-nccl-baseline-20260826T181721Z-16cea6a,phase1,2026-08-26T18:17:45Z,measured,16cea6aed21d649453b65981c72d4b8ea7e32605,False,unknown,,5c44f3e9a47e,Ubuntu 24.04.3 LTS,6.8.0-106-generic,AMD EPYC 9254 24-Core Processor,48,1,NVIDIA L4,2,NODE,none-single-node,False,,12.8,580.126.20,2.25.1+cuda12.8,NCCL_DEBUG=VERSION banner,,gcc (Ubuntu 13.3.0-6ubuntu2~24.04) 13.3.0,717b68318278e93f371d8ffb46b076069d7c7851,nccl-tests,all_gather,float,none,-1,65536,8192,out_of_place,20,50,1,full,12.1,5.41,2.71,0,True,True,True,0,/root/nccl-tests/build/all_gather_perf -b 8 -e 128M -f 2 -g 2 -w 20 -n 50 -c 1 -d float,results/raw/p1-nccl-baseline-20260826T181721Z-16cea6a/all_gather.full.r1.stdout.txt,,"[{""index"":0,""memory_total_mib"":23034,""name"":""NVIDIA L4"",""pci_bus_id"":""00000000:03:00.0""},{""index"":1,""memory_total_mib"":23034,""name"":""NVIDIA L4"",""pci_bus_id"":""00000000:C3:00.0""}]","""\t\u001b[4mGPU0\tGPU1\tNIC0\tCPU Affinity\tNUMA Affinity\tGPU NUMA ID\u001b[0m\nGPU0\t X \tNODE\tNODE\t0-47\t0\t\tN/A\nGPU1\tNODE\t X \tNODE\t0-47\t0\t\tN/A\nNIC0\tNODE\tNODE\t X \t\t\t\t\n\nLegend:\n\n  X    = Self\n  SYS  = Connection traversing PCIe as well as the SMP interconnect between NUMA nodes (e.g., QPI/UPI)\n  NODE = Connection traversing PCIe as well as the interconnect between PCIe Host Bridges within a NUMA node\n  PHB  = Connection traversing PCIe as well as a PCIe Host Bridge (typically the CPU)\n  PXB  = Connection traversing multiple PCIe bridges (without traversing the PCIe Host Bridge)\n  PIX  = Connection traversing at most a single PCIe bridge\n  NV#  = Connection traversing a bonded set of # NVLinks\n\nNIC Legend:\n\n  NIC0: mlx5_bond_0""","{""CUDA_HOME"":""/usr/local/cuda"",""NCCL_TESTS_DIR"":""/root/nccl-tests""}"
1,p1-nccl-baseline-20260826T181721Z-16cea6a,phase1,2026-08-26T18:17:45Z,measured,16cea6aed21d649453b65981c72d4b8ea7e32605,False,unknown,,5c44f3e9a47e,Ubuntu 24.04.3 LTS,6.8.0-106-generic,AMD EPYC 9254 24-Core Processor,48,1,NVIDIA L4,2,NODE,none-single-node,False,,12.8,580.126.20,2.25.1+cuda12.8,NCCL_DEBUG=VERSION banner,,gcc (Ubuntu 13.3.0-6ubuntu2~24.04) 13.3.0,717b68318278e93f371d8ffb46b076069d7c7851,nccl-tests,all_gather,float,none,-1,65536,8192,in_place,20,50,1,full,12.02,5.45,2.73,0,True,True,True,0,/root/nccl-tests/build/all_gather_perf -b 8 -e 128M -f 2 -g 2 -w 20 -n 50 -c 1 -d float,results/raw/p1-nccl-baseline-20260826T181721Z-16cea6a/all_gather.full.r1.stdout.txt,,"[{""index"":0,""memory_total_mib"":23034,""name"":""NVIDIA L4"",""pci_bus_id"":""00000000:03:00.0""},{""index"":1,""memory_total_mib"":23034,""name"":""NVIDIA L4"",""pci_bus_id"":""00000000:C3:00.0""}]","""\t\u001b[4mGPU0\tGPU1\tNIC0\tCPU Affinity\tNUMA Affinity\tGPU NUMA ID\u001b[0m\nGPU0\t X \tNODE\tNODE\t0-47\t0\t\tN/A\nGPU1\tNODE\t X \tNODE\t0-47\t0\t\tN/A\nNIC0\tNODE\tNODE\t X \t\t\t\t\n\nLegend:\n\n  X    = Self\n  SYS  = Connection traversing PCIe as well as the SMP interconnect between NUMA nodes (e.g., QPI/UPI)\n  NODE = Connection traversing PCIe as well as the interconnect between PCIe Host Bridges within a NUMA node\n  PHB  = Connection traversing PCIe as well as a PCIe Host Bridge (typically the CPU)\n  PXB  = Connection traversing multiple PCIe bridges (without traversing the PCIe Host Bridge)\n  PIX  = Connection traversing at most a single PCIe bridge\n  NV#  = Connection traversing a bonded set of # NVLinks\n\nNIC Legend:\n\n  NIC0: mlx5_bond_0""","{""CUDA_HOME"":""/usr/local/cuda"",""NCCL_TESTS_DIR"":""/root/nccl-tests""}"
1,p1-nccl-baseline-20260826T181721Z-16cea6a,phase1,2026-08-26T18:17:45Z,measured,16cea6aed21d649453b65981c72d4b8ea7e32605,False,unknown,,5c44f3e9a47e,Ubuntu 24.04.3 LTS,6.8.0-106-generic,AMD EPYC 9254 24-Core Processor,48,1,NVIDIA L4,2,NODE,none-single-node,False,,12.8,580.126.20,2.25.1+cuda12.8,NCCL_DEBUG=VERSION banner,,gcc (Ubuntu 13.3.0-6ubuntu2~24.04) 13.3.0,717b68318278e93f371d8ffb46b076069d7c7851,nccl-tests,all_gather,float,none,-1,131072,16384,out_of_place,20,50,1,full,17.81,7.36,3.68,0,True,True,True,0,/root/nccl-tests/build/all_gather_perf -b 8 -e 128M -f 2 -g 2 -w 20 -n 50 -c 1 -d float,results/raw/p1-nccl-baseline-20260826T181721Z-16cea6a/all_gather.full.r1.stdout.txt,,"[{""index"":0,""memory_total_mib"":23034,""name"":""NVIDIA L4"",""pci_bus_id"":""00000000:03:00.0""},{""index"":1,""memory_total_mib"":23034,""name"":""NVIDIA L4"",""pci_bus_id"":""00000000:C3:00.0""}]","""\t\u001b[4mGPU0\tGPU1\tNIC0\tCPU Affinity\tNUMA Affinity\tGPU NUMA ID\u001b[0m\nGPU0\t X \tNODE\tNODE\t0-47\t0\t\tN/A\nGPU1\tNODE\t X \tNODE\t0-47\t0\t\tN/A\nNIC0\tNODE\tNODE\t X \t\t\t\t\n\nLegend:\n\n  X    = Self\n  SYS  = Connection traversing PCIe as well as the SMP interconnect between NUMA nodes (e.g., QPI/UPI)\n  NODE = Connection traversing PCIe as well as the interconnect between PCIe Host Bridges within a NUMA node\n  PHB  = Connection traversing PCIe as well as a PCIe Host Bridge (typically the CPU)\n  PXB  = Connection traversing multiple PCIe bridges (without traversing the PCIe Host Bridge)\n  PIX  = Connection traversing at most a single PCIe bridge\n  NV#  = Connection traversing a bonded set of # NVLinks\n\nNIC Legend:\n\n  NIC0: mlx5_bond_0""","{""CUDA_HOME"":""/usr/local/cuda"",""NCCL_TESTS_DIR"":""/root/nccl-tests""}"
1,p1-nccl-baseline-20260826T181721Z-16cea6a,phase1,2026-08-26T18:17:45Z,measured,16cea6aed21d649453b65981c72d4b8ea7e32605,False,unknown,,5c44f3e9a47e,Ubuntu 24.04.3 LTS,6.8.0-106-generic,AMD EPYC 9254 24-Core Processor,48,1,NVIDIA L4,2,NODE,none-single-node,False,,12.8,580.126.20,2.25.1+cuda12.8,NCCL_DEBUG=VERSION banner,,gcc (Ubuntu 13.3.0-6ubuntu2~24.04) 13.3.0,717b68318278e93f371d8ffb46b076069d7c7851,nccl-tests,all_gather,float,none,-1,131072,16384,in_place,20,50,1,full,17.61,7.44,3.72,0,True,True,True,0,/root/nccl-tests/build/all_gather_perf -b 8 -e 128M -f 2 -g 2 -w 20 -n 50 -c 1 -d float,results/raw/p1-nccl-baseline-20260826T181721Z-16cea6a/all_gather.full.r1.stdout.txt,,"[{""index"":0,""memory_total_mib"":23034,""name"":""NVIDIA L4"",""pci_bus_id"":""00000000:03:00.0""},{""index"":1,""memory_total_mib"":23034,""name"":""NVIDIA L4"",""pci_bus_id"":""00000000:C3:00.0""}]","""\t\u001b[4mGPU0\tGPU1\tNIC0\tCPU Affinity\tNUMA Affinity\tGPU NUMA ID\u001b[0m\nGPU0\t X \tNODE\tNODE\t0-47\t0\t\tN/A\nGPU1\tNODE\t X \tNODE\t0-47\t0\t\tN/A\nNIC0\tNODE\tNODE\t X \t\t\t\t\n\nLegend:\n\n  X    = Self\n  SYS  = Connection traversing PCIe as well as the SMP interconnect between NUMA nodes (e.g., QPI/UPI)\n  NODE = Connection traversing PCIe as well as the interconnect between PCIe Host Bridges within a NUMA node\n  PHB  = Connection traversing PCIe as well as a PCIe Host Bridge (typically the CPU)\n  PXB  = Connection traversing multiple PCIe bridges (without traversing the PCIe Host Bridge)\n  PIX  = Connection traversing at most a single PCIe bridge\n  NV#  = Connection traversing a bonded set of # NVLinks\n\nNIC Legend:\n\n  NIC0: mlx5_bond_0""","{""CUDA_HOME"":""/usr/local/cuda"",""NCCL_TESTS_DIR"":""/root/nccl-tests""}"
1,p1-nccl-baseline-20260826T181721Z-16cea6a,phase1,2026-08-26T18:17:45Z,measured,16cea6aed21d649453b65981c72d4b8ea7e32605,False,unknown,,5c44f3e9a47e,Ubuntu 24.04.3 LTS,6.8.0-106-generic,AMD EPYC 9254 24-Core Processor,48,1,NVIDIA L4,2,NODE,none-single-node,False,,12.8,580.126.20,2.25.1+cuda12.8,NCCL_DEBUG=VERSION banner,,gcc (Ubuntu 13.3.0-6ubuntu2~24.04) 13.3.0,717b68318278e93f371d8ffb46b076069d7c7851,nccl-tests,all_gather,float,none,-1,262144,32768,out_of_place,20,50,1,full,31.82,8.24,4.12,0,True,True,True,0,/root/nccl-tests/build/all_gather_perf -b 8 -e 128M -f 2 -g 2 -w 20 -n 50 -c 1 -d float,results/raw/p1-nccl-baseline-20260826T181721Z-16cea6a/all_gather.full.r1.stdout.txt,,"[{""index"":0,""memory_total_mib"":23034,""name"":""NVIDIA L4"",""pci_bus_id"":""00000000:03:00.0""},{""index"":1,""memory_total_mib"":23034,""name"":""NVIDIA L4"",""pci_bus_id"":""00000000:C3:00.0""}]","""\t\u001b[4mGPU0\tGPU1\tNIC0\tCPU Affinity\tNUMA Affinity\tGPU NUMA ID\u001b[0m\nGPU0\t X \tNODE\tNODE\t0-47\t0\t\tN/A\nGPU1\tNODE\t X \tNODE\t0-47\t0\t\tN/A\nNIC0\tNODE\tNODE\t X \t\t\t\t\n\nLegend:\n\n  X    = Self\n  SYS  = Connection traversing PCIe as well as the SMP interconnect between NUMA nodes (e.g., QPI/UPI)\n  NODE = Connection traversing PCIe as well as the interconnect between PCIe Host Bridges within a NUMA node\n  PHB  = Connection traversing PCIe as well as a PCIe Host Bridge (typically the CPU)\n  PXB  = Connection traversing multiple PCIe bridges (without traversing the PCIe Host Bridge)\n  PIX  = Connection traversing at most a single PCIe bridge\n  NV#  = Connection traversing a bonded set of # NVLinks\n\nNIC Legend:\n\n  NIC0: mlx5_bond_0""","{""CUDA_HOME"":""/usr/local/cuda"",""NCCL_TESTS_DIR"":""/root/nccl-tests""}"
1,p1-nccl-baseline-20260826T181721Z-16cea6a,phase1,2026-08-26T18:17:45Z,measured,16cea6aed21d649453b65981c72d4b8ea7e32605,False,unknown,,5c44f3e9a47e,Ubuntu 24.04.3 LTS,6.8.0-106-generic,AMD EPYC 9254 24-Core Processor,48,1,NVIDIA L4,2,NODE,none-single-node,False,,12.8,580.126.20,2.25.1+cuda12.8,NCCL_DEBUG=VERSION banner,,gcc (Ubuntu 13.3.0-6ubuntu2~24.04) 13.3.0,717b68318278e93f371d8ffb46b076069d7c7851,nccl-tests,all_gather,float,none,-1,262144,32768,in_place,20,50,1,full,31.18,8.41,4.2,0,True,True,True,0,/root/nccl-tests/build/all_gather_perf -b 8 -e 128M -f 2 -g 2 -w 20 -n 50 -c 1 -d float,results/raw/p1-nccl-baseline-20260826T181721Z-16cea6a/all_gather.full.r1.stdout.txt,,"[{""index"":0,""memory_total_mib"":23034,""name"":""NVIDIA L4"",""pci_bus_id"":""00000000:03:00.0""},{""index"":1,""memory_total_mib"":23034,""name"":""NVIDIA L4"",""pci_bus_id"":""00000000:C3:00.0""}]","""\t\u001b[4mGPU0\tGPU1\tNIC0\tCPU Affinity\tNUMA Affinity\tGPU NUMA ID\u001b[0m\nGPU0\t X \tNODE\tNODE\t0-47\t0\t\tN/A\nGPU1\tNODE\t X \tNODE\t0-47\t0\t\tN/A\nNIC0\tNODE\tNODE\t X \t\t\t\t\n\nLegend:\n\n  X    = Self\n  SYS  = Connection traversing PCIe as well as the SMP interconnect between NUMA nodes (e.g., QPI/UPI)\n  NODE = Connection traversing PCIe as well as the interconnect between PCIe Host Bridges within a NUMA node\n  PHB  = Connection traversing PCIe as well as a PCIe Host Bridge (typically the CPU)\n  PXB  = Connection traversing multiple PCIe bridges (without traversing the PCIe Host Bridge)\n  PIX  = Connection traversing at most a single PCIe bridge\n  NV#  = Connection traversing a bonded set of # NVLinks\n\nNIC Legend:\n\n  NIC0: mlx5_bond_0""","{""CUDA_HOME"":""/usr/local/cuda"",""NCCL_TESTS_DIR"":""/root/nccl-tests""}"
1,p1-nccl-baseline-20260826T181721Z-16cea6a,phase1,2026-08-26T18:17:45Z,measured,16cea6aed21d649453b65981c72d4b8ea7e32605,False,unknown,,5c44f3e9a47e,Ubuntu 24.04.3 LTS,6.8.0-106-generic,AMD EPYC 9254 24-Core Processor,48,1,NVIDIA L4,2,NODE,none-single-node,False,,12.8,580.126.20,2.25.1+cuda12.8,NCCL_DEBUG=VERSION banner,,gcc (Ubuntu 13.3.0-6ubuntu2~24.04) 13.3.0,717b68318278e93f371d8ffb46b076069d7c7851,nccl-tests,all_gather,float,none,-1,524288,65536,out_of_place,20,50,1,full,43.95,11.93,5.96,0,True,True,True,0,/root/nccl-tests/build/all_gather_perf -b 8 -e 128M -f 2 -g 2 -w 20 -n 50 -c 1 -d float,results/raw/p1-nccl-baseline-20260826T181721Z-16cea6a/all_gather.full.r1.stdout.txt,,"[{""index"":0,""memory_total_mib"":23034,""name"":""NVIDIA L4"",""pci_bus_id"":""00000000:03:00.0""},{""index"":1,""memory_total_mib"":23034,""name"":""NVIDIA L4"",""pci_bus_id"":""00000000:C3:00.0""}]","""\t\u001b[4mGPU0\tGPU1\tNIC0\tCPU Affinity\tNUMA Affinity\tGPU NUMA ID\u001b[0m\nGPU0\t X \tNODE\tNODE\t0-47\t0\t\tN/A\nGPU1\tNODE\t X \tNODE\t0-47\t0\t\tN/A\nNIC0\tNODE\tNODE\t X \t\t\t\t\n\nLegend:\n\n  X    = Self\n  SYS  = Connection traversing PCIe as well as the SMP interconnect between NUMA nodes (e.g., QPI/UPI)\n  NODE = Connection traversing PCIe as well as the interconnect between PCIe Host Bridges within a NUMA node\n  PHB  = Connection traversing PCIe as well as a PCIe Host Bridge (typically the CPU)\n  PXB  = Connection traversing multiple PCIe bridges (without traversing the PCIe Host Bridge)\n  PIX  = Connection traversing at most a single PCIe bridge\n  NV#  = Connection traversing a bonded set of # NVLinks\n\nNIC Legend:\n\n  NIC0: mlx5_bond_0""","{""CUDA_HOME"":""/usr/local/cuda"",""NCCL_TESTS_DIR"":""/root/nccl-tests""}"
1,p1-nccl-baseline-20260826T181721Z-16cea6a,phase1,2026-08-26T18:17:45Z,measured,16cea6aed21d649453b65981c72d4b8ea7e32605,False,unknown,,5c44f3e9a47e,Ubuntu 24.04.3 LTS,6.8.0-106-generic,AMD EPYC 9254 24-Core Processor,48,1,NVIDIA L4,2,NODE,none-single-node,False,,12.8,580.126.20,2.25.1+cuda12.8,NCCL_DEBUG=VERSION banner,,gcc (Ubuntu 13.3.0-6ubuntu2~24.04) 13.3.0,717b68318278e93f371d8ffb46b076069d7c7851,nccl-tests,all_gather,float,none,-1,524288,65536,in_place,20,50,1,full,43.41,12.08,6.04,0,True,True,True,0,/root/nccl-tests/build/all_gather_perf -b 8 -e 128M -f 2 -g 2 -w 20 -n 50 -c 1 -d float,results/raw/p1-nccl-baseline-20260826T181721Z-16cea6a/all_gather.full.r1.stdout.txt,,"[{""index"":0,""memory_total_mib"":23034,""name"":""NVIDIA L4"",""pci_bus_id"":""00000000:03:00.0""},{""index"":1,""memory_total_mib"":23034,""name"":""NVIDIA L4"",""pci_bus_id"":""00000000:C3:00.0""}]","""\t\u001b[4mGPU0\tGPU1\tNIC0\tCPU Affinity\tNUMA Affinity\tGPU NUMA ID\u001b[0m\nGPU0\t X \tNODE\tNODE\t0-47\t0\t\tN/A\nGPU1\tNODE\t X \tNODE\t0-47\t0\t\tN/A\nNIC0\tNODE\tNODE\t X \t\t\t\t\n\nLegend:\n\n  X    = Self\n  SYS  = Connection traversing PCIe as well as the SMP interconnect between NUMA nodes (e.g., QPI/UPI)\n  NODE = Connection traversing PCIe as well as the interconnect between PCIe Host Bridges within a NUMA node\n  PHB  = Connection traversing PCIe as well as a PCIe Host Bridge (typically the CPU)\n  PXB  = Connection traversing multiple PCIe bridges (without traversing the PCIe Host Bridge)\n  PIX  = Connection traversing at most a single PCIe bridge\n  NV#  = Connection traversing a bonded set of # NVLinks\n\nNIC Legend:\n\n  NIC0: mlx5_bond_0""","{""CUDA_HOME"":""/usr/local/cuda"",""NCCL_TESTS_DIR"":""/root/nccl-tests""}"
1,p1-nccl-baseline-20260826T181721Z-16cea6a,phase1,2026-08-26T18:17:45Z,measured,16cea6aed21d649453b65981c72d4b8ea7e32605,False,unknown,,5c44f3e9a47e,Ubuntu 24.04.3 LTS,6.8.0-106-generic,AMD EPYC 9254 24-Core Processor,48,1,NVIDIA L4,2,NODE,none-single-node,False,,12.8,580.126.20,2.25.1+cuda12.8,NCCL_DEBUG=VERSION banner,,gcc (Ubuntu 13.3.0-6ubuntu2~24.04) 13.3.0,717b68318278e93f371d8ffb46b076069d7c7851,nccl-tests,all_gather,float,none,-1,1048576,131072,out_of_place,20,50,1,full,65.93,15.9,7.95,0,True,True,True,0,/root/nccl-tests/build/all_gather_perf -b 8 -e 128M -f 2 -g 2 -w 20 -n 50 -c 1 -d float,results/raw/p1-nccl-baseline-20260826T181721Z-16cea6a/all_gather.full.r1.stdout.txt,,"[{""index"":0,""memory_total_mib"":23034,""name"":""NVIDIA L4"",""pci_bus_id"":""00000000:03:00.0""},{""index"":1,""memory_total_mib"":23034,""name"":""NVIDIA L4"",""pci_bus_id"":""00000000:C3:00.0""}]","""\t\u001b[4mGPU0\tGPU1\tNIC0\tCPU Affinity\tNUMA Affinity\tGPU NUMA ID\u001b[0m\nGPU0\t X \tNODE\tNODE\t0-47\t0\t\tN/A\nGPU1\tNODE\t X \tNODE\t0-47\t0\t\tN/A\nNIC0\tNODE\tNODE\t X \t\t\t\t\n\nLegend:\n\n  X    = Self\n  SYS  = Connection traversing PCIe as well as the SMP interconnect between NUMA nodes (e.g., QPI/UPI)\n  NODE = Connection traversing PCIe as well as the interconnect between PCIe Host Bridges within a NUMA node\n  PHB  = Connection traversing PCIe as well as a PCIe Host Bridge (typically the CPU)\n  PXB  = Connection traversing multiple PCIe bridges (without traversing the PCIe Host Bridge)\n  PIX  = Connection traversing at most a single PCIe bridge\n  NV#  = Connection traversing a bonded set of # NVLinks\n\nNIC Legend:\n\n  NIC0: mlx5_bond_0""","{""CUDA_HOME"":""/usr/local/cuda"",""NCCL_TESTS_DIR"":""/root/nccl-tests""}"
1,p1-nccl-baseline-20260826T181721Z-16cea6a,phase1,2026-08-26T18:17:45Z,measured,16cea6aed21d649453b65981c72d4b8ea7e32605,False,unknown,,5c44f3e9a47e,Ubuntu 24.04.3 LTS,6.8.0-106-generic,AMD EPYC 9254 24-Core Processor,48,1,NVIDIA L4,2,NODE,none-single-node,False,,12.8,580.126.20,2.25.1+cuda12.8,NCCL_DEBUG=VERSION banner,,gcc (Ubuntu 13.3.0-6ubuntu2~24.04) 13.3.0,717b68318278e93f371d8ffb46b076069d7c7851,nccl-tests,all_gather,float,none,-1,1048576,131072,in_place,20,50,1,full,66.0,15.89,7.94,0,True,True,True,0,/root/nccl-tests/build/all_gather_perf -b 8 -e 128M -f 2 -g 2 -w 20 -n 50 -c 1 -d float,results/raw/p1-nccl-baseline-20260826T181721Z-16cea6a/all_gather.full.r1.stdout.txt,,"[{""index"":0,""memory_total_mib"":23034,""name"":""NVIDIA L4"",""pci_bus_id"":""00000000:03:00.0""},{""index"":1,""memory_total_mib"":23034,""name"":""NVIDIA L4"",""pci_bus_id"":""00000000:C3:00.0""}]","""\t\u001b[4mGPU0\tGPU1\tNIC0\tCPU Affinity\tNUMA Affinity\tGPU NUMA ID\u001b[0m\nGPU0\t X \tNODE\tNODE\t0-47\t0\t\tN/A\nGPU1\tNODE\t X \tNODE\t0-47\t0\t\tN/A\nNIC0\tNODE\tNODE\t X \t\t\t\t\n\nLegend:\n\n  X    = Self\n  SYS  = Connection traversing PCIe as well as the SMP interconnect between NUMA nodes (e.g., QPI/UPI)\n  NODE = Connection traversing PCIe as well as the interconnect between PCIe Host Bridges within a NUMA node\n  PHB  = Connection traversing PCIe as well as a PCIe Host Bridge (typically the CPU)\n  PXB  = Connection traversing multiple PCIe bridges (without traversing the PCIe Host Bridge)\n  PIX  = Connection traversing at most a single PCIe bridge\n  NV#  = Connection traversing a bonded set of # NVLinks\n\nNIC Legend:\n\n  NIC0: mlx5_bond_0""","{""CUDA_HOME"":""/usr/local/cuda"",""NCCL_TESTS_DIR"":""/root/nccl-tests""}"
1,p1-nccl-baseline-20260826T181721Z-16cea6a,phase1,2026-08-26T18:17:45Z,measured,16cea6aed21d649453b65981c72d4b8ea7e32605,False,unknown,,5c44f3e9a47e,Ubuntu 24.04.3 LTS,6.8.0-106-generic,AMD EPYC 9254 24-Core Processor,48,1,NVIDIA L4,2,NODE,none-single-node,False,,12.8,580.126.20,2.25.1+cuda12.8,NCCL_DEBUG=VERSION banner,,gcc (Ubuntu 13.3.0-6ubuntu2~24.04) 13.3.0,717b68318278e93f371d8ffb46b076069d7c7851,nccl-tests,all_gather,float,none,-1,2097152,262144,out_of_place,20,50,1,full,111.67,18.78,9.39,0,True,True,True,0,/root/nccl-tests/build/all_gather_perf -b 8 -e 128M -f 2 -g 2 -w 20 -n 50 -c 1 -d float,results/raw/p1-nccl-baseline-20260826T181721Z-16cea6a/all_gather.full.r1.stdout.txt,,"[{""index"":0,""memory_total_mib"":23034,""name"":""NVIDIA L4"",""pci_bus_id"":""00000000:03:00.0""},{""index"":1,""memory_total_mib"":23034,""name"":""NVIDIA L4"",""pci_bus_id"":""00000000:C3:00.0""}]","""\t\u001b[4mGPU0\tGPU1\tNIC0\tCPU Affinity\tNUMA Affinity\tGPU NUMA ID\u001b[0m\nGPU0\t X \tNODE\tNODE\t0-47\t0\t\tN/A\nGPU1\tNODE\t X \tNODE\t0-47\t0\t\tN/A\nNIC0\tNODE\tNODE\t X \t\t\t\t\n\nLegend:\n\n  X    = Self\n  SYS  = Connection traversing PCIe as well as the SMP interconnect between NUMA nodes (e.g., QPI/UPI)\n  NODE = Connection traversing PCIe as well as the interconnect between PCIe Host Bridges within a NUMA node\n  PHB  = Connection traversing PCIe as well as a PCIe Host Bridge (typically the CPU)\n  PXB  = Connection traversing multiple PCIe bridges (without traversing the PCIe Host Bridge)\n  PIX  = Connection traversing at most a single PCIe bridge\n  NV#  = Connection traversing a bonded set of # NVLinks\n\nNIC Legend:\n\n  NIC0: mlx5_bond_0""","{""CUDA_HOME"":""/usr/local/cuda"",""NCCL_TESTS_DIR"":""/root/nccl-tests""}"
1,p1-nccl-baseline-20260826T181721Z-16cea6a,phase1,2026-08-26T18:17:45Z,measured,16cea6aed21d649453b65981c72d4b8ea7e32605,False,unknown,,5c44f3e9a47e,Ubuntu 24.04.3 LTS,6.8.0-106-generic,AMD EPYC 9254 24-Core Processor,48,1,NVIDIA L4,2,NODE,none-single-node,False,,12.8,580.126.20,2.25.1+cuda12.8,NCCL_DEBUG=VERSION banner,,gcc (Ubuntu 13.3.0-6ubuntu2~24.04) 13.3.0,717b68318278e93f371d8ffb46b076069d7c7851,nccl-tests,all_gather,float,none,-1,2097152,262144,in_place,20,50,1,full,110.85,18.92,9.46,0,True,True,True,0,/root/nccl-tests/build/all_gather_perf -b 8 -e 128M -f 2 -g 2 -w 20 -n 50 -c 1 -d float,results/raw/p1-nccl-baseline-20260826T181721Z-16cea6a/all_gather.full.r1.stdout.txt,,"[{""index"":0,""memory_total_mib"":23034,""name"":""NVIDIA L4"",""pci_bus_id"":""00000000:03:00.0""},{""index"":1,""memory_total_mib"":23034,""name"":""NVIDIA L4"",""pci_bus_id"":""00000000:C3:00.0""}]","""\t\u001b[4mGPU0\tGPU1\tNIC0\tCPU Affinity\tNUMA Affinity\tGPU NUMA ID\u001b[0m\nGPU0\t X \tNODE\tNODE\t0-47\t0\t\tN/A\nGPU1\tNODE\t X \tNODE\t0-47\t0\t\tN/A\nNIC0\tNODE\tNODE\t X \t\t\t\t\n\nLegend:\n\n  X    = Self\n  SYS  = Connection traversing PCIe as well as the SMP interconnect between NUMA nodes (e.g., QPI/UPI)\n  NODE = Connection traversing PCIe as well as the interconnect between PCIe Host Bridges within a NUMA node\n  PHB  = Connection traversing PCIe as well as a PCIe Host Bridge (typically the CPU)\n  PXB  = Connection traversing multiple PCIe bridges (without traversing the PCIe Host Bridge)\n  PIX  = Connection traversing at most a single PCIe bridge\n  NV#  = Connection traversing a bonded set of # NVLinks\n\nNIC Legend:\n\n  NIC0: mlx5_bond_0""","{""CUDA_HOME"":""/usr/local/cuda"",""NCCL_TESTS_DIR"":""/root/nccl-tests""}"
1,p1-nccl-baseline-20260826T181721Z-16cea6a,phase1,2026-08-26T18:17:45Z,measured,16cea6aed21d649453b65981c72d4b8ea7e32605,False,unknown,,5c44f3e9a47e,Ubuntu 24.04.3 LTS,6.8.0-106-generic,AMD EPYC 9254 24-Core Processor,48,1,NVIDIA L4,2,NODE,none-single-node,False,,12.8,580.126.20,2.25.1+cuda12.8,NCCL_DEBUG=VERSION banner,,gcc (Ubuntu 13.3.0-6ubuntu2~24.04) 13.3.0,717b68318278e93f371d8ffb46b076069d7c7851,nccl-tests,all_gather,float,none,-1,4194304,524288,out_of_place,20,50,1,full,211.47,19.83,9.92,0,True,True,True,0,/root/nccl-tests/build/all_gather_perf -b 8 -e 128M -f 2 -g 2 -w 20 -n 50 -c 1 -d float,results/raw/p1-nccl-baseline-20260826T181721Z-16cea6a/all_gather.full.r1.stdout.txt,,"[{""index"":0,""memory_total_mib"":23034,""name"":""NVIDIA L4"",""pci_bus_id"":""00000000:03:00.0""},{""index"":1,""memory_total_mib"":23034,""name"":""NVIDIA L4"",""pci_bus_id"":""00000000:C3:00.0""}]","""\t\u001b[4mGPU0\tGPU1\tNIC0\tCPU Affinity\tNUMA Affinity\tGPU NUMA ID\u001b[0m\nGPU0\t X \tNODE\tNODE\t0-47\t0\t\tN/A\nGPU1\tNODE\t X \tNODE\t0-47\t0\t\tN/A\nNIC0\tNODE\tNODE\t X \t\t\t\t\n\nLegend:\n\n  X    = Self\n  SYS  = Connection traversing PCIe as well as the SMP interconnect between NUMA nodes (e.g., QPI/UPI)\n  NODE = Connection traversing PCIe as well as the interconnect between PCIe Host Bridges within a NUMA node\n  PHB  = Connection traversing PCIe as well as a PCIe Host Bridge (typically the CPU)\n  PXB  = Connection traversing multiple PCIe bridges (without traversing the PCIe Host Bridge)\n  PIX  = Connection traversing at most a single PCIe bridge\n  NV#  = Connection traversing a bonded set of # NVLinks\n\nNIC Legend:\n\n  NIC0: mlx5_bond_0""","{""CUDA_HOME"":""/usr/local/cuda"",""NCCL_TESTS_DIR"":""/root/nccl-tests""}"
1,p1-nccl-baseline-20260826T181721Z-16cea6a,phase1,2026-08-26T18:17:45Z,measured,16cea6aed21d649453b65981c72d4b8ea7e32605,False,unknown,,5c44f3e9a47e,Ubuntu 24.04.3 LTS,6.8.0-106-generic,AMD EPYC 9254 24-Core Processor,48,1,NVIDIA L4,2,NODE,none-single-node,False,,12.8,580.126.20,2.25.1+cuda12.8,NCCL_DEBUG=VERSION banner,,gcc (Ubuntu 13.3.0-6ubuntu2~24.04) 13.3.0,717b68318278e93f371d8ffb46b076069d7c7851,nccl-tests,all_gather,float,none,-1,4194304,524288,in_place,20,50,1,full,211.16,19.86,9.93,0,True,True,True,0,/root/nccl-tests/build/all_gather_perf -b 8 -e 128M -f 2 -g 2 -w 20 -n 50 -c 1 -d float,results/raw/p1-nccl-baseline-20260826T181721Z-16cea6a/all_gather.full.r1.stdout.txt,,"[{""index"":0,""memory_total_mib"":23034,""name"":""NVIDIA L4"",""pci_bus_id"":""00000000:03:00.0""},{""index"":1,""memory_total_mib"":23034,""name"":""NVIDIA L4"",""pci_bus_id"":""00000000:C3:00.0""}]","""\t\u001b[4mGPU0\tGPU1\tNIC0\tCPU Affinity\tNUMA Affinity\tGPU NUMA ID\u001b[0m\nGPU0\t X \tNODE\tNODE\t0-47\t0\t\tN/A\nGPU1\tNODE\t X \tNODE\t0-47\t0\t\tN/A\nNIC0\tNODE\tNODE\t X \t\t\t\t\n\nLegend:\n\n  X    = Self\n  SYS  = Connection traversing PCIe as well as the SMP interconnect between NUMA nodes (e.g., QPI/UPI)\n  NODE = Connection traversing PCIe as well as the interconnect between PCIe Host Bridges within a NUMA node\n  PHB  = Connection traversing PCIe as well as a PCIe Host Bridge (typically the CPU)\n  PXB  = Connection traversing multiple PCIe bridges (without traversing the PCIe Host Bridge)\n  PIX  = Connection traversing at most a single PCIe bridge\n  NV#  = Connection traversing a bonded set of # NVLinks\n\nNIC Legend:\n\n  NIC0: mlx5_bond_0""","{""CUDA_HOME"":""/usr/local/cuda"",""NCCL_TESTS_DIR"":""/root/nccl-tests""}"
1,p1-nccl-baseline-20260826T181721Z-16cea6a,phase1,2026-08-26T18:17:45Z,measured,16cea6aed21d649453b65981c72d4b8ea7e32605,False,unknown,,5c44f3e9a47e,Ubuntu 24.04.3 LTS,6.8.0-106-generic,AMD EPYC 9254 24-Core Processor,48,1,NVIDIA L4,2,NODE,none-single-node,False,,12.8,580.126.20,2.25.1+cuda12.8,NCCL_DEBUG=VERSION banner,,gcc (Ubuntu 13.3.0-6ubuntu2~24.04) 13.3.0,717b68318278e93f371d8ffb46b076069d7c7851,nccl-tests,all_gather,float,none,-1,8388608,1048576,out_of_place,20,50,1,full,414.83,20.22,10.11,0,True,True,True,0,/root/nccl-tests/build/all_gather_perf -b 8 -e 128M -f 2 -g 2 -w 20 -n 50 -c 1 -d float,results/raw/p1-nccl-baseline-20260826T181721Z-16cea6a/all_gather.full.r1.stdout.txt,,"[{""index"":0,""memory_total_mib"":23034,""name"":""NVIDIA L4"",""pci_bus_id"":""00000000:03:00.0""},{""index"":1,""memory_total_mib"":23034,""name"":""NVIDIA L4"",""pci_bus_id"":""00000000:C3:00.0""}]","""\t\u001b[4mGPU0\tGPU1\tNIC0\tCPU Affinity\tNUMA Affinity\tGPU NUMA ID\u001b[0m\nGPU0\t X \tNODE\tNODE\t0-47\t0\t\tN/A\nGPU1\tNODE\t X \tNODE\t0-47\t0\t\tN/A\nNIC0\tNODE\tNODE\t X \t\t\t\t\n\nLegend:\n\n  X    = Self\n  SYS  = Connection traversing PCIe as well as the SMP interconnect between NUMA nodes (e.g., QPI/UPI)\n  NODE = Connection traversing PCIe as well as the interconnect between PCIe Host Bridges within a NUMA node\n  PHB  = Connection traversing PCIe as well as a PCIe Host Bridge (typically the CPU)\n  PXB  = Connection traversing multiple PCIe bridges (without traversing the PCIe Host Bridge)\n  PIX  = Connection traversing at most a single PCIe bridge\n  NV#  = Connection traversing a bonded set of # NVLinks\n\nNIC Legend:\n\n  NIC0: mlx5_bond_0""","{""CUDA_HOME"":""/usr/local/cuda"",""NCCL_TESTS_DIR"":""/root/nccl-tests""}"
1,p1-nccl-baseline-20260826T181721Z-16cea6a,phase1,2026-08-26T18:17:45Z,measured,16cea6aed21d649453b65981c72d4b8ea7e32605,False,unknown,,5c44f3e9a47e,Ubuntu 24.04.3 LTS,6.8.0-106-generic,AMD EPYC 9254 24-Core Processor,48,1,NVIDIA L4,2,NODE,none-single-node,False,,12.8,580.126.20,2.25.1+cuda12.8,NCCL_DEBUG=VERSION banner,,gcc (Ubuntu 13.3.0-6ubuntu2~24.04) 13.3.0,717b68318278e93f371d8ffb46b076069d7c7851,nccl-tests,all_gather,float,none,-1,8388608,1048576,in_place,20,50,1,full,412.98,20.31,10.16,0,True,True,True,0,/root/nccl-tests/build/all_gather_perf -b 8 -e 128M -f 2 -g 2 -w 20 -n 50 -c 1 -d float,results/raw/p1-nccl-baseline-20260826T181721Z-16cea6a/all_gather.full.r1.stdout.txt,,"[{""index"":0,""memory_total_mib"":23034,""name"":""NVIDIA L4"",""pci_bus_id"":""00000000:03:00.0""},{""index"":1,""memory_total_mib"":23034,""name"":""NVIDIA L4"",""pci_bus_id"":""00000000:C3:00.0""}]","""\t\u001b[4mGPU0\tGPU1\tNIC0\tCPU Affinity\tNUMA Affinity\tGPU NUMA ID\u001b[0m\nGPU0\t X \tNODE\tNODE\t0-47\t0\t\tN/A\nGPU1\tNODE\t X \tNODE\t0-47\t0\t\tN/A\nNIC0\tNODE\tNODE\t X \t\t\t\t\n\nLegend:\n\n  X    = Self\n  SYS  = Connection traversing PCIe as well as the SMP interconnect between NUMA nodes (e.g., QPI/UPI)\n  NODE = Connection traversing PCIe as well as the interconnect between PCIe Host Bridges within a NUMA node\n  PHB  = Connection traversing PCIe as well as a PCIe Host Bridge (typically the CPU)\n  PXB  = Connection traversing multiple PCIe bridges (without traversing the PCIe Host Bridge)\n  PIX  = Connection traversing at most a single PCIe bridge\n  NV#  = Connection traversing a bonded set of # NVLinks\n\nNIC Legend:\n\n  NIC0: mlx5_bond_0""","{""CUDA_HOME"":""/usr/local/cuda"",""NCCL_TESTS_DIR"":""/root/nccl-tests""}"
1,p1-nccl-baseline-20260826T181721Z-16cea6a,phase1,2026-08-26T18:17:45Z,measured,16cea6aed21d649453b65981c72d4b8ea7e32605,False,unknown,,5c44f3e9a47e,Ubuntu 24.04.3 LTS,6.8.0-106-generic,AMD EPYC 9254 24-Core Processor,48,1,NVIDIA L4,2,NODE,none-single-node,False,,12.8,580.126.20,2.25.1+cuda12.8,NCCL_DEBUG=VERSION banner,,gcc (Ubuntu 13.3.0-6ubuntu2~24.04) 13.3.0,717b68318278e93f371d8ffb46b076069d7c7851,nccl-tests,all_gather,float,none,-1,16777216,2097152,out_of_place,20,50,1,full,819.83,20.46,10.23,0,True,True,True,0,/root/nccl-tests/build/all_gather_perf -b 8 -e 128M -f 2 -g 2 -w 20 -n 50 -c 1 -d float,results/raw/p1-nccl-baseline-20260826T181721Z-16cea6a/all_gather.full.r1.stdout.txt,,"[{""index"":0,""memory_total_mib"":23034,""name"":""NVIDIA L4"",""pci_bus_id"":""00000000:03:00.0""},{""index"":1,""memory_total_mib"":23034,""name"":""NVIDIA L4"",""pci_bus_id"":""00000000:C3:00.0""}]","""\t\u001b[4mGPU0\tGPU1\tNIC0\tCPU Affinity\tNUMA Affinity\tGPU NUMA ID\u001b[0m\nGPU0\t X \tNODE\tNODE\t0-47\t0\t\tN/A\nGPU1\tNODE\t X \tNODE\t0-47\t0\t\tN/A\nNIC0\tNODE\tNODE\t X \t\t\t\t\n\nLegend:\n\n  X    = Self\n  SYS  = Connection traversing PCIe as well as the SMP interconnect between NUMA nodes (e.g., QPI/UPI)\n  NODE = Connection traversing PCIe as well as the interconnect between PCIe Host Bridges within a NUMA node\n  PHB  = Connection traversing PCIe as well as a PCIe Host Bridge (typically the CPU)\n  PXB  = Connection traversing multiple PCIe bridges (without traversing the PCIe Host Bridge)\n  PIX  = Connection traversing at most a single PCIe bridge\n  NV#  = Connection traversing a bonded set of # NVLinks\n\nNIC Legend:\n\n  NIC0: mlx5_bond_0""","{""CUDA_HOME"":""/usr/local/cuda"",""NCCL_TESTS_DIR"":""/root/nccl-tests""}"
1,p1-nccl-baseline-20260826T181721Z-16cea6a,phase1,2026-08-26T18:17:45Z,measured,16cea6aed21d649453b65981c72d4b8ea7e32605,False,unknown,,5c44f3e9a47e,Ubuntu 24.04.3 LTS,6.8.0-106-generic,AMD EPYC 9254 24-Core Processor,48,1,NVIDIA L4,2,NODE,none-single-node,False,,12.8,580.126.20,2.25.1+cuda12.8,NCCL_DEBUG=VERSION banner,,gcc (Ubuntu 13.3.0-6ubuntu2~24.04) 13.3.0,717b68318278e93f371d8ffb46b076069d7c7851,nccl-tests,all_gather,float,none,-1,16777216,2097152,in_place,20,50,1,full,818.07,20.51,10.25,0,True,True,True,0,/root/nccl-tests/build/all_gather_perf -b 8 -e 128M -f 2 -g 2 -w 20 -n 50 -c 1 -d float,results/raw/p1-nccl-baseline-20260826T181721Z-16cea6a/all_gather.full.r1.stdout.txt,,"[{""index"":0,""memory_total_mib"":23034,""name"":""NVIDIA L4"",""pci_bus_id"":""00000000:03:00.0""},{""index"":1,""memory_total_mib"":23034,""name"":""NVIDIA L4"",""pci_bus_id"":""00000000:C3:00.0""}]","""\t\u001b[4mGPU0\tGPU1\tNIC0\tCPU Affinity\tNUMA Affinity\tGPU NUMA ID\u001b[0m\nGPU0\t X \tNODE\tNODE\t0-47\t0\t\tN/A\nGPU1\tNODE\t X \tNODE\t0-47\t0\t\tN/A\nNIC0\tNODE\tNODE\t X \t\t\t\t\n\nLegend:\n\n  X    = Self\n  SYS  = Connection traversing PCIe as well as the SMP interconnect between NUMA nodes (e.g., QPI/UPI)\n  NODE = Connection traversing PCIe as well as the interconnect between PCIe Host Bridges within a NUMA node\n  PHB  = Connection traversing PCIe as well as a PCIe Host Bridge (typically the CPU)\n  PXB  = Connection traversing multiple PCIe bridges (without traversing the PCIe Host Bridge)\n  PIX  = Connection traversing at most a single PCIe bridge\n  NV#  = Connection traversing a bonded set of # NVLinks\n\nNIC Legend:\n\n  NIC0: mlx5_bond_0""","{""CUDA_HOME"":""/usr/local/cuda"",""NCCL_TESTS_DIR"":""/root/nccl-tests""}"
1,p1-nccl-baseline-20260826T181721Z-16cea6a,phase1,2026-08-26T18:17:45Z,measured,16cea6aed21d649453b65981c72d4b8ea7e32605,False,unknown,,5c44f3e9a47e,Ubuntu 24.04.3 LTS,6.8.0-106-generic,AMD EPYC 9254 24-Core Processor,48,1,NVIDIA L4,2,NODE,none-single-node,False,,12.8,580.126.20,2.25.1+cuda12.8,NCCL_DEBUG=VERSION banner,,gcc (Ubuntu 13.3.0-6ubuntu2~24.04) 13.3.0,717b68318278e93f371d8ffb46b076069d7c7851,nccl-tests,all_gather,float,none,-1,33554432,4194304,out_of_place,20,50,1,full,1628.34,20.61,10.3,0,True,True,True,0,/root/nccl-tests/build/all_gather_perf -b 8 -e 128M -f 2 -g 2 -w 20 -n 50 -c 1 -d float,results/raw/p1-nccl-baseline-20260826T181721Z-16cea6a/all_gather.full.r1.stdout.txt,,"[{""index"":0,""memory_total_mib"":23034,""name"":""NVIDIA L4"",""pci_bus_id"":""00000000:03:00.0""},{""index"":1,""memory_total_mib"":23034,""name"":""NVIDIA L4"",""pci_bus_id"":""00000000:C3:00.0""}]","""\t\u001b[4mGPU0\tGPU1\tNIC0\tCPU Affinity\tNUMA Affinity\tGPU NUMA ID\u001b[0m\nGPU0\t X \tNODE\tNODE\t0-47\t0\t\tN/A\nGPU1\tNODE\t X \tNODE\t0-47\t0\t\tN/A\nNIC0\tNODE\tNODE\t X \t\t\t\t\n\nLegend:\n\n  X    = Self\n  SYS  = Connection traversing PCIe as well as the SMP interconnect between NUMA nodes (e.g., QPI/UPI)\n  NODE = Connection traversing PCIe as well as the interconnect between PCIe Host Bridges within a NUMA node\n  PHB  = Connection traversing PCIe as well as a PCIe Host Bridge (typically the CPU)\n  PXB  = Connection traversing multiple PCIe bridges (without traversing the PCIe Host Bridge)\n  PIX  = Connection traversing at most a single PCIe bridge\n  NV#  = Connection traversing a bonded set of # NVLinks\n\nNIC Legend:\n\n  NIC0: mlx5_bond_0""","{""CUDA_HOME"":""/usr/local/cuda"",""NCCL_TESTS_DIR"":""/root/nccl-tests""}"
1,p1-nccl-baseline-20260826T181721Z-16cea6a,phase1,2026-08-26T18:17:45Z,measured,16cea6aed21d649453b65981c72d4b8ea7e32605,False,unknown,,5c44f3e9a47e,Ubuntu 24.04.3 LTS,6.8.0-106-generic,AMD EPYC 9254 24-Core Processor,48,1,NVIDIA L4,2,NODE,none-single-node,False,,12.8,580.126.20,2.25.1+cuda12.8,NCCL_DEBUG=VERSION banner,,gcc (Ubuntu 13.3.0-6ubuntu2~24.04) 13.3.0,717b68318278e93f371d8ffb46b076069d7c7851,nccl-tests,all_gather,float,none,-1,33554432,4194304,in_place,20,50,1,full,1620.74,20.7,10.35,0,True,True,True,0,/root/nccl-tests/build/all_gather_perf -b 8 -e 128M -f 2 -g 2 -w 20 -n 50 -c 1 -d float,results/raw/p1-nccl-baseline-20260826T181721Z-16cea6a/all_gather.full.r1.stdout.txt,,"[{""index"":0,""memory_total_mib"":23034,""name"":""NVIDIA L4"",""pci_bus_id"":""00000000:03:00.0""},{""index"":1,""memory_total_mib"":23034,""name"":""NVIDIA L4"",""pci_bus_id"":""00000000:C3:00.0""}]","""\t\u001b[4mGPU0\tGPU1\tNIC0\tCPU Affinity\tNUMA Affinity\tGPU NUMA ID\u001b[0m\nGPU0\t X \tNODE\tNODE\t0-47\t0\t\tN/A\nGPU1\tNODE\t X \tNODE\t0-47\t0\t\tN/A\nNIC0\tNODE\tNODE\t X \t\t\t\t\n\nLegend:\n\n  X    = Self\n  SYS  = Connection traversing PCIe as well as the SMP interconnect between NUMA nodes (e.g., QPI/UPI)\n  NODE = Connection traversing PCIe as well as the interconnect between PCIe Host Bridges within a NUMA node\n  PHB  = Connection traversing PCIe as well as a PCIe Host Bridge (typically the CPU)\n  PXB  = Connection traversing multiple PCIe bridges (without traversing the PCIe Host Bridge)\n  PIX  = Connection traversing at most a single PCIe bridge\n  NV#  = Connection traversing a bonded set of # NVLinks\n\nNIC Legend:\n\n  NIC0: mlx5_bond_0""","{""CUDA_HOME"":""/usr/local/cuda"",""NCCL_TESTS_DIR"":""/root/nccl-tests""}"
1,p1-nccl-baseline-20260826T181721Z-16cea6a,phase1,2026-08-26T18:17:45Z,measured,16cea6aed21d649453b65981c72d4b8ea7e32605,False,unknown,,5c44f3e9a47e,Ubuntu 24.04.3 LTS,6.8.0-106-generic,AMD EPYC 9254 24-Core Processor,48,1,NVIDIA L4,2,NODE,none-single-node,False,,12.8,580.126.20,2.25.1+cuda12.8,NCCL_DEBUG=VERSION banner,,gcc (Ubuntu 13.3.0-6ubuntu2~24.04) 13.3.0,717b68318278e93f371d8ffb46b076069d7c7851,nccl-tests,all_gather,float,none,-1,67108864,8388608,out_of_place,20,50,1,full,3244.35,20.68,10.34,0,True,True,True,0,/root/nccl-tests/build/all_gather_perf -b 8 -e 128M -f 2 -g 2 -w 20 -n 50 -c 1 -d float,results/raw/p1-nccl-baseline-20260826T181721Z-16cea6a/all_gather.full.r1.stdout.txt,,"[{""index"":0,""memory_total_mib"":23034,""name"":""NVIDIA L4"",""pci_bus_id"":""00000000:03:00.0""},{""index"":1,""memory_total_mib"":23034,""name"":""NVIDIA L4"",""pci_bus_id"":""00000000:C3:00.0""}]","""\t\u001b[4mGPU0\tGPU1\tNIC0\tCPU Affinity\tNUMA Affinity\tGPU NUMA ID\u001b[0m\nGPU0\t X \tNODE\tNODE\t0-47\t0\t\tN/A\nGPU1\tNODE\t X \tNODE\t0-47\t0\t\tN/A\nNIC0\tNODE\tNODE\t X \t\t\t\t\n\nLegend:\n\n  X    = Self\n  SYS  = Connection traversing PCIe as well as the SMP interconnect between NUMA nodes (e.g., QPI/UPI)\n  NODE = Connection traversing PCIe as well as the interconnect between PCIe Host Bridges within a NUMA node\n  PHB  = Connection traversing PCIe as well as a PCIe Host Bridge (typically the CPU)\n  PXB  = Connection traversing multiple PCIe bridges (without traversing the PCIe Host Bridge)\n  PIX  = Connection traversing at most a single PCIe bridge\n  NV#  = Connection traversing a bonded set of # NVLinks\n\nNIC Legend:\n\n  NIC0: mlx5_bond_0""","{""CUDA_HOME"":""/usr/local/cuda"",""NCCL_TESTS_DIR"":""/root/nccl-tests""}"
1,p1-nccl-baseline-20260826T181721Z-16cea6a,phase1,2026-08-26T18:17:45Z,measured,16cea6aed21d649453b65981c72d4b8ea7e32605,False,unknown,,5c44f3e9a47e,Ubuntu 24.04.3 LTS,6.8.0-106-generic,AMD EPYC 9254 24-Core Processor,48,1,NVIDIA L4,2,NODE,none-single-node,False,,12.8,580.126.20,2.25.1+cuda12.8,NCCL_DEBUG=VERSION banner,,gcc (Ubuntu 13.3.0-6ubuntu2~24.04) 13.3.0,717b68318278e93f371d8ffb46b076069d7c7851,nccl-tests,all_gather,float,none,-1,67108864,8388608,in_place,20,50,1,full,3236.1,20.74,10.37,0,True,True,True,0,/root/nccl-tests/build/all_gather_perf -b 8 -e 128M -f 2 -g 2 -w 20 -n 50 -c 1 -d float,results/raw/p1-nccl-baseline-20260826T181721Z-16cea6a/all_gather.full.r1.stdout.txt,,"[{""index"":0,""memory_total_mib"":23034,""name"":""NVIDIA L4"",""pci_bus_id"":""00000000:03:00.0""},{""index"":1,""memory_total_mib"":23034,""name"":""NVIDIA L4"",""pci_bus_id"":""00000000:C3:00.0""}]","""\t\u001b[4mGPU0\tGPU1\tNIC0\tCPU Affinity\tNUMA Affinity\tGPU NUMA ID\u001b[0m\nGPU0\t X \tNODE\tNODE\t0-47\t0\t\tN/A\nGPU1\tNODE\t X \tNODE\t0-47\t0\t\tN/A\nNIC0\tNODE\tNODE\t X \t\t\t\t\n\nLegend:\n\n  X    = Self\n  SYS  = Connection traversing PCIe as well as the SMP interconnect between NUMA nodes (e.g., QPI/UPI)\n  NODE = Connection traversing PCIe as well as the interconnect between PCIe Host Bridges within a NUMA node\n  PHB  = Connection traversing PCIe as well as a PCIe Host Bridge (typically the CPU)\n  PXB  = Connection traversing multiple PCIe bridges (without traversing the PCIe Host Bridge)\n  PIX  = Connection traversing at most a single PCIe bridge\n  NV#  = Connection traversing a bonded set of # NVLinks\n\nNIC Legend:\n\n  NIC0: mlx5_bond_0""","{""CUDA_HOME"":""/usr/local/cuda"",""NCCL_TESTS_DIR"":""/root/nccl-tests""}"
1,p1-nccl-baseline-20260826T181721Z-16cea6a,phase1,2026-08-26T18:17:45Z,measured,16cea6aed21d649453b65981c72d4b8ea7e32605,False,unknown,,5c44f3e9a47e,Ubuntu 24.04.3 LTS,6.8.0-106-generic,AMD EPYC 9254 24-Core Processor,48,1,NVIDIA L4,2,NODE,none-single-node,False,,12.8,580.126.20,2.25.1+cuda12.8,NCCL_DEBUG=VERSION banner,,gcc (Ubuntu 13.3.0-6ubuntu2~24.04) 13.3.0,717b68318278e93f371d8ffb46b076069d7c7851,nccl-tests,all_gather,float,none,-1,134217728,16777216,out_of_place,20,50,1,full,6476.35,20.72,10.36,0,True,True,True,0,/root/nccl-tests/build/all_gather_perf -b 8 -e 128M -f 2 -g 2 -w 20 -n 50 -c 1 -d float,results/raw/p1-nccl-baseline-20260826T181721Z-16cea6a/all_gather.full.r1.stdout.txt,,"[{""index"":0,""memory_total_mib"":23034,""name"":""NVIDIA L4"",""pci_bus_id"":""00000000:03:00.0""},{""index"":1,""memory_total_mib"":23034,""name"":""NVIDIA L4"",""pci_bus_id"":""00000000:C3:00.0""}]","""\t\u001b[4mGPU0\tGPU1\tNIC0\tCPU Affinity\tNUMA Affinity\tGPU NUMA ID\u001b[0m\nGPU0\t X \tNODE\tNODE\t0-47\t0\t\tN/A\nGPU1\tNODE\t X \tNODE\t0-47\t0\t\tN/A\nNIC0\tNODE\tNODE\t X \t\t\t\t\n\nLegend:\n\n  X    = Self\n  SYS  = Connection traversing PCIe as well as the SMP interconnect between NUMA nodes (e.g., QPI/UPI)\n  NODE = Connection traversing PCIe as well as the interconnect between PCIe Host Bridges within a NUMA node\n  PHB  = Connection traversing PCIe as well as a PCIe Host Bridge (typically the CPU)\n  PXB  = Connection traversing multiple PCIe bridges (without traversing the PCIe Host Bridge)\n  PIX  = Connection traversing at most a single PCIe bridge\n  NV#  = Connection traversing a bonded set of # NVLinks\n\nNIC Legend:\n\n  NIC0: mlx5_bond_0""","{""CUDA_HOME"":""/usr/local/cuda"",""NCCL_TESTS_DIR"":""/root/nccl-tests""}"
1,p1-nccl-baseline-20260826T181721Z-16cea6a,phase1,2026-08-26T18:17:45Z,measured,16cea6aed21d649453b65981c72d4b8ea7e32605,False,unknown,,5c44f3e9a47e,Ubuntu 24.04.3 LTS,6.8.0-106-generic,AMD EPYC 9254 24-Core Processor,48,1,NVIDIA L4,2,NODE,none-single-node,False,,12.8,580.126.20,2.25.1+cuda12.8,NCCL_DEBUG=VERSION banner,,gcc (Ubuntu 13.3.0-6ubuntu2~24.04) 13.3.0,717b68318278e93f371d8ffb46b076069d7c7851,nccl-tests,all_gather,float,none,-1,134217728,16777216,in_place,20,50,1,full,6453.94,20.8,10.4,0,True,True,True,0,/root/nccl-tests/build/all_gather_perf -b 8 -e 128M -f 2 -g 2 -w 20 -n 50 -c 1 -d float,results/raw/p1-nccl-baseline-20260826T181721Z-16cea6a/all_gather.full.r1.stdout.txt,,"[{""index"":0,""memory_total_mib"":23034,""name"":""NVIDIA L4"",""pci_bus_id"":""00000000:03:00.0""},{""index"":1,""memory_total_mib"":23034,""name"":""NVIDIA L4"",""pci_bus_id"":""00000000:C3:00.0""}]","""\t\u001b[4mGPU0\tGPU1\tNIC0\tCPU Affinity\tNUMA Affinity\tGPU NUMA ID\u001b[0m\nGPU0\t X \tNODE\tNODE\t0-47\t0\t\tN/A\nGPU1\tNODE\t X \tNODE\t0-47\t0\t\tN/A\nNIC0\tNODE\tNODE\t X \t\t\t\t\n\nLegend:\n\n  X    = Self\n  SYS  = Connection traversing PCIe as well as the SMP interconnect between NUMA nodes (e.g., QPI/UPI)\n  NODE = Connection traversing PCIe as well as the interconnect between PCIe Host Bridges within a NUMA node\n  PHB  = Connection traversing PCIe as well as a PCIe Host Bridge (typically the CPU)\n  PXB  = Connection traversing multiple PCIe bridges (without traversing the PCIe Host Bridge)\n  PIX  = Connection traversing at most a single PCIe bridge\n  NV#  = Connection traversing a bonded set of # NVLinks\n\nNIC Legend:\n\n  NIC0: mlx5_bond_0""","{""CUDA_HOME"":""/usr/local/cuda"",""NCCL_TESTS_DIR"":""/root/nccl-tests""}"
1,p1-nccl-baseline-20260826T181721Z-16cea6a,phase1,2026-08-26T18:17:48Z,measured,16cea6aed21d649453b65981c72d4b8ea7e32605,False,unknown,,5c44f3e9a47e,Ubuntu 24.04.3 LTS,6.8.0-106-generic,AMD EPYC 9254 24-Core Processor,48,1,NVIDIA L4,2,NODE,none-single-node,False,,12.8,580.126.20,2.25.1+cuda12.8,NCCL_DEBUG=VERSION banner,,gcc (Ubuntu 13.3.0-6ubuntu2~24.04) 13.3.0,717b68318278e93f371d8ffb46b076069d7c7851,nccl-tests,reduce_scatter,float,sum,-1,0,0,out_of_place,20,50,1,full,0.16,0.0,0.0,0,True,True,,0,/root/nccl-tests/build/reduce_scatter_perf -b 8 -e 128M -f 2 -g 2 -w 20 -n 50 -c 1 -d float,results/raw/p1-nccl-baseline-20260826T181721Z-16cea6a/reduce_scatter.full.r1.stdout.txt,,"[{""index"":0,""memory_total_mib"":23034,""name"":""NVIDIA L4"",""pci_bus_id"":""00000000:03:00.0""},{""index"":1,""memory_total_mib"":23034,""name"":""NVIDIA L4"",""pci_bus_id"":""00000000:C3:00.0""}]","""\t\u001b[4mGPU0\tGPU1\tNIC0\tCPU Affinity\tNUMA Affinity\tGPU NUMA ID\u001b[0m\nGPU0\t X \tNODE\tNODE\t0-47\t0\t\tN/A\nGPU1\tNODE\t X \tNODE\t0-47\t0\t\tN/A\nNIC0\tNODE\tNODE\t X \t\t\t\t\n\nLegend:\n\n  X    = Self\n  SYS  = Connection traversing PCIe as well as the SMP interconnect between NUMA nodes (e.g., QPI/UPI)\n  NODE = Connection traversing PCIe as well as the interconnect between PCIe Host Bridges within a NUMA node\n  PHB  = Connection traversing PCIe as well as a PCIe Host Bridge (typically the CPU)\n  PXB  = Connection traversing multiple PCIe bridges (without traversing the PCIe Host Bridge)\n  PIX  = Connection traversing at most a single PCIe bridge\n  NV#  = Connection traversing a bonded set of # NVLinks\n\nNIC Legend:\n\n  NIC0: mlx5_bond_0""","{""CUDA_HOME"":""/usr/local/cuda"",""NCCL_TESTS_DIR"":""/root/nccl-tests""}"
1,p1-nccl-baseline-20260826T181721Z-16cea6a,phase1,2026-08-26T18:17:48Z,measured,16cea6aed21d649453b65981c72d4b8ea7e32605,False,unknown,,5c44f3e9a47e,Ubuntu 24.04.3 LTS,6.8.0-106-generic,AMD EPYC 9254 24-Core Processor,48,1,NVIDIA L4,2,NODE,none-single-node,False,,12.8,580.126.20,2.25.1+cuda12.8,NCCL_DEBUG=VERSION banner,,gcc (Ubuntu 13.3.0-6ubuntu2~24.04) 13.3.0,717b68318278e93f371d8ffb46b076069d7c7851,nccl-tests,reduce_scatter,float,sum,-1,0,0,in_place,20,50,1,full,0.15,0.0,0.0,0,True,True,,0,/root/nccl-tests/build/reduce_scatter_perf -b 8 -e 128M -f 2 -g 2 -w 20 -n 50 -c 1 -d float,results/raw/p1-nccl-baseline-20260826T181721Z-16cea6a/reduce_scatter.full.r1.stdout.txt,,"[{""index"":0,""memory_total_mib"":23034,""name"":""NVIDIA L4"",""pci_bus_id"":""00000000:03:00.0""},{""index"":1,""memory_total_mib"":23034,""name"":""NVIDIA L4"",""pci_bus_id"":""00000000:C3:00.0""}]","""\t\u001b[4mGPU0\tGPU1\tNIC0\tCPU Affinity\tNUMA Affinity\tGPU NUMA ID\u001b[0m\nGPU0\t X \tNODE\tNODE\t0-47\t0\t\tN/A\nGPU1\tNODE\t X \tNODE\t0-47\t0\t\tN/A\nNIC0\tNODE\tNODE\t X \t\t\t\t\n\nLegend:\n\n  X    = Self\n  SYS  = Connection traversing PCIe as well as the SMP interconnect between NUMA nodes (e.g., QPI/UPI)\n  NODE = Connection traversing PCIe as well as the interconnect between PCIe Host Bridges within a NUMA node\n  PHB  = Connection traversing PCIe as well as a PCIe Host Bridge (typically the CPU)\n  PXB  = Connection traversing multiple PCIe bridges (without traversing the PCIe Host Bridge)\n  PIX  = Connection traversing at most a single PCIe bridge\n  NV#  = Connection traversing a bonded set of # NVLinks\n\nNIC Legend:\n\n  NIC0: mlx5_bond_0""","{""CUDA_HOME"":""/usr/local/cuda"",""NCCL_TESTS_DIR"":""/root/nccl-tests""}"
1,p1-nccl-baseline-20260826T181721Z-16cea6a,phase1,2026-08-26T18:17:48Z,measured,16cea6aed21d649453b65981c72d4b8ea7e32605,False,unknown,,5c44f3e9a47e,Ubuntu 24.04.3 LTS,6.8.0-106-generic,AMD EPYC 9254 24-Core Processor,48,1,NVIDIA L4,2,NODE,none-single-node,False,,12.8,580.126.20,2.25.1+cuda12.8,NCCL_DEBUG=VERSION banner,,gcc (Ubuntu 13.3.0-6ubuntu2~24.04) 13.3.0,717b68318278e93f371d8ffb46b076069d7c7851,nccl-tests,reduce_scatter,float,sum,-1,0,0,out_of_place,20,50,1,full,0.15,0.0,0.0,0,True,True,,0,/root/nccl-tests/build/reduce_scatter_perf -b 8 -e 128M -f 2 -g 2 -w 20 -n 50 -c 1 -d float,results/raw/p1-nccl-baseline-20260826T181721Z-16cea6a/reduce_scatter.full.r1.stdout.txt,,"[{""index"":0,""memory_total_mib"":23034,""name"":""NVIDIA L4"",""pci_bus_id"":""00000000:03:00.0""},{""index"":1,""memory_total_mib"":23034,""name"":""NVIDIA L4"",""pci_bus_id"":""00000000:C3:00.0""}]","""\t\u001b[4mGPU0\tGPU1\tNIC0\tCPU Affinity\tNUMA Affinity\tGPU NUMA ID\u001b[0m\nGPU0\t X \tNODE\tNODE\t0-47\t0\t\tN/A\nGPU1\tNODE\t X \tNODE\t0-47\t0\t\tN/A\nNIC0\tNODE\tNODE\t X \t\t\t\t\n\nLegend:\n\n  X    = Self\n  SYS  = Connection traversing PCIe as well as the SMP interconnect between NUMA nodes (e.g., QPI/UPI)\n  NODE = Connection traversing PCIe as well as the interconnect between PCIe Host Bridges within a NUMA node\n  PHB  = Connection traversing PCIe as well as a PCIe Host Bridge (typically the CPU)\n  PXB  = Connection traversing multiple PCIe bridges (without traversing the PCIe Host Bridge)\n  PIX  = Connection traversing at most a single PCIe bridge\n  NV#  = Connection traversing a bonded set of # NVLinks\n\nNIC Legend:\n\n  NIC0: mlx5_bond_0""","{""CUDA_HOME"":""/usr/local/cuda"",""NCCL_TESTS_DIR"":""/root/nccl-tests""}"
1,p1-nccl-baseline-20260826T181721Z-16cea6a,phase1,2026-08-26T18:17:48Z,measured,16cea6aed21d649453b65981c72d4b8ea7e32605,False,unknown,,5c44f3e9a47e,Ubuntu 24.04.3 LTS,6.8.0-106-generic,AMD EPYC 9254 24-Core Processor,48,1,NVIDIA L4,2,NODE,none-single-node,False,,12.8,580.126.20,2.25.1+cuda12.8,NCCL_DEBUG=VERSION banner,,gcc (Ubuntu 13.3.0-6ubuntu2~24.04) 13.3.0,717b68318278e93f371d8ffb46b076069d7c7851,nccl-tests,reduce_scatter,float,sum,-1,0,0,in_place,20,50,1,full,0.16,0.0,0.0,0,True,True,,0,/root/nccl-tests/build/reduce_scatter_perf -b 8 -e 128M -f 2 -g 2 -w 20 -n 50 -c 1 -d float,results/raw/p1-nccl-baseline-20260826T181721Z-16cea6a/reduce_scatter.full.r1.stdout.txt,,"[{""index"":0,""memory_total_mib"":23034,""name"":""NVIDIA L4"",""pci_bus_id"":""00000000:03:00.0""},{""index"":1,""memory_total_mib"":23034,""name"":""NVIDIA L4"",""pci_bus_id"":""00000000:C3:00.0""}]","""\t\u001b[4mGPU0\tGPU1\tNIC0\tCPU Affinity\tNUMA Affinity\tGPU NUMA ID\u001b[0m\nGPU0\t X \tNODE\tNODE\t0-47\t0\t\tN/A\nGPU1\tNODE\t X \tNODE\t0-47\t0\t\tN/A\nNIC0\tNODE\tNODE\t X \t\t\t\t\n\nLegend:\n\n  X    = Self\n  SYS  = Connection traversing PCIe as well as the SMP interconnect between NUMA nodes (e.g., QPI/UPI)\n  NODE = Connection traversing PCIe as well as the interconnect between PCIe Host Bridges within a NUMA node\n  PHB  = Connection traversing PCIe as well as a PCIe Host Bridge (typically the CPU)\n  PXB  = Connection traversing multiple PCIe bridges (without traversing the PCIe Host Bridge)\n  PIX  = Connection traversing at most a single PCIe bridge\n  NV#  = Connection traversing a bonded set of # NVLinks\n\nNIC Legend:\n\n  NIC0: mlx5_bond_0""","{""CUDA_HOME"":""/usr/local/cuda"",""NCCL_TESTS_DIR"":""/root/nccl-tests""}"
1,p1-nccl-baseline-20260826T181721Z-16cea6a,phase1,2026-08-26T18:17:48Z,measured,16cea6aed21d649453b65981c72d4b8ea7e32605,False,unknown,,5c44f3e9a47e,Ubuntu 24.04.3 LTS,6.8.0-106-generic,AMD EPYC 9254 24-Core Processor,48,1,NVIDIA L4,2,NODE,none-single-node,False,,12.8,580.126.20,2.25.1+cuda12.8,NCCL_DEBUG=VERSION banner,,gcc (Ubuntu 13.3.0-6ubuntu2~24.04) 13.3.0,717b68318278e93f371d8ffb46b076069d7c7851,nccl-tests,reduce_scatter,float,sum,-1,32,4,out_of_place,20,50,1,full,7.01,0.0,0.0,0,True,True,,0,/root/nccl-tests/build/reduce_scatter_perf -b 8 -e 128M -f 2 -g 2 -w 20 -n 50 -c 1 -d float,results/raw/p1-nccl-baseline-20260826T181721Z-16cea6a/reduce_scatter.full.r1.stdout.txt,,"[{""index"":0,""memory_total_mib"":23034,""name"":""NVIDIA L4"",""pci_bus_id"":""00000000:03:00.0""},{""index"":1,""memory_total_mib"":23034,""name"":""NVIDIA L4"",""pci_bus_id"":""00000000:C3:00.0""}]","""\t\u001b[4mGPU0\tGPU1\tNIC0\tCPU Affinity\tNUMA Affinity\tGPU NUMA ID\u001b[0m\nGPU0\t X \tNODE\tNODE\t0-47\t0\t\tN/A\nGPU1\tNODE\t X \tNODE\t0-47\t0\t\tN/A\nNIC0\tNODE\tNODE\t X \t\t\t\t\n\nLegend:\n\n  X    = Self\n  SYS  = Connection traversing PCIe as well as the SMP interconnect between NUMA nodes (e.g., QPI/UPI)\n  NODE = Connection traversing PCIe as well as the interconnect between PCIe Host Bridges within a NUMA node\n  PHB  = Connection traversing PCIe as well as a PCIe Host Bridge (typically the CPU)\n  PXB  = Connection traversing multiple PCIe bridges (without traversing the PCIe Host Bridge)\n  PIX  = Connection traversing at most a single PCIe bridge\n  NV#  = Connection traversing a bonded set of # NVLinks\n\nNIC Legend:\n\n  NIC0: mlx5_bond_0""","{""CUDA_HOME"":""/usr/local/cuda"",""NCCL_TESTS_DIR"":""/root/nccl-tests""}"
1,p1-nccl-baseline-20260826T181721Z-16cea6a,phase1,2026-08-26T18:17:48Z,measured,16cea6aed21d649453b65981c72d4b8ea7e32605,False,unknown,,5c44f3e9a47e,Ubuntu 24.04.3 LTS,6.8.0-106-generic,AMD EPYC 9254 24-Core Processor,48,1,NVIDIA L4,2,NODE,none-single-node,False,,12.8,580.126.20,2.25.1+cuda12.8,NCCL_DEBUG=VERSION banner,,gcc (Ubuntu 13.3.0-6ubuntu2~24.04) 13.3.0,717b68318278e93f371d8ffb46b076069d7c7851,nccl-tests,reduce_scatter,float,sum,-1,32,4,in_place,20,50,1,full,7.01,0.0,0.0,0,True,True,,0,/root/nccl-tests/build/reduce_scatter_perf -b 8 -e 128M -f 2 -g 2 -w 20 -n 50 -c 1 -d float,results/raw/p1-nccl-baseline-20260826T181721Z-16cea6a/reduce_scatter.full.r1.stdout.txt,,"[{""index"":0,""memory_total_mib"":23034,""name"":""NVIDIA L4"",""pci_bus_id"":""00000000:03:00.0""},{""index"":1,""memory_total_mib"":23034,""name"":""NVIDIA L4"",""pci_bus_id"":""00000000:C3:00.0""}]","""\t\u001b[4mGPU0\tGPU1\tNIC0\tCPU Affinity\tNUMA Affinity\tGPU NUMA ID\u001b[0m\nGPU0\t X \tNODE\tNODE\t0-47\t0\t\tN/A\nGPU1\tNODE\t X \tNODE\t0-47\t0\t\tN/A\nNIC0\tNODE\tNODE\t X \t\t\t\t\n\nLegend:\n\n  X    = Self\n  SYS  = Connection traversing PCIe as well as the SMP interconnect between NUMA nodes (e.g., QPI/UPI)\n  NODE = Connection traversing PCIe as well as the interconnect between PCIe Host Bridges within a NUMA node\n  PHB  = Connection traversing PCIe as well as a PCIe Host Bridge (typically the CPU)\n  PXB  = Connection traversing multiple PCIe bridges (without traversing the PCIe Host Bridge)\n  PIX  = Connection traversing at most a single PCIe bridge\n  NV#  = Connection traversing a bonded set of # NVLinks\n\nNIC Legend:\n\n  NIC0: mlx5_bond_0""","{""CUDA_HOME"":""/usr/local/cuda"",""NCCL_TESTS_DIR"":""/root/nccl-tests""}"
1,p1-nccl-baseline-20260826T181721Z-16cea6a,phase1,2026-08-26T18:17:48Z,measured,16cea6aed21d649453b65981c72d4b8ea7e32605,False,unknown,,5c44f3e9a47e,Ubuntu 24.04.3 LTS,6.8.0-106-generic,AMD EPYC 9254 24-Core Processor,48,1,NVIDIA L4,2,NODE,none-single-node,False,,12.8,580.126.20,2.25.1+cuda12.8,NCCL_DEBUG=VERSION banner,,gcc (Ubuntu 13.3.0-6ubuntu2~24.04) 13.3.0,717b68318278e93f371d8ffb46b076069d7c7851,nccl-tests,reduce_scatter,float,sum,-1,64,8,out_of_place,20,50,1,full,7.18,0.01,0.0,0,True,True,True,0,/root/nccl-tests/build/reduce_scatter_perf -b 8 -e 128M -f 2 -g 2 -w 20 -n 50 -c 1 -d float,results/raw/p1-nccl-baseline-20260826T181721Z-16cea6a/reduce_scatter.full.r1.stdout.txt,,"[{""index"":0,""memory_total_mib"":23034,""name"":""NVIDIA L4"",""pci_bus_id"":""00000000:03:00.0""},{""index"":1,""memory_total_mib"":23034,""name"":""NVIDIA L4"",""pci_bus_id"":""00000000:C3:00.0""}]","""\t\u001b[4mGPU0\tGPU1\tNIC0\tCPU Affinity\tNUMA Affinity\tGPU NUMA ID\u001b[0m\nGPU0\t X \tNODE\tNODE\t0-47\t0\t\tN/A\nGPU1\tNODE\t X \tNODE\t0-47\t0\t\tN/A\nNIC0\tNODE\tNODE\t X \t\t\t\t\n\nLegend:\n\n  X    = Self\n  SYS  = Connection traversing PCIe as well as the SMP interconnect between NUMA nodes (e.g., QPI/UPI)\n  NODE = Connection traversing PCIe as well as the interconnect between PCIe Host Bridges within a NUMA node\n  PHB  = Connection traversing PCIe as well as a PCIe Host Bridge (typically the CPU)\n  PXB  = Connection traversing multiple PCIe bridges (without traversing the PCIe Host Bridge)\n  PIX  = Connection traversing at most a single PCIe bridge\n  NV#  = Connection traversing a bonded set of # NVLinks\n\nNIC Legend:\n\n  NIC0: mlx5_bond_0""","{""CUDA_HOME"":""/usr/local/cuda"",""NCCL_TESTS_DIR"":""/root/nccl-tests""}"
1,p1-nccl-baseline-20260826T181721Z-16cea6a,phase1,2026-08-26T18:17:48Z,measured,16cea6aed21d649453b65981c72d4b8ea7e32605,False,unknown,,5c44f3e9a47e,Ubuntu 24.04.3 LTS,6.8.0-106-generic,AMD EPYC 9254 24-Core Processor,48,1,NVIDIA L4,2,NODE,none-single-node,False,,12.8,580.126.20,2.25.1+cuda12.8,NCCL_DEBUG=VERSION banner,,gcc (Ubuntu 13.3.0-6ubuntu2~24.04) 13.3.0,717b68318278e93f371d8ffb46b076069d7c7851,nccl-tests,reduce_scatter,float,sum,-1,64,8,in_place,20,50,1,full,6.99,0.01,0.0,0,True,True,True,0,/root/nccl-tests/build/reduce_scatter_perf -b 8 -e 128M -f 2 -g 2 -w 20 -n 50 -c 1 -d float,results/raw/p1-nccl-baseline-20260826T181721Z-16cea6a/reduce_scatter.full.r1.stdout.txt,,"[{""index"":0,""memory_total_mib"":23034,""name"":""NVIDIA L4"",""pci_bus_id"":""00000000:03:00.0""},{""index"":1,""memory_total_mib"":23034,""name"":""NVIDIA L4"",""pci_bus_id"":""00000000:C3:00.0""}]","""\t\u001b[4mGPU0\tGPU1\tNIC0\tCPU Affinity\tNUMA Affinity\tGPU NUMA ID\u001b[0m\nGPU0\t X \tNODE\tNODE\t0-47\t0\t\tN/A\nGPU1\tNODE\t X \tNODE\t0-47\t0\t\tN/A\nNIC0\tNODE\tNODE\t X \t\t\t\t\n\nLegend:\n\n  X    = Self\n  SYS  = Connection traversing PCIe as well as the SMP interconnect between NUMA nodes (e.g., QPI/UPI)\n  NODE = Connection traversing PCIe as well as the interconnect between PCIe Host Bridges within a NUMA node\n  PHB  = Connection traversing PCIe as well as a PCIe Host Bridge (typically the CPU)\n  PXB  = Connection traversing multiple PCIe bridges (without traversing the PCIe Host Bridge)\n  PIX  = Connection traversing at most a single PCIe bridge\n  NV#  = Connection traversing a bonded set of # NVLinks\n\nNIC Legend:\n\n  NIC0: mlx5_bond_0""","{""CUDA_HOME"":""/usr/local/cuda"",""NCCL_TESTS_DIR"":""/root/nccl-tests""}"
1,p1-nccl-baseline-20260826T181721Z-16cea6a,phase1,2026-08-26T18:17:48Z,measured,16cea6aed21d649453b65981c72d4b8ea7e32605,False,unknown,,5c44f3e9a47e,Ubuntu 24.04.3 LTS,6.8.0-106-generic,AMD EPYC 9254 24-Core Processor,48,1,NVIDIA L4,2,NODE,none-single-node,False,,12.8,580.126.20,2.25.1+cuda12.8,NCCL_DEBUG=VERSION banner,,gcc (Ubuntu 13.3.0-6ubuntu2~24.04) 13.3.0,717b68318278e93f371d8ffb46b076069d7c7851,nccl-tests,reduce_scatter,float,sum,-1,128,16,out_of_place,20,50,1,full,6.98,0.02,0.01,0,True,True,True,0,/root/nccl-tests/build/reduce_scatter_perf -b 8 -e 128M -f 2 -g 2 -w 20 -n 50 -c 1 -d float,results/raw/p1-nccl-baseline-20260826T181721Z-16cea6a/reduce_scatter.full.r1.stdout.txt,,"[{""index"":0,""memory_total_mib"":23034,""name"":""NVIDIA L4"",""pci_bus_id"":""00000000:03:00.0""},{""index"":1,""memory_total_mib"":23034,""name"":""NVIDIA L4"",""pci_bus_id"":""00000000:C3:00.0""}]","""\t\u001b[4mGPU0\tGPU1\tNIC0\tCPU Affinity\tNUMA Affinity\tGPU NUMA ID\u001b[0m\nGPU0\t X \tNODE\tNODE\t0-47\t0\t\tN/A\nGPU1\tNODE\t X \tNODE\t0-47\t0\t\tN/A\nNIC0\tNODE\tNODE\t X \t\t\t\t\n\nLegend:\n\n  X    = Self\n  SYS  = Connection traversing PCIe as well as the SMP interconnect between NUMA nodes (e.g., QPI/UPI)\n  NODE = Connection traversing PCIe as well as the interconnect between PCIe Host Bridges within a NUMA node\n  PHB  = Connection traversing PCIe as well as a PCIe Host Bridge (typically the CPU)\n  PXB  = Connection traversing multiple PCIe bridges (without traversing the PCIe Host Bridge)\n  PIX  = Connection traversing at most a single PCIe bridge\n  NV#  = Connection traversing a bonded set of # NVLinks\n\nNIC Legend:\n\n  NIC0: mlx5_bond_0""","{""CUDA_HOME"":""/usr/local/cuda"",""NCCL_TESTS_DIR"":""/root/nccl-tests""}"
1,p1-nccl-baseline-20260826T181721Z-16cea6a,phase1,2026-08-26T18:17:48Z,measured,16cea6aed21d649453b65981c72d4b8ea7e32605,False,unknown,,5c44f3e9a47e,Ubuntu 24.04.3 LTS,6.8.0-106-generic,AMD EPYC 9254 24-Core Processor,48,1,NVIDIA L4,2,NODE,none-single-node,False,,12.8,580.126.20,2.25.1+cuda12.8,NCCL_DEBUG=VERSION banner,,gcc (Ubuntu 13.3.0-6ubuntu2~24.04) 13.3.0,717b68318278e93f371d8ffb46b076069d7c7851,nccl-tests,reduce_scatter,float,sum,-1,128,16,in_place,20,50,1,full,7.13,0.02,0.01,0,True,True,True,0,/root/nccl-tests/build/reduce_scatter_perf -b 8 -e 128M -f 2 -g 2 -w 20 -n 50 -c 1 -d float,results/raw/p1-nccl-baseline-20260826T181721Z-16cea6a/reduce_scatter.full.r1.stdout.txt,,"[{""index"":0,""memory_total_mib"":23034,""name"":""NVIDIA L4"",""pci_bus_id"":""00000000:03:00.0""},{""index"":1,""memory_total_mib"":23034,""name"":""NVIDIA L4"",""pci_bus_id"":""00000000:C3:00.0""}]","""\t\u001b[4mGPU0\tGPU1\tNIC0\tCPU Affinity\tNUMA Affinity\tGPU NUMA ID\u001b[0m\nGPU0\t X \tNODE\tNODE\t0-47\t0\t\tN/A\nGPU1\tNODE\t X \tNODE\t0-47\t0\t\tN/A\nNIC0\tNODE\tNODE\t X \t\t\t\t\n\nLegend:\n\n  X    = Self\n  SYS  = Connection traversing PCIe as well as the SMP interconnect between NUMA nodes (e.g., QPI/UPI)\n  NODE = Connection traversing PCIe as well as the interconnect between PCIe Host Bridges within a NUMA node\n  PHB  = Connection traversing PCIe as well as a PCIe Host Bridge (typically the CPU)\n  PXB  = Connection traversing multiple PCIe bridges (without traversing the PCIe Host Bridge)\n  PIX  = Connection traversing at most a single PCIe bridge\n  NV#  = Connection traversing a bonded set of # NVLinks\n\nNIC Legend:\n\n  NIC0: mlx5_bond_0""","{""CUDA_HOME"":""/usr/local/cuda"",""NCCL_TESTS_DIR"":""/root/nccl-tests""}"
1,p1-nccl-baseline-20260826T181721Z-16cea6a,phase1,2026-08-26T18:17:48Z,measured,16cea6aed21d649453b65981c72d4b8ea7e32605,False,unknown,,5c44f3e9a47e,Ubuntu 24.04.3 LTS,6.8.0-106-generic,AMD EPYC 9254 24-Core Processor,48,1,NVIDIA L4,2,NODE,none-single-node,False,,12.8,580.126.20,2.25.1+cuda12.8,NCCL_DEBUG=VERSION banner,,gcc (Ubuntu 13.3.0-6ubuntu2~24.04) 13.3.0,717b68318278e93f371d8ffb46b076069d7c7851,nccl-tests,reduce_scatter,float,sum,-1,256,32,out_of_place,20,50,1,full,7.19,0.04,0.02,0,True,True,True,0,/root/nccl-tests/build/reduce_scatter_perf -b 8 -e 128M -f 2 -g 2 -w 20 -n 50 -c 1 -d float,results/raw/p1-nccl-baseline-20260826T181721Z-16cea6a/reduce_scatter.full.r1.stdout.txt,,"[{""index"":0,""memory_total_mib"":23034,""name"":""NVIDIA L4"",""pci_bus_id"":""00000000:03:00.0""},{""index"":1,""memory_total_mib"":23034,""name"":""NVIDIA L4"",""pci_bus_id"":""00000000:C3:00.0""}]","""\t\u001b[4mGPU0\tGPU1\tNIC0\tCPU Affinity\tNUMA Affinity\tGPU NUMA ID\u001b[0m\nGPU0\t X \tNODE\tNODE\t0-47\t0\t\tN/A\nGPU1\tNODE\t X \tNODE\t0-47\t0\t\tN/A\nNIC0\tNODE\tNODE\t X \t\t\t\t\n\nLegend:\n\n  X    = Self\n  SYS  = Connection traversing PCIe as well as the SMP interconnect between NUMA nodes (e.g., QPI/UPI)\n  NODE = Connection traversing PCIe as well as the interconnect between PCIe Host Bridges within a NUMA node\n  PHB  = Connection traversing PCIe as well as a PCIe Host Bridge (typically the CPU)\n  PXB  = Connection traversing multiple PCIe bridges (without traversing the PCIe Host Bridge)\n  PIX  = Connection traversing at most a single PCIe bridge\n  NV#  = Connection traversing a bonded set of # NVLinks\n\nNIC Legend:\n\n  NIC0: mlx5_bond_0""","{""CUDA_HOME"":""/usr/local/cuda"",""NCCL_TESTS_DIR"":""/root/nccl-tests""}"
1,p1-nccl-baseline-20260826T181721Z-16cea6a,phase1,2026-08-26T18:17:48Z,measured,16cea6aed21d649453b65981c72d4b8ea7e32605,False,unknown,,5c44f3e9a47e,Ubuntu 24.04.3 LTS,6.8.0-106-generic,AMD EPYC 9254 24-Core Processor,48,1,NVIDIA L4,2,NODE,none-single-node,False,,12.8,580.126.20,2.25.1+cuda12.8,NCCL_DEBUG=VERSION banner,,gcc (Ubuntu 13.3.0-6ubuntu2~24.04) 13.3.0,717b68318278e93f371d8ffb46b076069d7c7851,nccl-tests,reduce_scatter,float,sum,-1,256,32,in_place,20,50,1,full,7.07,0.04,0.02,0,True,True,True,0,/root/nccl-tests/build/reduce_scatter_perf -b 8 -e 128M -f 2 -g 2 -w 20 -n 50 -c 1 -d float,results/raw/p1-nccl-baseline-20260826T181721Z-16cea6a/reduce_scatter.full.r1.stdout.txt,,"[{""index"":0,""memory_total_mib"":23034,""name"":""NVIDIA L4"",""pci_bus_id"":""00000000:03:00.0""},{""index"":1,""memory_total_mib"":23034,""name"":""NVIDIA L4"",""pci_bus_id"":""00000000:C3:00.0""}]","""\t\u001b[4mGPU0\tGPU1\tNIC0\tCPU Affinity\tNUMA Affinity\tGPU NUMA ID\u001b[0m\nGPU0\t X \tNODE\tNODE\t0-47\t0\t\tN/A\nGPU1\tNODE\t X \tNODE\t0-47\t0\t\tN/A\nNIC0\tNODE\tNODE\t X \t\t\t\t\n\nLegend:\n\n  X    = Self\n  SYS  = Connection traversing PCIe as well as the SMP interconnect between NUMA nodes (e.g., QPI/UPI)\n  NODE = Connection traversing PCIe as well as the interconnect between PCIe Host Bridges within a NUMA node\n  PHB  = Connection traversing PCIe as well as a PCIe Host Bridge (typically the CPU)\n  PXB  = Connection traversing multiple PCIe bridges (without traversing the PCIe Host Bridge)\n  PIX  = Connection traversing at most a single PCIe bridge\n  NV#  = Connection traversing a bonded set of # NVLinks\n\nNIC Legend:\n\n  NIC0: mlx5_bond_0""","{""CUDA_HOME"":""/usr/local/cuda"",""NCCL_TESTS_DIR"":""/root/nccl-tests""}"
1,p1-nccl-baseline-20260826T181721Z-16cea6a,phase1,2026-08-26T18:17:48Z,measured,16cea6aed21d649453b65981c72d4b8ea7e32605,False,unknown,,5c44f3e9a47e,Ubuntu 24.04.3 LTS,6.8.0-106-generic,AMD EPYC 9254 24-Core Processor,48,1,NVIDIA L4,2,NODE,none-single-node,False,,12.8,580.126.20,2.25.1+cuda12.8,NCCL_DEBUG=VERSION banner,,gcc (Ubuntu 13.3.0-6ubuntu2~24.04) 13.3.0,717b68318278e93f371d8ffb46b076069d7c7851,nccl-tests,reduce_scatter,float,sum,-1,512,64,out_of_place,20,50,1,full,7.26,0.07,0.04,0,True,True,True,0,/root/nccl-tests/build/reduce_scatter_perf -b 8 -e 128M -f 2 -g 2 -w 20 -n 50 -c 1 -d float,results/raw/p1-nccl-baseline-20260826T181721Z-16cea6a/reduce_scatter.full.r1.stdout.txt,,"[{""index"":0,""memory_total_mib"":23034,""name"":""NVIDIA L4"",""pci_bus_id"":""00000000:03:00.0""},{""index"":1,""memory_total_mib"":23034,""name"":""NVIDIA L4"",""pci_bus_id"":""00000000:C3:00.0""}]","""\t\u001b[4mGPU0\tGPU1\tNIC0\tCPU Affinity\tNUMA Affinity\tGPU NUMA ID\u001b[0m\nGPU0\t X \tNODE\tNODE\t0-47\t0\t\tN/A\nGPU1\tNODE\t X \tNODE\t0-47\t0\t\tN/A\nNIC0\tNODE\tNODE\t X \t\t\t\t\n\nLegend:\n\n  X    = Self\n  SYS  = Connection traversing PCIe as well as the SMP interconnect between NUMA nodes (e.g., QPI/UPI)\n  NODE = Connection traversing PCIe as well as the interconnect between PCIe Host Bridges within a NUMA node\n  PHB  = Connection traversing PCIe as well as a PCIe Host Bridge (typically the CPU)\n  PXB  = Connection traversing multiple PCIe bridges (without traversing the PCIe Host Bridge)\n  PIX  = Connection traversing at most a single PCIe bridge\n  NV#  = Connection traversing a bonded set of # NVLinks\n\nNIC Legend:\n\n  NIC0: mlx5_bond_0""","{""CUDA_HOME"":""/usr/local/cuda"",""NCCL_TESTS_DIR"":""/root/nccl-tests""}"
1,p1-nccl-baseline-20260826T181721Z-16cea6a,phase1,2026-08-26T18:17:48Z,measured,16cea6aed21d649453b65981c72d4b8ea7e32605,False,unknown,,5c44f3e9a47e,Ubuntu 24.04.3 LTS,6.8.0-106-generic,AMD EPYC 9254 24-Core Processor,48,1,NVIDIA L4,2,NODE,none-single-node,False,,12.8,580.126.20,2.25.1+cuda12.8,NCCL_DEBUG=VERSION banner,,gcc (Ubuntu 13.3.0-6ubuntu2~24.04) 13.3.0,717b68318278e93f371d8ffb46b076069d7c7851,nccl-tests,reduce_scatter,float,sum,-1,512,64,in_place,20,50,1,full,7.15,0.07,0.04,0,True,True,True,0,/root/nccl-tests/build/reduce_scatter_perf -b 8 -e 128M -f 2 -g 2 -w 20 -n 50 -c 1 -d float,results/raw/p1-nccl-baseline-20260826T181721Z-16cea6a/reduce_scatter.full.r1.stdout.txt,,"[{""index"":0,""memory_total_mib"":23034,""name"":""NVIDIA L4"",""pci_bus_id"":""00000000:03:00.0""},{""index"":1,""memory_total_mib"":23034,""name"":""NVIDIA L4"",""pci_bus_id"":""00000000:C3:00.0""}]","""\t\u001b[4mGPU0\tGPU1\tNIC0\tCPU Affinity\tNUMA Affinity\tGPU NUMA ID\u001b[0m\nGPU0\t X \tNODE\tNODE\t0-47\t0\t\tN/A\nGPU1\tNODE\t X \tNODE\t0-47\t0\t\tN/A\nNIC0\tNODE\tNODE\t X \t\t\t\t\n\nLegend:\n\n  X    = Self\n  SYS  = Connection traversing PCIe as well as the SMP interconnect between NUMA nodes (e.g., QPI/UPI)\n  NODE = Connection traversing PCIe as well as the interconnect between PCIe Host Bridges within a NUMA node\n  PHB  = Connection traversing PCIe as well as a PCIe Host Bridge (typically the CPU)\n  PXB  = Connection traversing multiple PCIe bridges (without traversing the PCIe Host Bridge)\n  PIX  = Connection traversing at most a single PCIe bridge\n  NV#  = Connection traversing a bonded set of # NVLinks\n\nNIC Legend:\n\n  NIC0: mlx5_bond_0""","{""CUDA_HOME"":""/usr/local/cuda"",""NCCL_TESTS_DIR"":""/root/nccl-tests""}"
1,p1-nccl-baseline-20260826T181721Z-16cea6a,phase1,2026-08-26T18:17:48Z,measured,16cea6aed21d649453b65981c72d4b8ea7e32605,False,unknown,,5c44f3e9a47e,Ubuntu 24.04.3 LTS,6.8.0-106-generic,AMD EPYC 9254 24-Core Processor,48,1,NVIDIA L4,2,NODE,none-single-node,False,,12.8,580.126.20,2.25.1+cuda12.8,NCCL_DEBUG=VERSION banner,,gcc (Ubuntu 13.3.0-6ubuntu2~24.04) 13.3.0,717b68318278e93f371d8ffb46b076069d7c7851,nccl-tests,reduce_scatter,float,sum,-1,1024,128,out_of_place,20,50,1,full,6.93,0.15,0.07,0,True,True,True,0,/root/nccl-tests/build/reduce_scatter_perf -b 8 -e 128M -f 2 -g 2 -w 20 -n 50 -c 1 -d float,results/raw/p1-nccl-baseline-20260826T181721Z-16cea6a/reduce_scatter.full.r1.stdout.txt,,"[{""index"":0,""memory_total_mib"":23034,""name"":""NVIDIA L4"",""pci_bus_id"":""00000000:03:00.0""},{""index"":1,""memory_total_mib"":23034,""name"":""NVIDIA L4"",""pci_bus_id"":""00000000:C3:00.0""}]","""\t\u001b[4mGPU0\tGPU1\tNIC0\tCPU Affinity\tNUMA Affinity\tGPU NUMA ID\u001b[0m\nGPU0\t X \tNODE\tNODE\t0-47\t0\t\tN/A\nGPU1\tNODE\t X \tNODE\t0-47\t0\t\tN/A\nNIC0\tNODE\tNODE\t X \t\t\t\t\n\nLegend:\n\n  X    = Self\n  SYS  = Connection traversing PCIe as well as the SMP interconnect between NUMA nodes (e.g., QPI/UPI)\n  NODE = Connection traversing PCIe as well as the interconnect between PCIe Host Bridges within a NUMA node\n  PHB  = Connection traversing PCIe as well as a PCIe Host Bridge (typically the CPU)\n  PXB  = Connection traversing multiple PCIe bridges (without traversing the PCIe Host Bridge)\n  PIX  = Connection traversing at most a single PCIe bridge\n  NV#  = Connection traversing a bonded set of # NVLinks\n\nNIC Legend:\n\n  NIC0: mlx5_bond_0""","{""CUDA_HOME"":""/usr/local/cuda"",""NCCL_TESTS_DIR"":""/root/nccl-tests""}"
1,p1-nccl-baseline-20260826T181721Z-16cea6a,phase1,2026-08-26T18:17:48Z,measured,16cea6aed21d649453b65981c72d4b8ea7e32605,False,unknown,,5c44f3e9a47e,Ubuntu 24.04.3 LTS,6.8.0-106-generic,AMD EPYC 9254 24-Core Processor,48,1,NVIDIA L4,2,NODE,none-single-node,False,,12.8,580.126.20,2.25.1+cuda12.8,NCCL_DEBUG=VERSION banner,,gcc (Ubuntu 13.3.0-6ubuntu2~24.04) 13.3.0,717b68318278e93f371d8ffb46b076069d7c7851,nccl-tests,reduce_scatter,float,sum,-1,1024,128,in_place,20,50,1,full,6.83,0.15,0.07,0,True,True,True,0,/root/nccl-tests/build/reduce_scatter_perf -b 8 -e 128M -f 2 -g 2 -w 20 -n 50 -c 1 -d float,results/raw/p1-nccl-baseline-20260826T181721Z-16cea6a/reduce_scatter.full.r1.stdout.txt,,"[{""index"":0,""memory_total_mib"":23034,""name"":""NVIDIA L4"",""pci_bus_id"":""00000000:03:00.0""},{""index"":1,""memory_total_mib"":23034,""name"":""NVIDIA L4"",""pci_bus_id"":""00000000:C3:00.0""}]","""\t\u001b[4mGPU0\tGPU1\tNIC0\tCPU Affinity\tNUMA Affinity\tGPU NUMA ID\u001b[0m\nGPU0\t X \tNODE\tNODE\t0-47\t0\t\tN/A\nGPU1\tNODE\t X \tNODE\t0-47\t0\t\tN/A\nNIC0\tNODE\tNODE\t X \t\t\t\t\n\nLegend:\n\n  X    = Self\n  SYS  = Connection traversing PCIe as well as the SMP interconnect between NUMA nodes (e.g., QPI/UPI)\n  NODE = Connection traversing PCIe as well as the interconnect between PCIe Host Bridges within a NUMA node\n  PHB  = Connection traversing PCIe as well as a PCIe Host Bridge (typically the CPU)\n  PXB  = Connection traversing multiple PCIe bridges (without traversing the PCIe Host Bridge)\n  PIX  = Connection traversing at most a single PCIe bridge\n  NV#  = Connection traversing a bonded set of # NVLinks\n\nNIC Legend:\n\n  NIC0: mlx5_bond_0""","{""CUDA_HOME"":""/usr/local/cuda"",""NCCL_TESTS_DIR"":""/root/nccl-tests""}"
1,p1-nccl-baseline-20260826T181721Z-16cea6a,phase1,2026-08-26T18:17:48Z,measured,16cea6aed21d649453b65981c72d4b8ea7e32605,False,unknown,,5c44f3e9a47e,Ubuntu 24.04.3 LTS,6.8.0-106-generic,AMD EPYC 9254 24-Core Processor,48,1,NVIDIA L4,2,NODE,none-single-node,False,,12.8,580.126.20,2.25.1+cuda12.8,NCCL_DEBUG=VERSION banner,,gcc (Ubuntu 13.3.0-6ubuntu2~24.04) 13.3.0,717b68318278e93f371d8ffb46b076069d7c7851,nccl-tests,reduce_scatter,float,sum,-1,2048,256,out_of_place,20,50,1,full,6.82,0.3,0.15,0,True,True,True,0,/root/nccl-tests/build/reduce_scatter_perf -b 8 -e 128M -f 2 -g 2 -w 20 -n 50 -c 1 -d float,results/raw/p1-nccl-baseline-20260826T181721Z-16cea6a/reduce_scatter.full.r1.stdout.txt,,"[{""index"":0,""memory_total_mib"":23034,""name"":""NVIDIA L4"",""pci_bus_id"":""00000000:03:00.0""},{""index"":1,""memory_total_mib"":23034,""name"":""NVIDIA L4"",""pci_bus_id"":""00000000:C3:00.0""}]","""\t\u001b[4mGPU0\tGPU1\tNIC0\tCPU Affinity\tNUMA Affinity\tGPU NUMA ID\u001b[0m\nGPU0\t X \tNODE\tNODE\t0-47\t0\t\tN/A\nGPU1\tNODE\t X \tNODE\t0-47\t0\t\tN/A\nNIC0\tNODE\tNODE\t X \t\t\t\t\n\nLegend:\n\n  X    = Self\n  SYS  = Connection traversing PCIe as well as the SMP interconnect between NUMA nodes (e.g., QPI/UPI)\n  NODE = Connection traversing PCIe as well as the interconnect between PCIe Host Bridges within a NUMA node\n  PHB  = Connection traversing PCIe as well as a PCIe Host Bridge (typically the CPU)\n  PXB  = Connection traversing multiple PCIe bridges (without traversing the PCIe Host Bridge)\n  PIX  = Connection traversing at most a single PCIe bridge\n  NV#  = Connection traversing a bonded set of # NVLinks\n\nNIC Legend:\n\n  NIC0: mlx5_bond_0""","{""CUDA_HOME"":""/usr/local/cuda"",""NCCL_TESTS_DIR"":""/root/nccl-tests""}"
1,p1-nccl-baseline-20260826T181721Z-16cea6a,phase1,2026-08-26T18:17:48Z,measured,16cea6aed21d649453b65981c72d4b8ea7e32605,False,unknown,,5c44f3e9a47e,Ubuntu 24.04.3 LTS,6.8.0-106-generic,AMD EPYC 9254 24-Core Processor,48,1,NVIDIA L4,2,NODE,none-single-node,False,,12.8,580.126.20,2.25.1+cuda12.8,NCCL_DEBUG=VERSION banner,,gcc (Ubuntu 13.3.0-6ubuntu2~24.04) 13.3.0,717b68318278e93f371d8ffb46b076069d7c7851,nccl-tests,reduce_scatter,float,sum,-1,2048,256,in_place,20,50,1,full,7.2,0.28,0.14,0,True,True,True,0,/root/nccl-tests/build/reduce_scatter_perf -b 8 -e 128M -f 2 -g 2 -w 20 -n 50 -c 1 -d float,results/raw/p1-nccl-baseline-20260826T181721Z-16cea6a/reduce_scatter.full.r1.stdout.txt,,"[{""index"":0,""memory_total_mib"":23034,""name"":""NVIDIA L4"",""pci_bus_id"":""00000000:03:00.0""},{""index"":1,""memory_total_mib"":23034,""name"":""NVIDIA L4"",""pci_bus_id"":""00000000:C3:00.0""}]","""\t\u001b[4mGPU0\tGPU1\tNIC0\tCPU Affinity\tNUMA Affinity\tGPU NUMA ID\u001b[0m\nGPU0\t X \tNODE\tNODE\t0-47\t0\t\tN/A\nGPU1\tNODE\t X \tNODE\t0-47\t0\t\tN/A\nNIC0\tNODE\tNODE\t X \t\t\t\t\n\nLegend:\n\n  X    = Self\n  SYS  = Connection traversing PCIe as well as the SMP interconnect between NUMA nodes (e.g., QPI/UPI)\n  NODE = Connection traversing PCIe as well as the interconnect between PCIe Host Bridges within a NUMA node\n  PHB  = Connection traversing PCIe as well as a PCIe Host Bridge (typically the CPU)\n  PXB  = Connection traversing multiple PCIe bridges (without traversing the PCIe Host Bridge)\n  PIX  = Connection traversing at most a single PCIe bridge\n  NV#  = Connection traversing a bonded set of # NVLinks\n\nNIC Legend:\n\n  NIC0: mlx5_bond_0""","{""CUDA_HOME"":""/usr/local/cuda"",""NCCL_TESTS_DIR"":""/root/nccl-tests""}"
1,p1-nccl-baseline-20260826T181721Z-16cea6a,phase1,2026-08-26T18:17:48Z,measured,16cea6aed21d649453b65981c72d4b8ea7e32605,False,unknown,,5c44f3e9a47e,Ubuntu 24.04.3 LTS,6.8.0-106-generic,AMD EPYC 9254 24-Core Processor,48,1,NVIDIA L4,2,NODE,none-single-node,False,,12.8,580.126.20,2.25.1+cuda12.8,NCCL_DEBUG=VERSION banner,,gcc (Ubuntu 13.3.0-6ubuntu2~24.04) 13.3.0,717b68318278e93f371d8ffb46b076069d7c7851,nccl-tests,reduce_scatter,float,sum,-1,4096,512,out_of_place,20,50,1,full,6.94,0.59,0.3,0,True,True,True,0,/root/nccl-tests/build/reduce_scatter_perf -b 8 -e 128M -f 2 -g 2 -w 20 -n 50 -c 1 -d float,results/raw/p1-nccl-baseline-20260826T181721Z-16cea6a/reduce_scatter.full.r1.stdout.txt,,"[{""index"":0,""memory_total_mib"":23034,""name"":""NVIDIA L4"",""pci_bus_id"":""00000000:03:00.0""},{""index"":1,""memory_total_mib"":23034,""name"":""NVIDIA L4"",""pci_bus_id"":""00000000:C3:00.0""}]","""\t\u001b[4mGPU0\tGPU1\tNIC0\tCPU Affinity\tNUMA Affinity\tGPU NUMA ID\u001b[0m\nGPU0\t X \tNODE\tNODE\t0-47\t0\t\tN/A\nGPU1\tNODE\t X \tNODE\t0-47\t0\t\tN/A\nNIC0\tNODE\tNODE\t X \t\t\t\t\n\nLegend:\n\n  X    = Self\n  SYS  = Connection traversing PCIe as well as the SMP interconnect between NUMA nodes (e.g., QPI/UPI)\n  NODE = Connection traversing PCIe as well as the interconnect between PCIe Host Bridges within a NUMA node\n  PHB  = Connection traversing PCIe as well as a PCIe Host Bridge (typically the CPU)\n  PXB  = Connection traversing multiple PCIe bridges (without traversing the PCIe Host Bridge)\n  PIX  = Connection traversing at most a single PCIe bridge\n  NV#  = Connection traversing a bonded set of # NVLinks\n\nNIC Legend:\n\n  NIC0: mlx5_bond_0""","{""CUDA_HOME"":""/usr/local/cuda"",""NCCL_TESTS_DIR"":""/root/nccl-tests""}"
1,p1-nccl-baseline-20260826T181721Z-16cea6a,phase1,2026-08-26T18:17:48Z,measured,16cea6aed21d649453b65981c72d4b8ea7e32605,False,unknown,,5c44f3e9a47e,Ubuntu 24.04.3 LTS,6.8.0-106-generic,AMD EPYC 9254 24-Core Processor,48,1,NVIDIA L4,2,NODE,none-single-node,False,,12.8,580.126.20,2.25.1+cuda12.8,NCCL_DEBUG=VERSION banner,,gcc (Ubuntu 13.3.0-6ubuntu2~24.04) 13.3.0,717b68318278e93f371d8ffb46b076069d7c7851,nccl-tests,reduce_scatter,float,sum,-1,4096,512,in_place,20,50,1,full,8.05,0.51,0.25,0,True,True,True,0,/root/nccl-tests/build/reduce_scatter_perf -b 8 -e 128M -f 2 -g 2 -w 20 -n 50 -c 1 -d float,results/raw/p1-nccl-baseline-20260826T181721Z-16cea6a/reduce_scatter.full.r1.stdout.txt,,"[{""index"":0,""memory_total_mib"":23034,""name"":""NVIDIA L4"",""pci_bus_id"":""00000000:03:00.0""},{""index"":1,""memory_total_mib"":23034,""name"":""NVIDIA L4"",""pci_bus_id"":""00000000:C3:00.0""}]","""\t\u001b[4mGPU0\tGPU1\tNIC0\tCPU Affinity\tNUMA Affinity\tGPU NUMA ID\u001b[0m\nGPU0\t X \tNODE\tNODE\t0-47\t0\t\tN/A\nGPU1\tNODE\t X \tNODE\t0-47\t0\t\tN/A\nNIC0\tNODE\tNODE\t X \t\t\t\t\n\nLegend:\n\n  X    = Self\n  SYS  = Connection traversing PCIe as well as the SMP interconnect between NUMA nodes (e.g., QPI/UPI)\n  NODE = Connection traversing PCIe as well as the interconnect between PCIe Host Bridges within a NUMA node\n  PHB  = Connection traversing PCIe as well as a PCIe Host Bridge (typically the CPU)\n  PXB  = Connection traversing multiple PCIe bridges (without traversing the PCIe Host Bridge)\n  PIX  = Connection traversing at most a single PCIe bridge\n  NV#  = Connection traversing a bonded set of # NVLinks\n\nNIC Legend:\n\n  NIC0: mlx5_bond_0""","{""CUDA_HOME"":""/usr/local/cuda"",""NCCL_TESTS_DIR"":""/root/nccl-tests""}"
1,p1-nccl-baseline-20260826T181721Z-16cea6a,phase1,2026-08-26T18:17:48Z,measured,16cea6aed21d649453b65981c72d4b8ea7e32605,False,unknown,,5c44f3e9a47e,Ubuntu 24.04.3 LTS,6.8.0-106-generic,AMD EPYC 9254 24-Core Processor,48,1,NVIDIA L4,2,NODE,none-single-node,False,,12.8,580.126.20,2.25.1+cuda12.8,NCCL_DEBUG=VERSION banner,,gcc (Ubuntu 13.3.0-6ubuntu2~24.04) 13.3.0,717b68318278e93f371d8ffb46b076069d7c7851,nccl-tests,reduce_scatter,float,sum,-1,8192,1024,out_of_place,20,50,1,full,7.08,1.16,0.58,0,True,True,True,0,/root/nccl-tests/build/reduce_scatter_perf -b 8 -e 128M -f 2 -g 2 -w 20 -n 50 -c 1 -d float,results/raw/p1-nccl-baseline-20260826T181721Z-16cea6a/reduce_scatter.full.r1.stdout.txt,,"[{""index"":0,""memory_total_mib"":23034,""name"":""NVIDIA L4"",""pci_bus_id"":""00000000:03:00.0""},{""index"":1,""memory_total_mib"":23034,""name"":""NVIDIA L4"",""pci_bus_id"":""00000000:C3:00.0""}]","""\t\u001b[4mGPU0\tGPU1\tNIC0\tCPU Affinity\tNUMA Affinity\tGPU NUMA ID\u001b[0m\nGPU0\t X \tNODE\tNODE\t0-47\t0\t\tN/A\nGPU1\tNODE\t X \tNODE\t0-47\t0\t\tN/A\nNIC0\tNODE\tNODE\t X \t\t\t\t\n\nLegend:\n\n  X    = Self\n  SYS  = Connection traversing PCIe as well as the SMP interconnect between NUMA nodes (e.g., QPI/UPI)\n  NODE = Connection traversing PCIe as well as the interconnect between PCIe Host Bridges within a NUMA node\n  PHB  = Connection traversing PCIe as well as a PCIe Host Bridge (typically the CPU)\n  PXB  = Connection traversing multiple PCIe bridges (without traversing the PCIe Host Bridge)\n  PIX  = Connection traversing at most a single PCIe bridge\n  NV#  = Connection traversing a bonded set of # NVLinks\n\nNIC Legend:\n\n  NIC0: mlx5_bond_0""","{""CUDA_HOME"":""/usr/local/cuda"",""NCCL_TESTS_DIR"":""/root/nccl-tests""}"
1,p1-nccl-baseline-20260826T181721Z-16cea6a,phase1,2026-08-26T18:17:48Z,measured,16cea6aed21d649453b65981c72d4b8ea7e32605,False,unknown,,5c44f3e9a47e,Ubuntu 24.04.3 LTS,6.8.0-106-generic,AMD EPYC 9254 24-Core Processor,48,1,NVIDIA L4,2,NODE,none-single-node,False,,12.8,580.126.20,2.25.1+cuda12.8,NCCL_DEBUG=VERSION banner,,gcc (Ubuntu 13.3.0-6ubuntu2~24.04) 13.3.0,717b68318278e93f371d8ffb46b076069d7c7851,nccl-tests,reduce_scatter,float,sum,-1,8192,1024,in_place,20,50,1,full,7.37,1.11,0.56,0,True,True,True,0,/root/nccl-tests/build/reduce_scatter_perf -b 8 -e 128M -f 2 -g 2 -w 20 -n 50 -c 1 -d float,results/raw/p1-nccl-baseline-20260826T181721Z-16cea6a/reduce_scatter.full.r1.stdout.txt,,"[{""index"":0,""memory_total_mib"":23034,""name"":""NVIDIA L4"",""pci_bus_id"":""00000000:03:00.0""},{""index"":1,""memory_total_mib"":23034,""name"":""NVIDIA L4"",""pci_bus_id"":""00000000:C3:00.0""}]","""\t\u001b[4mGPU0\tGPU1\tNIC0\tCPU Affinity\tNUMA Affinity\tGPU NUMA ID\u001b[0m\nGPU0\t X \tNODE\tNODE\t0-47\t0\t\tN/A\nGPU1\tNODE\t X \tNODE\t0-47\t0\t\tN/A\nNIC0\tNODE\tNODE\t X \t\t\t\t\n\nLegend:\n\n  X    = Self\n  SYS  = Connection traversing PCIe as well as the SMP interconnect between NUMA nodes (e.g., QPI/UPI)\n  NODE = Connection traversing PCIe as well as the interconnect between PCIe Host Bridges within a NUMA node\n  PHB  = Connection traversing PCIe as well as a PCIe Host Bridge (typically the CPU)\n  PXB  = Connection traversing multiple PCIe bridges (without traversing the PCIe Host Bridge)\n  PIX  = Connection traversing at most a single PCIe bridge\n  NV#  = Connection traversing a bonded set of # NVLinks\n\nNIC Legend:\n\n  NIC0: mlx5_bond_0""","{""CUDA_HOME"":""/usr/local/cuda"",""NCCL_TESTS_DIR"":""/root/nccl-tests""}"
1,p1-nccl-baseline-20260826T181721Z-16cea6a,phase1,2026-08-26T18:17:48Z,measured,16cea6aed21d649453b65981c72d4b8ea7e32605,False,unknown,,5c44f3e9a47e,Ubuntu 24.04.3 LTS,6.8.0-106-generic,AMD EPYC 9254 24-Core Processor,48,1,NVIDIA L4,2,NODE,none-single-node,False,,12.8,580.126.20,2.25.1+cuda12.8,NCCL_DEBUG=VERSION banner,,gcc (Ubuntu 13.3.0-6ubuntu2~24.04) 13.3.0,717b68318278e93f371d8ffb46b076069d7c7851,nccl-tests,reduce_scatter,float,sum,-1,16384,2048,out_of_place,20,50,1,full,7.77,2.11,1.05,0,True,True,True,0,/root/nccl-tests/build/reduce_scatter_perf -b 8 -e 128M -f 2 -g 2 -w 20 -n 50 -c 1 -d float,results/raw/p1-nccl-baseline-20260826T181721Z-16cea6a/reduce_scatter.full.r1.stdout.txt,,"[{""index"":0,""memory_total_mib"":23034,""name"":""NVIDIA L4"",""pci_bus_id"":""00000000:03:00.0""},{""index"":1,""memory_total_mib"":23034,""name"":""NVIDIA L4"",""pci_bus_id"":""00000000:C3:00.0""}]","""\t\u001b[4mGPU0\tGPU1\tNIC0\tCPU Affinity\tNUMA Affinity\tGPU NUMA ID\u001b[0m\nGPU0\t X \tNODE\tNODE\t0-47\t0\t\tN/A\nGPU1\tNODE\t X \tNODE\t0-47\t0\t\tN/A\nNIC0\tNODE\tNODE\t X \t\t\t\t\n\nLegend:\n\n  X    = Self\n  SYS  = Connection traversing PCIe as well as the SMP interconnect between NUMA nodes (e.g., QPI/UPI)\n  NODE = Connection traversing PCIe as well as the interconnect between PCIe Host Bridges within a NUMA node\n  PHB  = Connection traversing PCIe as well as a PCIe Host Bridge (typically the CPU)\n  PXB  = Connection traversing multiple PCIe bridges (without traversing the PCIe Host Bridge)\n  PIX  = Connection traversing at most a single PCIe bridge\n  NV#  = Connection traversing a bonded set of # NVLinks\n\nNIC Legend:\n\n  NIC0: mlx5_bond_0""","{""CUDA_HOME"":""/usr/local/cuda"",""NCCL_TESTS_DIR"":""/root/nccl-tests""}"
1,p1-nccl-baseline-20260826T181721Z-16cea6a,phase1,2026-08-26T18:17:48Z,measured,16cea6aed21d649453b65981c72d4b8ea7e32605,False,unknown,,5c44f3e9a47e,Ubuntu 24.04.3 LTS,6.8.0-106-generic,AMD EPYC 9254 24-Core Processor,48,1,NVIDIA L4,2,NODE,none-single-node,False,,12.8,580.126.20,2.25.1+cuda12.8,NCCL_DEBUG=VERSION banner,,gcc (Ubuntu 13.3.0-6ubuntu2~24.04) 13.3.0,717b68318278e93f371d8ffb46b076069d7c7851,nccl-tests,reduce_scatter,float,sum,-1,16384,2048,in_place,20,50,1,full,7.24,2.26,1.13,0,True,True,True,0,/root/nccl-tests/build/reduce_scatter_perf -b 8 -e 128M -f 2 -g 2 -w 20 -n 50 -c 1 -d float,results/raw/p1-nccl-baseline-20260826T181721Z-16cea6a/reduce_scatter.full.r1.stdout.txt,,"[{""index"":0,""memory_total_mib"":23034,""name"":""NVIDIA L4"",""pci_bus_id"":""00000000:03:00.0""},{""index"":1,""memory_total_mib"":23034,""name"":""NVIDIA L4"",""pci_bus_id"":""00000000:C3:00.0""}]","""\t\u001b[4mGPU0\tGPU1\tNIC0\tCPU Affinity\tNUMA Affinity\tGPU NUMA ID\u001b[0m\nGPU0\t X \tNODE\tNODE\t0-47\t0\t\tN/A\nGPU1\tNODE\t X \tNODE\t0-47\t0\t\tN/A\nNIC0\tNODE\tNODE\t X \t\t\t\t\n\nLegend:\n\n  X    = Self\n  SYS  = Connection traversing PCIe as well as the SMP interconnect between NUMA nodes (e.g., QPI/UPI)\n  NODE = Connection traversing PCIe as well as the interconnect between PCIe Host Bridges within a NUMA node\n  PHB  = Connection traversing PCIe as well as a PCIe Host Bridge (typically the CPU)\n  PXB  = Connection traversing multiple PCIe bridges (without traversing the PCIe Host Bridge)\n  PIX  = Connection traversing at most a single PCIe bridge\n  NV#  = Connection traversing a bonded set of # NVLinks\n\nNIC Legend:\n\n  NIC0: mlx5_bond_0""","{""CUDA_HOME"":""/usr/local/cuda"",""NCCL_TESTS_DIR"":""/root/nccl-tests""}"
1,p1-nccl-baseline-20260826T181721Z-16cea6a,phase1,2026-08-26T18:17:48Z,measured,16cea6aed21d649453b65981c72d4b8ea7e32605,False,unknown,,5c44f3e9a47e,Ubuntu 24.04.3 LTS,6.8.0-106-generic,AMD EPYC 9254 24-Core Processor,48,1,NVIDIA L4,2,NODE,none-single-node,False,,12.8,580.126.20,2.25.1+cuda12.8,NCCL_DEBUG=VERSION banner,,gcc (Ubuntu 13.3.0-6ubuntu2~24.04) 13.3.0,717b68318278e93f371d8ffb46b076069d7c7851,nccl-tests,reduce_scatter,float,sum,-1,32768,4096,out_of_place,20,50,1,full,9.15,3.58,1.79,0,True,True,True,0,/root/nccl-tests/build/reduce_scatter_perf -b 8 -e 128M -f 2 -g 2 -w 20 -n 50 -c 1 -d float,results/raw/p1-nccl-baseline-20260826T181721Z-16cea6a/reduce_scatter.full.r1.stdout.txt,,"[{""index"":0,""memory_total_mib"":23034,""name"":""NVIDIA L4"",""pci_bus_id"":""00000000:03:00.0""},{""index"":1,""memory_total_mib"":23034,""name"":""NVIDIA L4"",""pci_bus_id"":""00000000:C3:00.0""}]","""\t\u001b[4mGPU0\tGPU1\tNIC0\tCPU Affinity\tNUMA Affinity\tGPU NUMA ID\u001b[0m\nGPU0\t X \tNODE\tNODE\t0-47\t0\t\tN/A\nGPU1\tNODE\t X \tNODE\t0-47\t0\t\tN/A\nNIC0\tNODE\tNODE\t X \t\t\t\t\n\nLegend:\n\n  X    = Self\n  SYS  = Connection traversing PCIe as well as the SMP interconnect between NUMA nodes (e.g., QPI/UPI)\n  NODE = Connection traversing PCIe as well as the interconnect between PCIe Host Bridges within a NUMA node\n  PHB  = Connection traversing PCIe as well as a PCIe Host Bridge (typically the CPU)\n  PXB  = Connection traversing multiple PCIe bridges (without traversing the PCIe Host Bridge)\n  PIX  = Connection traversing at most a single PCIe bridge\n  NV#  = Connection traversing a bonded set of # NVLinks\n\nNIC Legend:\n\n  NIC0: mlx5_bond_0""","{""CUDA_HOME"":""/usr/local/cuda"",""NCCL_TESTS_DIR"":""/root/nccl-tests""}"
1,p1-nccl-baseline-20260826T181721Z-16cea6a,phase1,2026-08-26T18:17:48Z,measured,16cea6aed21d649453b65981c72d4b8ea7e32605,False,unknown,,5c44f3e9a47e,Ubuntu 24.04.3 LTS,6.8.0-106-generic,AMD EPYC 9254 24-Core Processor,48,1,NVIDIA L4,2,NODE,none-single-node,False,,12.8,580.126.20,2.25.1+cuda12.8,NCCL_DEBUG=VERSION banner,,gcc (Ubuntu 13.3.0-6ubuntu2~24.04) 13.3.0,717b68318278e93f371d8ffb46b076069d7c7851,nccl-tests,reduce_scatter,float,sum,-1,32768,4096,in_place,20,50,1,full,9.17,3.57,1.79,0,True,True,True,0,/root/nccl-tests/build/reduce_scatter_perf -b 8 -e 128M -f 2 -g 2 -w 20 -n 50 -c 1 -d float,results/raw/p1-nccl-baseline-20260826T181721Z-16cea6a/reduce_scatter.full.r1.stdout.txt,,"[{""index"":0,""memory_total_mib"":23034,""name"":""NVIDIA L4"",""pci_bus_id"":""00000000:03:00.0""},{""index"":1,""memory_total_mib"":23034,""name"":""NVIDIA L4"",""pci_bus_id"":""00000000:C3:00.0""}]","""\t\u001b[4mGPU0\tGPU1\tNIC0\tCPU Affinity\tNUMA Affinity\tGPU NUMA ID\u001b[0m\nGPU0\t X \tNODE\tNODE\t0-47\t0\t\tN/A\nGPU1\tNODE\t X \tNODE\t0-47\t0\t\tN/A\nNIC0\tNODE\tNODE\t X \t\t\t\t\n\nLegend:\n\n  X    = Self\n  SYS  = Connection traversing PCIe as well as the SMP interconnect between NUMA nodes (e.g., QPI/UPI)\n  NODE = Connection traversing PCIe as well as the interconnect between PCIe Host Bridges within a NUMA node\n  PHB  = Connection traversing PCIe as well as a PCIe Host Bridge (typically the CPU)\n  PXB  = Connection traversing multiple PCIe bridges (without traversing the PCIe Host Bridge)\n  PIX  = Connection traversing at most a single PCIe bridge\n  NV#  = Connection traversing a bonded set of # NVLinks\n\nNIC Legend:\n\n  NIC0: mlx5_bond_0""","{""CUDA_HOME"":""/usr/local/cuda"",""NCCL_TESTS_DIR"":""/root/nccl-tests""}"
1,p1-nccl-baseline-20260826T181721Z-16cea6a,phase1,2026-08-26T18:17:48Z,measured,16cea6aed21d649453b65981c72d4b8ea7e32605,False,unknown,,5c44f3e9a47e,Ubuntu 24.04.3 LTS,6.8.0-106-generic,AMD EPYC 9254 24-Core Processor,48,1,NVIDIA L4,2,NODE,none-single-node,False,,12.8,580.126.20,2.25.1+cuda12.8,NCCL_DEBUG=VERSION banner,,gcc (Ubuntu 13.3.0-6ubuntu2~24.04) 13.3.0,717b68318278e93f371d8ffb46b076069d7c7851,nccl-tests,reduce_scatter,float,sum,-1,65536,8192,out_of_place,20,50,1,full,12.22,5.36,2.68,0,True,True,True,0,/root/nccl-tests/build/reduce_scatter_perf -b 8 -e 128M -f 2 -g 2 -w 20 -n 50 -c 1 -d float,results/raw/p1-nccl-baseline-20260826T181721Z-16cea6a/reduce_scatter.full.r1.stdout.txt,,"[{""index"":0,""memory_total_mib"":23034,""name"":""NVIDIA L4"",""pci_bus_id"":""00000000:03:00.0""},{""index"":1,""memory_total_mib"":23034,""name"":""NVIDIA L4"",""pci_bus_id"":""00000000:C3:00.0""}]","""\t\u001b[4mGPU0\tGPU1\tNIC0\tCPU Affinity\tNUMA Affinity\tGPU NUMA ID\u001b[0m\nGPU0\t X \tNODE\tNODE\t0-47\t0\t\tN/A\nGPU1\tNODE\t X \tNODE\t0-47\t0\t\tN/A\nNIC0\tNODE\tNODE\t X \t\t\t\t\n\nLegend:\n\n  X    = Self\n  SYS  = Connection traversing PCIe as well as the SMP interconnect between NUMA nodes (e.g., QPI/UPI)\n  NODE = Connection traversing PCIe as well as the interconnect between PCIe Host Bridges within a NUMA node\n  PHB  = Connection traversing PCIe as well as a PCIe Host Bridge (typically the CPU)\n  PXB  = Connection traversing multiple PCIe bridges (without traversing the PCIe Host Bridge)\n  PIX  = Connection traversing at most a single PCIe bridge\n  NV#  = Connection traversing a bonded set of # NVLinks\n\nNIC Legend:\n\n  NIC0: mlx5_bond_0""","{""CUDA_HOME"":""/usr/local/cuda"",""NCCL_TESTS_DIR"":""/root/nccl-tests""}"
1,p1-nccl-baseline-20260826T181721Z-16cea6a,phase1,2026-08-26T18:17:48Z,measured,16cea6aed21d649453b65981c72d4b8ea7e32605,False,unknown,,5c44f3e9a47e,Ubuntu 24.04.3 LTS,6.8.0-106-generic,AMD EPYC 9254 24-Core Processor,48,1,NVIDIA L4,2,NODE,none-single-node,False,,12.8,580.126.20,2.25.1+cuda12.8,NCCL_DEBUG=VERSION banner,,gcc (Ubuntu 13.3.0-6ubuntu2~24.04) 13.3.0,717b68318278e93f371d8ffb46b076069d7c7851,nccl-tests,reduce_scatter,float,sum,-1,65536,8192,in_place,20,50,1,full,12.06,5.43,2.72,0,True,True,True,0,/root/nccl-tests/build/reduce_scatter_perf -b 8 -e 128M -f 2 -g 2 -w 20 -n 50 -c 1 -d float,results/raw/p1-nccl-baseline-20260826T181721Z-16cea6a/reduce_scatter.full.r1.stdout.txt,,"[{""index"":0,""memory_total_mib"":23034,""name"":""NVIDIA L4"",""pci_bus_id"":""00000000:03:00.0""},{""index"":1,""memory_total_mib"":23034,""name"":""NVIDIA L4"",""pci_bus_id"":""00000000:C3:00.0""}]","""\t\u001b[4mGPU0\tGPU1\tNIC0\tCPU Affinity\tNUMA Affinity\tGPU NUMA ID\u001b[0m\nGPU0\t X \tNODE\tNODE\t0-47\t0\t\tN/A\nGPU1\tNODE\t X \tNODE\t0-47\t0\t\tN/A\nNIC0\tNODE\tNODE\t X \t\t\t\t\n\nLegend:\n\n  X    = Self\n  SYS  = Connection traversing PCIe as well as the SMP interconnect between NUMA nodes (e.g., QPI/UPI)\n  NODE = Connection traversing PCIe as well as the interconnect between PCIe Host Bridges within a NUMA node\n  PHB  = Connection traversing PCIe as well as a PCIe Host Bridge (typically the CPU)\n  PXB  = Connection traversing multiple PCIe bridges (without traversing the PCIe Host Bridge)\n  PIX  = Connection traversing at most a single PCIe bridge\n  NV#  = Connection traversing a bonded set of # NVLinks\n\nNIC Legend:\n\n  NIC0: mlx5_bond_0""","{""CUDA_HOME"":""/usr/local/cuda"",""NCCL_TESTS_DIR"":""/root/nccl-tests""}"
1,p1-nccl-baseline-20260826T181721Z-16cea6a,phase1,2026-08-26T18:17:48Z,measured,16cea6aed21d649453b65981c72d4b8ea7e32605,False,unknown,,5c44f3e9a47e,Ubuntu 24.04.3 LTS,6.8.0-106-generic,AMD EPYC 9254 24-Core Processor,48,1,NVIDIA L4,2,NODE,none-single-node,False,,12.8,580.126.20,2.25.1+cuda12.8,NCCL_DEBUG=VERSION banner,,gcc (Ubuntu 13.3.0-6ubuntu2~24.04) 13.3.0,717b68318278e93f371d8ffb46b076069d7c7851,nccl-tests,reduce_scatter,float,sum,-1,131072,16384,out_of_place,20,50,1,full,17.97,7.29,3.65,0,True,True,True,0,/root/nccl-tests/build/reduce_scatter_perf -b 8 -e 128M -f 2 -g 2 -w 20 -n 50 -c 1 -d float,results/raw/p1-nccl-baseline-20260826T181721Z-16cea6a/reduce_scatter.full.r1.stdout.txt,,"[{""index"":0,""memory_total_mib"":23034,""name"":""NVIDIA L4"",""pci_bus_id"":""00000000:03:00.0""},{""index"":1,""memory_total_mib"":23034,""name"":""NVIDIA L4"",""pci_bus_id"":""00000000:C3:00.0""}]","""\t\u001b[4mGPU0\tGPU1\tNIC0\tCPU Affinity\tNUMA Affinity\tGPU NUMA ID\u001b[0m\nGPU0\t X \tNODE\tNODE\t0-47\t0\t\tN/A\nGPU1\tNODE\t X \tNODE\t0-47\t0\t\tN/A\nNIC0\tNODE\tNODE\t X \t\t\t\t\n\nLegend:\n\n  X    = Self\n  SYS  = Connection traversing PCIe as well as the SMP interconnect between NUMA nodes (e.g., QPI/UPI)\n  NODE = Connection traversing PCIe as well as the interconnect between PCIe Host Bridges within a NUMA node\n  PHB  = Connection traversing PCIe as well as a PCIe Host Bridge (typically the CPU)\n  PXB  = Connection traversing multiple PCIe bridges (without traversing the PCIe Host Bridge)\n  PIX  = Connection traversing at most a single PCIe bridge\n  NV#  = Connection traversing a bonded set of # NVLinks\n\nNIC Legend:\n\n  NIC0: mlx5_bond_0""","{""CUDA_HOME"":""/usr/local/cuda"",""NCCL_TESTS_DIR"":""/root/nccl-tests""}"
1,p1-nccl-baseline-20260826T181721Z-16cea6a,phase1,2026-08-26T18:17:48Z,measured,16cea6aed21d649453b65981c72d4b8ea7e32605,False,unknown,,5c44f3e9a47e,Ubuntu 24.04.3 LTS,6.8.0-106-generic,AMD EPYC 9254 24-Core Processor,48,1,NVIDIA L4,2,NODE,none-single-node,False,,12.8,580.126.20,2.25.1+cuda12.8,NCCL_DEBUG=VERSION banner,,gcc (Ubuntu 13.3.0-6ubuntu2~24.04) 13.3.0,717b68318278e93f371d8ffb46b076069d7c7851,nccl-tests,reduce_scatter,float,sum,-1,131072,16384,in_place,20,50,1,full,17.8,7.36,3.68,0,True,True,True,0,/root/nccl-tests/build/reduce_scatter_perf -b 8 -e 128M -f 2 -g 2 -w 20 -n 50 -c 1 -d float,results/raw/p1-nccl-baseline-20260826T181721Z-16cea6a/reduce_scatter.full.r1.stdout.txt,,"[{""index"":0,""memory_total_mib"":23034,""name"":""NVIDIA L4"",""pci_bus_id"":""00000000:03:00.0""},{""index"":1,""memory_total_mib"":23034,""name"":""NVIDIA L4"",""pci_bus_id"":""00000000:C3:00.0""}]","""\t\u001b[4mGPU0\tGPU1\tNIC0\tCPU Affinity\tNUMA Affinity\tGPU NUMA ID\u001b[0m\nGPU0\t X \tNODE\tNODE\t0-47\t0\t\tN/A\nGPU1\tNODE\t X \tNODE\t0-47\t0\t\tN/A\nNIC0\tNODE\tNODE\t X \t\t\t\t\n\nLegend:\n\n  X    = Self\n  SYS  = Connection traversing PCIe as well as the SMP interconnect between NUMA nodes (e.g., QPI/UPI)\n  NODE = Connection traversing PCIe as well as the interconnect between PCIe Host Bridges within a NUMA node\n  PHB  = Connection traversing PCIe as well as a PCIe Host Bridge (typically the CPU)\n  PXB  = Connection traversing multiple PCIe bridges (without traversing the PCIe Host Bridge)\n  PIX  = Connection traversing at most a single PCIe bridge\n  NV#  = Connection traversing a bonded set of # NVLinks\n\nNIC Legend:\n\n  NIC0: mlx5_bond_0""","{""CUDA_HOME"":""/usr/local/cuda"",""NCCL_TESTS_DIR"":""/root/nccl-tests""}"
1,p1-nccl-baseline-20260826T181721Z-16cea6a,phase1,2026-08-26T18:17:48Z,measured,16cea6aed21d649453b65981c72d4b8ea7e32605,False,unknown,,5c44f3e9a47e,Ubuntu 24.04.3 LTS,6.8.0-106-generic,AMD EPYC 9254 24-Core Processor,48,1,NVIDIA L4,2,NODE,none-single-node,False,,12.8,580.126.20,2.25.1+cuda12.8,NCCL_DEBUG=VERSION banner,,gcc (Ubuntu 13.3.0-6ubuntu2~24.04) 13.3.0,717b68318278e93f371d8ffb46b076069d7c7851,nccl-tests,reduce_scatter,float,sum,-1,262144,32768,out_of_place,20,50,1,full,31.5,8.32,4.16,0,True,True,True,0,/root/nccl-tests/build/reduce_scatter_perf -b 8 -e 128M -f 2 -g 2 -w 20 -n 50 -c 1 -d float,results/raw/p1-nccl-baseline-20260826T181721Z-16cea6a/reduce_scatter.full.r1.stdout.txt,,"[{""index"":0,""memory_total_mib"":23034,""name"":""NVIDIA L4"",""pci_bus_id"":""00000000:03:00.0""},{""index"":1,""memory_total_mib"":23034,""name"":""NVIDIA L4"",""pci_bus_id"":""00000000:C3:00.0""}]","""\t\u001b[4mGPU0\tGPU1\tNIC0\tCPU Affinity\tNUMA Affinity\tGPU NUMA ID\u001b[0m\nGPU0\t X \tNODE\tNODE\t0-47\t0\t\tN/A\nGPU1\tNODE\t X \tNODE\t0-47\t0\t\tN/A\nNIC0\tNODE\tNODE\t X \t\t\t\t\n\nLegend:\n\n  X    = Self\n  SYS  = Connection traversing PCIe as well as the SMP interconnect between NUMA nodes (e.g., QPI/UPI)\n  NODE = Connection traversing PCIe as well as the interconnect between PCIe Host Bridges within a NUMA node\n  PHB  = Connection traversing PCIe as well as a PCIe Host Bridge (typically the CPU)\n  PXB  = Connection traversing multiple PCIe bridges (without traversing the PCIe Host Bridge)\n  PIX  = Connection traversing at most a single PCIe bridge\n  NV#  = Connection traversing a bonded set of # NVLinks\n\nNIC Legend:\n\n  NIC0: mlx5_bond_0""","{""CUDA_HOME"":""/usr/local/cuda"",""NCCL_TESTS_DIR"":""/root/nccl-tests""}"
1,p1-nccl-baseline-20260826T181721Z-16cea6a,phase1,2026-08-26T18:17:48Z,measured,16cea6aed21d649453b65981c72d4b8ea7e32605,False,unknown,,5c44f3e9a47e,Ubuntu 24.04.3 LTS,6.8.0-106-generic,AMD EPYC 9254 24-Core Processor,48,1,NVIDIA L4,2,NODE,none-single-node,False,,12.8,580.126.20,2.25.1+cuda12.8,NCCL_DEBUG=VERSION banner,,gcc (Ubuntu 13.3.0-6ubuntu2~24.04) 13.3.0,717b68318278e93f371d8ffb46b076069d7c7851,nccl-tests,reduce_scatter,float,sum,-1,262144,32768,in_place,20,50,1,full,31.41,8.34,4.17,0,True,True,True,0,/root/nccl-tests/build/reduce_scatter_perf -b 8 -e 128M -f 2 -g 2 -w 20 -n 50 -c 1 -d float,results/raw/p1-nccl-baseline-20260826T181721Z-16cea6a/reduce_scatter.full.r1.stdout.txt,,"[{""index"":0,""memory_total_mib"":23034,""name"":""NVIDIA L4"",""pci_bus_id"":""00000000:03:00.0""},{""index"":1,""memory_total_mib"":23034,""name"":""NVIDIA L4"",""pci_bus_id"":""00000000:C3:00.0""}]","""\t\u001b[4mGPU0\tGPU1\tNIC0\tCPU Affinity\tNUMA Affinity\tGPU NUMA ID\u001b[0m\nGPU0\t X \tNODE\tNODE\t0-47\t0\t\tN/A\nGPU1\tNODE\t X \tNODE\t0-47\t0\t\tN/A\nNIC0\tNODE\tNODE\t X \t\t\t\t\n\nLegend:\n\n  X    = Self\n  SYS  = Connection traversing PCIe as well as the SMP interconnect between NUMA nodes (e.g., QPI/UPI)\n  NODE = Connection traversing PCIe as well as the interconnect between PCIe Host Bridges within a NUMA node\n  PHB  = Connection traversing PCIe as well as a PCIe Host Bridge (typically the CPU)\n  PXB  = Connection traversing multiple PCIe bridges (without traversing the PCIe Host Bridge)\n  PIX  = Connection traversing at most a single PCIe bridge\n  NV#  = Connection traversing a bonded set of # NVLinks\n\nNIC Legend:\n\n  NIC0: mlx5_bond_0""","{""CUDA_HOME"":""/usr/local/cuda"",""NCCL_TESTS_DIR"":""/root/nccl-tests""}"
1,p1-nccl-baseline-20260826T181721Z-16cea6a,phase1,2026-08-26T18:17:48Z,measured,16cea6aed21d649453b65981c72d4b8ea7e32605,False,unknown,,5c44f3e9a47e,Ubuntu 24.04.3 LTS,6.8.0-106-generic,AMD EPYC 9254 24-Core Processor,48,1,NVIDIA L4,2,NODE,none-single-node,False,,12.8,580.126.20,2.25.1+cuda12.8,NCCL_DEBUG=VERSION banner,,gcc (Ubuntu 13.3.0-6ubuntu2~24.04) 13.3.0,717b68318278e93f371d8ffb46b076069d7c7851,nccl-tests,reduce_scatter,float,sum,-1,524288,65536,out_of_place,20,50,1,full,44.98,11.65,5.83,0,True,True,True,0,/root/nccl-tests/build/reduce_scatter_perf -b 8 -e 128M -f 2 -g 2 -w 20 -n 50 -c 1 -d float,results/raw/p1-nccl-baseline-20260826T181721Z-16cea6a/reduce_scatter.full.r1.stdout.txt,,"[{""index"":0,""memory_total_mib"":23034,""name"":""NVIDIA L4"",""pci_bus_id"":""00000000:03:00.0""},{""index"":1,""memory_total_mib"":23034,""name"":""NVIDIA L4"",""pci_bus_id"":""00000000:C3:00.0""}]","""\t\u001b[4mGPU0\tGPU1\tNIC0\tCPU Affinity\tNUMA Affinity\tGPU NUMA ID\u001b[0m\nGPU0\t X \tNODE\tNODE\t0-47\t0\t\tN/A\nGPU1\tNODE\t X \tNODE\t0-47\t0\t\tN/A\nNIC0\tNODE\tNODE\t X \t\t\t\t\n\nLegend:\n\n  X    = Self\n  SYS  = Connection traversing PCIe as well as the SMP interconnect between NUMA nodes (e.g., QPI/UPI)\n  NODE = Connection traversing PCIe as well as the interconnect between PCIe Host Bridges within a NUMA node\n  PHB  = Connection traversing PCIe as well as a PCIe Host Bridge (typically the CPU)\n  PXB  = Connection traversing multiple PCIe bridges (without traversing the PCIe Host Bridge)\n  PIX  = Connection traversing at most a single PCIe bridge\n  NV#  = Connection traversing a bonded set of # NVLinks\n\nNIC Legend:\n\n  NIC0: mlx5_bond_0""","{""CUDA_HOME"":""/usr/local/cuda"",""NCCL_TESTS_DIR"":""/root/nccl-tests""}"
1,p1-nccl-baseline-20260826T181721Z-16cea6a,phase1,2026-08-26T18:17:48Z,measured,16cea6aed21d649453b65981c72d4b8ea7e32605,False,unknown,,5c44f3e9a47e,Ubuntu 24.04.3 LTS,6.8.0-106-generic,AMD EPYC 9254 24-Core Processor,48,1,NVIDIA L4,2,NODE,none-single-node,False,,12.8,580.126.20,2.25.1+cuda12.8,NCCL_DEBUG=VERSION banner,,gcc (Ubuntu 13.3.0-6ubuntu2~24.04) 13.3.0,717b68318278e93f371d8ffb46b076069d7c7851,nccl-tests,reduce_scatter,float,sum,-1,524288,65536,in_place,20,50,1,full,44.93,11.67,5.83,0,True,True,True,0,/root/nccl-tests/build/reduce_scatter_perf -b 8 -e 128M -f 2 -g 2 -w 20 -n 50 -c 1 -d float,results/raw/p1-nccl-baseline-20260826T181721Z-16cea6a/reduce_scatter.full.r1.stdout.txt,,"[{""index"":0,""memory_total_mib"":23034,""name"":""NVIDIA L4"",""pci_bus_id"":""00000000:03:00.0""},{""index"":1,""memory_total_mib"":23034,""name"":""NVIDIA L4"",""pci_bus_id"":""00000000:C3:00.0""}]","""\t\u001b[4mGPU0\tGPU1\tNIC0\tCPU Affinity\tNUMA Affinity\tGPU NUMA ID\u001b[0m\nGPU0\t X \tNODE\tNODE\t0-47\t0\t\tN/A\nGPU1\tNODE\t X \tNODE\t0-47\t0\t\tN/A\nNIC0\tNODE\tNODE\t X \t\t\t\t\n\nLegend:\n\n  X    = Self\n  SYS  = Connection traversing PCIe as well as the SMP interconnect between NUMA nodes (e.g., QPI/UPI)\n  NODE = Connection traversing PCIe as well as the interconnect between PCIe Host Bridges within a NUMA node\n  PHB  = Connection traversing PCIe as well as a PCIe Host Bridge (typically the CPU)\n  PXB  = Connection traversing multiple PCIe bridges (without traversing the PCIe Host Bridge)\n  PIX  = Connection traversing at most a single PCIe bridge\n  NV#  = Connection traversing a bonded set of # NVLinks\n\nNIC Legend:\n\n  NIC0: mlx5_bond_0""","{""CUDA_HOME"":""/usr/local/cuda"",""NCCL_TESTS_DIR"":""/root/nccl-tests""}"
1,p1-nccl-baseline-20260826T181721Z-16cea6a,phase1,2026-08-26T18:17:48Z,measured,16cea6aed21d649453b65981c72d4b8ea7e32605,False,unknown,,5c44f3e9a47e,Ubuntu 24.04.3 LTS,6.8.0-106-generic,AMD EPYC 9254 24-Core Processor,48,1,NVIDIA L4,2,NODE,none-single-node,False,,12.8,580.126.20,2.25.1+cuda12.8,NCCL_DEBUG=VERSION banner,,gcc (Ubuntu 13.3.0-6ubuntu2~24.04) 13.3.0,717b68318278e93f371d8ffb46b076069d7c7851,nccl-tests,reduce_scatter,float,sum,-1,1048576,131072,out_of_place,20,50,1,full,69.61,15.06,7.53,0,True,True,True,0,/root/nccl-tests/build/reduce_scatter_perf -b 8 -e 128M -f 2 -g 2 -w 20 -n 50 -c 1 -d float,results/raw/p1-nccl-baseline-20260826T181721Z-16cea6a/reduce_scatter.full.r1.stdout.txt,,"[{""index"":0,""memory_total_mib"":23034,""name"":""NVIDIA L4"",""pci_bus_id"":""00000000:03:00.0""},{""index"":1,""memory_total_mib"":23034,""name"":""NVIDIA L4"",""pci_bus_id"":""00000000:C3:00.0""}]","""\t\u001b[4mGPU0\tGPU1\tNIC0\tCPU Affinity\tNUMA Affinity\tGPU NUMA ID\u001b[0m\nGPU0\t X \tNODE\tNODE\t0-47\t0\t\tN/A\nGPU1\tNODE\t X \tNODE\t0-47\t0\t\tN/A\nNIC0\tNODE\tNODE\t X \t\t\t\t\n\nLegend:\n\n  X    = Self\n  SYS  = Connection traversing PCIe as well as the SMP interconnect between NUMA nodes (e.g., QPI/UPI)\n  NODE = Connection traversing PCIe as well as the interconnect between PCIe Host Bridges within a NUMA node\n  PHB  = Connection traversing PCIe as well as a PCIe Host Bridge (typically the CPU)\n  PXB  = Connection traversing multiple PCIe bridges (without traversing the PCIe Host Bridge)\n  PIX  = Connection traversing at most a single PCIe bridge\n  NV#  = Connection traversing a bonded set of # NVLinks\n\nNIC Legend:\n\n  NIC0: mlx5_bond_0""","{""CUDA_HOME"":""/usr/local/cuda"",""NCCL_TESTS_DIR"":""/root/nccl-tests""}"
1,p1-nccl-baseline-20260826T181721Z-16cea6a,phase1,2026-08-26T18:17:48Z,measured,16cea6aed21d649453b65981c72d4b8ea7e32605,False,unknown,,5c44f3e9a47e,Ubuntu 24.04.3 LTS,6.8.0-106-generic,AMD EPYC 9254 24-Core Processor,48,1,NVIDIA L4,2,NODE,none-single-node,False,,12.8,580.126.20,2.25.1+cuda12.8,NCCL_DEBUG=VERSION banner,,gcc (Ubuntu 13.3.0-6ubuntu2~24.04) 13.3.0,717b68318278e93f371d8ffb46b076069d7c7851,nccl-tests,reduce_scatter,float,sum,-1,1048576,131072,in_place,20,50,1,full,69.76,15.03,7.52,0,True,True,True,0,/root/nccl-tests/build/reduce_scatter_perf -b 8 -e 128M -f 2 -g 2 -w 20 -n 50 -c 1 -d float,results/raw/p1-nccl-baseline-20260826T181721Z-16cea6a/reduce_scatter.full.r1.stdout.txt,,"[{""index"":0,""memory_total_mib"":23034,""name"":""NVIDIA L4"",""pci_bus_id"":""00000000:03:00.0""},{""index"":1,""memory_total_mib"":23034,""name"":""NVIDIA L4"",""pci_bus_id"":""00000000:C3:00.0""}]","""\t\u001b[4mGPU0\tGPU1\tNIC0\tCPU Affinity\tNUMA Affinity\tGPU NUMA ID\u001b[0m\nGPU0\t X \tNODE\tNODE\t0-47\t0\t\tN/A\nGPU1\tNODE\t X \tNODE\t0-47\t0\t\tN/A\nNIC0\tNODE\tNODE\t X \t\t\t\t\n\nLegend:\n\n  X    = Self\n  SYS  = Connection traversing PCIe as well as the SMP interconnect between NUMA nodes (e.g., QPI/UPI)\n  NODE = Connection traversing PCIe as well as the interconnect between PCIe Host Bridges within a NUMA node\n  PHB  = Connection traversing PCIe as well as a PCIe Host Bridge (typically the CPU)\n  PXB  = Connection traversing multiple PCIe bridges (without traversing the PCIe Host Bridge)\n  PIX  = Connection traversing at most a single PCIe bridge\n  NV#  = Connection traversing a bonded set of # NVLinks\n\nNIC Legend:\n\n  NIC0: mlx5_bond_0""","{""CUDA_HOME"":""/usr/local/cuda"",""NCCL_TESTS_DIR"":""/root/nccl-tests""}"
1,p1-nccl-baseline-20260826T181721Z-16cea6a,phase1,2026-08-26T18:17:48Z,measured,16cea6aed21d649453b65981c72d4b8ea7e32605,False,unknown,,5c44f3e9a47e,Ubuntu 24.04.3 LTS,6.8.0-106-generic,AMD EPYC 9254 24-Core Processor,48,1,NVIDIA L4,2,NODE,none-single-node,False,,12.8,580.126.20,2.25.1+cuda12.8,NCCL_DEBUG=VERSION banner,,gcc (Ubuntu 13.3.0-6ubuntu2~24.04) 13.3.0,717b68318278e93f371d8ffb46b076069d7c7851,nccl-tests,reduce_scatter,float,sum,-1,2097152,262144,out_of_place,20,50,1,full,118.07,17.76,8.88,0,True,True,True,0,/root/nccl-tests/build/reduce_scatter_perf -b 8 -e 128M -f 2 -g 2 -w 20 -n 50 -c 1 -d float,results/raw/p1-nccl-baseline-20260826T181721Z-16cea6a/reduce_scatter.full.r1.stdout.txt,,"[{""index"":0,""memory_total_mib"":23034,""name"":""NVIDIA L4"",""pci_bus_id"":""00000000:03:00.0""},{""index"":1,""memory_total_mib"":23034,""name"":""NVIDIA L4"",""pci_bus_id"":""00000000:C3:00.0""}]","""\t\u001b[4mGPU0\tGPU1\tNIC0\tCPU Affinity\tNUMA Affinity\tGPU NUMA ID\u001b[0m\nGPU0\t X \tNODE\tNODE\t0-47\t0\t\tN/A\nGPU1\tNODE\t X \tNODE\t0-47\t0\t\tN/A\nNIC0\tNODE\tNODE\t X \t\t\t\t\n\nLegend:\n\n  X    = Self\n  SYS  = Connection traversing PCIe as well as the SMP interconnect between NUMA nodes (e.g., QPI/UPI)\n  NODE = Connection traversing PCIe as well as the interconnect between PCIe Host Bridges within a NUMA node\n  PHB  = Connection traversing PCIe as well as a PCIe Host Bridge (typically the CPU)\n  PXB  = Connection traversing multiple PCIe bridges (without traversing the PCIe Host Bridge)\n  PIX  = Connection traversing at most a single PCIe bridge\n  NV#  = Connection traversing a bonded set of # NVLinks\n\nNIC Legend:\n\n  NIC0: mlx5_bond_0""","{""CUDA_HOME"":""/usr/local/cuda"",""NCCL_TESTS_DIR"":""/root/nccl-tests""}"
1,p1-nccl-baseline-20260826T181721Z-16cea6a,phase1,2026-08-26T18:17:48Z,measured,16cea6aed21d649453b65981c72d4b8ea7e32605,False,unknown,,5c44f3e9a47e,Ubuntu 24.04.3 LTS,6.8.0-106-generic,AMD EPYC 9254 24-Core Processor,48,1,NVIDIA L4,2,NODE,none-single-node,False,,12.8,580.126.20,2.25.1+cuda12.8,NCCL_DEBUG=VERSION banner,,gcc (Ubuntu 13.3.0-6ubuntu2~24.04) 13.3.0,717b68318278e93f371d8ffb46b076069d7c7851,nccl-tests,reduce_scatter,float,sum,-1,2097152,262144,in_place,20,50,1,full,117.74,17.81,8.91,0,True,True,True,0,/root/nccl-tests/build/reduce_scatter_perf -b 8 -e 128M -f 2 -g 2 -w 20 -n 50 -c 1 -d float,results/raw/p1-nccl-baseline-20260826T181721Z-16cea6a/reduce_scatter.full.r1.stdout.txt,,"[{""index"":0,""memory_total_mib"":23034,""name"":""NVIDIA L4"",""pci_bus_id"":""00000000:03:00.0""},{""index"":1,""memory_total_mib"":23034,""name"":""NVIDIA L4"",""pci_bus_id"":""00000000:C3:00.0""}]","""\t\u001b[4mGPU0\tGPU1\tNIC0\tCPU Affinity\tNUMA Affinity\tGPU NUMA ID\u001b[0m\nGPU0\t X \tNODE\tNODE\t0-47\t0\t\tN/A\nGPU1\tNODE\t X \tNODE\t0-47\t0\t\tN/A\nNIC0\tNODE\tNODE\t X \t\t\t\t\n\nLegend:\n\n  X    = Self\n  SYS  = Connection traversing PCIe as well as the SMP interconnect between NUMA nodes (e.g., QPI/UPI)\n  NODE = Connection traversing PCIe as well as the interconnect between PCIe Host Bridges within a NUMA node\n  PHB  = Connection traversing PCIe as well as a PCIe Host Bridge (typically the CPU)\n  PXB  = Connection traversing multiple PCIe bridges (without traversing the PCIe Host Bridge)\n  PIX  = Connection traversing at most a single PCIe bridge\n  NV#  = Connection traversing a bonded set of # NVLinks\n\nNIC Legend:\n\n  NIC0: mlx5_bond_0""","{""CUDA_HOME"":""/usr/local/cuda"",""NCCL_TESTS_DIR"":""/root/nccl-tests""}"
1,p1-nccl-baseline-20260826T181721Z-16cea6a,phase1,2026-08-26T18:17:48Z,measured,16cea6aed21d649453b65981c72d4b8ea7e32605,False,unknown,,5c44f3e9a47e,Ubuntu 24.04.3 LTS,6.8.0-106-generic,AMD EPYC 9254 24-Core Processor,48,1,NVIDIA L4,2,NODE,none-single-node,False,,12.8,580.126.20,2.25.1+cuda12.8,NCCL_DEBUG=VERSION banner,,gcc (Ubuntu 13.3.0-6ubuntu2~24.04) 13.3.0,717b68318278e93f371d8ffb46b076069d7c7851,nccl-tests,reduce_scatter,float,sum,-1,4194304,524288,out_of_place,20,50,1,full,225.18,18.63,9.31,0,True,True,True,0,/root/nccl-tests/build/reduce_scatter_perf -b 8 -e 128M -f 2 -g 2 -w 20 -n 50 -c 1 -d float,results/raw/p1-nccl-baseline-20260826T181721Z-16cea6a/reduce_scatter.full.r1.stdout.txt,,"[{""index"":0,""memory_total_mib"":23034,""name"":""NVIDIA L4"",""pci_bus_id"":""00000000:03:00.0""},{""index"":1,""memory_total_mib"":23034,""name"":""NVIDIA L4"",""pci_bus_id"":""00000000:C3:00.0""}]","""\t\u001b[4mGPU0\tGPU1\tNIC0\tCPU Affinity\tNUMA Affinity\tGPU NUMA ID\u001b[0m\nGPU0\t X \tNODE\tNODE\t0-47\t0\t\tN/A\nGPU1\tNODE\t X \tNODE\t0-47\t0\t\tN/A\nNIC0\tNODE\tNODE\t X \t\t\t\t\n\nLegend:\n\n  X    = Self\n  SYS  = Connection traversing PCIe as well as the SMP interconnect between NUMA nodes (e.g., QPI/UPI)\n  NODE = Connection traversing PCIe as well as the interconnect between PCIe Host Bridges within a NUMA node\n  PHB  = Connection traversing PCIe as well as a PCIe Host Bridge (typically the CPU)\n  PXB  = Connection traversing multiple PCIe bridges (without traversing the PCIe Host Bridge)\n  PIX  = Connection traversing at most a single PCIe bridge\n  NV#  = Connection traversing a bonded set of # NVLinks\n\nNIC Legend:\n\n  NIC0: mlx5_bond_0""","{""CUDA_HOME"":""/usr/local/cuda"",""NCCL_TESTS_DIR"":""/root/nccl-tests""}"
1,p1-nccl-baseline-20260826T181721Z-16cea6a,phase1,2026-08-26T18:17:48Z,measured,16cea6aed21d649453b65981c72d4b8ea7e32605,False,unknown,,5c44f3e9a47e,Ubuntu 24.04.3 LTS,6.8.0-106-generic,AMD EPYC 9254 24-Core Processor,48,1,NVIDIA L4,2,NODE,none-single-node,False,,12.8,580.126.20,2.25.1+cuda12.8,NCCL_DEBUG=VERSION banner,,gcc (Ubuntu 13.3.0-6ubuntu2~24.04) 13.3.0,717b68318278e93f371d8ffb46b076069d7c7851,nccl-tests,reduce_scatter,float,sum,-1,4194304,524288,in_place,20,50,1,full,224.86,18.65,9.33,0,True,True,True,0,/root/nccl-tests/build/reduce_scatter_perf -b 8 -e 128M -f 2 -g 2 -w 20 -n 50 -c 1 -d float,results/raw/p1-nccl-baseline-20260826T181721Z-16cea6a/reduce_scatter.full.r1.stdout.txt,,"[{""index"":0,""memory_total_mib"":23034,""name"":""NVIDIA L4"",""pci_bus_id"":""00000000:03:00.0""},{""index"":1,""memory_total_mib"":23034,""name"":""NVIDIA L4"",""pci_bus_id"":""00000000:C3:00.0""}]","""\t\u001b[4mGPU0\tGPU1\tNIC0\tCPU Affinity\tNUMA Affinity\tGPU NUMA ID\u001b[0m\nGPU0\t X \tNODE\tNODE\t0-47\t0\t\tN/A\nGPU1\tNODE\t X \tNODE\t0-47\t0\t\tN/A\nNIC0\tNODE\tNODE\t X \t\t\t\t\n\nLegend:\n\n  X    = Self\n  SYS  = Connection traversing PCIe as well as the SMP interconnect between NUMA nodes (e.g., QPI/UPI)\n  NODE = Connection traversing PCIe as well as the interconnect between PCIe Host Bridges within a NUMA node\n  PHB  = Connection traversing PCIe as well as a PCIe Host Bridge (typically the CPU)\n  PXB  = Connection traversing multiple PCIe bridges (without traversing the PCIe Host Bridge)\n  PIX  = Connection traversing at most a single PCIe bridge\n  NV#  = Connection traversing a bonded set of # NVLinks\n\nNIC Legend:\n\n  NIC0: mlx5_bond_0""","{""CUDA_HOME"":""/usr/local/cuda"",""NCCL_TESTS_DIR"":""/root/nccl-tests""}"
1,p1-nccl-baseline-20260826T181721Z-16cea6a,phase1,2026-08-26T18:17:48Z,measured,16cea6aed21d649453b65981c72d4b8ea7e32605,False,unknown,,5c44f3e9a47e,Ubuntu 24.04.3 LTS,6.8.0-106-generic,AMD EPYC 9254 24-Core Processor,48,1,NVIDIA L4,2,NODE,none-single-node,False,,12.8,580.126.20,2.25.1+cuda12.8,NCCL_DEBUG=VERSION banner,,gcc (Ubuntu 13.3.0-6ubuntu2~24.04) 13.3.0,717b68318278e93f371d8ffb46b076069d7c7851,nccl-tests,reduce_scatter,float,sum,-1,8388608,1048576,out_of_place,20,50,1,full,442.31,18.97,9.48,0,True,True,True,0,/root/nccl-tests/build/reduce_scatter_perf -b 8 -e 128M -f 2 -g 2 -w 20 -n 50 -c 1 -d float,results/raw/p1-nccl-baseline-20260826T181721Z-16cea6a/reduce_scatter.full.r1.stdout.txt,,"[{""index"":0,""memory_total_mib"":23034,""name"":""NVIDIA L4"",""pci_bus_id"":""00000000:03:00.0""},{""index"":1,""memory_total_mib"":23034,""name"":""NVIDIA L4"",""pci_bus_id"":""00000000:C3:00.0""}]","""\t\u001b[4mGPU0\tGPU1\tNIC0\tCPU Affinity\tNUMA Affinity\tGPU NUMA ID\u001b[0m\nGPU0\t X \tNODE\tNODE\t0-47\t0\t\tN/A\nGPU1\tNODE\t X \tNODE\t0-47\t0\t\tN/A\nNIC0\tNODE\tNODE\t X \t\t\t\t\n\nLegend:\n\n  X    = Self\n  SYS  = Connection traversing PCIe as well as the SMP interconnect between NUMA nodes (e.g., QPI/UPI)\n  NODE = Connection traversing PCIe as well as the interconnect between PCIe Host Bridges within a NUMA node\n  PHB  = Connection traversing PCIe as well as a PCIe Host Bridge (typically the CPU)\n  PXB  = Connection traversing multiple PCIe bridges (without traversing the PCIe Host Bridge)\n  PIX  = Connection traversing at most a single PCIe bridge\n  NV#  = Connection traversing a bonded set of # NVLinks\n\nNIC Legend:\n\n  NIC0: mlx5_bond_0""","{""CUDA_HOME"":""/usr/local/cuda"",""NCCL_TESTS_DIR"":""/root/nccl-tests""}"
1,p1-nccl-baseline-20260826T181721Z-16cea6a,phase1,2026-08-26T18:17:48Z,measured,16cea6aed21d649453b65981c72d4b8ea7e32605,False,unknown,,5c44f3e9a47e,Ubuntu 24.04.3 LTS,6.8.0-106-generic,AMD EPYC 9254 24-Core Processor,48,1,NVIDIA L4,2,NODE,none-single-node,False,,12.8,580.126.20,2.25.1+cuda12.8,NCCL_DEBUG=VERSION banner,,gcc (Ubuntu 13.3.0-6ubuntu2~24.04) 13.3.0,717b68318278e93f371d8ffb46b076069d7c7851,nccl-tests,reduce_scatter,float,sum,-1,8388608,1048576,in_place,20,50,1,full,442.52,18.96,9.48,0,True,True,True,0,/root/nccl-tests/build/reduce_scatter_perf -b 8 -e 128M -f 2 -g 2 -w 20 -n 50 -c 1 -d float,results/raw/p1-nccl-baseline-20260826T181721Z-16cea6a/reduce_scatter.full.r1.stdout.txt,,"[{""index"":0,""memory_total_mib"":23034,""name"":""NVIDIA L4"",""pci_bus_id"":""00000000:03:00.0""},{""index"":1,""memory_total_mib"":23034,""name"":""NVIDIA L4"",""pci_bus_id"":""00000000:C3:00.0""}]","""\t\u001b[4mGPU0\tGPU1\tNIC0\tCPU Affinity\tNUMA Affinity\tGPU NUMA ID\u001b[0m\nGPU0\t X \tNODE\tNODE\t0-47\t0\t\tN/A\nGPU1\tNODE\t X \tNODE\t0-47\t0\t\tN/A\nNIC0\tNODE\tNODE\t X \t\t\t\t\n\nLegend:\n\n  X    = Self\n  SYS  = Connection traversing PCIe as well as the SMP interconnect between NUMA nodes (e.g., QPI/UPI)\n  NODE = Connection traversing PCIe as well as the interconnect between PCIe Host Bridges within a NUMA node\n  PHB  = Connection traversing PCIe as well as a PCIe Host Bridge (typically the CPU)\n  PXB  = Connection traversing multiple PCIe bridges (without traversing the PCIe Host Bridge)\n  PIX  = Connection traversing at most a single PCIe bridge\n  NV#  = Connection traversing a bonded set of # NVLinks\n\nNIC Legend:\n\n  NIC0: mlx5_bond_0""","{""CUDA_HOME"":""/usr/local/cuda"",""NCCL_TESTS_DIR"":""/root/nccl-tests""}"
1,p1-nccl-baseline-20260826T181721Z-16cea6a,phase1,2026-08-26T18:17:48Z,measured,16cea6aed21d649453b65981c72d4b8ea7e32605,False,unknown,,5c44f3e9a47e,Ubuntu 24.04.3 LTS,6.8.0-106-generic,AMD EPYC 9254 24-Core Processor,48,1,NVIDIA L4,2,NODE,none-single-node,False,,12.8,580.126.20,2.25.1+cuda12.8,NCCL_DEBUG=VERSION banner,,gcc (Ubuntu 13.3.0-6ubuntu2~24.04) 13.3.0,717b68318278e93f371d8ffb46b076069d7c7851,nccl-tests,reduce_scatter,float,sum,-1,16777216,2097152,out_of_place,20,50,1,full,872.59,19.23,9.61,0,True,True,True,0,/root/nccl-tests/build/reduce_scatter_perf -b 8 -e 128M -f 2 -g 2 -w 20 -n 50 -c 1 -d float,results/raw/p1-nccl-baseline-20260826T181721Z-16cea6a/reduce_scatter.full.r1.stdout.txt,,"[{""index"":0,""memory_total_mib"":23034,""name"":""NVIDIA L4"",""pci_bus_id"":""00000000:03:00.0""},{""index"":1,""memory_total_mib"":23034,""name"":""NVIDIA L4"",""pci_bus_id"":""00000000:C3:00.0""}]","""\t\u001b[4mGPU0\tGPU1\tNIC0\tCPU Affinity\tNUMA Affinity\tGPU NUMA ID\u001b[0m\nGPU0\t X \tNODE\tNODE\t0-47\t0\t\tN/A\nGPU1\tNODE\t X \tNODE\t0-47\t0\t\tN/A\nNIC0\tNODE\tNODE\t X \t\t\t\t\n\nLegend:\n\n  X    = Self\n  SYS  = Connection traversing PCIe as well as the SMP interconnect between NUMA nodes (e.g., QPI/UPI)\n  NODE = Connection traversing PCIe as well as the interconnect between PCIe Host Bridges within a NUMA node\n  PHB  = Connection traversing PCIe as well as a PCIe Host Bridge (typically the CPU)\n  PXB  = Connection traversing multiple PCIe bridges (without traversing the PCIe Host Bridge)\n  PIX  = Connection traversing at most a single PCIe bridge\n  NV#  = Connection traversing a bonded set of # NVLinks\n\nNIC Legend:\n\n  NIC0: mlx5_bond_0""","{""CUDA_HOME"":""/usr/local/cuda"",""NCCL_TESTS_DIR"":""/root/nccl-tests""}"
1,p1-nccl-baseline-20260826T181721Z-16cea6a,phase1,2026-08-26T18:17:48Z,measured,16cea6aed21d649453b65981c72d4b8ea7e32605,False,unknown,,5c44f3e9a47e,Ubuntu 24.04.3 LTS,6.8.0-106-generic,AMD EPYC 9254 24-Core Processor,48,1,NVIDIA L4,2,NODE,none-single-node,False,,12.8,580.126.20,2.25.1+cuda12.8,NCCL_DEBUG=VERSION banner,,gcc (Ubuntu 13.3.0-6ubuntu2~24.04) 13.3.0,717b68318278e93f371d8ffb46b076069d7c7851,nccl-tests,reduce_scatter,float,sum,-1,16777216,2097152,in_place,20,50,1,full,872.13,19.24,9.62,0,True,True,True,0,/root/nccl-tests/build/reduce_scatter_perf -b 8 -e 128M -f 2 -g 2 -w 20 -n 50 -c 1 -d float,results/raw/p1-nccl-baseline-20260826T181721Z-16cea6a/reduce_scatter.full.r1.stdout.txt,,"[{""index"":0,""memory_total_mib"":23034,""name"":""NVIDIA L4"",""pci_bus_id"":""00000000:03:00.0""},{""index"":1,""memory_total_mib"":23034,""name"":""NVIDIA L4"",""pci_bus_id"":""00000000:C3:00.0""}]","""\t\u001b[4mGPU0\tGPU1\tNIC0\tCPU Affinity\tNUMA Affinity\tGPU NUMA ID\u001b[0m\nGPU0\t X \tNODE\tNODE\t0-47\t0\t\tN/A\nGPU1\tNODE\t X \tNODE\t0-47\t0\t\tN/A\nNIC0\tNODE\tNODE\t X \t\t\t\t\n\nLegend:\n\n  X    = Self\n  SYS  = Connection traversing PCIe as well as the SMP interconnect between NUMA nodes (e.g., QPI/UPI)\n  NODE = Connection traversing PCIe as well as the interconnect between PCIe Host Bridges within a NUMA node\n  PHB  = Connection traversing PCIe as well as a PCIe Host Bridge (typically the CPU)\n  PXB  = Connection traversing multiple PCIe bridges (without traversing the PCIe Host Bridge)\n  PIX  = Connection traversing at most a single PCIe bridge\n  NV#  = Connection traversing a bonded set of # NVLinks\n\nNIC Legend:\n\n  NIC0: mlx5_bond_0""","{""CUDA_HOME"":""/usr/local/cuda"",""NCCL_TESTS_DIR"":""/root/nccl-tests""}"
1,p1-nccl-baseline-20260826T181721Z-16cea6a,phase1,2026-08-26T18:17:48Z,measured,16cea6aed21d649453b65981c72d4b8ea7e32605,False,unknown,,5c44f3e9a47e,Ubuntu 24.04.3 LTS,6.8.0-106-generic,AMD EPYC 9254 24-Core Processor,48,1,NVIDIA L4,2,NODE,none-single-node,False,,12.8,580.126.20,2.25.1+cuda12.8,NCCL_DEBUG=VERSION banner,,gcc (Ubuntu 13.3.0-6ubuntu2~24.04) 13.3.0,717b68318278e93f371d8ffb46b076069d7c7851,nccl-tests,reduce_scatter,float,sum,-1,33554432,4194304,out_of_place,20,50,1,full,1734.8,19.34,9.67,0,True,True,True,0,/root/nccl-tests/build/reduce_scatter_perf -b 8 -e 128M -f 2 -g 2 -w 20 -n 50 -c 1 -d float,results/raw/p1-nccl-baseline-20260826T181721Z-16cea6a/reduce_scatter.full.r1.stdout.txt,,"[{""index"":0,""memory_total_mib"":23034,""name"":""NVIDIA L4"",""pci_bus_id"":""00000000:03:00.0""},{""index"":1,""memory_total_mib"":23034,""name"":""NVIDIA L4"",""pci_bus_id"":""00000000:C3:00.0""}]","""\t\u001b[4mGPU0\tGPU1\tNIC0\tCPU Affinity\tNUMA Affinity\tGPU NUMA ID\u001b[0m\nGPU0\t X \tNODE\tNODE\t0-47\t0\t\tN/A\nGPU1\tNODE\t X \tNODE\t0-47\t0\t\tN/A\nNIC0\tNODE\tNODE\t X \t\t\t\t\n\nLegend:\n\n  X    = Self\n  SYS  = Connection traversing PCIe as well as the SMP interconnect between NUMA nodes (e.g., QPI/UPI)\n  NODE = Connection traversing PCIe as well as the interconnect between PCIe Host Bridges within a NUMA node\n  PHB  = Connection traversing PCIe as well as a PCIe Host Bridge (typically the CPU)\n  PXB  = Connection traversing multiple PCIe bridges (without traversing the PCIe Host Bridge)\n  PIX  = Connection traversing at most a single PCIe bridge\n  NV#  = Connection traversing a bonded set of # NVLinks\n\nNIC Legend:\n\n  NIC0: mlx5_bond_0""","{""CUDA_HOME"":""/usr/local/cuda"",""NCCL_TESTS_DIR"":""/root/nccl-tests""}"
1,p1-nccl-baseline-20260826T181721Z-16cea6a,phase1,2026-08-26T18:17:48Z,measured,16cea6aed21d649453b65981c72d4b8ea7e32605,False,unknown,,5c44f3e9a47e,Ubuntu 24.04.3 LTS,6.8.0-106-generic,AMD EPYC 9254 24-Core Processor,48,1,NVIDIA L4,2,NODE,none-single-node,False,,12.8,580.126.20,2.25.1+cuda12.8,NCCL_DEBUG=VERSION banner,,gcc (Ubuntu 13.3.0-6ubuntu2~24.04) 13.3.0,717b68318278e93f371d8ffb46b076069d7c7851,nccl-tests,reduce_scatter,float,sum,-1,33554432,4194304,in_place,20,50,1,full,1729.83,19.4,9.7,0,True,True,True,0,/root/nccl-tests/build/reduce_scatter_perf -b 8 -e 128M -f 2 -g 2 -w 20 -n 50 -c 1 -d float,results/raw/p1-nccl-baseline-20260826T181721Z-16cea6a/reduce_scatter.full.r1.stdout.txt,,"[{""index"":0,""memory_total_mib"":23034,""name"":""NVIDIA L4"",""pci_bus_id"":""00000000:03:00.0""},{""index"":1,""memory_total_mib"":23034,""name"":""NVIDIA L4"",""pci_bus_id"":""00000000:C3:00.0""}]","""\t\u001b[4mGPU0\tGPU1\tNIC0\tCPU Affinity\tNUMA Affinity\tGPU NUMA ID\u001b[0m\nGPU0\t X \tNODE\tNODE\t0-47\t0\t\tN/A\nGPU1\tNODE\t X \tNODE\t0-47\t0\t\tN/A\nNIC0\tNODE\tNODE\t X \t\t\t\t\n\nLegend:\n\n  X    = Self\n  SYS  = Connection traversing PCIe as well as the SMP interconnect between NUMA nodes (e.g., QPI/UPI)\n  NODE = Connection traversing PCIe as well as the interconnect between PCIe Host Bridges within a NUMA node\n  PHB  = Connection traversing PCIe as well as a PCIe Host Bridge (typically the CPU)\n  PXB  = Connection traversing multiple PCIe bridges (without traversing the PCIe Host Bridge)\n  PIX  = Connection traversing at most a single PCIe bridge\n  NV#  = Connection traversing a bonded set of # NVLinks\n\nNIC Legend:\n\n  NIC0: mlx5_bond_0""","{""CUDA_HOME"":""/usr/local/cuda"",""NCCL_TESTS_DIR"":""/root/nccl-tests""}"
1,p1-nccl-baseline-20260826T181721Z-16cea6a,phase1,2026-08-26T18:17:48Z,measured,16cea6aed21d649453b65981c72d4b8ea7e32605,False,unknown,,5c44f3e9a47e,Ubuntu 24.04.3 LTS,6.8.0-106-generic,AMD EPYC 9254 24-Core Processor,48,1,NVIDIA L4,2,NODE,none-single-node,False,,12.8,580.126.20,2.25.1+cuda12.8,NCCL_DEBUG=VERSION banner,,gcc (Ubuntu 13.3.0-6ubuntu2~24.04) 13.3.0,717b68318278e93f371d8ffb46b076069d7c7851,nccl-tests,reduce_scatter,float,sum,-1,67108864,8388608,out_of_place,20,50,1,full,3446.61,19.47,9.74,0,True,True,True,0,/root/nccl-tests/build/reduce_scatter_perf -b 8 -e 128M -f 2 -g 2 -w 20 -n 50 -c 1 -d float,results/raw/p1-nccl-baseline-20260826T181721Z-16cea6a/reduce_scatter.full.r1.stdout.txt,,"[{""index"":0,""memory_total_mib"":23034,""name"":""NVIDIA L4"",""pci_bus_id"":""00000000:03:00.0""},{""index"":1,""memory_total_mib"":23034,""name"":""NVIDIA L4"",""pci_bus_id"":""00000000:C3:00.0""}]","""\t\u001b[4mGPU0\tGPU1\tNIC0\tCPU Affinity\tNUMA Affinity\tGPU NUMA ID\u001b[0m\nGPU0\t X \tNODE\tNODE\t0-47\t0\t\tN/A\nGPU1\tNODE\t X \tNODE\t0-47\t0\t\tN/A\nNIC0\tNODE\tNODE\t X \t\t\t\t\n\nLegend:\n\n  X    = Self\n  SYS  = Connection traversing PCIe as well as the SMP interconnect between NUMA nodes (e.g., QPI/UPI)\n  NODE = Connection traversing PCIe as well as the interconnect between PCIe Host Bridges within a NUMA node\n  PHB  = Connection traversing PCIe as well as a PCIe Host Bridge (typically the CPU)\n  PXB  = Connection traversing multiple PCIe bridges (without traversing the PCIe Host Bridge)\n  PIX  = Connection traversing at most a single PCIe bridge\n  NV#  = Connection traversing a bonded set of # NVLinks\n\nNIC Legend:\n\n  NIC0: mlx5_bond_0""","{""CUDA_HOME"":""/usr/local/cuda"",""NCCL_TESTS_DIR"":""/root/nccl-tests""}"
1,p1-nccl-baseline-20260826T181721Z-16cea6a,phase1,2026-08-26T18:17:48Z,measured,16cea6aed21d649453b65981c72d4b8ea7e32605,False,unknown,,5c44f3e9a47e,Ubuntu 24.04.3 LTS,6.8.0-106-generic,AMD EPYC 9254 24-Core Processor,48,1,NVIDIA L4,2,NODE,none-single-node,False,,12.8,580.126.20,2.25.1+cuda12.8,NCCL_DEBUG=VERSION banner,,gcc (Ubuntu 13.3.0-6ubuntu2~24.04) 13.3.0,717b68318278e93f371d8ffb46b076069d7c7851,nccl-tests,reduce_scatter,float,sum,-1,67108864,8388608,in_place,20,50,1,full,3439.2,19.51,9.76,0,True,True,True,0,/root/nccl-tests/build/reduce_scatter_perf -b 8 -e 128M -f 2 -g 2 -w 20 -n 50 -c 1 -d float,results/raw/p1-nccl-baseline-20260826T181721Z-16cea6a/reduce_scatter.full.r1.stdout.txt,,"[{""index"":0,""memory_total_mib"":23034,""name"":""NVIDIA L4"",""pci_bus_id"":""00000000:03:00.0""},{""index"":1,""memory_total_mib"":23034,""name"":""NVIDIA L4"",""pci_bus_id"":""00000000:C3:00.0""}]","""\t\u001b[4mGPU0\tGPU1\tNIC0\tCPU Affinity\tNUMA Affinity\tGPU NUMA ID\u001b[0m\nGPU0\t X \tNODE\tNODE\t0-47\t0\t\tN/A\nGPU1\tNODE\t X \tNODE\t0-47\t0\t\tN/A\nNIC0\tNODE\tNODE\t X \t\t\t\t\n\nLegend:\n\n  X    = Self\n  SYS  = Connection traversing PCIe as well as the SMP interconnect between NUMA nodes (e.g., QPI/UPI)\n  NODE = Connection traversing PCIe as well as the interconnect between PCIe Host Bridges within a NUMA node\n  PHB  = Connection traversing PCIe as well as a PCIe Host Bridge (typically the CPU)\n  PXB  = Connection traversing multiple PCIe bridges (without traversing the PCIe Host Bridge)\n  PIX  = Connection traversing at most a single PCIe bridge\n  NV#  = Connection traversing a bonded set of # NVLinks\n\nNIC Legend:\n\n  NIC0: mlx5_bond_0""","{""CUDA_HOME"":""/usr/local/cuda"",""NCCL_TESTS_DIR"":""/root/nccl-tests""}"
1,p1-nccl-baseline-20260826T181721Z-16cea6a,phase1,2026-08-26T18:17:48Z,measured,16cea6aed21d649453b65981c72d4b8ea7e32605,False,unknown,,5c44f3e9a47e,Ubuntu 24.04.3 LTS,6.8.0-106-generic,AMD EPYC 9254 24-Core Processor,48,1,NVIDIA L4,2,NODE,none-single-node,False,,12.8,580.126.20,2.25.1+cuda12.8,NCCL_DEBUG=VERSION banner,,gcc (Ubuntu 13.3.0-6ubuntu2~24.04) 13.3.0,717b68318278e93f371d8ffb46b076069d7c7851,nccl-tests,reduce_scatter,float,sum,-1,134217728,16777216,out_of_place,20,50,1,full,6838.88,19.63,9.81,0,True,True,True,0,/root/nccl-tests/build/reduce_scatter_perf -b 8 -e 128M -f 2 -g 2 -w 20 -n 50 -c 1 -d float,results/raw/p1-nccl-baseline-20260826T181721Z-16cea6a/reduce_scatter.full.r1.stdout.txt,,"[{""index"":0,""memory_total_mib"":23034,""name"":""NVIDIA L4"",""pci_bus_id"":""00000000:03:00.0""},{""index"":1,""memory_total_mib"":23034,""name"":""NVIDIA L4"",""pci_bus_id"":""00000000:C3:00.0""}]","""\t\u001b[4mGPU0\tGPU1\tNIC0\tCPU Affinity\tNUMA Affinity\tGPU NUMA ID\u001b[0m\nGPU0\t X \tNODE\tNODE\t0-47\t0\t\tN/A\nGPU1\tNODE\t X \tNODE\t0-47\t0\t\tN/A\nNIC0\tNODE\tNODE\t X \t\t\t\t\n\nLegend:\n\n  X    = Self\n  SYS  = Connection traversing PCIe as well as the SMP interconnect between NUMA nodes (e.g., QPI/UPI)\n  NODE = Connection traversing PCIe as well as the interconnect between PCIe Host Bridges within a NUMA node\n  PHB  = Connection traversing PCIe as well as a PCIe Host Bridge (typically the CPU)\n  PXB  = Connection traversing multiple PCIe bridges (without traversing the PCIe Host Bridge)\n  PIX  = Connection traversing at most a single PCIe bridge\n  NV#  = Connection traversing a bonded set of # NVLinks\n\nNIC Legend:\n\n  NIC0: mlx5_bond_0""","{""CUDA_HOME"":""/usr/local/cuda"",""NCCL_TESTS_DIR"":""/root/nccl-tests""}"
1,p1-nccl-baseline-20260826T181721Z-16cea6a,phase1,2026-08-26T18:17:48Z,measured,16cea6aed21d649453b65981c72d4b8ea7e32605,False,unknown,,5c44f3e9a47e,Ubuntu 24.04.3 LTS,6.8.0-106-generic,AMD EPYC 9254 24-Core Processor,48,1,NVIDIA L4,2,NODE,none-single-node,False,,12.8,580.126.20,2.25.1+cuda12.8,NCCL_DEBUG=VERSION banner,,gcc (Ubuntu 13.3.0-6ubuntu2~24.04) 13.3.0,717b68318278e93f371d8ffb46b076069d7c7851,nccl-tests,reduce_scatter,float,sum,-1,134217728,16777216,in_place,20,50,1,full,6868.35,19.54,9.77,0,True,True,True,0,/root/nccl-tests/build/reduce_scatter_perf -b 8 -e 128M -f 2 -g 2 -w 20 -n 50 -c 1 -d float,results/raw/p1-nccl-baseline-20260826T181721Z-16cea6a/reduce_scatter.full.r1.stdout.txt,,"[{""index"":0,""memory_total_mib"":23034,""name"":""NVIDIA L4"",""pci_bus_id"":""00000000:03:00.0""},{""index"":1,""memory_total_mib"":23034,""name"":""NVIDIA L4"",""pci_bus_id"":""00000000:C3:00.0""}]","""\t\u001b[4mGPU0\tGPU1\tNIC0\tCPU Affinity\tNUMA Affinity\tGPU NUMA ID\u001b[0m\nGPU0\t X \tNODE\tNODE\t0-47\t0\t\tN/A\nGPU1\tNODE\t X \tNODE\t0-47\t0\t\tN/A\nNIC0\tNODE\tNODE\t X \t\t\t\t\n\nLegend:\n\n  X    = Self\n  SYS  = Connection traversing PCIe as well as the SMP interconnect between NUMA nodes (e.g., QPI/UPI)\n  NODE = Connection traversing PCIe as well as the interconnect between PCIe Host Bridges within a NUMA node\n  PHB  = Connection traversing PCIe as well as a PCIe Host Bridge (typically the CPU)\n  PXB  = Connection traversing multiple PCIe bridges (without traversing the PCIe Host Bridge)\n  PIX  = Connection traversing at most a single PCIe bridge\n  NV#  = Connection traversing a bonded set of # NVLinks\n\nNIC Legend:\n\n  NIC0: mlx5_bond_0""","{""CUDA_HOME"":""/usr/local/cuda"",""NCCL_TESTS_DIR"":""/root/nccl-tests""}"
1,p1-nccl-baseline-20260826T181721Z-16cea6a,phase1,2026-08-26T18:17:52Z,measured,16cea6aed21d649453b65981c72d4b8ea7e32605,False,unknown,,5c44f3e9a47e,Ubuntu 24.04.3 LTS,6.8.0-106-generic,AMD EPYC 9254 24-Core Processor,48,1,NVIDIA L4,2,NODE,none-single-node,False,,12.8,580.126.20,2.25.1+cuda12.8,NCCL_DEBUG=VERSION banner,,gcc (Ubuntu 13.3.0-6ubuntu2~24.04) 13.3.0,717b68318278e93f371d8ffb46b076069d7c7851,nccl-tests,all_reduce,float,sum,-1,8,2,out_of_place,20,50,2,full,7.07,0.0,0.0,0,True,True,,0,/root/nccl-tests/build/all_reduce_perf -b 8 -e 128M -f 2 -g 2 -w 20 -n 50 -c 1 -d float,results/raw/p1-nccl-baseline-20260826T181721Z-16cea6a/all_reduce.full.r2.stdout.txt,,"[{""index"":0,""memory_total_mib"":23034,""name"":""NVIDIA L4"",""pci_bus_id"":""00000000:03:00.0""},{""index"":1,""memory_total_mib"":23034,""name"":""NVIDIA L4"",""pci_bus_id"":""00000000:C3:00.0""}]","""\t\u001b[4mGPU0\tGPU1\tNIC0\tCPU Affinity\tNUMA Affinity\tGPU NUMA ID\u001b[0m\nGPU0\t X \tNODE\tNODE\t0-47\t0\t\tN/A\nGPU1\tNODE\t X \tNODE\t0-47\t0\t\tN/A\nNIC0\tNODE\tNODE\t X \t\t\t\t\n\nLegend:\n\n  X    = Self\n  SYS  = Connection traversing PCIe as well as the SMP interconnect between NUMA nodes (e.g., QPI/UPI)\n  NODE = Connection traversing PCIe as well as the interconnect between PCIe Host Bridges within a NUMA node\n  PHB  = Connection traversing PCIe as well as a PCIe Host Bridge (typically the CPU)\n  PXB  = Connection traversing multiple PCIe bridges (without traversing the PCIe Host Bridge)\n  PIX  = Connection traversing at most a single PCIe bridge\n  NV#  = Connection traversing a bonded set of # NVLinks\n\nNIC Legend:\n\n  NIC0: mlx5_bond_0""","{""CUDA_HOME"":""/usr/local/cuda"",""NCCL_TESTS_DIR"":""/root/nccl-tests""}"
1,p1-nccl-baseline-20260826T181721Z-16cea6a,phase1,2026-08-26T18:17:52Z,measured,16cea6aed21d649453b65981c72d4b8ea7e32605,False,unknown,,5c44f3e9a47e,Ubuntu 24.04.3 LTS,6.8.0-106-generic,AMD EPYC 9254 24-Core Processor,48,1,NVIDIA L4,2,NODE,none-single-node,False,,12.8,580.126.20,2.25.1+cuda12.8,NCCL_DEBUG=VERSION banner,,gcc (Ubuntu 13.3.0-6ubuntu2~24.04) 13.3.0,717b68318278e93f371d8ffb46b076069d7c7851,nccl-tests,all_reduce,float,sum,-1,8,2,in_place,20,50,2,full,7.17,0.0,0.0,0,True,True,,0,/root/nccl-tests/build/all_reduce_perf -b 8 -e 128M -f 2 -g 2 -w 20 -n 50 -c 1 -d float,results/raw/p1-nccl-baseline-20260826T181721Z-16cea6a/all_reduce.full.r2.stdout.txt,,"[{""index"":0,""memory_total_mib"":23034,""name"":""NVIDIA L4"",""pci_bus_id"":""00000000:03:00.0""},{""index"":1,""memory_total_mib"":23034,""name"":""NVIDIA L4"",""pci_bus_id"":""00000000:C3:00.0""}]","""\t\u001b[4mGPU0\tGPU1\tNIC0\tCPU Affinity\tNUMA Affinity\tGPU NUMA ID\u001b[0m\nGPU0\t X \tNODE\tNODE\t0-47\t0\t\tN/A\nGPU1\tNODE\t X \tNODE\t0-47\t0\t\tN/A\nNIC0\tNODE\tNODE\t X \t\t\t\t\n\nLegend:\n\n  X    = Self\n  SYS  = Connection traversing PCIe as well as the SMP interconnect between NUMA nodes (e.g., QPI/UPI)\n  NODE = Connection traversing PCIe as well as the interconnect between PCIe Host Bridges within a NUMA node\n  PHB  = Connection traversing PCIe as well as a PCIe Host Bridge (typically the CPU)\n  PXB  = Connection traversing multiple PCIe bridges (without traversing the PCIe Host Bridge)\n  PIX  = Connection traversing at most a single PCIe bridge\n  NV#  = Connection traversing a bonded set of # NVLinks\n\nNIC Legend:\n\n  NIC0: mlx5_bond_0""","{""CUDA_HOME"":""/usr/local/cuda"",""NCCL_TESTS_DIR"":""/root/nccl-tests""}"
1,p1-nccl-baseline-20260826T181721Z-16cea6a,phase1,2026-08-26T18:17:52Z,measured,16cea6aed21d649453b65981c72d4b8ea7e32605,False,unknown,,5c44f3e9a47e,Ubuntu 24.04.3 LTS,6.8.0-106-generic,AMD EPYC 9254 24-Core Processor,48,1,NVIDIA L4,2,NODE,none-single-node,False,,12.8,580.126.20,2.25.1+cuda12.8,NCCL_DEBUG=VERSION banner,,gcc (Ubuntu 13.3.0-6ubuntu2~24.04) 13.3.0,717b68318278e93f371d8ffb46b076069d7c7851,nccl-tests,all_reduce,float,sum,-1,16,4,out_of_place,20,50,2,full,7.69,0.0,0.0,0,True,True,,0,/root/nccl-tests/build/all_reduce_perf -b 8 -e 128M -f 2 -g 2 -w 20 -n 50 -c 1 -d float,results/raw/p1-nccl-baseline-20260826T181721Z-16cea6a/all_reduce.full.r2.stdout.txt,,"[{""index"":0,""memory_total_mib"":23034,""name"":""NVIDIA L4"",""pci_bus_id"":""00000000:03:00.0""},{""index"":1,""memory_total_mib"":23034,""name"":""NVIDIA L4"",""pci_bus_id"":""00000000:C3:00.0""}]","""\t\u001b[4mGPU0\tGPU1\tNIC0\tCPU Affinity\tNUMA Affinity\tGPU NUMA ID\u001b[0m\nGPU0\t X \tNODE\tNODE\t0-47\t0\t\tN/A\nGPU1\tNODE\t X \tNODE\t0-47\t0\t\tN/A\nNIC0\tNODE\tNODE\t X \t\t\t\t\n\nLegend:\n\n  X    = Self\n  SYS  = Connection traversing PCIe as well as the SMP interconnect between NUMA nodes (e.g., QPI/UPI)\n  NODE = Connection traversing PCIe as well as the interconnect between PCIe Host Bridges within a NUMA node\n  PHB  = Connection traversing PCIe as well as a PCIe Host Bridge (typically the CPU)\n  PXB  = Connection traversing multiple PCIe bridges (without traversing the PCIe Host Bridge)\n  PIX  = Connection traversing at most a single PCIe bridge\n  NV#  = Connection traversing a bonded set of # NVLinks\n\nNIC Legend:\n\n  NIC0: mlx5_bond_0""","{""CUDA_HOME"":""/usr/local/cuda"",""NCCL_TESTS_DIR"":""/root/nccl-tests""}"
1,p1-nccl-baseline-20260826T181721Z-16cea6a,phase1,2026-08-26T18:17:52Z,measured,16cea6aed21d649453b65981c72d4b8ea7e32605,False,unknown,,5c44f3e9a47e,Ubuntu 24.04.3 LTS,6.8.0-106-generic,AMD EPYC 9254 24-Core Processor,48,1,NVIDIA L4,2,NODE,none-single-node,False,,12.8,580.126.20,2.25.1+cuda12.8,NCCL_DEBUG=VERSION banner,,gcc (Ubuntu 13.3.0-6ubuntu2~24.04) 13.3.0,717b68318278e93f371d8ffb46b076069d7c7851,nccl-tests,all_reduce,float,sum,-1,16,4,in_place,20,50,2,full,6.82,0.0,0.0,0,True,True,,0,/root/nccl-tests/build/all_reduce_perf -b 8 -e 128M -f 2 -g 2 -w 20 -n 50 -c 1 -d float,results/raw/p1-nccl-baseline-20260826T181721Z-16cea6a/all_reduce.full.r2.stdout.txt,,"[{""index"":0,""memory_total_mib"":23034,""name"":""NVIDIA L4"",""pci_bus_id"":""00000000:03:00.0""},{""index"":1,""memory_total_mib"":23034,""name"":""NVIDIA L4"",""pci_bus_id"":""00000000:C3:00.0""}]","""\t\u001b[4mGPU0\tGPU1\tNIC0\tCPU Affinity\tNUMA Affinity\tGPU NUMA ID\u001b[0m\nGPU0\t X \tNODE\tNODE\t0-47\t0\t\tN/A\nGPU1\tNODE\t X \tNODE\t0-47\t0\t\tN/A\nNIC0\tNODE\tNODE\t X \t\t\t\t\n\nLegend:\n\n  X    = Self\n  SYS  = Connection traversing PCIe as well as the SMP interconnect between NUMA nodes (e.g., QPI/UPI)\n  NODE = Connection traversing PCIe as well as the interconnect between PCIe Host Bridges within a NUMA node\n  PHB  = Connection traversing PCIe as well as a PCIe Host Bridge (typically the CPU)\n  PXB  = Connection traversing multiple PCIe bridges (without traversing the PCIe Host Bridge)\n  PIX  = Connection traversing at most a single PCIe bridge\n  NV#  = Connection traversing a bonded set of # NVLinks\n\nNIC Legend:\n\n  NIC0: mlx5_bond_0""","{""CUDA_HOME"":""/usr/local/cuda"",""NCCL_TESTS_DIR"":""/root/nccl-tests""}"
1,p1-nccl-baseline-20260826T181721Z-16cea6a,phase1,2026-08-26T18:17:52Z,measured,16cea6aed21d649453b65981c72d4b8ea7e32605,False,unknown,,5c44f3e9a47e,Ubuntu 24.04.3 LTS,6.8.0-106-generic,AMD EPYC 9254 24-Core Processor,48,1,NVIDIA L4,2,NODE,none-single-node,False,,12.8,580.126.20,2.25.1+cuda12.8,NCCL_DEBUG=VERSION banner,,gcc (Ubuntu 13.3.0-6ubuntu2~24.04) 13.3.0,717b68318278e93f371d8ffb46b076069d7c7851,nccl-tests,all_reduce,float,sum,-1,32,8,out_of_place,20,50,2,full,7.15,0.0,0.0,0,True,True,,0,/root/nccl-tests/build/all_reduce_perf -b 8 -e 128M -f 2 -g 2 -w 20 -n 50 -c 1 -d float,results/raw/p1-nccl-baseline-20260826T181721Z-16cea6a/all_reduce.full.r2.stdout.txt,,"[{""index"":0,""memory_total_mib"":23034,""name"":""NVIDIA L4"",""pci_bus_id"":""00000000:03:00.0""},{""index"":1,""memory_total_mib"":23034,""name"":""NVIDIA L4"",""pci_bus_id"":""00000000:C3:00.0""}]","""\t\u001b[4mGPU0\tGPU1\tNIC0\tCPU Affinity\tNUMA Affinity\tGPU NUMA ID\u001b[0m\nGPU0\t X \tNODE\tNODE\t0-47\t0\t\tN/A\nGPU1\tNODE\t X \tNODE\t0-47\t0\t\tN/A\nNIC0\tNODE\tNODE\t X \t\t\t\t\n\nLegend:\n\n  X    = Self\n  SYS  = Connection traversing PCIe as well as the SMP interconnect between NUMA nodes (e.g., QPI/UPI)\n  NODE = Connection traversing PCIe as well as the interconnect between PCIe Host Bridges within a NUMA node\n  PHB  = Connection traversing PCIe as well as a PCIe Host Bridge (typically the CPU)\n  PXB  = Connection traversing multiple PCIe bridges (without traversing the PCIe Host Bridge)\n  PIX  = Connection traversing at most a single PCIe bridge\n  NV#  = Connection traversing a bonded set of # NVLinks\n\nNIC Legend:\n\n  NIC0: mlx5_bond_0""","{""CUDA_HOME"":""/usr/local/cuda"",""NCCL_TESTS_DIR"":""/root/nccl-tests""}"
1,p1-nccl-baseline-20260826T181721Z-16cea6a,phase1,2026-08-26T18:17:52Z,measured,16cea6aed21d649453b65981c72d4b8ea7e32605,False,unknown,,5c44f3e9a47e,Ubuntu 24.04.3 LTS,6.8.0-106-generic,AMD EPYC 9254 24-Core Processor,48,1,NVIDIA L4,2,NODE,none-single-node,False,,12.8,580.126.20,2.25.1+cuda12.8,NCCL_DEBUG=VERSION banner,,gcc (Ubuntu 13.3.0-6ubuntu2~24.04) 13.3.0,717b68318278e93f371d8ffb46b076069d7c7851,nccl-tests,all_reduce,float,sum,-1,32,8,in_place,20,50,2,full,7.09,0.0,0.0,0,True,True,,0,/root/nccl-tests/build/all_reduce_perf -b 8 -e 128M -f 2 -g 2 -w 20 -n 50 -c 1 -d float,results/raw/p1-nccl-baseline-20260826T181721Z-16cea6a/all_reduce.full.r2.stdout.txt,,"[{""index"":0,""memory_total_mib"":23034,""name"":""NVIDIA L4"",""pci_bus_id"":""00000000:03:00.0""},{""index"":1,""memory_total_mib"":23034,""name"":""NVIDIA L4"",""pci_bus_id"":""00000000:C3:00.0""}]","""\t\u001b[4mGPU0\tGPU1\tNIC0\tCPU Affinity\tNUMA Affinity\tGPU NUMA ID\u001b[0m\nGPU0\t X \tNODE\tNODE\t0-47\t0\t\tN/A\nGPU1\tNODE\t X \tNODE\t0-47\t0\t\tN/A\nNIC0\tNODE\tNODE\t X \t\t\t\t\n\nLegend:\n\n  X    = Self\n  SYS  = Connection traversing PCIe as well as the SMP interconnect between NUMA nodes (e.g., QPI/UPI)\n  NODE = Connection traversing PCIe as well as the interconnect between PCIe Host Bridges within a NUMA node\n  PHB  = Connection traversing PCIe as well as a PCIe Host Bridge (typically the CPU)\n  PXB  = Connection traversing multiple PCIe bridges (without traversing the PCIe Host Bridge)\n  PIX  = Connection traversing at most a single PCIe bridge\n  NV#  = Connection traversing a bonded set of # NVLinks\n\nNIC Legend:\n\n  NIC0: mlx5_bond_0""","{""CUDA_HOME"":""/usr/local/cuda"",""NCCL_TESTS_DIR"":""/root/nccl-tests""}"
1,p1-nccl-baseline-20260826T181721Z-16cea6a,phase1,2026-08-26T18:17:52Z,measured,16cea6aed21d649453b65981c72d4b8ea7e32605,False,unknown,,5c44f3e9a47e,Ubuntu 24.04.3 LTS,6.8.0-106-generic,AMD EPYC 9254 24-Core Processor,48,1,NVIDIA L4,2,NODE,none-single-node,False,,12.8,580.126.20,2.25.1+cuda12.8,NCCL_DEBUG=VERSION banner,,gcc (Ubuntu 13.3.0-6ubuntu2~24.04) 13.3.0,717b68318278e93f371d8ffb46b076069d7c7851,nccl-tests,all_reduce,float,sum,-1,64,16,out_of_place,20,50,2,full,6.78,0.01,0.01,0,True,True,True,0,/root/nccl-tests/build/all_reduce_perf -b 8 -e 128M -f 2 -g 2 -w 20 -n 50 -c 1 -d float,results/raw/p1-nccl-baseline-20260826T181721Z-16cea6a/all_reduce.full.r2.stdout.txt,,"[{""index"":0,""memory_total_mib"":23034,""name"":""NVIDIA L4"",""pci_bus_id"":""00000000:03:00.0""},{""index"":1,""memory_total_mib"":23034,""name"":""NVIDIA L4"",""pci_bus_id"":""00000000:C3:00.0""}]","""\t\u001b[4mGPU0\tGPU1\tNIC0\tCPU Affinity\tNUMA Affinity\tGPU NUMA ID\u001b[0m\nGPU0\t X \tNODE\tNODE\t0-47\t0\t\tN/A\nGPU1\tNODE\t X \tNODE\t0-47\t0\t\tN/A\nNIC0\tNODE\tNODE\t X \t\t\t\t\n\nLegend:\n\n  X    = Self\n  SYS  = Connection traversing PCIe as well as the SMP interconnect between NUMA nodes (e.g., QPI/UPI)\n  NODE = Connection traversing PCIe as well as the interconnect between PCIe Host Bridges within a NUMA node\n  PHB  = Connection traversing PCIe as well as a PCIe Host Bridge (typically the CPU)\n  PXB  = Connection traversing multiple PCIe bridges (without traversing the PCIe Host Bridge)\n  PIX  = Connection traversing at most a single PCIe bridge\n  NV#  = Connection traversing a bonded set of # NVLinks\n\nNIC Legend:\n\n  NIC0: mlx5_bond_0""","{""CUDA_HOME"":""/usr/local/cuda"",""NCCL_TESTS_DIR"":""/root/nccl-tests""}"
1,p1-nccl-baseline-20260826T181721Z-16cea6a,phase1,2026-08-26T18:17:52Z,measured,16cea6aed21d649453b65981c72d4b8ea7e32605,False,unknown,,5c44f3e9a47e,Ubuntu 24.04.3 LTS,6.8.0-106-generic,AMD EPYC 9254 24-Core Processor,48,1,NVIDIA L4,2,NODE,none-single-node,False,,12.8,580.126.20,2.25.1+cuda12.8,NCCL_DEBUG=VERSION banner,,gcc (Ubuntu 13.3.0-6ubuntu2~24.04) 13.3.0,717b68318278e93f371d8ffb46b076069d7c7851,nccl-tests,all_reduce,float,sum,-1,64,16,in_place,20,50,2,full,7.09,0.01,0.01,0,True,True,True,0,/root/nccl-tests/build/all_reduce_perf -b 8 -e 128M -f 2 -g 2 -w 20 -n 50 -c 1 -d float,results/raw/p1-nccl-baseline-20260826T181721Z-16cea6a/all_reduce.full.r2.stdout.txt,,"[{""index"":0,""memory_total_mib"":23034,""name"":""NVIDIA L4"",""pci_bus_id"":""00000000:03:00.0""},{""index"":1,""memory_total_mib"":23034,""name"":""NVIDIA L4"",""pci_bus_id"":""00000000:C3:00.0""}]","""\t\u001b[4mGPU0\tGPU1\tNIC0\tCPU Affinity\tNUMA Affinity\tGPU NUMA ID\u001b[0m\nGPU0\t X \tNODE\tNODE\t0-47\t0\t\tN/A\nGPU1\tNODE\t X \tNODE\t0-47\t0\t\tN/A\nNIC0\tNODE\tNODE\t X \t\t\t\t\n\nLegend:\n\n  X    = Self\n  SYS  = Connection traversing PCIe as well as the SMP interconnect between NUMA nodes (e.g., QPI/UPI)\n  NODE = Connection traversing PCIe as well as the interconnect between PCIe Host Bridges within a NUMA node\n  PHB  = Connection traversing PCIe as well as a PCIe Host Bridge (typically the CPU)\n  PXB  = Connection traversing multiple PCIe bridges (without traversing the PCIe Host Bridge)\n  PIX  = Connection traversing at most a single PCIe bridge\n  NV#  = Connection traversing a bonded set of # NVLinks\n\nNIC Legend:\n\n  NIC0: mlx5_bond_0""","{""CUDA_HOME"":""/usr/local/cuda"",""NCCL_TESTS_DIR"":""/root/nccl-tests""}"
1,p1-nccl-baseline-20260826T181721Z-16cea6a,phase1,2026-08-26T18:17:52Z,measured,16cea6aed21d649453b65981c72d4b8ea7e32605,False,unknown,,5c44f3e9a47e,Ubuntu 24.04.3 LTS,6.8.0-106-generic,AMD EPYC 9254 24-Core Processor,48,1,NVIDIA L4,2,NODE,none-single-node,False,,12.8,580.126.20,2.25.1+cuda12.8,NCCL_DEBUG=VERSION banner,,gcc (Ubuntu 13.3.0-6ubuntu2~24.04) 13.3.0,717b68318278e93f371d8ffb46b076069d7c7851,nccl-tests,all_reduce,float,sum,-1,128,32,out_of_place,20,50,2,full,7.04,0.02,0.02,0,True,True,True,0,/root/nccl-tests/build/all_reduce_perf -b 8 -e 128M -f 2 -g 2 -w 20 -n 50 -c 1 -d float,results/raw/p1-nccl-baseline-20260826T181721Z-16cea6a/all_reduce.full.r2.stdout.txt,,"[{""index"":0,""memory_total_mib"":23034,""name"":""NVIDIA L4"",""pci_bus_id"":""00000000:03:00.0""},{""index"":1,""memory_total_mib"":23034,""name"":""NVIDIA L4"",""pci_bus_id"":""00000000:C3:00.0""}]","""\t\u001b[4mGPU0\tGPU1\tNIC0\tCPU Affinity\tNUMA Affinity\tGPU NUMA ID\u001b[0m\nGPU0\t X \tNODE\tNODE\t0-47\t0\t\tN/A\nGPU1\tNODE\t X \tNODE\t0-47\t0\t\tN/A\nNIC0\tNODE\tNODE\t X \t\t\t\t\n\nLegend:\n\n  X    = Self\n  SYS  = Connection traversing PCIe as well as the SMP interconnect between NUMA nodes (e.g., QPI/UPI)\n  NODE = Connection traversing PCIe as well as the interconnect between PCIe Host Bridges within a NUMA node\n  PHB  = Connection traversing PCIe as well as a PCIe Host Bridge (typically the CPU)\n  PXB  = Connection traversing multiple PCIe bridges (without traversing the PCIe Host Bridge)\n  PIX  = Connection traversing at most a single PCIe bridge\n  NV#  = Connection traversing a bonded set of # NVLinks\n\nNIC Legend:\n\n  NIC0: mlx5_bond_0""","{""CUDA_HOME"":""/usr/local/cuda"",""NCCL_TESTS_DIR"":""/root/nccl-tests""}"
1,p1-nccl-baseline-20260826T181721Z-16cea6a,phase1,2026-08-26T18:17:52Z,measured,16cea6aed21d649453b65981c72d4b8ea7e32605,False,unknown,,5c44f3e9a47e,Ubuntu 24.04.3 LTS,6.8.0-106-generic,AMD EPYC 9254 24-Core Processor,48,1,NVIDIA L4,2,NODE,none-single-node,False,,12.8,580.126.20,2.25.1+cuda12.8,NCCL_DEBUG=VERSION banner,,gcc (Ubuntu 13.3.0-6ubuntu2~24.04) 13.3.0,717b68318278e93f371d8ffb46b076069d7c7851,nccl-tests,all_reduce,float,sum,-1,128,32,in_place,20,50,2,full,7.16,0.02,0.02,0,True,True,True,0,/root/nccl-tests/build/all_reduce_perf -b 8 -e 128M -f 2 -g 2 -w 20 -n 50 -c 1 -d float,results/raw/p1-nccl-baseline-20260826T181721Z-16cea6a/all_reduce.full.r2.stdout.txt,,"[{""index"":0,""memory_total_mib"":23034,""name"":""NVIDIA L4"",""pci_bus_id"":""00000000:03:00.0""},{""index"":1,""memory_total_mib"":23034,""name"":""NVIDIA L4"",""pci_bus_id"":""00000000:C3:00.0""}]","""\t\u001b[4mGPU0\tGPU1\tNIC0\tCPU Affinity\tNUMA Affinity\tGPU NUMA ID\u001b[0m\nGPU0\t X \tNODE\tNODE\t0-47\t0\t\tN/A\nGPU1\tNODE\t X \tNODE\t0-47\t0\t\tN/A\nNIC0\tNODE\tNODE\t X \t\t\t\t\n\nLegend:\n\n  X    = Self\n  SYS  = Connection traversing PCIe as well as the SMP interconnect between NUMA nodes (e.g., QPI/UPI)\n  NODE = Connection traversing PCIe as well as the interconnect between PCIe Host Bridges within a NUMA node\n  PHB  = Connection traversing PCIe as well as a PCIe Host Bridge (typically the CPU)\n  PXB  = Connection traversing multiple PCIe bridges (without traversing the PCIe Host Bridge)\n  PIX  = Connection traversing at most a single PCIe bridge\n  NV#  = Connection traversing a bonded set of # NVLinks\n\nNIC Legend:\n\n  NIC0: mlx5_bond_0""","{""CUDA_HOME"":""/usr/local/cuda"",""NCCL_TESTS_DIR"":""/root/nccl-tests""}"
1,p1-nccl-baseline-20260826T181721Z-16cea6a,phase1,2026-08-26T18:17:52Z,measured,16cea6aed21d649453b65981c72d4b8ea7e32605,False,unknown,,5c44f3e9a47e,Ubuntu 24.04.3 LTS,6.8.0-106-generic,AMD EPYC 9254 24-Core Processor,48,1,NVIDIA L4,2,NODE,none-single-node,False,,12.8,580.126.20,2.25.1+cuda12.8,NCCL_DEBUG=VERSION banner,,gcc (Ubuntu 13.3.0-6ubuntu2~24.04) 13.3.0,717b68318278e93f371d8ffb46b076069d7c7851,nccl-tests,all_reduce,float,sum,-1,256,64,out_of_place,20,50,2,full,7.03,0.04,0.04,0,True,True,True,0,/root/nccl-tests/build/all_reduce_perf -b 8 -e 128M -f 2 -g 2 -w 20 -n 50 -c 1 -d float,results/raw/p1-nccl-baseline-20260826T181721Z-16cea6a/all_reduce.full.r2.stdout.txt,,"[{""index"":0,""memory_total_mib"":23034,""name"":""NVIDIA L4"",""pci_bus_id"":""00000000:03:00.0""},{""index"":1,""memory_total_mib"":23034,""name"":""NVIDIA L4"",""pci_bus_id"":""00000000:C3:00.0""}]","""\t\u001b[4mGPU0\tGPU1\tNIC0\tCPU Affinity\tNUMA Affinity\tGPU NUMA ID\u001b[0m\nGPU0\t X \tNODE\tNODE\t0-47\t0\t\tN/A\nGPU1\tNODE\t X \tNODE\t0-47\t0\t\tN/A\nNIC0\tNODE\tNODE\t X \t\t\t\t\n\nLegend:\n\n  X    = Self\n  SYS  = Connection traversing PCIe as well as the SMP interconnect between NUMA nodes (e.g., QPI/UPI)\n  NODE = Connection traversing PCIe as well as the interconnect between PCIe Host Bridges within a NUMA node\n  PHB  = Connection traversing PCIe as well as a PCIe Host Bridge (typically the CPU)\n  PXB  = Connection traversing multiple PCIe bridges (without traversing the PCIe Host Bridge)\n  PIX  = Connection traversing at most a single PCIe bridge\n  NV#  = Connection traversing a bonded set of # NVLinks\n\nNIC Legend:\n\n  NIC0: mlx5_bond_0""","{""CUDA_HOME"":""/usr/local/cuda"",""NCCL_TESTS_DIR"":""/root/nccl-tests""}"
1,p1-nccl-baseline-20260826T181721Z-16cea6a,phase1,2026-08-26T18:17:52Z,measured,16cea6aed21d649453b65981c72d4b8ea7e32605,False,unknown,,5c44f3e9a47e,Ubuntu 24.04.3 LTS,6.8.0-106-generic,AMD EPYC 9254 24-Core Processor,48,1,NVIDIA L4,2,NODE,none-single-node,False,,12.8,580.126.20,2.25.1+cuda12.8,NCCL_DEBUG=VERSION banner,,gcc (Ubuntu 13.3.0-6ubuntu2~24.04) 13.3.0,717b68318278e93f371d8ffb46b076069d7c7851,nccl-tests,all_reduce,float,sum,-1,256,64,in_place,20,50,2,full,6.9,0.04,0.04,0,True,True,True,0,/root/nccl-tests/build/all_reduce_perf -b 8 -e 128M -f 2 -g 2 -w 20 -n 50 -c 1 -d float,results/raw/p1-nccl-baseline-20260826T181721Z-16cea6a/all_reduce.full.r2.stdout.txt,,"[{""index"":0,""memory_total_mib"":23034,""name"":""NVIDIA L4"",""pci_bus_id"":""00000000:03:00.0""},{""index"":1,""memory_total_mib"":23034,""name"":""NVIDIA L4"",""pci_bus_id"":""00000000:C3:00.0""}]","""\t\u001b[4mGPU0\tGPU1\tNIC0\tCPU Affinity\tNUMA Affinity\tGPU NUMA ID\u001b[0m\nGPU0\t X \tNODE\tNODE\t0-47\t0\t\tN/A\nGPU1\tNODE\t X \tNODE\t0-47\t0\t\tN/A\nNIC0\tNODE\tNODE\t X \t\t\t\t\n\nLegend:\n\n  X    = Self\n  SYS  = Connection traversing PCIe as well as the SMP interconnect between NUMA nodes (e.g., QPI/UPI)\n  NODE = Connection traversing PCIe as well as the interconnect between PCIe Host Bridges within a NUMA node\n  PHB  = Connection traversing PCIe as well as a PCIe Host Bridge (typically the CPU)\n  PXB  = Connection traversing multiple PCIe bridges (without traversing the PCIe Host Bridge)\n  PIX  = Connection traversing at most a single PCIe bridge\n  NV#  = Connection traversing a bonded set of # NVLinks\n\nNIC Legend:\n\n  NIC0: mlx5_bond_0""","{""CUDA_HOME"":""/usr/local/cuda"",""NCCL_TESTS_DIR"":""/root/nccl-tests""}"
1,p1-nccl-baseline-20260826T181721Z-16cea6a,phase1,2026-08-26T18:17:52Z,measured,16cea6aed21d649453b65981c72d4b8ea7e32605,False,unknown,,5c44f3e9a47e,Ubuntu 24.04.3 LTS,6.8.0-106-generic,AMD EPYC 9254 24-Core Processor,48,1,NVIDIA L4,2,NODE,none-single-node,False,,12.8,580.126.20,2.25.1+cuda12.8,NCCL_DEBUG=VERSION banner,,gcc (Ubuntu 13.3.0-6ubuntu2~24.04) 13.3.0,717b68318278e93f371d8ffb46b076069d7c7851,nccl-tests,all_reduce,float,sum,-1,512,128,out_of_place,20,50,2,full,6.95,0.07,0.07,0,True,True,True,0,/root/nccl-tests/build/all_reduce_perf -b 8 -e 128M -f 2 -g 2 -w 20 -n 50 -c 1 -d float,results/raw/p1-nccl-baseline-20260826T181721Z-16cea6a/all_reduce.full.r2.stdout.txt,,"[{""index"":0,""memory_total_mib"":23034,""name"":""NVIDIA L4"",""pci_bus_id"":""00000000:03:00.0""},{""index"":1,""memory_total_mib"":23034,""name"":""NVIDIA L4"",""pci_bus_id"":""00000000:C3:00.0""}]","""\t\u001b[4mGPU0\tGPU1\tNIC0\tCPU Affinity\tNUMA Affinity\tGPU NUMA ID\u001b[0m\nGPU0\t X \tNODE\tNODE\t0-47\t0\t\tN/A\nGPU1\tNODE\t X \tNODE\t0-47\t0\t\tN/A\nNIC0\tNODE\tNODE\t X \t\t\t\t\n\nLegend:\n\n  X    = Self\n  SYS  = Connection traversing PCIe as well as the SMP interconnect between NUMA nodes (e.g., QPI/UPI)\n  NODE = Connection traversing PCIe as well as the interconnect between PCIe Host Bridges within a NUMA node\n  PHB  = Connection traversing PCIe as well as a PCIe Host Bridge (typically the CPU)\n  PXB  = Connection traversing multiple PCIe bridges (without traversing the PCIe Host Bridge)\n  PIX  = Connection traversing at most a single PCIe bridge\n  NV#  = Connection traversing a bonded set of # NVLinks\n\nNIC Legend:\n\n  NIC0: mlx5_bond_0""","{""CUDA_HOME"":""/usr/local/cuda"",""NCCL_TESTS_DIR"":""/root/nccl-tests""}"
1,p1-nccl-baseline-20260826T181721Z-16cea6a,phase1,2026-08-26T18:17:52Z,measured,16cea6aed21d649453b65981c72d4b8ea7e32605,False,unknown,,5c44f3e9a47e,Ubuntu 24.04.3 LTS,6.8.0-106-generic,AMD EPYC 9254 24-Core Processor,48,1,NVIDIA L4,2,NODE,none-single-node,False,,12.8,580.126.20,2.25.1+cuda12.8,NCCL_DEBUG=VERSION banner,,gcc (Ubuntu 13.3.0-6ubuntu2~24.04) 13.3.0,717b68318278e93f371d8ffb46b076069d7c7851,nccl-tests,all_reduce,float,sum,-1,512,128,in_place,20,50,2,full,6.88,0.07,0.07,0,True,True,True,0,/root/nccl-tests/build/all_reduce_perf -b 8 -e 128M -f 2 -g 2 -w 20 -n 50 -c 1 -d float,results/raw/p1-nccl-baseline-20260826T181721Z-16cea6a/all_reduce.full.r2.stdout.txt,,"[{""index"":0,""memory_total_mib"":23034,""name"":""NVIDIA L4"",""pci_bus_id"":""00000000:03:00.0""},{""index"":1,""memory_total_mib"":23034,""name"":""NVIDIA L4"",""pci_bus_id"":""00000000:C3:00.0""}]","""\t\u001b[4mGPU0\tGPU1\tNIC0\tCPU Affinity\tNUMA Affinity\tGPU NUMA ID\u001b[0m\nGPU0\t X \tNODE\tNODE\t0-47\t0\t\tN/A\nGPU1\tNODE\t X \tNODE\t0-47\t0\t\tN/A\nNIC0\tNODE\tNODE\t X \t\t\t\t\n\nLegend:\n\n  X    = Self\n  SYS  = Connection traversing PCIe as well as the SMP interconnect between NUMA nodes (e.g., QPI/UPI)\n  NODE = Connection traversing PCIe as well as the interconnect between PCIe Host Bridges within a NUMA node\n  PHB  = Connection traversing PCIe as well as a PCIe Host Bridge (typically the CPU)\n  PXB  = Connection traversing multiple PCIe bridges (without traversing the PCIe Host Bridge)\n  PIX  = Connection traversing at most a single PCIe bridge\n  NV#  = Connection traversing a bonded set of # NVLinks\n\nNIC Legend:\n\n  NIC0: mlx5_bond_0""","{""CUDA_HOME"":""/usr/local/cuda"",""NCCL_TESTS_DIR"":""/root/nccl-tests""}"
1,p1-nccl-baseline-20260826T181721Z-16cea6a,phase1,2026-08-26T18:17:52Z,measured,16cea6aed21d649453b65981c72d4b8ea7e32605,False,unknown,,5c44f3e9a47e,Ubuntu 24.04.3 LTS,6.8.0-106-generic,AMD EPYC 9254 24-Core Processor,48,1,NVIDIA L4,2,NODE,none-single-node,False,,12.8,580.126.20,2.25.1+cuda12.8,NCCL_DEBUG=VERSION banner,,gcc (Ubuntu 13.3.0-6ubuntu2~24.04) 13.3.0,717b68318278e93f371d8ffb46b076069d7c7851,nccl-tests,all_reduce,float,sum,-1,1024,256,out_of_place,20,50,2,full,7.1,0.14,0.14,0,True,True,True,0,/root/nccl-tests/build/all_reduce_perf -b 8 -e 128M -f 2 -g 2 -w 20 -n 50 -c 1 -d float,results/raw/p1-nccl-baseline-20260826T181721Z-16cea6a/all_reduce.full.r2.stdout.txt,,"[{""index"":0,""memory_total_mib"":23034,""name"":""NVIDIA L4"",""pci_bus_id"":""00000000:03:00.0""},{""index"":1,""memory_total_mib"":23034,""name"":""NVIDIA L4"",""pci_bus_id"":""00000000:C3:00.0""}]","""\t\u001b[4mGPU0\tGPU1\tNIC0\tCPU Affinity\tNUMA Affinity\tGPU NUMA ID\u001b[0m\nGPU0\t X \tNODE\tNODE\t0-47\t0\t\tN/A\nGPU1\tNODE\t X \tNODE\t0-47\t0\t\tN/A\nNIC0\tNODE\tNODE\t X \t\t\t\t\n\nLegend:\n\n  X    = Self\n  SYS  = Connection traversing PCIe as well as the SMP interconnect between NUMA nodes (e.g., QPI/UPI)\n  NODE = Connection traversing PCIe as well as the interconnect between PCIe Host Bridges within a NUMA node\n  PHB  = Connection traversing PCIe as well as a PCIe Host Bridge (typically the CPU)\n  PXB  = Connection traversing multiple PCIe bridges (without traversing the PCIe Host Bridge)\n  PIX  = Connection traversing at most a single PCIe bridge\n  NV#  = Connection traversing a bonded set of # NVLinks\n\nNIC Legend:\n\n  NIC0: mlx5_bond_0""","{""CUDA_HOME"":""/usr/local/cuda"",""NCCL_TESTS_DIR"":""/root/nccl-tests""}"
1,p1-nccl-baseline-20260826T181721Z-16cea6a,phase1,2026-08-26T18:17:52Z,measured,16cea6aed21d649453b65981c72d4b8ea7e32605,False,unknown,,5c44f3e9a47e,Ubuntu 24.04.3 LTS,6.8.0-106-generic,AMD EPYC 9254 24-Core Processor,48,1,NVIDIA L4,2,NODE,none-single-node,False,,12.8,580.126.20,2.25.1+cuda12.8,NCCL_DEBUG=VERSION banner,,gcc (Ubuntu 13.3.0-6ubuntu2~24.04) 13.3.0,717b68318278e93f371d8ffb46b076069d7c7851,nccl-tests,all_reduce,float,sum,-1,1024,256,in_place,20,50,2,full,7.22,0.14,0.14,0,True,True,True,0,/root/nccl-tests/build/all_reduce_perf -b 8 -e 128M -f 2 -g 2 -w 20 -n 50 -c 1 -d float,results/raw/p1-nccl-baseline-20260826T181721Z-16cea6a/all_reduce.full.r2.stdout.txt,,"[{""index"":0,""memory_total_mib"":23034,""name"":""NVIDIA L4"",""pci_bus_id"":""00000000:03:00.0""},{""index"":1,""memory_total_mib"":23034,""name"":""NVIDIA L4"",""pci_bus_id"":""00000000:C3:00.0""}]","""\t\u001b[4mGPU0\tGPU1\tNIC0\tCPU Affinity\tNUMA Affinity\tGPU NUMA ID\u001b[0m\nGPU0\t X \tNODE\tNODE\t0-47\t0\t\tN/A\nGPU1\tNODE\t X \tNODE\t0-47\t0\t\tN/A\nNIC0\tNODE\tNODE\t X \t\t\t\t\n\nLegend:\n\n  X    = Self\n  SYS  = Connection traversing PCIe as well as the SMP interconnect between NUMA nodes (e.g., QPI/UPI)\n  NODE = Connection traversing PCIe as well as the interconnect between PCIe Host Bridges within a NUMA node\n  PHB  = Connection traversing PCIe as well as a PCIe Host Bridge (typically the CPU)\n  PXB  = Connection traversing multiple PCIe bridges (without traversing the PCIe Host Bridge)\n  PIX  = Connection traversing at most a single PCIe bridge\n  NV#  = Connection traversing a bonded set of # NVLinks\n\nNIC Legend:\n\n  NIC0: mlx5_bond_0""","{""CUDA_HOME"":""/usr/local/cuda"",""NCCL_TESTS_DIR"":""/root/nccl-tests""}"
1,p1-nccl-baseline-20260826T181721Z-16cea6a,phase1,2026-08-26T18:17:52Z,measured,16cea6aed21d649453b65981c72d4b8ea7e32605,False,unknown,,5c44f3e9a47e,Ubuntu 24.04.3 LTS,6.8.0-106-generic,AMD EPYC 9254 24-Core Processor,48,1,NVIDIA L4,2,NODE,none-single-node,False,,12.8,580.126.20,2.25.1+cuda12.8,NCCL_DEBUG=VERSION banner,,gcc (Ubuntu 13.3.0-6ubuntu2~24.04) 13.3.0,717b68318278e93f371d8ffb46b076069d7c7851,nccl-tests,all_reduce,float,sum,-1,2048,512,out_of_place,20,50,2,full,7.19,0.28,0.28,0,True,True,True,0,/root/nccl-tests/build/all_reduce_perf -b 8 -e 128M -f 2 -g 2 -w 20 -n 50 -c 1 -d float,results/raw/p1-nccl-baseline-20260826T181721Z-16cea6a/all_reduce.full.r2.stdout.txt,,"[{""index"":0,""memory_total_mib"":23034,""name"":""NVIDIA L4"",""pci_bus_id"":""00000000:03:00.0""},{""index"":1,""memory_total_mib"":23034,""name"":""NVIDIA L4"",""pci_bus_id"":""00000000:C3:00.0""}]","""\t\u001b[4mGPU0\tGPU1\tNIC0\tCPU Affinity\tNUMA Affinity\tGPU NUMA ID\u001b[0m\nGPU0\t X \tNODE\tNODE\t0-47\t0\t\tN/A\nGPU1\tNODE\t X \tNODE\t0-47\t0\t\tN/A\nNIC0\tNODE\tNODE\t X \t\t\t\t\n\nLegend:\n\n  X    = Self\n  SYS  = Connection traversing PCIe as well as the SMP interconnect between NUMA nodes (e.g., QPI/UPI)\n  NODE = Connection traversing PCIe as well as the interconnect between PCIe Host Bridges within a NUMA node\n  PHB  = Connection traversing PCIe as well as a PCIe Host Bridge (typically the CPU)\n  PXB  = Connection traversing multiple PCIe bridges (without traversing the PCIe Host Bridge)\n  PIX  = Connection traversing at most a single PCIe bridge\n  NV#  = Connection traversing a bonded set of # NVLinks\n\nNIC Legend:\n\n  NIC0: mlx5_bond_0""","{""CUDA_HOME"":""/usr/local/cuda"",""NCCL_TESTS_DIR"":""/root/nccl-tests""}"
1,p1-nccl-baseline-20260826T181721Z-16cea6a,phase1,2026-08-26T18:17:52Z,measured,16cea6aed21d649453b65981c72d4b8ea7e32605,False,unknown,,5c44f3e9a47e,Ubuntu 24.04.3 LTS,6.8.0-106-generic,AMD EPYC 9254 24-Core Processor,48,1,NVIDIA L4,2,NODE,none-single-node,False,,12.8,580.126.20,2.25.1+cuda12.8,NCCL_DEBUG=VERSION banner,,gcc (Ubuntu 13.3.0-6ubuntu2~24.04) 13.3.0,717b68318278e93f371d8ffb46b076069d7c7851,nccl-tests,all_reduce,float,sum,-1,2048,512,in_place,20,50,2,full,6.95,0.29,0.29,0,True,True,True,0,/root/nccl-tests/build/all_reduce_perf -b 8 -e 128M -f 2 -g 2 -w 20 -n 50 -c 1 -d float,results/raw/p1-nccl-baseline-20260826T181721Z-16cea6a/all_reduce.full.r2.stdout.txt,,"[{""index"":0,""memory_total_mib"":23034,""name"":""NVIDIA L4"",""pci_bus_id"":""00000000:03:00.0""},{""index"":1,""memory_total_mib"":23034,""name"":""NVIDIA L4"",""pci_bus_id"":""00000000:C3:00.0""}]","""\t\u001b[4mGPU0\tGPU1\tNIC0\tCPU Affinity\tNUMA Affinity\tGPU NUMA ID\u001b[0m\nGPU0\t X \tNODE\tNODE\t0-47\t0\t\tN/A\nGPU1\tNODE\t X \tNODE\t0-47\t0\t\tN/A\nNIC0\tNODE\tNODE\t X \t\t\t\t\n\nLegend:\n\n  X    = Self\n  SYS  = Connection traversing PCIe as well as the SMP interconnect between NUMA nodes (e.g., QPI/UPI)\n  NODE = Connection traversing PCIe as well as the interconnect between PCIe Host Bridges within a NUMA node\n  PHB  = Connection traversing PCIe as well as a PCIe Host Bridge (typically the CPU)\n  PXB  = Connection traversing multiple PCIe bridges (without traversing the PCIe Host Bridge)\n  PIX  = Connection traversing at most a single PCIe bridge\n  NV#  = Connection traversing a bonded set of # NVLinks\n\nNIC Legend:\n\n  NIC0: mlx5_bond_0""","{""CUDA_HOME"":""/usr/local/cuda"",""NCCL_TESTS_DIR"":""/root/nccl-tests""}"
1,p1-nccl-baseline-20260826T181721Z-16cea6a,phase1,2026-08-26T18:17:52Z,measured,16cea6aed21d649453b65981c72d4b8ea7e32605,False,unknown,,5c44f3e9a47e,Ubuntu 24.04.3 LTS,6.8.0-106-generic,AMD EPYC 9254 24-Core Processor,48,1,NVIDIA L4,2,NODE,none-single-node,False,,12.8,580.126.20,2.25.1+cuda12.8,NCCL_DEBUG=VERSION banner,,gcc (Ubuntu 13.3.0-6ubuntu2~24.04) 13.3.0,717b68318278e93f371d8ffb46b076069d7c7851,nccl-tests,all_reduce,float,sum,-1,4096,1024,out_of_place,20,50,2,full,7.48,0.55,0.55,0,True,True,True,0,/root/nccl-tests/build/all_reduce_perf -b 8 -e 128M -f 2 -g 2 -w 20 -n 50 -c 1 -d float,results/raw/p1-nccl-baseline-20260826T181721Z-16cea6a/all_reduce.full.r2.stdout.txt,,"[{""index"":0,""memory_total_mib"":23034,""name"":""NVIDIA L4"",""pci_bus_id"":""00000000:03:00.0""},{""index"":1,""memory_total_mib"":23034,""name"":""NVIDIA L4"",""pci_bus_id"":""00000000:C3:00.0""}]","""\t\u001b[4mGPU0\tGPU1\tNIC0\tCPU Affinity\tNUMA Affinity\tGPU NUMA ID\u001b[0m\nGPU0\t X \tNODE\tNODE\t0-47\t0\t\tN/A\nGPU1\tNODE\t X \tNODE\t0-47\t0\t\tN/A\nNIC0\tNODE\tNODE\t X \t\t\t\t\n\nLegend:\n\n  X    = Self\n  SYS  = Connection traversing PCIe as well as the SMP interconnect between NUMA nodes (e.g., QPI/UPI)\n  NODE = Connection traversing PCIe as well as the interconnect between PCIe Host Bridges within a NUMA node\n  PHB  = Connection traversing PCIe as well as a PCIe Host Bridge (typically the CPU)\n  PXB  = Connection traversing multiple PCIe bridges (without traversing the PCIe Host Bridge)\n  PIX  = Connection traversing at most a single PCIe bridge\n  NV#  = Connection traversing a bonded set of # NVLinks\n\nNIC Legend:\n\n  NIC0: mlx5_bond_0""","{""CUDA_HOME"":""/usr/local/cuda"",""NCCL_TESTS_DIR"":""/root/nccl-tests""}"
1,p1-nccl-baseline-20260826T181721Z-16cea6a,phase1,2026-08-26T18:17:52Z,measured,16cea6aed21d649453b65981c72d4b8ea7e32605,False,unknown,,5c44f3e9a47e,Ubuntu 24.04.3 LTS,6.8.0-106-generic,AMD EPYC 9254 24-Core Processor,48,1,NVIDIA L4,2,NODE,none-single-node,False,,12.8,580.126.20,2.25.1+cuda12.8,NCCL_DEBUG=VERSION banner,,gcc (Ubuntu 13.3.0-6ubuntu2~24.04) 13.3.0,717b68318278e93f371d8ffb46b076069d7c7851,nccl-tests,all_reduce,float,sum,-1,4096,1024,in_place,20,50,2,full,6.87,0.6,0.6,0,True,True,True,0,/root/nccl-tests/build/all_reduce_perf -b 8 -e 128M -f 2 -g 2 -w 20 -n 50 -c 1 -d float,results/raw/p1-nccl-baseline-20260826T181721Z-16cea6a/all_reduce.full.r2.stdout.txt,,"[{""index"":0,""memory_total_mib"":23034,""name"":""NVIDIA L4"",""pci_bus_id"":""00000000:03:00.0""},{""index"":1,""memory_total_mib"":23034,""name"":""NVIDIA L4"",""pci_bus_id"":""00000000:C3:00.0""}]","""\t\u001b[4mGPU0\tGPU1\tNIC0\tCPU Affinity\tNUMA Affinity\tGPU NUMA ID\u001b[0m\nGPU0\t X \tNODE\tNODE\t0-47\t0\t\tN/A\nGPU1\tNODE\t X \tNODE\t0-47\t0\t\tN/A\nNIC0\tNODE\tNODE\t X \t\t\t\t\n\nLegend:\n\n  X    = Self\n  SYS  = Connection traversing PCIe as well as the SMP interconnect between NUMA nodes (e.g., QPI/UPI)\n  NODE = Connection traversing PCIe as well as the interconnect between PCIe Host Bridges within a NUMA node\n  PHB  = Connection traversing PCIe as well as a PCIe Host Bridge (typically the CPU)\n  PXB  = Connection traversing multiple PCIe bridges (without traversing the PCIe Host Bridge)\n  PIX  = Connection traversing at most a single PCIe bridge\n  NV#  = Connection traversing a bonded set of # NVLinks\n\nNIC Legend:\n\n  NIC0: mlx5_bond_0""","{""CUDA_HOME"":""/usr/local/cuda"",""NCCL_TESTS_DIR"":""/root/nccl-tests""}"
1,p1-nccl-baseline-20260826T181721Z-16cea6a,phase1,2026-08-26T18:17:52Z,measured,16cea6aed21d649453b65981c72d4b8ea7e32605,False,unknown,,5c44f3e9a47e,Ubuntu 24.04.3 LTS,6.8.0-106-generic,AMD EPYC 9254 24-Core Processor,48,1,NVIDIA L4,2,NODE,none-single-node,False,,12.8,580.126.20,2.25.1+cuda12.8,NCCL_DEBUG=VERSION banner,,gcc (Ubuntu 13.3.0-6ubuntu2~24.04) 13.3.0,717b68318278e93f371d8ffb46b076069d7c7851,nccl-tests,all_reduce,float,sum,-1,8192,2048,out_of_place,20,50,2,full,7.59,1.08,1.08,0,True,True,True,0,/root/nccl-tests/build/all_reduce_perf -b 8 -e 128M -f 2 -g 2 -w 20 -n 50 -c 1 -d float,results/raw/p1-nccl-baseline-20260826T181721Z-16cea6a/all_reduce.full.r2.stdout.txt,,"[{""index"":0,""memory_total_mib"":23034,""name"":""NVIDIA L4"",""pci_bus_id"":""00000000:03:00.0""},{""index"":1,""memory_total_mib"":23034,""name"":""NVIDIA L4"",""pci_bus_id"":""00000000:C3:00.0""}]","""\t\u001b[4mGPU0\tGPU1\tNIC0\tCPU Affinity\tNUMA Affinity\tGPU NUMA ID\u001b[0m\nGPU0\t X \tNODE\tNODE\t0-47\t0\t\tN/A\nGPU1\tNODE\t X \tNODE\t0-47\t0\t\tN/A\nNIC0\tNODE\tNODE\t X \t\t\t\t\n\nLegend:\n\n  X    = Self\n  SYS  = Connection traversing PCIe as well as the SMP interconnect between NUMA nodes (e.g., QPI/UPI)\n  NODE = Connection traversing PCIe as well as the interconnect between PCIe Host Bridges within a NUMA node\n  PHB  = Connection traversing PCIe as well as a PCIe Host Bridge (typically the CPU)\n  PXB  = Connection traversing multiple PCIe bridges (without traversing the PCIe Host Bridge)\n  PIX  = Connection traversing at most a single PCIe bridge\n  NV#  = Connection traversing a bonded set of # NVLinks\n\nNIC Legend:\n\n  NIC0: mlx5_bond_0""","{""CUDA_HOME"":""/usr/local/cuda"",""NCCL_TESTS_DIR"":""/root/nccl-tests""}"
1,p1-nccl-baseline-20260826T181721Z-16cea6a,phase1,2026-08-26T18:17:52Z,measured,16cea6aed21d649453b65981c72d4b8ea7e32605,False,unknown,,5c44f3e9a47e,Ubuntu 24.04.3 LTS,6.8.0-106-generic,AMD EPYC 9254 24-Core Processor,48,1,NVIDIA L4,2,NODE,none-single-node,False,,12.8,580.126.20,2.25.1+cuda12.8,NCCL_DEBUG=VERSION banner,,gcc (Ubuntu 13.3.0-6ubuntu2~24.04) 13.3.0,717b68318278e93f371d8ffb46b076069d7c7851,nccl-tests,all_reduce,float,sum,-1,8192,2048,in_place,20,50,2,full,7.53,1.09,1.09,0,True,True,True,0,/root/nccl-tests/build/all_reduce_perf -b 8 -e 128M -f 2 -g 2 -w 20 -n 50 -c 1 -d float,results/raw/p1-nccl-baseline-20260826T181721Z-16cea6a/all_reduce.full.r2.stdout.txt,,"[{""index"":0,""memory_total_mib"":23034,""name"":""NVIDIA L4"",""pci_bus_id"":""00000000:03:00.0""},{""index"":1,""memory_total_mib"":23034,""name"":""NVIDIA L4"",""pci_bus_id"":""00000000:C3:00.0""}]","""\t\u001b[4mGPU0\tGPU1\tNIC0\tCPU Affinity\tNUMA Affinity\tGPU NUMA ID\u001b[0m\nGPU0\t X \tNODE\tNODE\t0-47\t0\t\tN/A\nGPU1\tNODE\t X \tNODE\t0-47\t0\t\tN/A\nNIC0\tNODE\tNODE\t X \t\t\t\t\n\nLegend:\n\n  X    = Self\n  SYS  = Connection traversing PCIe as well as the SMP interconnect between NUMA nodes (e.g., QPI/UPI)\n  NODE = Connection traversing PCIe as well as the interconnect between PCIe Host Bridges within a NUMA node\n  PHB  = Connection traversing PCIe as well as a PCIe Host Bridge (typically the CPU)\n  PXB  = Connection traversing multiple PCIe bridges (without traversing the PCIe Host Bridge)\n  PIX  = Connection traversing at most a single PCIe bridge\n  NV#  = Connection traversing a bonded set of # NVLinks\n\nNIC Legend:\n\n  NIC0: mlx5_bond_0""","{""CUDA_HOME"":""/usr/local/cuda"",""NCCL_TESTS_DIR"":""/root/nccl-tests""}"
1,p1-nccl-baseline-20260826T181721Z-16cea6a,phase1,2026-08-26T18:17:52Z,measured,16cea6aed21d649453b65981c72d4b8ea7e32605,False,unknown,,5c44f3e9a47e,Ubuntu 24.04.3 LTS,6.8.0-106-generic,AMD EPYC 9254 24-Core Processor,48,1,NVIDIA L4,2,NODE,none-single-node,False,,12.8,580.126.20,2.25.1+cuda12.8,NCCL_DEBUG=VERSION banner,,gcc (Ubuntu 13.3.0-6ubuntu2~24.04) 13.3.0,717b68318278e93f371d8ffb46b076069d7c7851,nccl-tests,all_reduce,float,sum,-1,16384,4096,out_of_place,20,50,2,full,9.21,1.78,1.78,0,True,True,True,0,/root/nccl-tests/build/all_reduce_perf -b 8 -e 128M -f 2 -g 2 -w 20 -n 50 -c 1 -d float,results/raw/p1-nccl-baseline-20260826T181721Z-16cea6a/all_reduce.full.r2.stdout.txt,,"[{""index"":0,""memory_total_mib"":23034,""name"":""NVIDIA L4"",""pci_bus_id"":""00000000:03:00.0""},{""index"":1,""memory_total_mib"":23034,""name"":""NVIDIA L4"",""pci_bus_id"":""00000000:C3:00.0""}]","""\t\u001b[4mGPU0\tGPU1\tNIC0\tCPU Affinity\tNUMA Affinity\tGPU NUMA ID\u001b[0m\nGPU0\t X \tNODE\tNODE\t0-47\t0\t\tN/A\nGPU1\tNODE\t X \tNODE\t0-47\t0\t\tN/A\nNIC0\tNODE\tNODE\t X \t\t\t\t\n\nLegend:\n\n  X    = Self\n  SYS  = Connection traversing PCIe as well as the SMP interconnect between NUMA nodes (e.g., QPI/UPI)\n  NODE = Connection traversing PCIe as well as the interconnect between PCIe Host Bridges within a NUMA node\n  PHB  = Connection traversing PCIe as well as a PCIe Host Bridge (typically the CPU)\n  PXB  = Connection traversing multiple PCIe bridges (without traversing the PCIe Host Bridge)\n  PIX  = Connection traversing at most a single PCIe bridge\n  NV#  = Connection traversing a bonded set of # NVLinks\n\nNIC Legend:\n\n  NIC0: mlx5_bond_0""","{""CUDA_HOME"":""/usr/local/cuda"",""NCCL_TESTS_DIR"":""/root/nccl-tests""}"
1,p1-nccl-baseline-20260826T181721Z-16cea6a,phase1,2026-08-26T18:17:52Z,measured,16cea6aed21d649453b65981c72d4b8ea7e32605,False,unknown,,5c44f3e9a47e,Ubuntu 24.04.3 LTS,6.8.0-106-generic,AMD EPYC 9254 24-Core Processor,48,1,NVIDIA L4,2,NODE,none-single-node,False,,12.8,580.126.20,2.25.1+cuda12.8,NCCL_DEBUG=VERSION banner,,gcc (Ubuntu 13.3.0-6ubuntu2~24.04) 13.3.0,717b68318278e93f371d8ffb46b076069d7c7851,nccl-tests,all_reduce,float,sum,-1,16384,4096,in_place,20,50,2,full,9.17,1.79,1.79,0,True,True,True,0,/root/nccl-tests/build/all_reduce_perf -b 8 -e 128M -f 2 -g 2 -w 20 -n 50 -c 1 -d float,results/raw/p1-nccl-baseline-20260826T181721Z-16cea6a/all_reduce.full.r2.stdout.txt,,"[{""index"":0,""memory_total_mib"":23034,""name"":""NVIDIA L4"",""pci_bus_id"":""00000000:03:00.0""},{""index"":1,""memory_total_mib"":23034,""name"":""NVIDIA L4"",""pci_bus_id"":""00000000:C3:00.0""}]","""\t\u001b[4mGPU0\tGPU1\tNIC0\tCPU Affinity\tNUMA Affinity\tGPU NUMA ID\u001b[0m\nGPU0\t X \tNODE\tNODE\t0-47\t0\t\tN/A\nGPU1\tNODE\t X \tNODE\t0-47\t0\t\tN/A\nNIC0\tNODE\tNODE\t X \t\t\t\t\n\nLegend:\n\n  X    = Self\n  SYS  = Connection traversing PCIe as well as the SMP interconnect between NUMA nodes (e.g., QPI/UPI)\n  NODE = Connection traversing PCIe as well as the interconnect between PCIe Host Bridges within a NUMA node\n  PHB  = Connection traversing PCIe as well as a PCIe Host Bridge (typically the CPU)\n  PXB  = Connection traversing multiple PCIe bridges (without traversing the PCIe Host Bridge)\n  PIX  = Connection traversing at most a single PCIe bridge\n  NV#  = Connection traversing a bonded set of # NVLinks\n\nNIC Legend:\n\n  NIC0: mlx5_bond_0""","{""CUDA_HOME"":""/usr/local/cuda"",""NCCL_TESTS_DIR"":""/root/nccl-tests""}"
1,p1-nccl-baseline-20260826T181721Z-16cea6a,phase1,2026-08-26T18:17:52Z,measured,16cea6aed21d649453b65981c72d4b8ea7e32605,False,unknown,,5c44f3e9a47e,Ubuntu 24.04.3 LTS,6.8.0-106-generic,AMD EPYC 9254 24-Core Processor,48,1,NVIDIA L4,2,NODE,none-single-node,False,,12.8,580.126.20,2.25.1+cuda12.8,NCCL_DEBUG=VERSION banner,,gcc (Ubuntu 13.3.0-6ubuntu2~24.04) 13.3.0,717b68318278e93f371d8ffb46b076069d7c7851,nccl-tests,all_reduce,float,sum,-1,32768,8192,out_of_place,20,50,2,full,12.1,2.71,2.71,0,True,True,True,0,/root/nccl-tests/build/all_reduce_perf -b 8 -e 128M -f 2 -g 2 -w 20 -n 50 -c 1 -d float,results/raw/p1-nccl-baseline-20260826T181721Z-16cea6a/all_reduce.full.r2.stdout.txt,,"[{""index"":0,""memory_total_mib"":23034,""name"":""NVIDIA L4"",""pci_bus_id"":""00000000:03:00.0""},{""index"":1,""memory_total_mib"":23034,""name"":""NVIDIA L4"",""pci_bus_id"":""00000000:C3:00.0""}]","""\t\u001b[4mGPU0\tGPU1\tNIC0\tCPU Affinity\tNUMA Affinity\tGPU NUMA ID\u001b[0m\nGPU0\t X \tNODE\tNODE\t0-47\t0\t\tN/A\nGPU1\tNODE\t X \tNODE\t0-47\t0\t\tN/A\nNIC0\tNODE\tNODE\t X \t\t\t\t\n\nLegend:\n\n  X    = Self\n  SYS  = Connection traversing PCIe as well as the SMP interconnect between NUMA nodes (e.g., QPI/UPI)\n  NODE = Connection traversing PCIe as well as the interconnect between PCIe Host Bridges within a NUMA node\n  PHB  = Connection traversing PCIe as well as a PCIe Host Bridge (typically the CPU)\n  PXB  = Connection traversing multiple PCIe bridges (without traversing the PCIe Host Bridge)\n  PIX  = Connection traversing at most a single PCIe bridge\n  NV#  = Connection traversing a bonded set of # NVLinks\n\nNIC Legend:\n\n  NIC0: mlx5_bond_0""","{""CUDA_HOME"":""/usr/local/cuda"",""NCCL_TESTS_DIR"":""/root/nccl-tests""}"
1,p1-nccl-baseline-20260826T181721Z-16cea6a,phase1,2026-08-26T18:17:52Z,measured,16cea6aed21d649453b65981c72d4b8ea7e32605,False,unknown,,5c44f3e9a47e,Ubuntu 24.04.3 LTS,6.8.0-106-generic,AMD EPYC 9254 24-Core Processor,48,1,NVIDIA L4,2,NODE,none-single-node,False,,12.8,580.126.20,2.25.1+cuda12.8,NCCL_DEBUG=VERSION banner,,gcc (Ubuntu 13.3.0-6ubuntu2~24.04) 13.3.0,717b68318278e93f371d8ffb46b076069d7c7851,nccl-tests,all_reduce,float,sum,-1,32768,8192,in_place,20,50,2,full,12.12,2.7,2.7,0,True,True,True,0,/root/nccl-tests/build/all_reduce_perf -b 8 -e 128M -f 2 -g 2 -w 20 -n 50 -c 1 -d float,results/raw/p1-nccl-baseline-20260826T181721Z-16cea6a/all_reduce.full.r2.stdout.txt,,"[{""index"":0,""memory_total_mib"":23034,""name"":""NVIDIA L4"",""pci_bus_id"":""00000000:03:00.0""},{""index"":1,""memory_total_mib"":23034,""name"":""NVIDIA L4"",""pci_bus_id"":""00000000:C3:00.0""}]","""\t\u001b[4mGPU0\tGPU1\tNIC0\tCPU Affinity\tNUMA Affinity\tGPU NUMA ID\u001b[0m\nGPU0\t X \tNODE\tNODE\t0-47\t0\t\tN/A\nGPU1\tNODE\t X \tNODE\t0-47\t0\t\tN/A\nNIC0\tNODE\tNODE\t X \t\t\t\t\n\nLegend:\n\n  X    = Self\n  SYS  = Connection traversing PCIe as well as the SMP interconnect between NUMA nodes (e.g., QPI/UPI)\n  NODE = Connection traversing PCIe as well as the interconnect between PCIe Host Bridges within a NUMA node\n  PHB  = Connection traversing PCIe as well as a PCIe Host Bridge (typically the CPU)\n  PXB  = Connection traversing multiple PCIe bridges (without traversing the PCIe Host Bridge)\n  PIX  = Connection traversing at most a single PCIe bridge\n  NV#  = Connection traversing a bonded set of # NVLinks\n\nNIC Legend:\n\n  NIC0: mlx5_bond_0""","{""CUDA_HOME"":""/usr/local/cuda"",""NCCL_TESTS_DIR"":""/root/nccl-tests""}"
1,p1-nccl-baseline-20260826T181721Z-16cea6a,phase1,2026-08-26T18:17:52Z,measured,16cea6aed21d649453b65981c72d4b8ea7e32605,False,unknown,,5c44f3e9a47e,Ubuntu 24.04.3 LTS,6.8.0-106-generic,AMD EPYC 9254 24-Core Processor,48,1,NVIDIA L4,2,NODE,none-single-node,False,,12.8,580.126.20,2.25.1+cuda12.8,NCCL_DEBUG=VERSION banner,,gcc (Ubuntu 13.3.0-6ubuntu2~24.04) 13.3.0,717b68318278e93f371d8ffb46b076069d7c7851,nccl-tests,all_reduce,float,sum,-1,65536,16384,out_of_place,20,50,2,full,17.69,3.71,3.71,0,True,True,True,0,/root/nccl-tests/build/all_reduce_perf -b 8 -e 128M -f 2 -g 2 -w 20 -n 50 -c 1 -d float,results/raw/p1-nccl-baseline-20260826T181721Z-16cea6a/all_reduce.full.r2.stdout.txt,,"[{""index"":0,""memory_total_mib"":23034,""name"":""NVIDIA L4"",""pci_bus_id"":""00000000:03:00.0""},{""index"":1,""memory_total_mib"":23034,""name"":""NVIDIA L4"",""pci_bus_id"":""00000000:C3:00.0""}]","""\t\u001b[4mGPU0\tGPU1\tNIC0\tCPU Affinity\tNUMA Affinity\tGPU NUMA ID\u001b[0m\nGPU0\t X \tNODE\tNODE\t0-47\t0\t\tN/A\nGPU1\tNODE\t X \tNODE\t0-47\t0\t\tN/A\nNIC0\tNODE\tNODE\t X \t\t\t\t\n\nLegend:\n\n  X    = Self\n  SYS  = Connection traversing PCIe as well as the SMP interconnect between NUMA nodes (e.g., QPI/UPI)\n  NODE = Connection traversing PCIe as well as the interconnect between PCIe Host Bridges within a NUMA node\n  PHB  = Connection traversing PCIe as well as a PCIe Host Bridge (typically the CPU)\n  PXB  = Connection traversing multiple PCIe bridges (without traversing the PCIe Host Bridge)\n  PIX  = Connection traversing at most a single PCIe bridge\n  NV#  = Connection traversing a bonded set of # NVLinks\n\nNIC Legend:\n\n  NIC0: mlx5_bond_0""","{""CUDA_HOME"":""/usr/local/cuda"",""NCCL_TESTS_DIR"":""/root/nccl-tests""}"
1,p1-nccl-baseline-20260826T181721Z-16cea6a,phase1,2026-08-26T18:17:52Z,measured,16cea6aed21d649453b65981c72d4b8ea7e32605,False,unknown,,5c44f3e9a47e,Ubuntu 24.04.3 LTS,6.8.0-106-generic,AMD EPYC 9254 24-Core Processor,48,1,NVIDIA L4,2,NODE,none-single-node,False,,12.8,580.126.20,2.25.1+cuda12.8,NCCL_DEBUG=VERSION banner,,gcc (Ubuntu 13.3.0-6ubuntu2~24.04) 13.3.0,717b68318278e93f371d8ffb46b076069d7c7851,nccl-tests,all_reduce,float,sum,-1,65536,16384,in_place,20,50,2,full,17.64,3.72,3.72,0,True,True,True,0,/root/nccl-tests/build/all_reduce_perf -b 8 -e 128M -f 2 -g 2 -w 20 -n 50 -c 1 -d float,results/raw/p1-nccl-baseline-20260826T181721Z-16cea6a/all_reduce.full.r2.stdout.txt,,"[{""index"":0,""memory_total_mib"":23034,""name"":""NVIDIA L4"",""pci_bus_id"":""00000000:03:00.0""},{""index"":1,""memory_total_mib"":23034,""name"":""NVIDIA L4"",""pci_bus_id"":""00000000:C3:00.0""}]","""\t\u001b[4mGPU0\tGPU1\tNIC0\tCPU Affinity\tNUMA Affinity\tGPU NUMA ID\u001b[0m\nGPU0\t X \tNODE\tNODE\t0-47\t0\t\tN/A\nGPU1\tNODE\t X \tNODE\t0-47\t0\t\tN/A\nNIC0\tNODE\tNODE\t X \t\t\t\t\n\nLegend:\n\n  X    = Self\n  SYS  = Connection traversing PCIe as well as the SMP interconnect between NUMA nodes (e.g., QPI/UPI)\n  NODE = Connection traversing PCIe as well as the interconnect between PCIe Host Bridges within a NUMA node\n  PHB  = Connection traversing PCIe as well as a PCIe Host Bridge (typically the CPU)\n  PXB  = Connection traversing multiple PCIe bridges (without traversing the PCIe Host Bridge)\n  PIX  = Connection traversing at most a single PCIe bridge\n  NV#  = Connection traversing a bonded set of # NVLinks\n\nNIC Legend:\n\n  NIC0: mlx5_bond_0""","{""CUDA_HOME"":""/usr/local/cuda"",""NCCL_TESTS_DIR"":""/root/nccl-tests""}"
1,p1-nccl-baseline-20260826T181721Z-16cea6a,phase1,2026-08-26T18:17:52Z,measured,16cea6aed21d649453b65981c72d4b8ea7e32605,False,unknown,,5c44f3e9a47e,Ubuntu 24.04.3 LTS,6.8.0-106-generic,AMD EPYC 9254 24-Core Processor,48,1,NVIDIA L4,2,NODE,none-single-node,False,,12.8,580.126.20,2.25.1+cuda12.8,NCCL_DEBUG=VERSION banner,,gcc (Ubuntu 13.3.0-6ubuntu2~24.04) 13.3.0,717b68318278e93f371d8ffb46b076069d7c7851,nccl-tests,all_reduce,float,sum,-1,131072,32768,out_of_place,20,50,2,full,28.71,4.57,4.57,0,True,True,True,0,/root/nccl-tests/build/all_reduce_perf -b 8 -e 128M -f 2 -g 2 -w 20 -n 50 -c 1 -d float,results/raw/p1-nccl-baseline-20260826T181721Z-16cea6a/all_reduce.full.r2.stdout.txt,,"[{""index"":0,""memory_total_mib"":23034,""name"":""NVIDIA L4"",""pci_bus_id"":""00000000:03:00.0""},{""index"":1,""memory_total_mib"":23034,""name"":""NVIDIA L4"",""pci_bus_id"":""00000000:C3:00.0""}]","""\t\u001b[4mGPU0\tGPU1\tNIC0\tCPU Affinity\tNUMA Affinity\tGPU NUMA ID\u001b[0m\nGPU0\t X \tNODE\tNODE\t0-47\t0\t\tN/A\nGPU1\tNODE\t X \tNODE\t0-47\t0\t\tN/A\nNIC0\tNODE\tNODE\t X \t\t\t\t\n\nLegend:\n\n  X    = Self\n  SYS  = Connection traversing PCIe as well as the SMP interconnect between NUMA nodes (e.g., QPI/UPI)\n  NODE = Connection traversing PCIe as well as the interconnect between PCIe Host Bridges within a NUMA node\n  PHB  = Connection traversing PCIe as well as a PCIe Host Bridge (typically the CPU)\n  PXB  = Connection traversing multiple PCIe bridges (without traversing the PCIe Host Bridge)\n  PIX  = Connection traversing at most a single PCIe bridge\n  NV#  = Connection traversing a bonded set of # NVLinks\n\nNIC Legend:\n\n  NIC0: mlx5_bond_0""","{""CUDA_HOME"":""/usr/local/cuda"",""NCCL_TESTS_DIR"":""/root/nccl-tests""}"
1,p1-nccl-baseline-20260826T181721Z-16cea6a,phase1,2026-08-26T18:17:52Z,measured,16cea6aed21d649453b65981c72d4b8ea7e32605,False,unknown,,5c44f3e9a47e,Ubuntu 24.04.3 LTS,6.8.0-106-generic,AMD EPYC 9254 24-Core Processor,48,1,NVIDIA L4,2,NODE,none-single-node,False,,12.8,580.126.20,2.25.1+cuda12.8,NCCL_DEBUG=VERSION banner,,gcc (Ubuntu 13.3.0-6ubuntu2~24.04) 13.3.0,717b68318278e93f371d8ffb46b076069d7c7851,nccl-tests,all_reduce,float,sum,-1,131072,32768,in_place,20,50,2,full,28.69,4.57,4.57,0,True,True,True,0,/root/nccl-tests/build/all_reduce_perf -b 8 -e 128M -f 2 -g 2 -w 20 -n 50 -c 1 -d float,results/raw/p1-nccl-baseline-20260826T181721Z-16cea6a/all_reduce.full.r2.stdout.txt,,"[{""index"":0,""memory_total_mib"":23034,""name"":""NVIDIA L4"",""pci_bus_id"":""00000000:03:00.0""},{""index"":1,""memory_total_mib"":23034,""name"":""NVIDIA L4"",""pci_bus_id"":""00000000:C3:00.0""}]","""\t\u001b[4mGPU0\tGPU1\tNIC0\tCPU Affinity\tNUMA Affinity\tGPU NUMA ID\u001b[0m\nGPU0\t X \tNODE\tNODE\t0-47\t0\t\tN/A\nGPU1\tNODE\t X \tNODE\t0-47\t0\t\tN/A\nNIC0\tNODE\tNODE\t X \t\t\t\t\n\nLegend:\n\n  X    = Self\n  SYS  = Connection traversing PCIe as well as the SMP interconnect between NUMA nodes (e.g., QPI/UPI)\n  NODE = Connection traversing PCIe as well as the interconnect between PCIe Host Bridges within a NUMA node\n  PHB  = Connection traversing PCIe as well as a PCIe Host Bridge (typically the CPU)\n  PXB  = Connection traversing multiple PCIe bridges (without traversing the PCIe Host Bridge)\n  PIX  = Connection traversing at most a single PCIe bridge\n  NV#  = Connection traversing a bonded set of # NVLinks\n\nNIC Legend:\n\n  NIC0: mlx5_bond_0""","{""CUDA_HOME"":""/usr/local/cuda"",""NCCL_TESTS_DIR"":""/root/nccl-tests""}"
1,p1-nccl-baseline-20260826T181721Z-16cea6a,phase1,2026-08-26T18:17:52Z,measured,16cea6aed21d649453b65981c72d4b8ea7e32605,False,unknown,,5c44f3e9a47e,Ubuntu 24.04.3 LTS,6.8.0-106-generic,AMD EPYC 9254 24-Core Processor,48,1,NVIDIA L4,2,NODE,none-single-node,False,,12.8,580.126.20,2.25.1+cuda12.8,NCCL_DEBUG=VERSION banner,,gcc (Ubuntu 13.3.0-6ubuntu2~24.04) 13.3.0,717b68318278e93f371d8ffb46b076069d7c7851,nccl-tests,all_reduce,float,sum,-1,262144,65536,out_of_place,20,50,2,full,42.67,6.14,6.14,0,True,True,True,0,/root/nccl-tests/build/all_reduce_perf -b 8 -e 128M -f 2 -g 2 -w 20 -n 50 -c 1 -d float,results/raw/p1-nccl-baseline-20260826T181721Z-16cea6a/all_reduce.full.r2.stdout.txt,,"[{""index"":0,""memory_total_mib"":23034,""name"":""NVIDIA L4"",""pci_bus_id"":""00000000:03:00.0""},{""index"":1,""memory_total_mib"":23034,""name"":""NVIDIA L4"",""pci_bus_id"":""00000000:C3:00.0""}]","""\t\u001b[4mGPU0\tGPU1\tNIC0\tCPU Affinity\tNUMA Affinity\tGPU NUMA ID\u001b[0m\nGPU0\t X \tNODE\tNODE\t0-47\t0\t\tN/A\nGPU1\tNODE\t X \tNODE\t0-47\t0\t\tN/A\nNIC0\tNODE\tNODE\t X \t\t\t\t\n\nLegend:\n\n  X    = Self\n  SYS  = Connection traversing PCIe as well as the SMP interconnect between NUMA nodes (e.g., QPI/UPI)\n  NODE = Connection traversing PCIe as well as the interconnect between PCIe Host Bridges within a NUMA node\n  PHB  = Connection traversing PCIe as well as a PCIe Host Bridge (typically the CPU)\n  PXB  = Connection traversing multiple PCIe bridges (without traversing the PCIe Host Bridge)\n  PIX  = Connection traversing at most a single PCIe bridge\n  NV#  = Connection traversing a bonded set of # NVLinks\n\nNIC Legend:\n\n  NIC0: mlx5_bond_0""","{""CUDA_HOME"":""/usr/local/cuda"",""NCCL_TESTS_DIR"":""/root/nccl-tests""}"
1,p1-nccl-baseline-20260826T181721Z-16cea6a,phase1,2026-08-26T18:17:52Z,measured,16cea6aed21d649453b65981c72d4b8ea7e32605,False,unknown,,5c44f3e9a47e,Ubuntu 24.04.3 LTS,6.8.0-106-generic,AMD EPYC 9254 24-Core Processor,48,1,NVIDIA L4,2,NODE,none-single-node,False,,12.8,580.126.20,2.25.1+cuda12.8,NCCL_DEBUG=VERSION banner,,gcc (Ubuntu 13.3.0-6ubuntu2~24.04) 13.3.0,717b68318278e93f371d8ffb46b076069d7c7851,nccl-tests,all_reduce,float,sum,-1,262144,65536,in_place,20,50,2,full,42.01,6.24,6.24,0,True,True,True,0,/root/nccl-tests/build/all_reduce_perf -b 8 -e 128M -f 2 -g 2 -w 20 -n 50 -c 1 -d float,results/raw/p1-nccl-baseline-20260826T181721Z-16cea6a/all_reduce.full.r2.stdout.txt,,"[{""index"":0,""memory_total_mib"":23034,""name"":""NVIDIA L4"",""pci_bus_id"":""00000000:03:00.0""},{""index"":1,""memory_total_mib"":23034,""name"":""NVIDIA L4"",""pci_bus_id"":""00000000:C3:00.0""}]","""\t\u001b[4mGPU0\tGPU1\tNIC0\tCPU Affinity\tNUMA Affinity\tGPU NUMA ID\u001b[0m\nGPU0\t X \tNODE\tNODE\t0-47\t0\t\tN/A\nGPU1\tNODE\t X \tNODE\t0-47\t0\t\tN/A\nNIC0\tNODE\tNODE\t X \t\t\t\t\n\nLegend:\n\n  X    = Self\n  SYS  = Connection traversing PCIe as well as the SMP interconnect between NUMA nodes (e.g., QPI/UPI)\n  NODE = Connection traversing PCIe as well as the interconnect between PCIe Host Bridges within a NUMA node\n  PHB  = Connection traversing PCIe as well as a PCIe Host Bridge (typically the CPU)\n  PXB  = Connection traversing multiple PCIe bridges (without traversing the PCIe Host Bridge)\n  PIX  = Connection traversing at most a single PCIe bridge\n  NV#  = Connection traversing a bonded set of # NVLinks\n\nNIC Legend:\n\n  NIC0: mlx5_bond_0""","{""CUDA_HOME"":""/usr/local/cuda"",""NCCL_TESTS_DIR"":""/root/nccl-tests""}"
1,p1-nccl-baseline-20260826T181721Z-16cea6a,phase1,2026-08-26T18:17:52Z,measured,16cea6aed21d649453b65981c72d4b8ea7e32605,False,unknown,,5c44f3e9a47e,Ubuntu 24.04.3 LTS,6.8.0-106-generic,AMD EPYC 9254 24-Core Processor,48,1,NVIDIA L4,2,NODE,none-single-node,False,,12.8,580.126.20,2.25.1+cuda12.8,NCCL_DEBUG=VERSION banner,,gcc (Ubuntu 13.3.0-6ubuntu2~24.04) 13.3.0,717b68318278e93f371d8ffb46b076069d7c7851,nccl-tests,all_reduce,float,sum,-1,524288,131072,out_of_place,20,50,2,full,65.78,7.97,7.97,0,True,True,True,0,/root/nccl-tests/build/all_reduce_perf -b 8 -e 128M -f 2 -g 2 -w 20 -n 50 -c 1 -d float,results/raw/p1-nccl-baseline-20260826T181721Z-16cea6a/all_reduce.full.r2.stdout.txt,,"[{""index"":0,""memory_total_mib"":23034,""name"":""NVIDIA L4"",""pci_bus_id"":""00000000:03:00.0""},{""index"":1,""memory_total_mib"":23034,""name"":""NVIDIA L4"",""pci_bus_id"":""00000000:C3:00.0""}]","""\t\u001b[4mGPU0\tGPU1\tNIC0\tCPU Affinity\tNUMA Affinity\tGPU NUMA ID\u001b[0m\nGPU0\t X \tNODE\tNODE\t0-47\t0\t\tN/A\nGPU1\tNODE\t X \tNODE\t0-47\t0\t\tN/A\nNIC0\tNODE\tNODE\t X \t\t\t\t\n\nLegend:\n\n  X    = Self\n  SYS  = Connection traversing PCIe as well as the SMP interconnect between NUMA nodes (e.g., QPI/UPI)\n  NODE = Connection traversing PCIe as well as the interconnect between PCIe Host Bridges within a NUMA node\n  PHB  = Connection traversing PCIe as well as a PCIe Host Bridge (typically the CPU)\n  PXB  = Connection traversing multiple PCIe bridges (without traversing the PCIe Host Bridge)\n  PIX  = Connection traversing at most a single PCIe bridge\n  NV#  = Connection traversing a bonded set of # NVLinks\n\nNIC Legend:\n\n  NIC0: mlx5_bond_0""","{""CUDA_HOME"":""/usr/local/cuda"",""NCCL_TESTS_DIR"":""/root/nccl-tests""}"
1,p1-nccl-baseline-20260826T181721Z-16cea6a,phase1,2026-08-26T18:17:52Z,measured,16cea6aed21d649453b65981c72d4b8ea7e32605,False,unknown,,5c44f3e9a47e,Ubuntu 24.04.3 LTS,6.8.0-106-generic,AMD EPYC 9254 24-Core Processor,48,1,NVIDIA L4,2,NODE,none-single-node,False,,12.8,580.126.20,2.25.1+cuda12.8,NCCL_DEBUG=VERSION banner,,gcc (Ubuntu 13.3.0-6ubuntu2~24.04) 13.3.0,717b68318278e93f371d8ffb46b076069d7c7851,nccl-tests,all_reduce,float,sum,-1,524288,131072,in_place,20,50,2,full,65.59,7.99,7.99,0,True,True,True,0,/root/nccl-tests/build/all_reduce_perf -b 8 -e 128M -f 2 -g 2 -w 20 -n 50 -c 1 -d float,results/raw/p1-nccl-baseline-20260826T181721Z-16cea6a/all_reduce.full.r2.stdout.txt,,"[{""index"":0,""memory_total_mib"":23034,""name"":""NVIDIA L4"",""pci_bus_id"":""00000000:03:00.0""},{""index"":1,""memory_total_mib"":23034,""name"":""NVIDIA L4"",""pci_bus_id"":""00000000:C3:00.0""}]","""\t\u001b[4mGPU0\tGPU1\tNIC0\tCPU Affinity\tNUMA Affinity\tGPU NUMA ID\u001b[0m\nGPU0\t X \tNODE\tNODE\t0-47\t0\t\tN/A\nGPU1\tNODE\t X \tNODE\t0-47\t0\t\tN/A\nNIC0\tNODE\tNODE\t X \t\t\t\t\n\nLegend:\n\n  X    = Self\n  SYS  = Connection traversing PCIe as well as the SMP interconnect between NUMA nodes (e.g., QPI/UPI)\n  NODE = Connection traversing PCIe as well as the interconnect between PCIe Host Bridges within a NUMA node\n  PHB  = Connection traversing PCIe as well as a PCIe Host Bridge (typically the CPU)\n  PXB  = Connection traversing multiple PCIe bridges (without traversing the PCIe Host Bridge)\n  PIX  = Connection traversing at most a single PCIe bridge\n  NV#  = Connection traversing a bonded set of # NVLinks\n\nNIC Legend:\n\n  NIC0: mlx5_bond_0""","{""CUDA_HOME"":""/usr/local/cuda"",""NCCL_TESTS_DIR"":""/root/nccl-tests""}"
1,p1-nccl-baseline-20260826T181721Z-16cea6a,phase1,2026-08-26T18:17:52Z,measured,16cea6aed21d649453b65981c72d4b8ea7e32605,False,unknown,,5c44f3e9a47e,Ubuntu 24.04.3 LTS,6.8.0-106-generic,AMD EPYC 9254 24-Core Processor,48,1,NVIDIA L4,2,NODE,none-single-node,False,,12.8,580.126.20,2.25.1+cuda12.8,NCCL_DEBUG=VERSION banner,,gcc (Ubuntu 13.3.0-6ubuntu2~24.04) 13.3.0,717b68318278e93f371d8ffb46b076069d7c7851,nccl-tests,all_reduce,float,sum,-1,1048576,262144,out_of_place,20,50,2,full,109.43,9.58,9.58,0,True,True,True,0,/root/nccl-tests/build/all_reduce_perf -b 8 -e 128M -f 2 -g 2 -w 20 -n 50 -c 1 -d float,results/raw/p1-nccl-baseline-20260826T181721Z-16cea6a/all_reduce.full.r2.stdout.txt,,"[{""index"":0,""memory_total_mib"":23034,""name"":""NVIDIA L4"",""pci_bus_id"":""00000000:03:00.0""},{""index"":1,""memory_total_mib"":23034,""name"":""NVIDIA L4"",""pci_bus_id"":""00000000:C3:00.0""}]","""\t\u001b[4mGPU0\tGPU1\tNIC0\tCPU Affinity\tNUMA Affinity\tGPU NUMA ID\u001b[0m\nGPU0\t X \tNODE\tNODE\t0-47\t0\t\tN/A\nGPU1\tNODE\t X \tNODE\t0-47\t0\t\tN/A\nNIC0\tNODE\tNODE\t X \t\t\t\t\n\nLegend:\n\n  X    = Self\n  SYS  = Connection traversing PCIe as well as the SMP interconnect between NUMA nodes (e.g., QPI/UPI)\n  NODE = Connection traversing PCIe as well as the interconnect between PCIe Host Bridges within a NUMA node\n  PHB  = Connection traversing PCIe as well as a PCIe Host Bridge (typically the CPU)\n  PXB  = Connection traversing multiple PCIe bridges (without traversing the PCIe Host Bridge)\n  PIX  = Connection traversing at most a single PCIe bridge\n  NV#  = Connection traversing a bonded set of # NVLinks\n\nNIC Legend:\n\n  NIC0: mlx5_bond_0""","{""CUDA_HOME"":""/usr/local/cuda"",""NCCL_TESTS_DIR"":""/root/nccl-tests""}"
1,p1-nccl-baseline-20260826T181721Z-16cea6a,phase1,2026-08-26T18:17:52Z,measured,16cea6aed21d649453b65981c72d4b8ea7e32605,False,unknown,,5c44f3e9a47e,Ubuntu 24.04.3 LTS,6.8.0-106-generic,AMD EPYC 9254 24-Core Processor,48,1,NVIDIA L4,2,NODE,none-single-node,False,,12.8,580.126.20,2.25.1+cuda12.8,NCCL_DEBUG=VERSION banner,,gcc (Ubuntu 13.3.0-6ubuntu2~24.04) 13.3.0,717b68318278e93f371d8ffb46b076069d7c7851,nccl-tests,all_reduce,float,sum,-1,1048576,262144,in_place,20,50,2,full,108.83,9.64,9.64,0,True,True,True,0,/root/nccl-tests/build/all_reduce_perf -b 8 -e 128M -f 2 -g 2 -w 20 -n 50 -c 1 -d float,results/raw/p1-nccl-baseline-20260826T181721Z-16cea6a/all_reduce.full.r2.stdout.txt,,"[{""index"":0,""memory_total_mib"":23034,""name"":""NVIDIA L4"",""pci_bus_id"":""00000000:03:00.0""},{""index"":1,""memory_total_mib"":23034,""name"":""NVIDIA L4"",""pci_bus_id"":""00000000:C3:00.0""}]","""\t\u001b[4mGPU0\tGPU1\tNIC0\tCPU Affinity\tNUMA Affinity\tGPU NUMA ID\u001b[0m\nGPU0\t X \tNODE\tNODE\t0-47\t0\t\tN/A\nGPU1\tNODE\t X \tNODE\t0-47\t0\t\tN/A\nNIC0\tNODE\tNODE\t X \t\t\t\t\n\nLegend:\n\n  X    = Self\n  SYS  = Connection traversing PCIe as well as the SMP interconnect between NUMA nodes (e.g., QPI/UPI)\n  NODE = Connection traversing PCIe as well as the interconnect between PCIe Host Bridges within a NUMA node\n  PHB  = Connection traversing PCIe as well as a PCIe Host Bridge (typically the CPU)\n  PXB  = Connection traversing multiple PCIe bridges (without traversing the PCIe Host Bridge)\n  PIX  = Connection traversing at most a single PCIe bridge\n  NV#  = Connection traversing a bonded set of # NVLinks\n\nNIC Legend:\n\n  NIC0: mlx5_bond_0""","{""CUDA_HOME"":""/usr/local/cuda"",""NCCL_TESTS_DIR"":""/root/nccl-tests""}"
1,p1-nccl-baseline-20260826T181721Z-16cea6a,phase1,2026-08-26T18:17:52Z,measured,16cea6aed21d649453b65981c72d4b8ea7e32605,False,unknown,,5c44f3e9a47e,Ubuntu 24.04.3 LTS,6.8.0-106-generic,AMD EPYC 9254 24-Core Processor,48,1,NVIDIA L4,2,NODE,none-single-node,False,,12.8,580.126.20,2.25.1+cuda12.8,NCCL_DEBUG=VERSION banner,,gcc (Ubuntu 13.3.0-6ubuntu2~24.04) 13.3.0,717b68318278e93f371d8ffb46b076069d7c7851,nccl-tests,all_reduce,float,sum,-1,2097152,524288,out_of_place,20,50,2,full,199.8,10.5,10.5,0,True,True,True,0,/root/nccl-tests/build/all_reduce_perf -b 8 -e 128M -f 2 -g 2 -w 20 -n 50 -c 1 -d float,results/raw/p1-nccl-baseline-20260826T181721Z-16cea6a/all_reduce.full.r2.stdout.txt,,"[{""index"":0,""memory_total_mib"":23034,""name"":""NVIDIA L4"",""pci_bus_id"":""00000000:03:00.0""},{""index"":1,""memory_total_mib"":23034,""name"":""NVIDIA L4"",""pci_bus_id"":""00000000:C3:00.0""}]","""\t\u001b[4mGPU0\tGPU1\tNIC0\tCPU Affinity\tNUMA Affinity\tGPU NUMA ID\u001b[0m\nGPU0\t X \tNODE\tNODE\t0-47\t0\t\tN/A\nGPU1\tNODE\t X \tNODE\t0-47\t0\t\tN/A\nNIC0\tNODE\tNODE\t X \t\t\t\t\n\nLegend:\n\n  X    = Self\n  SYS  = Connection traversing PCIe as well as the SMP interconnect between NUMA nodes (e.g., QPI/UPI)\n  NODE = Connection traversing PCIe as well as the interconnect between PCIe Host Bridges within a NUMA node\n  PHB  = Connection traversing PCIe as well as a PCIe Host Bridge (typically the CPU)\n  PXB  = Connection traversing multiple PCIe bridges (without traversing the PCIe Host Bridge)\n  PIX  = Connection traversing at most a single PCIe bridge\n  NV#  = Connection traversing a bonded set of # NVLinks\n\nNIC Legend:\n\n  NIC0: mlx5_bond_0""","{""CUDA_HOME"":""/usr/local/cuda"",""NCCL_TESTS_DIR"":""/root/nccl-tests""}"
1,p1-nccl-baseline-20260826T181721Z-16cea6a,phase1,2026-08-26T18:17:52Z,measured,16cea6aed21d649453b65981c72d4b8ea7e32605,False,unknown,,5c44f3e9a47e,Ubuntu 24.04.3 LTS,6.8.0-106-generic,AMD EPYC 9254 24-Core Processor,48,1,NVIDIA L4,2,NODE,none-single-node,False,,12.8,580.126.20,2.25.1+cuda12.8,NCCL_DEBUG=VERSION banner,,gcc (Ubuntu 13.3.0-6ubuntu2~24.04) 13.3.0,717b68318278e93f371d8ffb46b076069d7c7851,nccl-tests,all_reduce,float,sum,-1,2097152,524288,in_place,20,50,2,full,199.76,10.5,10.5,0,True,True,True,0,/root/nccl-tests/build/all_reduce_perf -b 8 -e 128M -f 2 -g 2 -w 20 -n 50 -c 1 -d float,results/raw/p1-nccl-baseline-20260826T181721Z-16cea6a/all_reduce.full.r2.stdout.txt,,"[{""index"":0,""memory_total_mib"":23034,""name"":""NVIDIA L4"",""pci_bus_id"":""00000000:03:00.0""},{""index"":1,""memory_total_mib"":23034,""name"":""NVIDIA L4"",""pci_bus_id"":""00000000:C3:00.0""}]","""\t\u001b[4mGPU0\tGPU1\tNIC0\tCPU Affinity\tNUMA Affinity\tGPU NUMA ID\u001b[0m\nGPU0\t X \tNODE\tNODE\t0-47\t0\t\tN/A\nGPU1\tNODE\t X \tNODE\t0-47\t0\t\tN/A\nNIC0\tNODE\tNODE\t X \t\t\t\t\n\nLegend:\n\n  X    = Self\n  SYS  = Connection traversing PCIe as well as the SMP interconnect between NUMA nodes (e.g., QPI/UPI)\n  NODE = Connection traversing PCIe as well as the interconnect between PCIe Host Bridges within a NUMA node\n  PHB  = Connection traversing PCIe as well as a PCIe Host Bridge (typically the CPU)\n  PXB  = Connection traversing multiple PCIe bridges (without traversing the PCIe Host Bridge)\n  PIX  = Connection traversing at most a single PCIe bridge\n  NV#  = Connection traversing a bonded set of # NVLinks\n\nNIC Legend:\n\n  NIC0: mlx5_bond_0""","{""CUDA_HOME"":""/usr/local/cuda"",""NCCL_TESTS_DIR"":""/root/nccl-tests""}"
1,p1-nccl-baseline-20260826T181721Z-16cea6a,phase1,2026-08-26T18:17:52Z,measured,16cea6aed21d649453b65981c72d4b8ea7e32605,False,unknown,,5c44f3e9a47e,Ubuntu 24.04.3 LTS,6.8.0-106-generic,AMD EPYC 9254 24-Core Processor,48,1,NVIDIA L4,2,NODE,none-single-node,False,,12.8,580.126.20,2.25.1+cuda12.8,NCCL_DEBUG=VERSION banner,,gcc (Ubuntu 13.3.0-6ubuntu2~24.04) 13.3.0,717b68318278e93f371d8ffb46b076069d7c7851,nccl-tests,all_reduce,float,sum,-1,4194304,1048576,out_of_place,20,50,2,full,390.42,10.74,10.74,0,True,True,True,0,/root/nccl-tests/build/all_reduce_perf -b 8 -e 128M -f 2 -g 2 -w 20 -n 50 -c 1 -d float,results/raw/p1-nccl-baseline-20260826T181721Z-16cea6a/all_reduce.full.r2.stdout.txt,,"[{""index"":0,""memory_total_mib"":23034,""name"":""NVIDIA L4"",""pci_bus_id"":""00000000:03:00.0""},{""index"":1,""memory_total_mib"":23034,""name"":""NVIDIA L4"",""pci_bus_id"":""00000000:C3:00.0""}]","""\t\u001b[4mGPU0\tGPU1\tNIC0\tCPU Affinity\tNUMA Affinity\tGPU NUMA ID\u001b[0m\nGPU0\t X \tNODE\tNODE\t0-47\t0\t\tN/A\nGPU1\tNODE\t X \tNODE\t0-47\t0\t\tN/A\nNIC0\tNODE\tNODE\t X \t\t\t\t\n\nLegend:\n\n  X    = Self\n  SYS  = Connection traversing PCIe as well as the SMP interconnect between NUMA nodes (e.g., QPI/UPI)\n  NODE = Connection traversing PCIe as well as the interconnect between PCIe Host Bridges within a NUMA node\n  PHB  = Connection traversing PCIe as well as a PCIe Host Bridge (typically the CPU)\n  PXB  = Connection traversing multiple PCIe bridges (without traversing the PCIe Host Bridge)\n  PIX  = Connection traversing at most a single PCIe bridge\n  NV#  = Connection traversing a bonded set of # NVLinks\n\nNIC Legend:\n\n  NIC0: mlx5_bond_0""","{""CUDA_HOME"":""/usr/local/cuda"",""NCCL_TESTS_DIR"":""/root/nccl-tests""}"
1,p1-nccl-baseline-20260826T181721Z-16cea6a,phase1,2026-08-26T18:17:52Z,measured,16cea6aed21d649453b65981c72d4b8ea7e32605,False,unknown,,5c44f3e9a47e,Ubuntu 24.04.3 LTS,6.8.0-106-generic,AMD EPYC 9254 24-Core Processor,48,1,NVIDIA L4,2,NODE,none-single-node,False,,12.8,580.126.20,2.25.1+cuda12.8,NCCL_DEBUG=VERSION banner,,gcc (Ubuntu 13.3.0-6ubuntu2~24.04) 13.3.0,717b68318278e93f371d8ffb46b076069d7c7851,nccl-tests,all_reduce,float,sum,-1,4194304,1048576,in_place,20,50,2,full,389.43,10.77,10.77,0,True,True,True,0,/root/nccl-tests/build/all_reduce_perf -b 8 -e 128M -f 2 -g 2 -w 20 -n 50 -c 1 -d float,results/raw/p1-nccl-baseline-20260826T181721Z-16cea6a/all_reduce.full.r2.stdout.txt,,"[{""index"":0,""memory_total_mib"":23034,""name"":""NVIDIA L4"",""pci_bus_id"":""00000000:03:00.0""},{""index"":1,""memory_total_mib"":23034,""name"":""NVIDIA L4"",""pci_bus_id"":""00000000:C3:00.0""}]","""\t\u001b[4mGPU0\tGPU1\tNIC0\tCPU Affinity\tNUMA Affinity\tGPU NUMA ID\u001b[0m\nGPU0\t X \tNODE\tNODE\t0-47\t0\t\tN/A\nGPU1\tNODE\t X \tNODE\t0-47\t0\t\tN/A\nNIC0\tNODE\tNODE\t X \t\t\t\t\n\nLegend:\n\n  X    = Self\n  SYS  = Connection traversing PCIe as well as the SMP interconnect between NUMA nodes (e.g., QPI/UPI)\n  NODE = Connection traversing PCIe as well as the interconnect between PCIe Host Bridges within a NUMA node\n  PHB  = Connection traversing PCIe as well as a PCIe Host Bridge (typically the CPU)\n  PXB  = Connection traversing multiple PCIe bridges (without traversing the PCIe Host Bridge)\n  PIX  = Connection traversing at most a single PCIe bridge\n  NV#  = Connection traversing a bonded set of # NVLinks\n\nNIC Legend:\n\n  NIC0: mlx5_bond_0""","{""CUDA_HOME"":""/usr/local/cuda"",""NCCL_TESTS_DIR"":""/root/nccl-tests""}"
1,p1-nccl-baseline-20260826T181721Z-16cea6a,phase1,2026-08-26T18:17:52Z,measured,16cea6aed21d649453b65981c72d4b8ea7e32605,False,unknown,,5c44f3e9a47e,Ubuntu 24.04.3 LTS,6.8.0-106-generic,AMD EPYC 9254 24-Core Processor,48,1,NVIDIA L4,2,NODE,none-single-node,False,,12.8,580.126.20,2.25.1+cuda12.8,NCCL_DEBUG=VERSION banner,,gcc (Ubuntu 13.3.0-6ubuntu2~24.04) 13.3.0,717b68318278e93f371d8ffb46b076069d7c7851,nccl-tests,all_reduce,float,sum,-1,8388608,2097152,out_of_place,20,50,2,full,775.02,10.82,10.82,0,True,True,True,0,/root/nccl-tests/build/all_reduce_perf -b 8 -e 128M -f 2 -g 2 -w 20 -n 50 -c 1 -d float,results/raw/p1-nccl-baseline-20260826T181721Z-16cea6a/all_reduce.full.r2.stdout.txt,,"[{""index"":0,""memory_total_mib"":23034,""name"":""NVIDIA L4"",""pci_bus_id"":""00000000:03:00.0""},{""index"":1,""memory_total_mib"":23034,""name"":""NVIDIA L4"",""pci_bus_id"":""00000000:C3:00.0""}]","""\t\u001b[4mGPU0\tGPU1\tNIC0\tCPU Affinity\tNUMA Affinity\tGPU NUMA ID\u001b[0m\nGPU0\t X \tNODE\tNODE\t0-47\t0\t\tN/A\nGPU1\tNODE\t X \tNODE\t0-47\t0\t\tN/A\nNIC0\tNODE\tNODE\t X \t\t\t\t\n\nLegend:\n\n  X    = Self\n  SYS  = Connection traversing PCIe as well as the SMP interconnect between NUMA nodes (e.g., QPI/UPI)\n  NODE = Connection traversing PCIe as well as the interconnect between PCIe Host Bridges within a NUMA node\n  PHB  = Connection traversing PCIe as well as a PCIe Host Bridge (typically the CPU)\n  PXB  = Connection traversing multiple PCIe bridges (without traversing the PCIe Host Bridge)\n  PIX  = Connection traversing at most a single PCIe bridge\n  NV#  = Connection traversing a bonded set of # NVLinks\n\nNIC Legend:\n\n  NIC0: mlx5_bond_0""","{""CUDA_HOME"":""/usr/local/cuda"",""NCCL_TESTS_DIR"":""/root/nccl-tests""}"
1,p1-nccl-baseline-20260826T181721Z-16cea6a,phase1,2026-08-26T18:17:52Z,measured,16cea6aed21d649453b65981c72d4b8ea7e32605,False,unknown,,5c44f3e9a47e,Ubuntu 24.04.3 LTS,6.8.0-106-generic,AMD EPYC 9254 24-Core Processor,48,1,NVIDIA L4,2,NODE,none-single-node,False,,12.8,580.126.20,2.25.1+cuda12.8,NCCL_DEBUG=VERSION banner,,gcc (Ubuntu 13.3.0-6ubuntu2~24.04) 13.3.0,717b68318278e93f371d8ffb46b076069d7c7851,nccl-tests,all_reduce,float,sum,-1,8388608,2097152,in_place,20,50,2,full,774.2,10.84,10.84,0,True,True,True,0,/root/nccl-tests/build/all_reduce_perf -b 8 -e 128M -f 2 -g 2 -w 20 -n 50 -c 1 -d float,results/raw/p1-nccl-baseline-20260826T181721Z-16cea6a/all_reduce.full.r2.stdout.txt,,"[{""index"":0,""memory_total_mib"":23034,""name"":""NVIDIA L4"",""pci_bus_id"":""00000000:03:00.0""},{""index"":1,""memory_total_mib"":23034,""name"":""NVIDIA L4"",""pci_bus_id"":""00000000:C3:00.0""}]","""\t\u001b[4mGPU0\tGPU1\tNIC0\tCPU Affinity\tNUMA Affinity\tGPU NUMA ID\u001b[0m\nGPU0\t X \tNODE\tNODE\t0-47\t0\t\tN/A\nGPU1\tNODE\t X \tNODE\t0-47\t0\t\tN/A\nNIC0\tNODE\tNODE\t X \t\t\t\t\n\nLegend:\n\n  X    = Self\n  SYS  = Connection traversing PCIe as well as the SMP interconnect between NUMA nodes (e.g., QPI/UPI)\n  NODE = Connection traversing PCIe as well as the interconnect between PCIe Host Bridges within a NUMA node\n  PHB  = Connection traversing PCIe as well as a PCIe Host Bridge (typically the CPU)\n  PXB  = Connection traversing multiple PCIe bridges (without traversing the PCIe Host Bridge)\n  PIX  = Connection traversing at most a single PCIe bridge\n  NV#  = Connection traversing a bonded set of # NVLinks\n\nNIC Legend:\n\n  NIC0: mlx5_bond_0""","{""CUDA_HOME"":""/usr/local/cuda"",""NCCL_TESTS_DIR"":""/root/nccl-tests""}"
1,p1-nccl-baseline-20260826T181721Z-16cea6a,phase1,2026-08-26T18:17:52Z,measured,16cea6aed21d649453b65981c72d4b8ea7e32605,False,unknown,,5c44f3e9a47e,Ubuntu 24.04.3 LTS,6.8.0-106-generic,AMD EPYC 9254 24-Core Processor,48,1,NVIDIA L4,2,NODE,none-single-node,False,,12.8,580.126.20,2.25.1+cuda12.8,NCCL_DEBUG=VERSION banner,,gcc (Ubuntu 13.3.0-6ubuntu2~24.04) 13.3.0,717b68318278e93f371d8ffb46b076069d7c7851,nccl-tests,all_reduce,float,sum,-1,16777216,4194304,out_of_place,20,50,2,full,1534.34,10.93,10.93,0,True,True,True,0,/root/nccl-tests/build/all_reduce_perf -b 8 -e 128M -f 2 -g 2 -w 20 -n 50 -c 1 -d float,results/raw/p1-nccl-baseline-20260826T181721Z-16cea6a/all_reduce.full.r2.stdout.txt,,"[{""index"":0,""memory_total_mib"":23034,""name"":""NVIDIA L4"",""pci_bus_id"":""00000000:03:00.0""},{""index"":1,""memory_total_mib"":23034,""name"":""NVIDIA L4"",""pci_bus_id"":""00000000:C3:00.0""}]","""\t\u001b[4mGPU0\tGPU1\tNIC0\tCPU Affinity\tNUMA Affinity\tGPU NUMA ID\u001b[0m\nGPU0\t X \tNODE\tNODE\t0-47\t0\t\tN/A\nGPU1\tNODE\t X \tNODE\t0-47\t0\t\tN/A\nNIC0\tNODE\tNODE\t X \t\t\t\t\n\nLegend:\n\n  X    = Self\n  SYS  = Connection traversing PCIe as well as the SMP interconnect between NUMA nodes (e.g., QPI/UPI)\n  NODE = Connection traversing PCIe as well as the interconnect between PCIe Host Bridges within a NUMA node\n  PHB  = Connection traversing PCIe as well as a PCIe Host Bridge (typically the CPU)\n  PXB  = Connection traversing multiple PCIe bridges (without traversing the PCIe Host Bridge)\n  PIX  = Connection traversing at most a single PCIe bridge\n  NV#  = Connection traversing a bonded set of # NVLinks\n\nNIC Legend:\n\n  NIC0: mlx5_bond_0""","{""CUDA_HOME"":""/usr/local/cuda"",""NCCL_TESTS_DIR"":""/root/nccl-tests""}"
1,p1-nccl-baseline-20260826T181721Z-16cea6a,phase1,2026-08-26T18:17:52Z,measured,16cea6aed21d649453b65981c72d4b8ea7e32605,False,unknown,,5c44f3e9a47e,Ubuntu 24.04.3 LTS,6.8.0-106-generic,AMD EPYC 9254 24-Core Processor,48,1,NVIDIA L4,2,NODE,none-single-node,False,,12.8,580.126.20,2.25.1+cuda12.8,NCCL_DEBUG=VERSION banner,,gcc (Ubuntu 13.3.0-6ubuntu2~24.04) 13.3.0,717b68318278e93f371d8ffb46b076069d7c7851,nccl-tests,all_reduce,float,sum,-1,16777216,4194304,in_place,20,50,2,full,1535.09,10.93,10.93,0,True,True,True,0,/root/nccl-tests/build/all_reduce_perf -b 8 -e 128M -f 2 -g 2 -w 20 -n 50 -c 1 -d float,results/raw/p1-nccl-baseline-20260826T181721Z-16cea6a/all_reduce.full.r2.stdout.txt,,"[{""index"":0,""memory_total_mib"":23034,""name"":""NVIDIA L4"",""pci_bus_id"":""00000000:03:00.0""},{""index"":1,""memory_total_mib"":23034,""name"":""NVIDIA L4"",""pci_bus_id"":""00000000:C3:00.0""}]","""\t\u001b[4mGPU0\tGPU1\tNIC0\tCPU Affinity\tNUMA Affinity\tGPU NUMA ID\u001b[0m\nGPU0\t X \tNODE\tNODE\t0-47\t0\t\tN/A\nGPU1\tNODE\t X \tNODE\t0-47\t0\t\tN/A\nNIC0\tNODE\tNODE\t X \t\t\t\t\n\nLegend:\n\n  X    = Self\n  SYS  = Connection traversing PCIe as well as the SMP interconnect between NUMA nodes (e.g., QPI/UPI)\n  NODE = Connection traversing PCIe as well as the interconnect between PCIe Host Bridges within a NUMA node\n  PHB  = Connection traversing PCIe as well as a PCIe Host Bridge (typically the CPU)\n  PXB  = Connection traversing multiple PCIe bridges (without traversing the PCIe Host Bridge)\n  PIX  = Connection traversing at most a single PCIe bridge\n  NV#  = Connection traversing a bonded set of # NVLinks\n\nNIC Legend:\n\n  NIC0: mlx5_bond_0""","{""CUDA_HOME"":""/usr/local/cuda"",""NCCL_TESTS_DIR"":""/root/nccl-tests""}"
1,p1-nccl-baseline-20260826T181721Z-16cea6a,phase1,2026-08-26T18:17:52Z,measured,16cea6aed21d649453b65981c72d4b8ea7e32605,False,unknown,,5c44f3e9a47e,Ubuntu 24.04.3 LTS,6.8.0-106-generic,AMD EPYC 9254 24-Core Processor,48,1,NVIDIA L4,2,NODE,none-single-node,False,,12.8,580.126.20,2.25.1+cuda12.8,NCCL_DEBUG=VERSION banner,,gcc (Ubuntu 13.3.0-6ubuntu2~24.04) 13.3.0,717b68318278e93f371d8ffb46b076069d7c7851,nccl-tests,all_reduce,float,sum,-1,33554432,8388608,out_of_place,20,50,2,full,3059.61,10.97,10.97,0,True,True,True,0,/root/nccl-tests/build/all_reduce_perf -b 8 -e 128M -f 2 -g 2 -w 20 -n 50 -c 1 -d float,results/raw/p1-nccl-baseline-20260826T181721Z-16cea6a/all_reduce.full.r2.stdout.txt,,"[{""index"":0,""memory_total_mib"":23034,""name"":""NVIDIA L4"",""pci_bus_id"":""00000000:03:00.0""},{""index"":1,""memory_total_mib"":23034,""name"":""NVIDIA L4"",""pci_bus_id"":""00000000:C3:00.0""}]","""\t\u001b[4mGPU0\tGPU1\tNIC0\tCPU Affinity\tNUMA Affinity\tGPU NUMA ID\u001b[0m\nGPU0\t X \tNODE\tNODE\t0-47\t0\t\tN/A\nGPU1\tNODE\t X \tNODE\t0-47\t0\t\tN/A\nNIC0\tNODE\tNODE\t X \t\t\t\t\n\nLegend:\n\n  X    = Self\n  SYS  = Connection traversing PCIe as well as the SMP interconnect between NUMA nodes (e.g., QPI/UPI)\n  NODE = Connection traversing PCIe as well as the interconnect between PCIe Host Bridges within a NUMA node\n  PHB  = Connection traversing PCIe as well as a PCIe Host Bridge (typically the CPU)\n  PXB  = Connection traversing multiple PCIe bridges (without traversing the PCIe Host Bridge)\n  PIX  = Connection traversing at most a single PCIe bridge\n  NV#  = Connection traversing a bonded set of # NVLinks\n\nNIC Legend:\n\n  NIC0: mlx5_bond_0""","{""CUDA_HOME"":""/usr/local/cuda"",""NCCL_TESTS_DIR"":""/root/nccl-tests""}"
1,p1-nccl-baseline-20260826T181721Z-16cea6a,phase1,2026-08-26T18:17:52Z,measured,16cea6aed21d649453b65981c72d4b8ea7e32605,False,unknown,,5c44f3e9a47e,Ubuntu 24.04.3 LTS,6.8.0-106-generic,AMD EPYC 9254 24-Core Processor,48,1,NVIDIA L4,2,NODE,none-single-node,False,,12.8,580.126.20,2.25.1+cuda12.8,NCCL_DEBUG=VERSION banner,,gcc (Ubuntu 13.3.0-6ubuntu2~24.04) 13.3.0,717b68318278e93f371d8ffb46b076069d7c7851,nccl-tests,all_reduce,float,sum,-1,33554432,8388608,in_place,20,50,2,full,3056.37,10.98,10.98,0,True,True,True,0,/root/nccl-tests/build/all_reduce_perf -b 8 -e 128M -f 2 -g 2 -w 20 -n 50 -c 1 -d float,results/raw/p1-nccl-baseline-20260826T181721Z-16cea6a/all_reduce.full.r2.stdout.txt,,"[{""index"":0,""memory_total_mib"":23034,""name"":""NVIDIA L4"",""pci_bus_id"":""00000000:03:00.0""},{""index"":1,""memory_total_mib"":23034,""name"":""NVIDIA L4"",""pci_bus_id"":""00000000:C3:00.0""}]","""\t\u001b[4mGPU0\tGPU1\tNIC0\tCPU Affinity\tNUMA Affinity\tGPU NUMA ID\u001b[0m\nGPU0\t X \tNODE\tNODE\t0-47\t0\t\tN/A\nGPU1\tNODE\t X \tNODE\t0-47\t0\t\tN/A\nNIC0\tNODE\tNODE\t X \t\t\t\t\n\nLegend:\n\n  X    = Self\n  SYS  = Connection traversing PCIe as well as the SMP interconnect between NUMA nodes (e.g., QPI/UPI)\n  NODE = Connection traversing PCIe as well as the interconnect between PCIe Host Bridges within a NUMA node\n  PHB  = Connection traversing PCIe as well as a PCIe Host Bridge (typically the CPU)\n  PXB  = Connection traversing multiple PCIe bridges (without traversing the PCIe Host Bridge)\n  PIX  = Connection traversing at most a single PCIe bridge\n  NV#  = Connection traversing a bonded set of # NVLinks\n\nNIC Legend:\n\n  NIC0: mlx5_bond_0""","{""CUDA_HOME"":""/usr/local/cuda"",""NCCL_TESTS_DIR"":""/root/nccl-tests""}"
1,p1-nccl-baseline-20260826T181721Z-16cea6a,phase1,2026-08-26T18:17:52Z,measured,16cea6aed21d649453b65981c72d4b8ea7e32605,False,unknown,,5c44f3e9a47e,Ubuntu 24.04.3 LTS,6.8.0-106-generic,AMD EPYC 9254 24-Core Processor,48,1,NVIDIA L4,2,NODE,none-single-node,False,,12.8,580.126.20,2.25.1+cuda12.8,NCCL_DEBUG=VERSION banner,,gcc (Ubuntu 13.3.0-6ubuntu2~24.04) 13.3.0,717b68318278e93f371d8ffb46b076069d7c7851,nccl-tests,all_reduce,float,sum,-1,67108864,16777216,out_of_place,20,50,2,full,6104.84,10.99,10.99,0,True,True,True,0,/root/nccl-tests/build/all_reduce_perf -b 8 -e 128M -f 2 -g 2 -w 20 -n 50 -c 1 -d float,results/raw/p1-nccl-baseline-20260826T181721Z-16cea6a/all_reduce.full.r2.stdout.txt,,"[{""index"":0,""memory_total_mib"":23034,""name"":""NVIDIA L4"",""pci_bus_id"":""00000000:03:00.0""},{""index"":1,""memory_total_mib"":23034,""name"":""NVIDIA L4"",""pci_bus_id"":""00000000:C3:00.0""}]","""\t\u001b[4mGPU0\tGPU1\tNIC0\tCPU Affinity\tNUMA Affinity\tGPU NUMA ID\u001b[0m\nGPU0\t X \tNODE\tNODE\t0-47\t0\t\tN/A\nGPU1\tNODE\t X \tNODE\t0-47\t0\t\tN/A\nNIC0\tNODE\tNODE\t X \t\t\t\t\n\nLegend:\n\n  X    = Self\n  SYS  = Connection traversing PCIe as well as the SMP interconnect between NUMA nodes (e.g., QPI/UPI)\n  NODE = Connection traversing PCIe as well as the interconnect between PCIe Host Bridges within a NUMA node\n  PHB  = Connection traversing PCIe as well as a PCIe Host Bridge (typically the CPU)\n  PXB  = Connection traversing multiple PCIe bridges (without traversing the PCIe Host Bridge)\n  PIX  = Connection traversing at most a single PCIe bridge\n  NV#  = Connection traversing a bonded set of # NVLinks\n\nNIC Legend:\n\n  NIC0: mlx5_bond_0""","{""CUDA_HOME"":""/usr/local/cuda"",""NCCL_TESTS_DIR"":""/root/nccl-tests""}"
1,p1-nccl-baseline-20260826T181721Z-16cea6a,phase1,2026-08-26T18:17:52Z,measured,16cea6aed21d649453b65981c72d4b8ea7e32605,False,unknown,,5c44f3e9a47e,Ubuntu 24.04.3 LTS,6.8.0-106-generic,AMD EPYC 9254 24-Core Processor,48,1,NVIDIA L4,2,NODE,none-single-node,False,,12.8,580.126.20,2.25.1+cuda12.8,NCCL_DEBUG=VERSION banner,,gcc (Ubuntu 13.3.0-6ubuntu2~24.04) 13.3.0,717b68318278e93f371d8ffb46b076069d7c7851,nccl-tests,all_reduce,float,sum,-1,67108864,16777216,in_place,20,50,2,full,6099.02,11.0,11.0,0,True,True,True,0,/root/nccl-tests/build/all_reduce_perf -b 8 -e 128M -f 2 -g 2 -w 20 -n 50 -c 1 -d float,results/raw/p1-nccl-baseline-20260826T181721Z-16cea6a/all_reduce.full.r2.stdout.txt,,"[{""index"":0,""memory_total_mib"":23034,""name"":""NVIDIA L4"",""pci_bus_id"":""00000000:03:00.0""},{""index"":1,""memory_total_mib"":23034,""name"":""NVIDIA L4"",""pci_bus_id"":""00000000:C3:00.0""}]","""\t\u001b[4mGPU0\tGPU1\tNIC0\tCPU Affinity\tNUMA Affinity\tGPU NUMA ID\u001b[0m\nGPU0\t X \tNODE\tNODE\t0-47\t0\t\tN/A\nGPU1\tNODE\t X \tNODE\t0-47\t0\t\tN/A\nNIC0\tNODE\tNODE\t X \t\t\t\t\n\nLegend:\n\n  X    = Self\n  SYS  = Connection traversing PCIe as well as the SMP interconnect between NUMA nodes (e.g., QPI/UPI)\n  NODE = Connection traversing PCIe as well as the interconnect between PCIe Host Bridges within a NUMA node\n  PHB  = Connection traversing PCIe as well as a PCIe Host Bridge (typically the CPU)\n  PXB  = Connection traversing multiple PCIe bridges (without traversing the PCIe Host Bridge)\n  PIX  = Connection traversing at most a single PCIe bridge\n  NV#  = Connection traversing a bonded set of # NVLinks\n\nNIC Legend:\n\n  NIC0: mlx5_bond_0""","{""CUDA_HOME"":""/usr/local/cuda"",""NCCL_TESTS_DIR"":""/root/nccl-tests""}"
1,p1-nccl-baseline-20260826T181721Z-16cea6a,phase1,2026-08-26T18:17:52Z,measured,16cea6aed21d649453b65981c72d4b8ea7e32605,False,unknown,,5c44f3e9a47e,Ubuntu 24.04.3 LTS,6.8.0-106-generic,AMD EPYC 9254 24-Core Processor,48,1,NVIDIA L4,2,NODE,none-single-node,False,,12.8,580.126.20,2.25.1+cuda12.8,NCCL_DEBUG=VERSION banner,,gcc (Ubuntu 13.3.0-6ubuntu2~24.04) 13.3.0,717b68318278e93f371d8ffb46b076069d7c7851,nccl-tests,all_reduce,float,sum,-1,134217728,33554432,out_of_place,20,50,2,full,12182.6,11.02,11.02,0,True,True,True,0,/root/nccl-tests/build/all_reduce_perf -b 8 -e 128M -f 2 -g 2 -w 20 -n 50 -c 1 -d float,results/raw/p1-nccl-baseline-20260826T181721Z-16cea6a/all_reduce.full.r2.stdout.txt,,"[{""index"":0,""memory_total_mib"":23034,""name"":""NVIDIA L4"",""pci_bus_id"":""00000000:03:00.0""},{""index"":1,""memory_total_mib"":23034,""name"":""NVIDIA L4"",""pci_bus_id"":""00000000:C3:00.0""}]","""\t\u001b[4mGPU0\tGPU1\tNIC0\tCPU Affinity\tNUMA Affinity\tGPU NUMA ID\u001b[0m\nGPU0\t X \tNODE\tNODE\t0-47\t0\t\tN/A\nGPU1\tNODE\t X \tNODE\t0-47\t0\t\tN/A\nNIC0\tNODE\tNODE\t X \t\t\t\t\n\nLegend:\n\n  X    = Self\n  SYS  = Connection traversing PCIe as well as the SMP interconnect between NUMA nodes (e.g., QPI/UPI)\n  NODE = Connection traversing PCIe as well as the interconnect between PCIe Host Bridges within a NUMA node\n  PHB  = Connection traversing PCIe as well as a PCIe Host Bridge (typically the CPU)\n  PXB  = Connection traversing multiple PCIe bridges (without traversing the PCIe Host Bridge)\n  PIX  = Connection traversing at most a single PCIe bridge\n  NV#  = Connection traversing a bonded set of # NVLinks\n\nNIC Legend:\n\n  NIC0: mlx5_bond_0""","{""CUDA_HOME"":""/usr/local/cuda"",""NCCL_TESTS_DIR"":""/root/nccl-tests""}"
1,p1-nccl-baseline-20260826T181721Z-16cea6a,phase1,2026-08-26T18:17:52Z,measured,16cea6aed21d649453b65981c72d4b8ea7e32605,False,unknown,,5c44f3e9a47e,Ubuntu 24.04.3 LTS,6.8.0-106-generic,AMD EPYC 9254 24-Core Processor,48,1,NVIDIA L4,2,NODE,none-single-node,False,,12.8,580.126.20,2.25.1+cuda12.8,NCCL_DEBUG=VERSION banner,,gcc (Ubuntu 13.3.0-6ubuntu2~24.04) 13.3.0,717b68318278e93f371d8ffb46b076069d7c7851,nccl-tests,all_reduce,float,sum,-1,134217728,33554432,in_place,20,50,2,full,12183.0,11.02,11.02,0,True,True,True,0,/root/nccl-tests/build/all_reduce_perf -b 8 -e 128M -f 2 -g 2 -w 20 -n 50 -c 1 -d float,results/raw/p1-nccl-baseline-20260826T181721Z-16cea6a/all_reduce.full.r2.stdout.txt,,"[{""index"":0,""memory_total_mib"":23034,""name"":""NVIDIA L4"",""pci_bus_id"":""00000000:03:00.0""},{""index"":1,""memory_total_mib"":23034,""name"":""NVIDIA L4"",""pci_bus_id"":""00000000:C3:00.0""}]","""\t\u001b[4mGPU0\tGPU1\tNIC0\tCPU Affinity\tNUMA Affinity\tGPU NUMA ID\u001b[0m\nGPU0\t X \tNODE\tNODE\t0-47\t0\t\tN/A\nGPU1\tNODE\t X \tNODE\t0-47\t0\t\tN/A\nNIC0\tNODE\tNODE\t X \t\t\t\t\n\nLegend:\n\n  X    = Self\n  SYS  = Connection traversing PCIe as well as the SMP interconnect between NUMA nodes (e.g., QPI/UPI)\n  NODE = Connection traversing PCIe as well as the interconnect between PCIe Host Bridges within a NUMA node\n  PHB  = Connection traversing PCIe as well as a PCIe Host Bridge (typically the CPU)\n  PXB  = Connection traversing multiple PCIe bridges (without traversing the PCIe Host Bridge)\n  PIX  = Connection traversing at most a single PCIe bridge\n  NV#  = Connection traversing a bonded set of # NVLinks\n\nNIC Legend:\n\n  NIC0: mlx5_bond_0""","{""CUDA_HOME"":""/usr/local/cuda"",""NCCL_TESTS_DIR"":""/root/nccl-tests""}"
1,p1-nccl-baseline-20260826T181721Z-16cea6a,phase1,2026-08-26T18:17:57Z,measured,16cea6aed21d649453b65981c72d4b8ea7e32605,False,unknown,,5c44f3e9a47e,Ubuntu 24.04.3 LTS,6.8.0-106-generic,AMD EPYC 9254 24-Core Processor,48,1,NVIDIA L4,2,NODE,none-single-node,False,,12.8,580.126.20,2.25.1+cuda12.8,NCCL_DEBUG=VERSION banner,,gcc (Ubuntu 13.3.0-6ubuntu2~24.04) 13.3.0,717b68318278e93f371d8ffb46b076069d7c7851,nccl-tests,all_gather,float,none,-1,0,0,out_of_place,20,50,2,full,0.17,0.0,0.0,0,True,True,,0,/root/nccl-tests/build/all_gather_perf -b 8 -e 128M -f 2 -g 2 -w 20 -n 50 -c 1 -d float,results/raw/p1-nccl-baseline-20260826T181721Z-16cea6a/all_gather.full.r2.stdout.txt,,"[{""index"":0,""memory_total_mib"":23034,""name"":""NVIDIA L4"",""pci_bus_id"":""00000000:03:00.0""},{""index"":1,""memory_total_mib"":23034,""name"":""NVIDIA L4"",""pci_bus_id"":""00000000:C3:00.0""}]","""\t\u001b[4mGPU0\tGPU1\tNIC0\tCPU Affinity\tNUMA Affinity\tGPU NUMA ID\u001b[0m\nGPU0\t X \tNODE\tNODE\t0-47\t0\t\tN/A\nGPU1\tNODE\t X \tNODE\t0-47\t0\t\tN/A\nNIC0\tNODE\tNODE\t X \t\t\t\t\n\nLegend:\n\n  X    = Self\n  SYS  = Connection traversing PCIe as well as the SMP interconnect between NUMA nodes (e.g., QPI/UPI)\n  NODE = Connection traversing PCIe as well as the interconnect between PCIe Host Bridges within a NUMA node\n  PHB  = Connection traversing PCIe as well as a PCIe Host Bridge (typically the CPU)\n  PXB  = Connection traversing multiple PCIe bridges (without traversing the PCIe Host Bridge)\n  PIX  = Connection traversing at most a single PCIe bridge\n  NV#  = Connection traversing a bonded set of # NVLinks\n\nNIC Legend:\n\n  NIC0: mlx5_bond_0""","{""CUDA_HOME"":""/usr/local/cuda"",""NCCL_TESTS_DIR"":""/root/nccl-tests""}"
1,p1-nccl-baseline-20260826T181721Z-16cea6a,phase1,2026-08-26T18:17:57Z,measured,16cea6aed21d649453b65981c72d4b8ea7e32605,False,unknown,,5c44f3e9a47e,Ubuntu 24.04.3 LTS,6.8.0-106-generic,AMD EPYC 9254 24-Core Processor,48,1,NVIDIA L4,2,NODE,none-single-node,False,,12.8,580.126.20,2.25.1+cuda12.8,NCCL_DEBUG=VERSION banner,,gcc (Ubuntu 13.3.0-6ubuntu2~24.04) 13.3.0,717b68318278e93f371d8ffb46b076069d7c7851,nccl-tests,all_gather,float,none,-1,0,0,in_place,20,50,2,full,0.16,0.0,0.0,0,True,True,,0,/root/nccl-tests/build/all_gather_perf -b 8 -e 128M -f 2 -g 2 -w 20 -n 50 -c 1 -d float,results/raw/p1-nccl-baseline-20260826T181721Z-16cea6a/all_gather.full.r2.stdout.txt,,"[{""index"":0,""memory_total_mib"":23034,""name"":""NVIDIA L4"",""pci_bus_id"":""00000000:03:00.0""},{""index"":1,""memory_total_mib"":23034,""name"":""NVIDIA L4"",""pci_bus_id"":""00000000:C3:00.0""}]","""\t\u001b[4mGPU0\tGPU1\tNIC0\tCPU Affinity\tNUMA Affinity\tGPU NUMA ID\u001b[0m\nGPU0\t X \tNODE\tNODE\t0-47\t0\t\tN/A\nGPU1\tNODE\t X \tNODE\t0-47\t0\t\tN/A\nNIC0\tNODE\tNODE\t X \t\t\t\t\n\nLegend:\n\n  X    = Self\n  SYS  = Connection traversing PCIe as well as the SMP interconnect between NUMA nodes (e.g., QPI/UPI)\n  NODE = Connection traversing PCIe as well as the interconnect between PCIe Host Bridges within a NUMA node\n  PHB  = Connection traversing PCIe as well as a PCIe Host Bridge (typically the CPU)\n  PXB  = Connection traversing multiple PCIe bridges (without traversing the PCIe Host Bridge)\n  PIX  = Connection traversing at most a single PCIe bridge\n  NV#  = Connection traversing a bonded set of # NVLinks\n\nNIC Legend:\n\n  NIC0: mlx5_bond_0""","{""CUDA_HOME"":""/usr/local/cuda"",""NCCL_TESTS_DIR"":""/root/nccl-tests""}"
1,p1-nccl-baseline-20260826T181721Z-16cea6a,phase1,2026-08-26T18:17:57Z,measured,16cea6aed21d649453b65981c72d4b8ea7e32605,False,unknown,,5c44f3e9a47e,Ubuntu 24.04.3 LTS,6.8.0-106-generic,AMD EPYC 9254 24-Core Processor,48,1,NVIDIA L4,2,NODE,none-single-node,False,,12.8,580.126.20,2.25.1+cuda12.8,NCCL_DEBUG=VERSION banner,,gcc (Ubuntu 13.3.0-6ubuntu2~24.04) 13.3.0,717b68318278e93f371d8ffb46b076069d7c7851,nccl-tests,all_gather,float,none,-1,0,0,out_of_place,20,50,2,full,0.15,0.0,0.0,0,True,True,,0,/root/nccl-tests/build/all_gather_perf -b 8 -e 128M -f 2 -g 2 -w 20 -n 50 -c 1 -d float,results/raw/p1-nccl-baseline-20260826T181721Z-16cea6a/all_gather.full.r2.stdout.txt,,"[{""index"":0,""memory_total_mib"":23034,""name"":""NVIDIA L4"",""pci_bus_id"":""00000000:03:00.0""},{""index"":1,""memory_total_mib"":23034,""name"":""NVIDIA L4"",""pci_bus_id"":""00000000:C3:00.0""}]","""\t\u001b[4mGPU0\tGPU1\tNIC0\tCPU Affinity\tNUMA Affinity\tGPU NUMA ID\u001b[0m\nGPU0\t X \tNODE\tNODE\t0-47\t0\t\tN/A\nGPU1\tNODE\t X \tNODE\t0-47\t0\t\tN/A\nNIC0\tNODE\tNODE\t X \t\t\t\t\n\nLegend:\n\n  X    = Self\n  SYS  = Connection traversing PCIe as well as the SMP interconnect between NUMA nodes (e.g., QPI/UPI)\n  NODE = Connection traversing PCIe as well as the interconnect between PCIe Host Bridges within a NUMA node\n  PHB  = Connection traversing PCIe as well as a PCIe Host Bridge (typically the CPU)\n  PXB  = Connection traversing multiple PCIe bridges (without traversing the PCIe Host Bridge)\n  PIX  = Connection traversing at most a single PCIe bridge\n  NV#  = Connection traversing a bonded set of # NVLinks\n\nNIC Legend:\n\n  NIC0: mlx5_bond_0""","{""CUDA_HOME"":""/usr/local/cuda"",""NCCL_TESTS_DIR"":""/root/nccl-tests""}"
1,p1-nccl-baseline-20260826T181721Z-16cea6a,phase1,2026-08-26T18:17:57Z,measured,16cea6aed21d649453b65981c72d4b8ea7e32605,False,unknown,,5c44f3e9a47e,Ubuntu 24.04.3 LTS,6.8.0-106-generic,AMD EPYC 9254 24-Core Processor,48,1,NVIDIA L4,2,NODE,none-single-node,False,,12.8,580.126.20,2.25.1+cuda12.8,NCCL_DEBUG=VERSION banner,,gcc (Ubuntu 13.3.0-6ubuntu2~24.04) 13.3.0,717b68318278e93f371d8ffb46b076069d7c7851,nccl-tests,all_gather,float,none,-1,0,0,in_place,20,50,2,full,0.15,0.0,0.0,0,True,True,,0,/root/nccl-tests/build/all_gather_perf -b 8 -e 128M -f 2 -g 2 -w 20 -n 50 -c 1 -d float,results/raw/p1-nccl-baseline-20260826T181721Z-16cea6a/all_gather.full.r2.stdout.txt,,"[{""index"":0,""memory_total_mib"":23034,""name"":""NVIDIA L4"",""pci_bus_id"":""00000000:03:00.0""},{""index"":1,""memory_total_mib"":23034,""name"":""NVIDIA L4"",""pci_bus_id"":""00000000:C3:00.0""}]","""\t\u001b[4mGPU0\tGPU1\tNIC0\tCPU Affinity\tNUMA Affinity\tGPU NUMA ID\u001b[0m\nGPU0\t X \tNODE\tNODE\t0-47\t0\t\tN/A\nGPU1\tNODE\t X \tNODE\t0-47\t0\t\tN/A\nNIC0\tNODE\tNODE\t X \t\t\t\t\n\nLegend:\n\n  X    = Self\n  SYS  = Connection traversing PCIe as well as the SMP interconnect between NUMA nodes (e.g., QPI/UPI)\n  NODE = Connection traversing PCIe as well as the interconnect between PCIe Host Bridges within a NUMA node\n  PHB  = Connection traversing PCIe as well as a PCIe Host Bridge (typically the CPU)\n  PXB  = Connection traversing multiple PCIe bridges (without traversing the PCIe Host Bridge)\n  PIX  = Connection traversing at most a single PCIe bridge\n  NV#  = Connection traversing a bonded set of # NVLinks\n\nNIC Legend:\n\n  NIC0: mlx5_bond_0""","{""CUDA_HOME"":""/usr/local/cuda"",""NCCL_TESTS_DIR"":""/root/nccl-tests""}"
1,p1-nccl-baseline-20260826T181721Z-16cea6a,phase1,2026-08-26T18:17:57Z,measured,16cea6aed21d649453b65981c72d4b8ea7e32605,False,unknown,,5c44f3e9a47e,Ubuntu 24.04.3 LTS,6.8.0-106-generic,AMD EPYC 9254 24-Core Processor,48,1,NVIDIA L4,2,NODE,none-single-node,False,,12.8,580.126.20,2.25.1+cuda12.8,NCCL_DEBUG=VERSION banner,,gcc (Ubuntu 13.3.0-6ubuntu2~24.04) 13.3.0,717b68318278e93f371d8ffb46b076069d7c7851,nccl-tests,all_gather,float,none,-1,32,4,out_of_place,20,50,2,full,7.24,0.0,0.0,0,True,True,,0,/root/nccl-tests/build/all_gather_perf -b 8 -e 128M -f 2 -g 2 -w 20 -n 50 -c 1 -d float,results/raw/p1-nccl-baseline-20260826T181721Z-16cea6a/all_gather.full.r2.stdout.txt,,"[{""index"":0,""memory_total_mib"":23034,""name"":""NVIDIA L4"",""pci_bus_id"":""00000000:03:00.0""},{""index"":1,""memory_total_mib"":23034,""name"":""NVIDIA L4"",""pci_bus_id"":""00000000:C3:00.0""}]","""\t\u001b[4mGPU0\tGPU1\tNIC0\tCPU Affinity\tNUMA Affinity\tGPU NUMA ID\u001b[0m\nGPU0\t X \tNODE\tNODE\t0-47\t0\t\tN/A\nGPU1\tNODE\t X \tNODE\t0-47\t0\t\tN/A\nNIC0\tNODE\tNODE\t X \t\t\t\t\n\nLegend:\n\n  X    = Self\n  SYS  = Connection traversing PCIe as well as the SMP interconnect between NUMA nodes (e.g., QPI/UPI)\n  NODE = Connection traversing PCIe as well as the interconnect between PCIe Host Bridges within a NUMA node\n  PHB  = Connection traversing PCIe as well as a PCIe Host Bridge (typically the CPU)\n  PXB  = Connection traversing multiple PCIe bridges (without traversing the PCIe Host Bridge)\n  PIX  = Connection traversing at most a single PCIe bridge\n  NV#  = Connection traversing a bonded set of # NVLinks\n\nNIC Legend:\n\n  NIC0: mlx5_bond_0""","{""CUDA_HOME"":""/usr/local/cuda"",""NCCL_TESTS_DIR"":""/root/nccl-tests""}"
1,p1-nccl-baseline-20260826T181721Z-16cea6a,phase1,2026-08-26T18:17:57Z,measured,16cea6aed21d649453b65981c72d4b8ea7e32605,False,unknown,,5c44f3e9a47e,Ubuntu 24.04.3 LTS,6.8.0-106-generic,AMD EPYC 9254 24-Core Processor,48,1,NVIDIA L4,2,NODE,none-single-node,False,,12.8,580.126.20,2.25.1+cuda12.8,NCCL_DEBUG=VERSION banner,,gcc (Ubuntu 13.3.0-6ubuntu2~24.04) 13.3.0,717b68318278e93f371d8ffb46b076069d7c7851,nccl-tests,all_gather,float,none,-1,32,4,in_place,20,50,2,full,7.12,0.0,0.0,0,True,True,,0,/root/nccl-tests/build/all_gather_perf -b 8 -e 128M -f 2 -g 2 -w 20 -n 50 -c 1 -d float,results/raw/p1-nccl-baseline-20260826T181721Z-16cea6a/all_gather.full.r2.stdout.txt,,"[{""index"":0,""memory_total_mib"":23034,""name"":""NVIDIA L4"",""pci_bus_id"":""00000000:03:00.0""},{""index"":1,""memory_total_mib"":23034,""name"":""NVIDIA L4"",""pci_bus_id"":""00000000:C3:00.0""}]","""\t\u001b[4mGPU0\tGPU1\tNIC0\tCPU Affinity\tNUMA Affinity\tGPU NUMA ID\u001b[0m\nGPU0\t X \tNODE\tNODE\t0-47\t0\t\tN/A\nGPU1\tNODE\t X \tNODE\t0-47\t0\t\tN/A\nNIC0\tNODE\tNODE\t X \t\t\t\t\n\nLegend:\n\n  X    = Self\n  SYS  = Connection traversing PCIe as well as the SMP interconnect between NUMA nodes (e.g., QPI/UPI)\n  NODE = Connection traversing PCIe as well as the interconnect between PCIe Host Bridges within a NUMA node\n  PHB  = Connection traversing PCIe as well as a PCIe Host Bridge (typically the CPU)\n  PXB  = Connection traversing multiple PCIe bridges (without traversing the PCIe Host Bridge)\n  PIX  = Connection traversing at most a single PCIe bridge\n  NV#  = Connection traversing a bonded set of # NVLinks\n\nNIC Legend:\n\n  NIC0: mlx5_bond_0""","{""CUDA_HOME"":""/usr/local/cuda"",""NCCL_TESTS_DIR"":""/root/nccl-tests""}"
1,p1-nccl-baseline-20260826T181721Z-16cea6a,phase1,2026-08-26T18:17:57Z,measured,16cea6aed21d649453b65981c72d4b8ea7e32605,False,unknown,,5c44f3e9a47e,Ubuntu 24.04.3 LTS,6.8.0-106-generic,AMD EPYC 9254 24-Core Processor,48,1,NVIDIA L4,2,NODE,none-single-node,False,,12.8,580.126.20,2.25.1+cuda12.8,NCCL_DEBUG=VERSION banner,,gcc (Ubuntu 13.3.0-6ubuntu2~24.04) 13.3.0,717b68318278e93f371d8ffb46b076069d7c7851,nccl-tests,all_gather,float,none,-1,64,8,out_of_place,20,50,2,full,7.09,0.01,0.0,0,True,True,True,0,/root/nccl-tests/build/all_gather_perf -b 8 -e 128M -f 2 -g 2 -w 20 -n 50 -c 1 -d float,results/raw/p1-nccl-baseline-20260826T181721Z-16cea6a/all_gather.full.r2.stdout.txt,,"[{""index"":0,""memory_total_mib"":23034,""name"":""NVIDIA L4"",""pci_bus_id"":""00000000:03:00.0""},{""index"":1,""memory_total_mib"":23034,""name"":""NVIDIA L4"",""pci_bus_id"":""00000000:C3:00.0""}]","""\t\u001b[4mGPU0\tGPU1\tNIC0\tCPU Affinity\tNUMA Affinity\tGPU NUMA ID\u001b[0m\nGPU0\t X \tNODE\tNODE\t0-47\t0\t\tN/A\nGPU1\tNODE\t X \tNODE\t0-47\t0\t\tN/A\nNIC0\tNODE\tNODE\t X \t\t\t\t\n\nLegend:\n\n  X    = Self\n  SYS  = Connection traversing PCIe as well as the SMP interconnect between NUMA nodes (e.g., QPI/UPI)\n  NODE = Connection traversing PCIe as well as the interconnect between PCIe Host Bridges within a NUMA node\n  PHB  = Connection traversing PCIe as well as a PCIe Host Bridge (typically the CPU)\n  PXB  = Connection traversing multiple PCIe bridges (without traversing the PCIe Host Bridge)\n  PIX  = Connection traversing at most a single PCIe bridge\n  NV#  = Connection traversing a bonded set of # NVLinks\n\nNIC Legend:\n\n  NIC0: mlx5_bond_0""","{""CUDA_HOME"":""/usr/local/cuda"",""NCCL_TESTS_DIR"":""/root/nccl-tests""}"
1,p1-nccl-baseline-20260826T181721Z-16cea6a,phase1,2026-08-26T18:17:57Z,measured,16cea6aed21d649453b65981c72d4b8ea7e32605,False,unknown,,5c44f3e9a47e,Ubuntu 24.04.3 LTS,6.8.0-106-generic,AMD EPYC 9254 24-Core Processor,48,1,NVIDIA L4,2,NODE,none-single-node,False,,12.8,580.126.20,2.25.1+cuda12.8,NCCL_DEBUG=VERSION banner,,gcc (Ubuntu 13.3.0-6ubuntu2~24.04) 13.3.0,717b68318278e93f371d8ffb46b076069d7c7851,nccl-tests,all_gather,float,none,-1,64,8,in_place,20,50,2,full,7.4,0.01,0.0,0,True,True,True,0,/root/nccl-tests/build/all_gather_perf -b 8 -e 128M -f 2 -g 2 -w 20 -n 50 -c 1 -d float,results/raw/p1-nccl-baseline-20260826T181721Z-16cea6a/all_gather.full.r2.stdout.txt,,"[{""index"":0,""memory_total_mib"":23034,""name"":""NVIDIA L4"",""pci_bus_id"":""00000000:03:00.0""},{""index"":1,""memory_total_mib"":23034,""name"":""NVIDIA L4"",""pci_bus_id"":""00000000:C3:00.0""}]","""\t\u001b[4mGPU0\tGPU1\tNIC0\tCPU Affinity\tNUMA Affinity\tGPU NUMA ID\u001b[0m\nGPU0\t X \tNODE\tNODE\t0-47\t0\t\tN/A\nGPU1\tNODE\t X \tNODE\t0-47\t0\t\tN/A\nNIC0\tNODE\tNODE\t X \t\t\t\t\n\nLegend:\n\n  X    = Self\n  SYS  = Connection traversing PCIe as well as the SMP interconnect between NUMA nodes (e.g., QPI/UPI)\n  NODE = Connection traversing PCIe as well as the interconnect between PCIe Host Bridges within a NUMA node\n  PHB  = Connection traversing PCIe as well as a PCIe Host Bridge (typically the CPU)\n  PXB  = Connection traversing multiple PCIe bridges (without traversing the PCIe Host Bridge)\n  PIX  = Connection traversing at most a single PCIe bridge\n  NV#  = Connection traversing a bonded set of # NVLinks\n\nNIC Legend:\n\n  NIC0: mlx5_bond_0""","{""CUDA_HOME"":""/usr/local/cuda"",""NCCL_TESTS_DIR"":""/root/nccl-tests""}"
1,p1-nccl-baseline-20260826T181721Z-16cea6a,phase1,2026-08-26T18:17:57Z,measured,16cea6aed21d649453b65981c72d4b8ea7e32605,False,unknown,,5c44f3e9a47e,Ubuntu 24.04.3 LTS,6.8.0-106-generic,AMD EPYC 9254 24-Core Processor,48,1,NVIDIA L4,2,NODE,none-single-node,False,,12.8,580.126.20,2.25.1+cuda12.8,NCCL_DEBUG=VERSION banner,,gcc (Ubuntu 13.3.0-6ubuntu2~24.04) 13.3.0,717b68318278e93f371d8ffb46b076069d7c7851,nccl-tests,all_gather,float,none,-1,128,16,out_of_place,20,50,2,full,7.08,0.02,0.01,0,True,True,True,0,/root/nccl-tests/build/all_gather_perf -b 8 -e 128M -f 2 -g 2 -w 20 -n 50 -c 1 -d float,results/raw/p1-nccl-baseline-20260826T181721Z-16cea6a/all_gather.full.r2.stdout.txt,,"[{""index"":0,""memory_total_mib"":23034,""name"":""NVIDIA L4"",""pci_bus_id"":""00000000:03:00.0""},{""index"":1,""memory_total_mib"":23034,""name"":""NVIDIA L4"",""pci_bus_id"":""00000000:C3:00.0""}]","""\t\u001b[4mGPU0\tGPU1\tNIC0\tCPU Affinity\tNUMA Affinity\tGPU NUMA ID\u001b[0m\nGPU0\t X \tNODE\tNODE\t0-47\t0\t\tN/A\nGPU1\tNODE\t X \tNODE\t0-47\t0\t\tN/A\nNIC0\tNODE\tNODE\t X \t\t\t\t\n\nLegend:\n\n  X    = Self\n  SYS  = Connection traversing PCIe as well as the SMP interconnect between NUMA nodes (e.g., QPI/UPI)\n  NODE = Connection traversing PCIe as well as the interconnect between PCIe Host Bridges within a NUMA node\n  PHB  = Connection traversing PCIe as well as a PCIe Host Bridge (typically the CPU)\n  PXB  = Connection traversing multiple PCIe bridges (without traversing the PCIe Host Bridge)\n  PIX  = Connection traversing at most a single PCIe bridge\n  NV#  = Connection traversing a bonded set of # NVLinks\n\nNIC Legend:\n\n  NIC0: mlx5_bond_0""","{""CUDA_HOME"":""/usr/local/cuda"",""NCCL_TESTS_DIR"":""/root/nccl-tests""}"
1,p1-nccl-baseline-20260826T181721Z-16cea6a,phase1,2026-08-26T18:17:57Z,measured,16cea6aed21d649453b65981c72d4b8ea7e32605,False,unknown,,5c44f3e9a47e,Ubuntu 24.04.3 LTS,6.8.0-106-generic,AMD EPYC 9254 24-Core Processor,48,1,NVIDIA L4,2,NODE,none-single-node,False,,12.8,580.126.20,2.25.1+cuda12.8,NCCL_DEBUG=VERSION banner,,gcc (Ubuntu 13.3.0-6ubuntu2~24.04) 13.3.0,717b68318278e93f371d8ffb46b076069d7c7851,nccl-tests,all_gather,float,none,-1,128,16,in_place,20,50,2,full,7.12,0.02,0.01,0,True,True,True,0,/root/nccl-tests/build/all_gather_perf -b 8 -e 128M -f 2 -g 2 -w 20 -n 50 -c 1 -d float,results/raw/p1-nccl-baseline-20260826T181721Z-16cea6a/all_gather.full.r2.stdout.txt,,"[{""index"":0,""memory_total_mib"":23034,""name"":""NVIDIA L4"",""pci_bus_id"":""00000000:03:00.0""},{""index"":1,""memory_total_mib"":23034,""name"":""NVIDIA L4"",""pci_bus_id"":""00000000:C3:00.0""}]","""\t\u001b[4mGPU0\tGPU1\tNIC0\tCPU Affinity\tNUMA Affinity\tGPU NUMA ID\u001b[0m\nGPU0\t X \tNODE\tNODE\t0-47\t0\t\tN/A\nGPU1\tNODE\t X \tNODE\t0-47\t0\t\tN/A\nNIC0\tNODE\tNODE\t X \t\t\t\t\n\nLegend:\n\n  X    = Self\n  SYS  = Connection traversing PCIe as well as the SMP interconnect between NUMA nodes (e.g., QPI/UPI)\n  NODE = Connection traversing PCIe as well as the interconnect between PCIe Host Bridges within a NUMA node\n  PHB  = Connection traversing PCIe as well as a PCIe Host Bridge (typically the CPU)\n  PXB  = Connection traversing multiple PCIe bridges (without traversing the PCIe Host Bridge)\n  PIX  = Connection traversing at most a single PCIe bridge\n  NV#  = Connection traversing a bonded set of # NVLinks\n\nNIC Legend:\n\n  NIC0: mlx5_bond_0""","{""CUDA_HOME"":""/usr/local/cuda"",""NCCL_TESTS_DIR"":""/root/nccl-tests""}"
1,p1-nccl-baseline-20260826T181721Z-16cea6a,phase1,2026-08-26T18:17:57Z,measured,16cea6aed21d649453b65981c72d4b8ea7e32605,False,unknown,,5c44f3e9a47e,Ubuntu 24.04.3 LTS,6.8.0-106-generic,AMD EPYC 9254 24-Core Processor,48,1,NVIDIA L4,2,NODE,none-single-node,False,,12.8,580.126.20,2.25.1+cuda12.8,NCCL_DEBUG=VERSION banner,,gcc (Ubuntu 13.3.0-6ubuntu2~24.04) 13.3.0,717b68318278e93f371d8ffb46b076069d7c7851,nccl-tests,all_gather,float,none,-1,256,32,out_of_place,20,50,2,full,7.13,0.04,0.02,0,True,True,True,0,/root/nccl-tests/build/all_gather_perf -b 8 -e 128M -f 2 -g 2 -w 20 -n 50 -c 1 -d float,results/raw/p1-nccl-baseline-20260826T181721Z-16cea6a/all_gather.full.r2.stdout.txt,,"[{""index"":0,""memory_total_mib"":23034,""name"":""NVIDIA L4"",""pci_bus_id"":""00000000:03:00.0""},{""index"":1,""memory_total_mib"":23034,""name"":""NVIDIA L4"",""pci_bus_id"":""00000000:C3:00.0""}]","""\t\u001b[4mGPU0\tGPU1\tNIC0\tCPU Affinity\tNUMA Affinity\tGPU NUMA ID\u001b[0m\nGPU0\t X \tNODE\tNODE\t0-47\t0\t\tN/A\nGPU1\tNODE\t X \tNODE\t0-47\t0\t\tN/A\nNIC0\tNODE\tNODE\t X \t\t\t\t\n\nLegend:\n\n  X    = Self\n  SYS  = Connection traversing PCIe as well as the SMP interconnect between NUMA nodes (e.g., QPI/UPI)\n  NODE = Connection traversing PCIe as well as the interconnect between PCIe Host Bridges within a NUMA node\n  PHB  = Connection traversing PCIe as well as a PCIe Host Bridge (typically the CPU)\n  PXB  = Connection traversing multiple PCIe bridges (without traversing the PCIe Host Bridge)\n  PIX  = Connection traversing at most a single PCIe bridge\n  NV#  = Connection traversing a bonded set of # NVLinks\n\nNIC Legend:\n\n  NIC0: mlx5_bond_0""","{""CUDA_HOME"":""/usr/local/cuda"",""NCCL_TESTS_DIR"":""/root/nccl-tests""}"
1,p1-nccl-baseline-20260826T181721Z-16cea6a,phase1,2026-08-26T18:17:57Z,measured,16cea6aed21d649453b65981c72d4b8ea7e32605,False,unknown,,5c44f3e9a47e,Ubuntu 24.04.3 LTS,6.8.0-106-generic,AMD EPYC 9254 24-Core Processor,48,1,NVIDIA L4,2,NODE,none-single-node,False,,12.8,580.126.20,2.25.1+cuda12.8,NCCL_DEBUG=VERSION banner,,gcc (Ubuntu 13.3.0-6ubuntu2~24.04) 13.3.0,717b68318278e93f371d8ffb46b076069d7c7851,nccl-tests,all_gather,float,none,-1,256,32,in_place,20,50,2,full,7.24,0.04,0.02,0,True,True,True,0,/root/nccl-tests/build/all_gather_perf -b 8 -e 128M -f 2 -g 2 -w 20 -n 50 -c 1 -d float,results/raw/p1-nccl-baseline-20260826T181721Z-16cea6a/all_gather.full.r2.stdout.txt,,"[{""index"":0,""memory_total_mib"":23034,""name"":""NVIDIA L4"",""pci_bus_id"":""00000000:03:00.0""},{""index"":1,""memory_total_mib"":23034,""name"":""NVIDIA L4"",""pci_bus_id"":""00000000:C3:00.0""}]","""\t\u001b[4mGPU0\tGPU1\tNIC0\tCPU Affinity\tNUMA Affinity\tGPU NUMA ID\u001b[0m\nGPU0\t X \tNODE\tNODE\t0-47\t0\t\tN/A\nGPU1\tNODE\t X \tNODE\t0-47\t0\t\tN/A\nNIC0\tNODE\tNODE\t X \t\t\t\t\n\nLegend:\n\n  X    = Self\n  SYS  = Connection traversing PCIe as well as the SMP interconnect between NUMA nodes (e.g., QPI/UPI)\n  NODE = Connection traversing PCIe as well as the interconnect between PCIe Host Bridges within a NUMA node\n  PHB  = Connection traversing PCIe as well as a PCIe Host Bridge (typically the CPU)\n  PXB  = Connection traversing multiple PCIe bridges (without traversing the PCIe Host Bridge)\n  PIX  = Connection traversing at most a single PCIe bridge\n  NV#  = Connection traversing a bonded set of # NVLinks\n\nNIC Legend:\n\n  NIC0: mlx5_bond_0""","{""CUDA_HOME"":""/usr/local/cuda"",""NCCL_TESTS_DIR"":""/root/nccl-tests""}"
1,p1-nccl-baseline-20260826T181721Z-16cea6a,phase1,2026-08-26T18:17:57Z,measured,16cea6aed21d649453b65981c72d4b8ea7e32605,False,unknown,,5c44f3e9a47e,Ubuntu 24.04.3 LTS,6.8.0-106-generic,AMD EPYC 9254 24-Core Processor,48,1,NVIDIA L4,2,NODE,none-single-node,False,,12.8,580.126.20,2.25.1+cuda12.8,NCCL_DEBUG=VERSION banner,,gcc (Ubuntu 13.3.0-6ubuntu2~24.04) 13.3.0,717b68318278e93f371d8ffb46b076069d7c7851,nccl-tests,all_gather,float,none,-1,512,64,out_of_place,20,50,2,full,6.85,0.07,0.04,0,True,True,True,0,/root/nccl-tests/build/all_gather_perf -b 8 -e 128M -f 2 -g 2 -w 20 -n 50 -c 1 -d float,results/raw/p1-nccl-baseline-20260826T181721Z-16cea6a/all_gather.full.r2.stdout.txt,,"[{""index"":0,""memory_total_mib"":23034,""name"":""NVIDIA L4"",""pci_bus_id"":""00000000:03:00.0""},{""index"":1,""memory_total_mib"":23034,""name"":""NVIDIA L4"",""pci_bus_id"":""00000000:C3:00.0""}]","""\t\u001b[4mGPU0\tGPU1\tNIC0\tCPU Affinity\tNUMA Affinity\tGPU NUMA ID\u001b[0m\nGPU0\t X \tNODE\tNODE\t0-47\t0\t\tN/A\nGPU1\tNODE\t X \tNODE\t0-47\t0\t\tN/A\nNIC0\tNODE\tNODE\t X \t\t\t\t\n\nLegend:\n\n  X    = Self\n  SYS  = Connection traversing PCIe as well as the SMP interconnect between NUMA nodes (e.g., QPI/UPI)\n  NODE = Connection traversing PCIe as well as the interconnect between PCIe Host Bridges within a NUMA node\n  PHB  = Connection traversing PCIe as well as a PCIe Host Bridge (typically the CPU)\n  PXB  = Connection traversing multiple PCIe bridges (without traversing the PCIe Host Bridge)\n  PIX  = Connection traversing at most a single PCIe bridge\n  NV#  = Connection traversing a bonded set of # NVLinks\n\nNIC Legend:\n\n  NIC0: mlx5_bond_0""","{""CUDA_HOME"":""/usr/local/cuda"",""NCCL_TESTS_DIR"":""/root/nccl-tests""}"
1,p1-nccl-baseline-20260826T181721Z-16cea6a,phase1,2026-08-26T18:17:57Z,measured,16cea6aed21d649453b65981c72d4b8ea7e32605,False,unknown,,5c44f3e9a47e,Ubuntu 24.04.3 LTS,6.8.0-106-generic,AMD EPYC 9254 24-Core Processor,48,1,NVIDIA L4,2,NODE,none-single-node,False,,12.8,580.126.20,2.25.1+cuda12.8,NCCL_DEBUG=VERSION banner,,gcc (Ubuntu 13.3.0-6ubuntu2~24.04) 13.3.0,717b68318278e93f371d8ffb46b076069d7c7851,nccl-tests,all_gather,float,none,-1,512,64,in_place,20,50,2,full,7.12,0.07,0.04,0,True,True,True,0,/root/nccl-tests/build/all_gather_perf -b 8 -e 128M -f 2 -g 2 -w 20 -n 50 -c 1 -d float,results/raw/p1-nccl-baseline-20260826T181721Z-16cea6a/all_gather.full.r2.stdout.txt,,"[{""index"":0,""memory_total_mib"":23034,""name"":""NVIDIA L4"",""pci_bus_id"":""00000000:03:00.0""},{""index"":1,""memory_total_mib"":23034,""name"":""NVIDIA L4"",""pci_bus_id"":""00000000:C3:00.0""}]","""\t\u001b[4mGPU0\tGPU1\tNIC0\tCPU Affinity\tNUMA Affinity\tGPU NUMA ID\u001b[0m\nGPU0\t X \tNODE\tNODE\t0-47\t0\t\tN/A\nGPU1\tNODE\t X \tNODE\t0-47\t0\t\tN/A\nNIC0\tNODE\tNODE\t X \t\t\t\t\n\nLegend:\n\n  X    = Self\n  SYS  = Connection traversing PCIe as well as the SMP interconnect between NUMA nodes (e.g., QPI/UPI)\n  NODE = Connection traversing PCIe as well as the interconnect between PCIe Host Bridges within a NUMA node\n  PHB  = Connection traversing PCIe as well as a PCIe Host Bridge (typically the CPU)\n  PXB  = Connection traversing multiple PCIe bridges (without traversing the PCIe Host Bridge)\n  PIX  = Connection traversing at most a single PCIe bridge\n  NV#  = Connection traversing a bonded set of # NVLinks\n\nNIC Legend:\n\n  NIC0: mlx5_bond_0""","{""CUDA_HOME"":""/usr/local/cuda"",""NCCL_TESTS_DIR"":""/root/nccl-tests""}"
1,p1-nccl-baseline-20260826T181721Z-16cea6a,phase1,2026-08-26T18:17:57Z,measured,16cea6aed21d649453b65981c72d4b8ea7e32605,False,unknown,,5c44f3e9a47e,Ubuntu 24.04.3 LTS,6.8.0-106-generic,AMD EPYC 9254 24-Core Processor,48,1,NVIDIA L4,2,NODE,none-single-node,False,,12.8,580.126.20,2.25.1+cuda12.8,NCCL_DEBUG=VERSION banner,,gcc (Ubuntu 13.3.0-6ubuntu2~24.04) 13.3.0,717b68318278e93f371d8ffb46b076069d7c7851,nccl-tests,all_gather,float,none,-1,1024,128,out_of_place,20,50,2,full,7.09,0.14,0.07,0,True,True,True,0,/root/nccl-tests/build/all_gather_perf -b 8 -e 128M -f 2 -g 2 -w 20 -n 50 -c 1 -d float,results/raw/p1-nccl-baseline-20260826T181721Z-16cea6a/all_gather.full.r2.stdout.txt,,"[{""index"":0,""memory_total_mib"":23034,""name"":""NVIDIA L4"",""pci_bus_id"":""00000000:03:00.0""},{""index"":1,""memory_total_mib"":23034,""name"":""NVIDIA L4"",""pci_bus_id"":""00000000:C3:00.0""}]","""\t\u001b[4mGPU0\tGPU1\tNIC0\tCPU Affinity\tNUMA Affinity\tGPU NUMA ID\u001b[0m\nGPU0\t X \tNODE\tNODE\t0-47\t0\t\tN/A\nGPU1\tNODE\t X \tNODE\t0-47\t0\t\tN/A\nNIC0\tNODE\tNODE\t X \t\t\t\t\n\nLegend:\n\n  X    = Self\n  SYS  = Connection traversing PCIe as well as the SMP interconnect between NUMA nodes (e.g., QPI/UPI)\n  NODE = Connection traversing PCIe as well as the interconnect between PCIe Host Bridges within a NUMA node\n  PHB  = Connection traversing PCIe as well as a PCIe Host Bridge (typically the CPU)\n  PXB  = Connection traversing multiple PCIe bridges (without traversing the PCIe Host Bridge)\n  PIX  = Connection traversing at most a single PCIe bridge\n  NV#  = Connection traversing a bonded set of # NVLinks\n\nNIC Legend:\n\n  NIC0: mlx5_bond_0""","{""CUDA_HOME"":""/usr/local/cuda"",""NCCL_TESTS_DIR"":""/root/nccl-tests""}"
1,p1-nccl-baseline-20260826T181721Z-16cea6a,phase1,2026-08-26T18:17:57Z,measured,16cea6aed21d649453b65981c72d4b8ea7e32605,False,unknown,,5c44f3e9a47e,Ubuntu 24.04.3 LTS,6.8.0-106-generic,AMD EPYC 9254 24-Core Processor,48,1,NVIDIA L4,2,NODE,none-single-node,False,,12.8,580.126.20,2.25.1+cuda12.8,NCCL_DEBUG=VERSION banner,,gcc (Ubuntu 13.3.0-6ubuntu2~24.04) 13.3.0,717b68318278e93f371d8ffb46b076069d7c7851,nccl-tests,all_gather,float,none,-1,1024,128,in_place,20,50,2,full,6.87,0.15,0.07,0,True,True,True,0,/root/nccl-tests/build/all_gather_perf -b 8 -e 128M -f 2 -g 2 -w 20 -n 50 -c 1 -d float,results/raw/p1-nccl-baseline-20260826T181721Z-16cea6a/all_gather.full.r2.stdout.txt,,"[{""index"":0,""memory_total_mib"":23034,""name"":""NVIDIA L4"",""pci_bus_id"":""00000000:03:00.0""},{""index"":1,""memory_total_mib"":23034,""name"":""NVIDIA L4"",""pci_bus_id"":""00000000:C3:00.0""}]","""\t\u001b[4mGPU0\tGPU1\tNIC0\tCPU Affinity\tNUMA Affinity\tGPU NUMA ID\u001b[0m\nGPU0\t X \tNODE\tNODE\t0-47\t0\t\tN/A\nGPU1\tNODE\t X \tNODE\t0-47\t0\t\tN/A\nNIC0\tNODE\tNODE\t X \t\t\t\t\n\nLegend:\n\n  X    = Self\n  SYS  = Connection traversing PCIe as well as the SMP interconnect between NUMA nodes (e.g., QPI/UPI)\n  NODE = Connection traversing PCIe as well as the interconnect between PCIe Host Bridges within a NUMA node\n  PHB  = Connection traversing PCIe as well as a PCIe Host Bridge (typically the CPU)\n  PXB  = Connection traversing multiple PCIe bridges (without traversing the PCIe Host Bridge)\n  PIX  = Connection traversing at most a single PCIe bridge\n  NV#  = Connection traversing a bonded set of # NVLinks\n\nNIC Legend:\n\n  NIC0: mlx5_bond_0""","{""CUDA_HOME"":""/usr/local/cuda"",""NCCL_TESTS_DIR"":""/root/nccl-tests""}"
1,p1-nccl-baseline-20260826T181721Z-16cea6a,phase1,2026-08-26T18:17:57Z,measured,16cea6aed21d649453b65981c72d4b8ea7e32605,False,unknown,,5c44f3e9a47e,Ubuntu 24.04.3 LTS,6.8.0-106-generic,AMD EPYC 9254 24-Core Processor,48,1,NVIDIA L4,2,NODE,none-single-node,False,,12.8,580.126.20,2.25.1+cuda12.8,NCCL_DEBUG=VERSION banner,,gcc (Ubuntu 13.3.0-6ubuntu2~24.04) 13.3.0,717b68318278e93f371d8ffb46b076069d7c7851,nccl-tests,all_gather,float,none,-1,2048,256,out_of_place,20,50,2,full,7.08,0.29,0.14,0,True,True,True,0,/root/nccl-tests/build/all_gather_perf -b 8 -e 128M -f 2 -g 2 -w 20 -n 50 -c 1 -d float,results/raw/p1-nccl-baseline-20260826T181721Z-16cea6a/all_gather.full.r2.stdout.txt,,"[{""index"":0,""memory_total_mib"":23034,""name"":""NVIDIA L4"",""pci_bus_id"":""00000000:03:00.0""},{""index"":1,""memory_total_mib"":23034,""name"":""NVIDIA L4"",""pci_bus_id"":""00000000:C3:00.0""}]","""\t\u001b[4mGPU0\tGPU1\tNIC0\tCPU Affinity\tNUMA Affinity\tGPU NUMA ID\u001b[0m\nGPU0\t X \tNODE\tNODE\t0-47\t0\t\tN/A\nGPU1\tNODE\t X \tNODE\t0-47\t0\t\tN/A\nNIC0\tNODE\tNODE\t X \t\t\t\t\n\nLegend:\n\n  X    = Self\n  SYS  = Connection traversing PCIe as well as the SMP interconnect between NUMA nodes (e.g., QPI/UPI)\n  NODE = Connection traversing PCIe as well as the interconnect between PCIe Host Bridges within a NUMA node\n  PHB  = Connection traversing PCIe as well as a PCIe Host Bridge (typically the CPU)\n  PXB  = Connection traversing multiple PCIe bridges (without traversing the PCIe Host Bridge)\n  PIX  = Connection traversing at most a single PCIe bridge\n  NV#  = Connection traversing a bonded set of # NVLinks\n\nNIC Legend:\n\n  NIC0: mlx5_bond_0""","{""CUDA_HOME"":""/usr/local/cuda"",""NCCL_TESTS_DIR"":""/root/nccl-tests""}"
1,p1-nccl-baseline-20260826T181721Z-16cea6a,phase1,2026-08-26T18:17:57Z,measured,16cea6aed21d649453b65981c72d4b8ea7e32605,False,unknown,,5c44f3e9a47e,Ubuntu 24.04.3 LTS,6.8.0-106-generic,AMD EPYC 9254 24-Core Processor,48,1,NVIDIA L4,2,NODE,none-single-node,False,,12.8,580.126.20,2.25.1+cuda12.8,NCCL_DEBUG=VERSION banner,,gcc (Ubuntu 13.3.0-6ubuntu2~24.04) 13.3.0,717b68318278e93f371d8ffb46b076069d7c7851,nccl-tests,all_gather,float,none,-1,2048,256,in_place,20,50,2,full,6.95,0.29,0.15,0,True,True,True,0,/root/nccl-tests/build/all_gather_perf -b 8 -e 128M -f 2 -g 2 -w 20 -n 50 -c 1 -d float,results/raw/p1-nccl-baseline-20260826T181721Z-16cea6a/all_gather.full.r2.stdout.txt,,"[{""index"":0,""memory_total_mib"":23034,""name"":""NVIDIA L4"",""pci_bus_id"":""00000000:03:00.0""},{""index"":1,""memory_total_mib"":23034,""name"":""NVIDIA L4"",""pci_bus_id"":""00000000:C3:00.0""}]","""\t\u001b[4mGPU0\tGPU1\tNIC0\tCPU Affinity\tNUMA Affinity\tGPU NUMA ID\u001b[0m\nGPU0\t X \tNODE\tNODE\t0-47\t0\t\tN/A\nGPU1\tNODE\t X \tNODE\t0-47\t0\t\tN/A\nNIC0\tNODE\tNODE\t X \t\t\t\t\n\nLegend:\n\n  X    = Self\n  SYS  = Connection traversing PCIe as well as the SMP interconnect between NUMA nodes (e.g., QPI/UPI)\n  NODE = Connection traversing PCIe as well as the interconnect between PCIe Host Bridges within a NUMA node\n  PHB  = Connection traversing PCIe as well as a PCIe Host Bridge (typically the CPU)\n  PXB  = Connection traversing multiple PCIe bridges (without traversing the PCIe Host Bridge)\n  PIX  = Connection traversing at most a single PCIe bridge\n  NV#  = Connection traversing a bonded set of # NVLinks\n\nNIC Legend:\n\n  NIC0: mlx5_bond_0""","{""CUDA_HOME"":""/usr/local/cuda"",""NCCL_TESTS_DIR"":""/root/nccl-tests""}"
1,p1-nccl-baseline-20260826T181721Z-16cea6a,phase1,2026-08-26T18:17:57Z,measured,16cea6aed21d649453b65981c72d4b8ea7e32605,False,unknown,,5c44f3e9a47e,Ubuntu 24.04.3 LTS,6.8.0-106-generic,AMD EPYC 9254 24-Core Processor,48,1,NVIDIA L4,2,NODE,none-single-node,False,,12.8,580.126.20,2.25.1+cuda12.8,NCCL_DEBUG=VERSION banner,,gcc (Ubuntu 13.3.0-6ubuntu2~24.04) 13.3.0,717b68318278e93f371d8ffb46b076069d7c7851,nccl-tests,all_gather,float,none,-1,4096,512,out_of_place,20,50,2,full,6.82,0.6,0.3,0,True,True,True,0,/root/nccl-tests/build/all_gather_perf -b 8 -e 128M -f 2 -g 2 -w 20 -n 50 -c 1 -d float,results/raw/p1-nccl-baseline-20260826T181721Z-16cea6a/all_gather.full.r2.stdout.txt,,"[{""index"":0,""memory_total_mib"":23034,""name"":""NVIDIA L4"",""pci_bus_id"":""00000000:03:00.0""},{""index"":1,""memory_total_mib"":23034,""name"":""NVIDIA L4"",""pci_bus_id"":""00000000:C3:00.0""}]","""\t\u001b[4mGPU0\tGPU1\tNIC0\tCPU Affinity\tNUMA Affinity\tGPU NUMA ID\u001b[0m\nGPU0\t X \tNODE\tNODE\t0-47\t0\t\tN/A\nGPU1\tNODE\t X \tNODE\t0-47\t0\t\tN/A\nNIC0\tNODE\tNODE\t X \t\t\t\t\n\nLegend:\n\n  X    = Self\n  SYS  = Connection traversing PCIe as well as the SMP interconnect between NUMA nodes (e.g., QPI/UPI)\n  NODE = Connection traversing PCIe as well as the interconnect between PCIe Host Bridges within a NUMA node\n  PHB  = Connection traversing PCIe as well as a PCIe Host Bridge (typically the CPU)\n  PXB  = Connection traversing multiple PCIe bridges (without traversing the PCIe Host Bridge)\n  PIX  = Connection traversing at most a single PCIe bridge\n  NV#  = Connection traversing a bonded set of # NVLinks\n\nNIC Legend:\n\n  NIC0: mlx5_bond_0""","{""CUDA_HOME"":""/usr/local/cuda"",""NCCL_TESTS_DIR"":""/root/nccl-tests""}"
1,p1-nccl-baseline-20260826T181721Z-16cea6a,phase1,2026-08-26T18:17:57Z,measured,16cea6aed21d649453b65981c72d4b8ea7e32605,False,unknown,,5c44f3e9a47e,Ubuntu 24.04.3 LTS,6.8.0-106-generic,AMD EPYC 9254 24-Core Processor,48,1,NVIDIA L4,2,NODE,none-single-node,False,,12.8,580.126.20,2.25.1+cuda12.8,NCCL_DEBUG=VERSION banner,,gcc (Ubuntu 13.3.0-6ubuntu2~24.04) 13.3.0,717b68318278e93f371d8ffb46b076069d7c7851,nccl-tests,all_gather,float,none,-1,4096,512,in_place,20,50,2,full,6.98,0.59,0.29,0,True,True,True,0,/root/nccl-tests/build/all_gather_perf -b 8 -e 128M -f 2 -g 2 -w 20 -n 50 -c 1 -d float,results/raw/p1-nccl-baseline-20260826T181721Z-16cea6a/all_gather.full.r2.stdout.txt,,"[{""index"":0,""memory_total_mib"":23034,""name"":""NVIDIA L4"",""pci_bus_id"":""00000000:03:00.0""},{""index"":1,""memory_total_mib"":23034,""name"":""NVIDIA L4"",""pci_bus_id"":""00000000:C3:00.0""}]","""\t\u001b[4mGPU0\tGPU1\tNIC0\tCPU Affinity\tNUMA Affinity\tGPU NUMA ID\u001b[0m\nGPU0\t X \tNODE\tNODE\t0-47\t0\t\tN/A\nGPU1\tNODE\t X \tNODE\t0-47\t0\t\tN/A\nNIC0\tNODE\tNODE\t X \t\t\t\t\n\nLegend:\n\n  X    = Self\n  SYS  = Connection traversing PCIe as well as the SMP interconnect between NUMA nodes (e.g., QPI/UPI)\n  NODE = Connection traversing PCIe as well as the interconnect between PCIe Host Bridges within a NUMA node\n  PHB  = Connection traversing PCIe as well as a PCIe Host Bridge (typically the CPU)\n  PXB  = Connection traversing multiple PCIe bridges (without traversing the PCIe Host Bridge)\n  PIX  = Connection traversing at most a single PCIe bridge\n  NV#  = Connection traversing a bonded set of # NVLinks\n\nNIC Legend:\n\n  NIC0: mlx5_bond_0""","{""CUDA_HOME"":""/usr/local/cuda"",""NCCL_TESTS_DIR"":""/root/nccl-tests""}"
1,p1-nccl-baseline-20260826T181721Z-16cea6a,phase1,2026-08-26T18:17:57Z,measured,16cea6aed21d649453b65981c72d4b8ea7e32605,False,unknown,,5c44f3e9a47e,Ubuntu 24.04.3 LTS,6.8.0-106-generic,AMD EPYC 9254 24-Core Processor,48,1,NVIDIA L4,2,NODE,none-single-node,False,,12.8,580.126.20,2.25.1+cuda12.8,NCCL_DEBUG=VERSION banner,,gcc (Ubuntu 13.3.0-6ubuntu2~24.04) 13.3.0,717b68318278e93f371d8ffb46b076069d7c7851,nccl-tests,all_gather,float,none,-1,8192,1024,out_of_place,20,50,2,full,6.89,1.19,0.59,0,True,True,True,0,/root/nccl-tests/build/all_gather_perf -b 8 -e 128M -f 2 -g 2 -w 20 -n 50 -c 1 -d float,results/raw/p1-nccl-baseline-20260826T181721Z-16cea6a/all_gather.full.r2.stdout.txt,,"[{""index"":0,""memory_total_mib"":23034,""name"":""NVIDIA L4"",""pci_bus_id"":""00000000:03:00.0""},{""index"":1,""memory_total_mib"":23034,""name"":""NVIDIA L4"",""pci_bus_id"":""00000000:C3:00.0""}]","""\t\u001b[4mGPU0\tGPU1\tNIC0\tCPU Affinity\tNUMA Affinity\tGPU NUMA ID\u001b[0m\nGPU0\t X \tNODE\tNODE\t0-47\t0\t\tN/A\nGPU1\tNODE\t X \tNODE\t0-47\t0\t\tN/A\nNIC0\tNODE\tNODE\t X \t\t\t\t\n\nLegend:\n\n  X    = Self\n  SYS  = Connection traversing PCIe as well as the SMP interconnect between NUMA nodes (e.g., QPI/UPI)\n  NODE = Connection traversing PCIe as well as the interconnect between PCIe Host Bridges within a NUMA node\n  PHB  = Connection traversing PCIe as well as a PCIe Host Bridge (typically the CPU)\n  PXB  = Connection traversing multiple PCIe bridges (without traversing the PCIe Host Bridge)\n  PIX  = Connection traversing at most a single PCIe bridge\n  NV#  = Connection traversing a bonded set of # NVLinks\n\nNIC Legend:\n\n  NIC0: mlx5_bond_0""","{""CUDA_HOME"":""/usr/local/cuda"",""NCCL_TESTS_DIR"":""/root/nccl-tests""}"
1,p1-nccl-baseline-20260826T181721Z-16cea6a,phase1,2026-08-26T18:17:57Z,measured,16cea6aed21d649453b65981c72d4b8ea7e32605,False,unknown,,5c44f3e9a47e,Ubuntu 24.04.3 LTS,6.8.0-106-generic,AMD EPYC 9254 24-Core Processor,48,1,NVIDIA L4,2,NODE,none-single-node,False,,12.8,580.126.20,2.25.1+cuda12.8,NCCL_DEBUG=VERSION banner,,gcc (Ubuntu 13.3.0-6ubuntu2~24.04) 13.3.0,717b68318278e93f371d8ffb46b076069d7c7851,nccl-tests,all_gather,float,none,-1,8192,1024,in_place,20,50,2,full,7.19,1.14,0.57,0,True,True,True,0,/root/nccl-tests/build/all_gather_perf -b 8 -e 128M -f 2 -g 2 -w 20 -n 50 -c 1 -d float,results/raw/p1-nccl-baseline-20260826T181721Z-16cea6a/all_gather.full.r2.stdout.txt,,"[{""index"":0,""memory_total_mib"":23034,""name"":""NVIDIA L4"",""pci_bus_id"":""00000000:03:00.0""},{""index"":1,""memory_total_mib"":23034,""name"":""NVIDIA L4"",""pci_bus_id"":""00000000:C3:00.0""}]","""\t\u001b[4mGPU0\tGPU1\tNIC0\tCPU Affinity\tNUMA Affinity\tGPU NUMA ID\u001b[0m\nGPU0\t X \tNODE\tNODE\t0-47\t0\t\tN/A\nGPU1\tNODE\t X \tNODE\t0-47\t0\t\tN/A\nNIC0\tNODE\tNODE\t X \t\t\t\t\n\nLegend:\n\n  X    = Self\n  SYS  = Connection traversing PCIe as well as the SMP interconnect between NUMA nodes (e.g., QPI/UPI)\n  NODE = Connection traversing PCIe as well as the interconnect between PCIe Host Bridges within a NUMA node\n  PHB  = Connection traversing PCIe as well as a PCIe Host Bridge (typically the CPU)\n  PXB  = Connection traversing multiple PCIe bridges (without traversing the PCIe Host Bridge)\n  PIX  = Connection traversing at most a single PCIe bridge\n  NV#  = Connection traversing a bonded set of # NVLinks\n\nNIC Legend:\n\n  NIC0: mlx5_bond_0""","{""CUDA_HOME"":""/usr/local/cuda"",""NCCL_TESTS_DIR"":""/root/nccl-tests""}"
1,p1-nccl-baseline-20260826T181721Z-16cea6a,phase1,2026-08-26T18:17:57Z,measured,16cea6aed21d649453b65981c72d4b8ea7e32605,False,unknown,,5c44f3e9a47e,Ubuntu 24.04.3 LTS,6.8.0-106-generic,AMD EPYC 9254 24-Core Processor,48,1,NVIDIA L4,2,NODE,none-single-node,False,,12.8,580.126.20,2.25.1+cuda12.8,NCCL_DEBUG=VERSION banner,,gcc (Ubuntu 13.3.0-6ubuntu2~24.04) 13.3.0,717b68318278e93f371d8ffb46b076069d7c7851,nccl-tests,all_gather,float,none,-1,16384,2048,out_of_place,20,50,2,full,7.4,2.21,1.11,0,True,True,True,0,/root/nccl-tests/build/all_gather_perf -b 8 -e 128M -f 2 -g 2 -w 20 -n 50 -c 1 -d float,results/raw/p1-nccl-baseline-20260826T181721Z-16cea6a/all_gather.full.r2.stdout.txt,,"[{""index"":0,""memory_total_mib"":23034,""name"":""NVIDIA L4"",""pci_bus_id"":""00000000:03:00.0""},{""index"":1,""memory_total_mib"":23034,""name"":""NVIDIA L4"",""pci_bus_id"":""00000000:C3:00.0""}]","""\t\u001b[4mGPU0\tGPU1\tNIC0\tCPU Affinity\tNUMA Affinity\tGPU NUMA ID\u001b[0m\nGPU0\t X \tNODE\tNODE\t0-47\t0\t\tN/A\nGPU1\tNODE\t X \tNODE\t0-47\t0\t\tN/A\nNIC0\tNODE\tNODE\t X \t\t\t\t\n\nLegend:\n\n  X    = Self\n  SYS  = Connection traversing PCIe as well as the SMP interconnect between NUMA nodes (e.g., QPI/UPI)\n  NODE = Connection traversing PCIe as well as the interconnect between PCIe Host Bridges within a NUMA node\n  PHB  = Connection traversing PCIe as well as a PCIe Host Bridge (typically the CPU)\n  PXB  = Connection traversing multiple PCIe bridges (without traversing the PCIe Host Bridge)\n  PIX  = Connection traversing at most a single PCIe bridge\n  NV#  = Connection traversing a bonded set of # NVLinks\n\nNIC Legend:\n\n  NIC0: mlx5_bond_0""","{""CUDA_HOME"":""/usr/local/cuda"",""NCCL_TESTS_DIR"":""/root/nccl-tests""}"
1,p1-nccl-baseline-20260826T181721Z-16cea6a,phase1,2026-08-26T18:17:57Z,measured,16cea6aed21d649453b65981c72d4b8ea7e32605,False,unknown,,5c44f3e9a47e,Ubuntu 24.04.3 LTS,6.8.0-106-generic,AMD EPYC 9254 24-Core Processor,48,1,NVIDIA L4,2,NODE,none-single-node,False,,12.8,580.126.20,2.25.1+cuda12.8,NCCL_DEBUG=VERSION banner,,gcc (Ubuntu 13.3.0-6ubuntu2~24.04) 13.3.0,717b68318278e93f371d8ffb46b076069d7c7851,nccl-tests,all_gather,float,none,-1,16384,2048,in_place,20,50,2,full,7.29,2.25,1.12,0,True,True,True,0,/root/nccl-tests/build/all_gather_perf -b 8 -e 128M -f 2 -g 2 -w 20 -n 50 -c 1 -d float,results/raw/p1-nccl-baseline-20260826T181721Z-16cea6a/all_gather.full.r2.stdout.txt,,"[{""index"":0,""memory_total_mib"":23034,""name"":""NVIDIA L4"",""pci_bus_id"":""00000000:03:00.0""},{""index"":1,""memory_total_mib"":23034,""name"":""NVIDIA L4"",""pci_bus_id"":""00000000:C3:00.0""}]","""\t\u001b[4mGPU0\tGPU1\tNIC0\tCPU Affinity\tNUMA Affinity\tGPU NUMA ID\u001b[0m\nGPU0\t X \tNODE\tNODE\t0-47\t0\t\tN/A\nGPU1\tNODE\t X \tNODE\t0-47\t0\t\tN/A\nNIC0\tNODE\tNODE\t X \t\t\t\t\n\nLegend:\n\n  X    = Self\n  SYS  = Connection traversing PCIe as well as the SMP interconnect between NUMA nodes (e.g., QPI/UPI)\n  NODE = Connection traversing PCIe as well as the interconnect between PCIe Host Bridges within a NUMA node\n  PHB  = Connection traversing PCIe as well as a PCIe Host Bridge (typically the CPU)\n  PXB  = Connection traversing multiple PCIe bridges (without traversing the PCIe Host Bridge)\n  PIX  = Connection traversing at most a single PCIe bridge\n  NV#  = Connection traversing a bonded set of # NVLinks\n\nNIC Legend:\n\n  NIC0: mlx5_bond_0""","{""CUDA_HOME"":""/usr/local/cuda"",""NCCL_TESTS_DIR"":""/root/nccl-tests""}"
1,p1-nccl-baseline-20260826T181721Z-16cea6a,phase1,2026-08-26T18:17:57Z,measured,16cea6aed21d649453b65981c72d4b8ea7e32605,False,unknown,,5c44f3e9a47e,Ubuntu 24.04.3 LTS,6.8.0-106-generic,AMD EPYC 9254 24-Core Processor,48,1,NVIDIA L4,2,NODE,none-single-node,False,,12.8,580.126.20,2.25.1+cuda12.8,NCCL_DEBUG=VERSION banner,,gcc (Ubuntu 13.3.0-6ubuntu2~24.04) 13.3.0,717b68318278e93f371d8ffb46b076069d7c7851,nccl-tests,all_gather,float,none,-1,32768,4096,out_of_place,20,50,2,full,9.27,3.54,1.77,0,True,True,True,0,/root/nccl-tests/build/all_gather_perf -b 8 -e 128M -f 2 -g 2 -w 20 -n 50 -c 1 -d float,results/raw/p1-nccl-baseline-20260826T181721Z-16cea6a/all_gather.full.r2.stdout.txt,,"[{""index"":0,""memory_total_mib"":23034,""name"":""NVIDIA L4"",""pci_bus_id"":""00000000:03:00.0""},{""index"":1,""memory_total_mib"":23034,""name"":""NVIDIA L4"",""pci_bus_id"":""00000000:C3:00.0""}]","""\t\u001b[4mGPU0\tGPU1\tNIC0\tCPU Affinity\tNUMA Affinity\tGPU NUMA ID\u001b[0m\nGPU0\t X \tNODE\tNODE\t0-47\t0\t\tN/A\nGPU1\tNODE\t X \tNODE\t0-47\t0\t\tN/A\nNIC0\tNODE\tNODE\t X \t\t\t\t\n\nLegend:\n\n  X    = Self\n  SYS  = Connection traversing PCIe as well as the SMP interconnect between NUMA nodes (e.g., QPI/UPI)\n  NODE = Connection traversing PCIe as well as the interconnect between PCIe Host Bridges within a NUMA node\n  PHB  = Connection traversing PCIe as well as a PCIe Host Bridge (typically the CPU)\n  PXB  = Connection traversing multiple PCIe bridges (without traversing the PCIe Host Bridge)\n  PIX  = Connection traversing at most a single PCIe bridge\n  NV#  = Connection traversing a bonded set of # NVLinks\n\nNIC Legend:\n\n  NIC0: mlx5_bond_0""","{""CUDA_HOME"":""/usr/local/cuda"",""NCCL_TESTS_DIR"":""/root/nccl-tests""}"
1,p1-nccl-baseline-20260826T181721Z-16cea6a,phase1,2026-08-26T18:17:57Z,measured,16cea6aed21d649453b65981c72d4b8ea7e32605,False,unknown,,5c44f3e9a47e,Ubuntu 24.04.3 LTS,6.8.0-106-generic,AMD EPYC 9254 24-Core Processor,48,1,NVIDIA L4,2,NODE,none-single-node,False,,12.8,580.126.20,2.25.1+cuda12.8,NCCL_DEBUG=VERSION banner,,gcc (Ubuntu 13.3.0-6ubuntu2~24.04) 13.3.0,717b68318278e93f371d8ffb46b076069d7c7851,nccl-tests,all_gather,float,none,-1,32768,4096,in_place,20,50,2,full,9.17,3.57,1.79,0,True,True,True,0,/root/nccl-tests/build/all_gather_perf -b 8 -e 128M -f 2 -g 2 -w 20 -n 50 -c 1 -d float,results/raw/p1-nccl-baseline-20260826T181721Z-16cea6a/all_gather.full.r2.stdout.txt,,"[{""index"":0,""memory_total_mib"":23034,""name"":""NVIDIA L4"",""pci_bus_id"":""00000000:03:00.0""},{""index"":1,""memory_total_mib"":23034,""name"":""NVIDIA L4"",""pci_bus_id"":""00000000:C3:00.0""}]","""\t\u001b[4mGPU0\tGPU1\tNIC0\tCPU Affinity\tNUMA Affinity\tGPU NUMA ID\u001b[0m\nGPU0\t X \tNODE\tNODE\t0-47\t0\t\tN/A\nGPU1\tNODE\t X \tNODE\t0-47\t0\t\tN/A\nNIC0\tNODE\tNODE\t X \t\t\t\t\n\nLegend:\n\n  X    = Self\n  SYS  = Connection traversing PCIe as well as the SMP interconnect between NUMA nodes (e.g., QPI/UPI)\n  NODE = Connection traversing PCIe as well as the interconnect between PCIe Host Bridges within a NUMA node\n  PHB  = Connection traversing PCIe as well as a PCIe Host Bridge (typically the CPU)\n  PXB  = Connection traversing multiple PCIe bridges (without traversing the PCIe Host Bridge)\n  PIX  = Connection traversing at most a single PCIe bridge\n  NV#  = Connection traversing a bonded set of # NVLinks\n\nNIC Legend:\n\n  NIC0: mlx5_bond_0""","{""CUDA_HOME"":""/usr/local/cuda"",""NCCL_TESTS_DIR"":""/root/nccl-tests""}"
1,p1-nccl-baseline-20260826T181721Z-16cea6a,phase1,2026-08-26T18:17:57Z,measured,16cea6aed21d649453b65981c72d4b8ea7e32605,False,unknown,,5c44f3e9a47e,Ubuntu 24.04.3 LTS,6.8.0-106-generic,AMD EPYC 9254 24-Core Processor,48,1,NVIDIA L4,2,NODE,none-single-node,False,,12.8,580.126.20,2.25.1+cuda12.8,NCCL_DEBUG=VERSION banner,,gcc (Ubuntu 13.3.0-6ubuntu2~24.04) 13.3.0,717b68318278e93f371d8ffb46b076069d7c7851,nccl-tests,all_gather,float,none,-1,65536,8192,out_of_place,20,50,2,full,12.11,5.41,2.71,0,True,True,True,0,/root/nccl-tests/build/all_gather_perf -b 8 -e 128M -f 2 -g 2 -w 20 -n 50 -c 1 -d float,results/raw/p1-nccl-baseline-20260826T181721Z-16cea6a/all_gather.full.r2.stdout.txt,,"[{""index"":0,""memory_total_mib"":23034,""name"":""NVIDIA L4"",""pci_bus_id"":""00000000:03:00.0""},{""index"":1,""memory_total_mib"":23034,""name"":""NVIDIA L4"",""pci_bus_id"":""00000000:C3:00.0""}]","""\t\u001b[4mGPU0\tGPU1\tNIC0\tCPU Affinity\tNUMA Affinity\tGPU NUMA ID\u001b[0m\nGPU0\t X \tNODE\tNODE\t0-47\t0\t\tN/A\nGPU1\tNODE\t X \tNODE\t0-47\t0\t\tN/A\nNIC0\tNODE\tNODE\t X \t\t\t\t\n\nLegend:\n\n  X    = Self\n  SYS  = Connection traversing PCIe as well as the SMP interconnect between NUMA nodes (e.g., QPI/UPI)\n  NODE = Connection traversing PCIe as well as the interconnect between PCIe Host Bridges within a NUMA node\n  PHB  = Connection traversing PCIe as well as a PCIe Host Bridge (typically the CPU)\n  PXB  = Connection traversing multiple PCIe bridges (without traversing the PCIe Host Bridge)\n  PIX  = Connection traversing at most a single PCIe bridge\n  NV#  = Connection traversing a bonded set of # NVLinks\n\nNIC Legend:\n\n  NIC0: mlx5_bond_0""","{""CUDA_HOME"":""/usr/local/cuda"",""NCCL_TESTS_DIR"":""/root/nccl-tests""}"
1,p1-nccl-baseline-20260826T181721Z-16cea6a,phase1,2026-08-26T18:17:57Z,measured,16cea6aed21d649453b65981c72d4b8ea7e32605,False,unknown,,5c44f3e9a47e,Ubuntu 24.04.3 LTS,6.8.0-106-generic,AMD EPYC 9254 24-Core Processor,48,1,NVIDIA L4,2,NODE,none-single-node,False,,12.8,580.126.20,2.25.1+cuda12.8,NCCL_DEBUG=VERSION banner,,gcc (Ubuntu 13.3.0-6ubuntu2~24.04) 13.3.0,717b68318278e93f371d8ffb46b076069d7c7851,nccl-tests,all_gather,float,none,-1,65536,8192,in_place,20,50,2,full,12.04,5.44,2.72,0,True,True,True,0,/root/nccl-tests/build/all_gather_perf -b 8 -e 128M -f 2 -g 2 -w 20 -n 50 -c 1 -d float,results/raw/p1-nccl-baseline-20260826T181721Z-16cea6a/all_gather.full.r2.stdout.txt,,"[{""index"":0,""memory_total_mib"":23034,""name"":""NVIDIA L4"",""pci_bus_id"":""00000000:03:00.0""},{""index"":1,""memory_total_mib"":23034,""name"":""NVIDIA L4"",""pci_bus_id"":""00000000:C3:00.0""}]","""\t\u001b[4mGPU0\tGPU1\tNIC0\tCPU Affinity\tNUMA Affinity\tGPU NUMA ID\u001b[0m\nGPU0\t X \tNODE\tNODE\t0-47\t0\t\tN/A\nGPU1\tNODE\t X \tNODE\t0-47\t0\t\tN/A\nNIC0\tNODE\tNODE\t X \t\t\t\t\n\nLegend:\n\n  X    = Self\n  SYS  = Connection traversing PCIe as well as the SMP interconnect between NUMA nodes (e.g., QPI/UPI)\n  NODE = Connection traversing PCIe as well as the interconnect between PCIe Host Bridges within a NUMA node\n  PHB  = Connection traversing PCIe as well as a PCIe Host Bridge (typically the CPU)\n  PXB  = Connection traversing multiple PCIe bridges (without traversing the PCIe Host Bridge)\n  PIX  = Connection traversing at most a single PCIe bridge\n  NV#  = Connection traversing a bonded set of # NVLinks\n\nNIC Legend:\n\n  NIC0: mlx5_bond_0""","{""CUDA_HOME"":""/usr/local/cuda"",""NCCL_TESTS_DIR"":""/root/nccl-tests""}"
1,p1-nccl-baseline-20260826T181721Z-16cea6a,phase1,2026-08-26T18:17:57Z,measured,16cea6aed21d649453b65981c72d4b8ea7e32605,False,unknown,,5c44f3e9a47e,Ubuntu 24.04.3 LTS,6.8.0-106-generic,AMD EPYC 9254 24-Core Processor,48,1,NVIDIA L4,2,NODE,none-single-node,False,,12.8,580.126.20,2.25.1+cuda12.8,NCCL_DEBUG=VERSION banner,,gcc (Ubuntu 13.3.0-6ubuntu2~24.04) 13.3.0,717b68318278e93f371d8ffb46b076069d7c7851,nccl-tests,all_gather,float,none,-1,131072,16384,out_of_place,20,50,2,full,17.72,7.4,3.7,0,True,True,True,0,/root/nccl-tests/build/all_gather_perf -b 8 -e 128M -f 2 -g 2 -w 20 -n 50 -c 1 -d float,results/raw/p1-nccl-baseline-20260826T181721Z-16cea6a/all_gather.full.r2.stdout.txt,,"[{""index"":0,""memory_total_mib"":23034,""name"":""NVIDIA L4"",""pci_bus_id"":""00000000:03:00.0""},{""index"":1,""memory_total_mib"":23034,""name"":""NVIDIA L4"",""pci_bus_id"":""00000000:C3:00.0""}]","""\t\u001b[4mGPU0\tGPU1\tNIC0\tCPU Affinity\tNUMA Affinity\tGPU NUMA ID\u001b[0m\nGPU0\t X \tNODE\tNODE\t0-47\t0\t\tN/A\nGPU1\tNODE\t X \tNODE\t0-47\t0\t\tN/A\nNIC0\tNODE\tNODE\t X \t\t\t\t\n\nLegend:\n\n  X    = Self\n  SYS  = Connection traversing PCIe as well as the SMP interconnect between NUMA nodes (e.g., QPI/UPI)\n  NODE = Connection traversing PCIe as well as the interconnect between PCIe Host Bridges within a NUMA node\n  PHB  = Connection traversing PCIe as well as a PCIe Host Bridge (typically the CPU)\n  PXB  = Connection traversing multiple PCIe bridges (without traversing the PCIe Host Bridge)\n  PIX  = Connection traversing at most a single PCIe bridge\n  NV#  = Connection traversing a bonded set of # NVLinks\n\nNIC Legend:\n\n  NIC0: mlx5_bond_0""","{""CUDA_HOME"":""/usr/local/cuda"",""NCCL_TESTS_DIR"":""/root/nccl-tests""}"
1,p1-nccl-baseline-20260826T181721Z-16cea6a,phase1,2026-08-26T18:17:57Z,measured,16cea6aed21d649453b65981c72d4b8ea7e32605,False,unknown,,5c44f3e9a47e,Ubuntu 24.04.3 LTS,6.8.0-106-generic,AMD EPYC 9254 24-Core Processor,48,1,NVIDIA L4,2,NODE,none-single-node,False,,12.8,580.126.20,2.25.1+cuda12.8,NCCL_DEBUG=VERSION banner,,gcc (Ubuntu 13.3.0-6ubuntu2~24.04) 13.3.0,717b68318278e93f371d8ffb46b076069d7c7851,nccl-tests,all_gather,float,none,-1,131072,16384,in_place,20,50,2,full,17.66,7.42,3.71,0,True,True,True,0,/root/nccl-tests/build/all_gather_perf -b 8 -e 128M -f 2 -g 2 -w 20 -n 50 -c 1 -d float,results/raw/p1-nccl-baseline-20260826T181721Z-16cea6a/all_gather.full.r2.stdout.txt,,"[{""index"":0,""memory_total_mib"":23034,""name"":""NVIDIA L4"",""pci_bus_id"":""00000000:03:00.0""},{""index"":1,""memory_total_mib"":23034,""name"":""NVIDIA L4"",""pci_bus_id"":""00000000:C3:00.0""}]","""\t\u001b[4mGPU0\tGPU1\tNIC0\tCPU Affinity\tNUMA Affinity\tGPU NUMA ID\u001b[0m\nGPU0\t X \tNODE\tNODE\t0-47\t0\t\tN/A\nGPU1\tNODE\t X \tNODE\t0-47\t0\t\tN/A\nNIC0\tNODE\tNODE\t X \t\t\t\t\n\nLegend:\n\n  X    = Self\n  SYS  = Connection traversing PCIe as well as the SMP interconnect between NUMA nodes (e.g., QPI/UPI)\n  NODE = Connection traversing PCIe as well as the interconnect between PCIe Host Bridges within a NUMA node\n  PHB  = Connection traversing PCIe as well as a PCIe Host Bridge (typically the CPU)\n  PXB  = Connection traversing multiple PCIe bridges (without traversing the PCIe Host Bridge)\n  PIX  = Connection traversing at most a single PCIe bridge\n  NV#  = Connection traversing a bonded set of # NVLinks\n\nNIC Legend:\n\n  NIC0: mlx5_bond_0""","{""CUDA_HOME"":""/usr/local/cuda"",""NCCL_TESTS_DIR"":""/root/nccl-tests""}"
1,p1-nccl-baseline-20260826T181721Z-16cea6a,phase1,2026-08-26T18:17:57Z,measured,16cea6aed21d649453b65981c72d4b8ea7e32605,False,unknown,,5c44f3e9a47e,Ubuntu 24.04.3 LTS,6.8.0-106-generic,AMD EPYC 9254 24-Core Processor,48,1,NVIDIA L4,2,NODE,none-single-node,False,,12.8,580.126.20,2.25.1+cuda12.8,NCCL_DEBUG=VERSION banner,,gcc (Ubuntu 13.3.0-6ubuntu2~24.04) 13.3.0,717b68318278e93f371d8ffb46b076069d7c7851,nccl-tests,all_gather,float,none,-1,262144,32768,out_of_place,20,50,2,full,31.87,8.22,4.11,0,True,True,True,0,/root/nccl-tests/build/all_gather_perf -b 8 -e 128M -f 2 -g 2 -w 20 -n 50 -c 1 -d float,results/raw/p1-nccl-baseline-20260826T181721Z-16cea6a/all_gather.full.r2.stdout.txt,,"[{""index"":0,""memory_total_mib"":23034,""name"":""NVIDIA L4"",""pci_bus_id"":""00000000:03:00.0""},{""index"":1,""memory_total_mib"":23034,""name"":""NVIDIA L4"",""pci_bus_id"":""00000000:C3:00.0""}]","""\t\u001b[4mGPU0\tGPU1\tNIC0\tCPU Affinity\tNUMA Affinity\tGPU NUMA ID\u001b[0m\nGPU0\t X \tNODE\tNODE\t0-47\t0\t\tN/A\nGPU1\tNODE\t X \tNODE\t0-47\t0\t\tN/A\nNIC0\tNODE\tNODE\t X \t\t\t\t\n\nLegend:\n\n  X    = Self\n  SYS  = Connection traversing PCIe as well as the SMP interconnect between NUMA nodes (e.g., QPI/UPI)\n  NODE = Connection traversing PCIe as well as the interconnect between PCIe Host Bridges within a NUMA node\n  PHB  = Connection traversing PCIe as well as a PCIe Host Bridge (typically the CPU)\n  PXB  = Connection traversing multiple PCIe bridges (without traversing the PCIe Host Bridge)\n  PIX  = Connection traversing at most a single PCIe bridge\n  NV#  = Connection traversing a bonded set of # NVLinks\n\nNIC Legend:\n\n  NIC0: mlx5_bond_0""","{""CUDA_HOME"":""/usr/local/cuda"",""NCCL_TESTS_DIR"":""/root/nccl-tests""}"
1,p1-nccl-baseline-20260826T181721Z-16cea6a,phase1,2026-08-26T18:17:57Z,measured,16cea6aed21d649453b65981c72d4b8ea7e32605,False,unknown,,5c44f3e9a47e,Ubuntu 24.04.3 LTS,6.8.0-106-generic,AMD EPYC 9254 24-Core Processor,48,1,NVIDIA L4,2,NODE,none-single-node,False,,12.8,580.126.20,2.25.1+cuda12.8,NCCL_DEBUG=VERSION banner,,gcc (Ubuntu 13.3.0-6ubuntu2~24.04) 13.3.0,717b68318278e93f371d8ffb46b076069d7c7851,nccl-tests,all_gather,float,none,-1,262144,32768,in_place,20,50,2,full,31.21,8.4,4.2,0,True,True,True,0,/root/nccl-tests/build/all_gather_perf -b 8 -e 128M -f 2 -g 2 -w 20 -n 50 -c 1 -d float,results/raw/p1-nccl-baseline-20260826T181721Z-16cea6a/all_gather.full.r2.stdout.txt,,"[{""index"":0,""memory_total_mib"":23034,""name"":""NVIDIA L4"",""pci_bus_id"":""00000000:03:00.0""},{""index"":1,""memory_total_mib"":23034,""name"":""NVIDIA L4"",""pci_bus_id"":""00000000:C3:00.0""}]","""\t\u001b[4mGPU0\tGPU1\tNIC0\tCPU Affinity\tNUMA Affinity\tGPU NUMA ID\u001b[0m\nGPU0\t X \tNODE\tNODE\t0-47\t0\t\tN/A\nGPU1\tNODE\t X \tNODE\t0-47\t0\t\tN/A\nNIC0\tNODE\tNODE\t X \t\t\t\t\n\nLegend:\n\n  X    = Self\n  SYS  = Connection traversing PCIe as well as the SMP interconnect between NUMA nodes (e.g., QPI/UPI)\n  NODE = Connection traversing PCIe as well as the interconnect between PCIe Host Bridges within a NUMA node\n  PHB  = Connection traversing PCIe as well as a PCIe Host Bridge (typically the CPU)\n  PXB  = Connection traversing multiple PCIe bridges (without traversing the PCIe Host Bridge)\n  PIX  = Connection traversing at most a single PCIe bridge\n  NV#  = Connection traversing a bonded set of # NVLinks\n\nNIC Legend:\n\n  NIC0: mlx5_bond_0""","{""CUDA_HOME"":""/usr/local/cuda"",""NCCL_TESTS_DIR"":""/root/nccl-tests""}"
1,p1-nccl-baseline-20260826T181721Z-16cea6a,phase1,2026-08-26T18:17:57Z,measured,16cea6aed21d649453b65981c72d4b8ea7e32605,False,unknown,,5c44f3e9a47e,Ubuntu 24.04.3 LTS,6.8.0-106-generic,AMD EPYC 9254 24-Core Processor,48,1,NVIDIA L4,2,NODE,none-single-node,False,,12.8,580.126.20,2.25.1+cuda12.8,NCCL_DEBUG=VERSION banner,,gcc (Ubuntu 13.3.0-6ubuntu2~24.04) 13.3.0,717b68318278e93f371d8ffb46b076069d7c7851,nccl-tests,all_gather,float,none,-1,524288,65536,out_of_place,20,50,2,full,44.1,11.89,5.94,0,True,True,True,0,/root/nccl-tests/build/all_gather_perf -b 8 -e 128M -f 2 -g 2 -w 20 -n 50 -c 1 -d float,results/raw/p1-nccl-baseline-20260826T181721Z-16cea6a/all_gather.full.r2.stdout.txt,,"[{""index"":0,""memory_total_mib"":23034,""name"":""NVIDIA L4"",""pci_bus_id"":""00000000:03:00.0""},{""index"":1,""memory_total_mib"":23034,""name"":""NVIDIA L4"",""pci_bus_id"":""00000000:C3:00.0""}]","""\t\u001b[4mGPU0\tGPU1\tNIC0\tCPU Affinity\tNUMA Affinity\tGPU NUMA ID\u001b[0m\nGPU0\t X \tNODE\tNODE\t0-47\t0\t\tN/A\nGPU1\tNODE\t X \tNODE\t0-47\t0\t\tN/A\nNIC0\tNODE\tNODE\t X \t\t\t\t\n\nLegend:\n\n  X    = Self\n  SYS  = Connection traversing PCIe as well as the SMP interconnect between NUMA nodes (e.g., QPI/UPI)\n  NODE = Connection traversing PCIe as well as the interconnect between PCIe Host Bridges within a NUMA node\n  PHB  = Connection traversing PCIe as well as a PCIe Host Bridge (typically the CPU)\n  PXB  = Connection traversing multiple PCIe bridges (without traversing the PCIe Host Bridge)\n  PIX  = Connection traversing at most a single PCIe bridge\n  NV#  = Connection traversing a bonded set of # NVLinks\n\nNIC Legend:\n\n  NIC0: mlx5_bond_0""","{""CUDA_HOME"":""/usr/local/cuda"",""NCCL_TESTS_DIR"":""/root/nccl-tests""}"
1,p1-nccl-baseline-20260826T181721Z-16cea6a,phase1,2026-08-26T18:17:57Z,measured,16cea6aed21d649453b65981c72d4b8ea7e32605,False,unknown,,5c44f3e9a47e,Ubuntu 24.04.3 LTS,6.8.0-106-generic,AMD EPYC 9254 24-Core Processor,48,1,NVIDIA L4,2,NODE,none-single-node,False,,12.8,580.126.20,2.25.1+cuda12.8,NCCL_DEBUG=VERSION banner,,gcc (Ubuntu 13.3.0-6ubuntu2~24.04) 13.3.0,717b68318278e93f371d8ffb46b076069d7c7851,nccl-tests,all_gather,float,none,-1,524288,65536,in_place,20,50,2,full,43.27,12.12,6.06,0,True,True,True,0,/root/nccl-tests/build/all_gather_perf -b 8 -e 128M -f 2 -g 2 -w 20 -n 50 -c 1 -d float,results/raw/p1-nccl-baseline-20260826T181721Z-16cea6a/all_gather.full.r2.stdout.txt,,"[{""index"":0,""memory_total_mib"":23034,""name"":""NVIDIA L4"",""pci_bus_id"":""00000000:03:00.0""},{""index"":1,""memory_total_mib"":23034,""name"":""NVIDIA L4"",""pci_bus_id"":""00000000:C3:00.0""}]","""\t\u001b[4mGPU0\tGPU1\tNIC0\tCPU Affinity\tNUMA Affinity\tGPU NUMA ID\u001b[0m\nGPU0\t X \tNODE\tNODE\t0-47\t0\t\tN/A\nGPU1\tNODE\t X \tNODE\t0-47\t0\t\tN/A\nNIC0\tNODE\tNODE\t X \t\t\t\t\n\nLegend:\n\n  X    = Self\n  SYS  = Connection traversing PCIe as well as the SMP interconnect between NUMA nodes (e.g., QPI/UPI)\n  NODE = Connection traversing PCIe as well as the interconnect between PCIe Host Bridges within a NUMA node\n  PHB  = Connection traversing PCIe as well as a PCIe Host Bridge (typically the CPU)\n  PXB  = Connection traversing multiple PCIe bridges (without traversing the PCIe Host Bridge)\n  PIX  = Connection traversing at most a single PCIe bridge\n  NV#  = Connection traversing a bonded set of # NVLinks\n\nNIC Legend:\n\n  NIC0: mlx5_bond_0""","{""CUDA_HOME"":""/usr/local/cuda"",""NCCL_TESTS_DIR"":""/root/nccl-tests""}"
1,p1-nccl-baseline-20260826T181721Z-16cea6a,phase1,2026-08-26T18:17:57Z,measured,16cea6aed21d649453b65981c72d4b8ea7e32605,False,unknown,,5c44f3e9a47e,Ubuntu 24.04.3 LTS,6.8.0-106-generic,AMD EPYC 9254 24-Core Processor,48,1,NVIDIA L4,2,NODE,none-single-node,False,,12.8,580.126.20,2.25.1+cuda12.8,NCCL_DEBUG=VERSION banner,,gcc (Ubuntu 13.3.0-6ubuntu2~24.04) 13.3.0,717b68318278e93f371d8ffb46b076069d7c7851,nccl-tests,all_gather,float,none,-1,1048576,131072,out_of_place,20,50,2,full,65.94,15.9,7.95,0,True,True,True,0,/root/nccl-tests/build/all_gather_perf -b 8 -e 128M -f 2 -g 2 -w 20 -n 50 -c 1 -d float,results/raw/p1-nccl-baseline-20260826T181721Z-16cea6a/all_gather.full.r2.stdout.txt,,"[{""index"":0,""memory_total_mib"":23034,""name"":""NVIDIA L4"",""pci_bus_id"":""00000000:03:00.0""},{""index"":1,""memory_total_mib"":23034,""name"":""NVIDIA L4"",""pci_bus_id"":""00000000:C3:00.0""}]","""\t\u001b[4mGPU0\tGPU1\tNIC0\tCPU Affinity\tNUMA Affinity\tGPU NUMA ID\u001b[0m\nGPU0\t X \tNODE\tNODE\t0-47\t0\t\tN/A\nGPU1\tNODE\t X \tNODE\t0-47\t0\t\tN/A\nNIC0\tNODE\tNODE\t X \t\t\t\t\n\nLegend:\n\n  X    = Self\n  SYS  = Connection traversing PCIe as well as the SMP interconnect between NUMA nodes (e.g., QPI/UPI)\n  NODE = Connection traversing PCIe as well as the interconnect between PCIe Host Bridges within a NUMA node\n  PHB  = Connection traversing PCIe as well as a PCIe Host Bridge (typically the CPU)\n  PXB  = Connection traversing multiple PCIe bridges (without traversing the PCIe Host Bridge)\n  PIX  = Connection traversing at most a single PCIe bridge\n  NV#  = Connection traversing a bonded set of # NVLinks\n\nNIC Legend:\n\n  NIC0: mlx5_bond_0""","{""CUDA_HOME"":""/usr/local/cuda"",""NCCL_TESTS_DIR"":""/root/nccl-tests""}"
1,p1-nccl-baseline-20260826T181721Z-16cea6a,phase1,2026-08-26T18:17:57Z,measured,16cea6aed21d649453b65981c72d4b8ea7e32605,False,unknown,,5c44f3e9a47e,Ubuntu 24.04.3 LTS,6.8.0-106-generic,AMD EPYC 9254 24-Core Processor,48,1,NVIDIA L4,2,NODE,none-single-node,False,,12.8,580.126.20,2.25.1+cuda12.8,NCCL_DEBUG=VERSION banner,,gcc (Ubuntu 13.3.0-6ubuntu2~24.04) 13.3.0,717b68318278e93f371d8ffb46b076069d7c7851,nccl-tests,all_gather,float,none,-1,1048576,131072,in_place,20,50,2,full,65.65,15.97,7.99,0,True,True,True,0,/root/nccl-tests/build/all_gather_perf -b 8 -e 128M -f 2 -g 2 -w 20 -n 50 -c 1 -d float,results/raw/p1-nccl-baseline-20260826T181721Z-16cea6a/all_gather.full.r2.stdout.txt,,"[{""index"":0,""memory_total_mib"":23034,""name"":""NVIDIA L4"",""pci_bus_id"":""00000000:03:00.0""},{""index"":1,""memory_total_mib"":23034,""name"":""NVIDIA L4"",""pci_bus_id"":""00000000:C3:00.0""}]","""\t\u001b[4mGPU0\tGPU1\tNIC0\tCPU Affinity\tNUMA Affinity\tGPU NUMA ID\u001b[0m\nGPU0\t X \tNODE\tNODE\t0-47\t0\t\tN/A\nGPU1\tNODE\t X \tNODE\t0-47\t0\t\tN/A\nNIC0\tNODE\tNODE\t X \t\t\t\t\n\nLegend:\n\n  X    = Self\n  SYS  = Connection traversing PCIe as well as the SMP interconnect between NUMA nodes (e.g., QPI/UPI)\n  NODE = Connection traversing PCIe as well as the interconnect between PCIe Host Bridges within a NUMA node\n  PHB  = Connection traversing PCIe as well as a PCIe Host Bridge (typically the CPU)\n  PXB  = Connection traversing multiple PCIe bridges (without traversing the PCIe Host Bridge)\n  PIX  = Connection traversing at most a single PCIe bridge\n  NV#  = Connection traversing a bonded set of # NVLinks\n\nNIC Legend:\n\n  NIC0: mlx5_bond_0""","{""CUDA_HOME"":""/usr/local/cuda"",""NCCL_TESTS_DIR"":""/root/nccl-tests""}"
1,p1-nccl-baseline-20260826T181721Z-16cea6a,phase1,2026-08-26T18:17:57Z,measured,16cea6aed21d649453b65981c72d4b8ea7e32605,False,unknown,,5c44f3e9a47e,Ubuntu 24.04.3 LTS,6.8.0-106-generic,AMD EPYC 9254 24-Core Processor,48,1,NVIDIA L4,2,NODE,none-single-node,False,,12.8,580.126.20,2.25.1+cuda12.8,NCCL_DEBUG=VERSION banner,,gcc (Ubuntu 13.3.0-6ubuntu2~24.04) 13.3.0,717b68318278e93f371d8ffb46b076069d7c7851,nccl-tests,all_gather,float,none,-1,2097152,262144,out_of_place,20,50,2,full,111.68,18.78,9.39,0,True,True,True,0,/root/nccl-tests/build/all_gather_perf -b 8 -e 128M -f 2 -g 2 -w 20 -n 50 -c 1 -d float,results/raw/p1-nccl-baseline-20260826T181721Z-16cea6a/all_gather.full.r2.stdout.txt,,"[{""index"":0,""memory_total_mib"":23034,""name"":""NVIDIA L4"",""pci_bus_id"":""00000000:03:00.0""},{""index"":1,""memory_total_mib"":23034,""name"":""NVIDIA L4"",""pci_bus_id"":""00000000:C3:00.0""}]","""\t\u001b[4mGPU0\tGPU1\tNIC0\tCPU Affinity\tNUMA Affinity\tGPU NUMA ID\u001b[0m\nGPU0\t X \tNODE\tNODE\t0-47\t0\t\tN/A\nGPU1\tNODE\t X \tNODE\t0-47\t0\t\tN/A\nNIC0\tNODE\tNODE\t X \t\t\t\t\n\nLegend:\n\n  X    = Self\n  SYS  = Connection traversing PCIe as well as the SMP interconnect between NUMA nodes (e.g., QPI/UPI)\n  NODE = Connection traversing PCIe as well as the interconnect between PCIe Host Bridges within a NUMA node\n  PHB  = Connection traversing PCIe as well as a PCIe Host Bridge (typically the CPU)\n  PXB  = Connection traversing multiple PCIe bridges (without traversing the PCIe Host Bridge)\n  PIX  = Connection traversing at most a single PCIe bridge\n  NV#  = Connection traversing a bonded set of # NVLinks\n\nNIC Legend:\n\n  NIC0: mlx5_bond_0""","{""CUDA_HOME"":""/usr/local/cuda"",""NCCL_TESTS_DIR"":""/root/nccl-tests""}"
1,p1-nccl-baseline-20260826T181721Z-16cea6a,phase1,2026-08-26T18:17:57Z,measured,16cea6aed21d649453b65981c72d4b8ea7e32605,False,unknown,,5c44f3e9a47e,Ubuntu 24.04.3 LTS,6.8.0-106-generic,AMD EPYC 9254 24-Core Processor,48,1,NVIDIA L4,2,NODE,none-single-node,False,,12.8,580.126.20,2.25.1+cuda12.8,NCCL_DEBUG=VERSION banner,,gcc (Ubuntu 13.3.0-6ubuntu2~24.04) 13.3.0,717b68318278e93f371d8ffb46b076069d7c7851,nccl-tests,all_gather,float,none,-1,2097152,262144,in_place,20,50,2,full,111.41,18.82,9.41,0,True,True,True,0,/root/nccl-tests/build/all_gather_perf -b 8 -e 128M -f 2 -g 2 -w 20 -n 50 -c 1 -d float,results/raw/p1-nccl-baseline-20260826T181721Z-16cea6a/all_gather.full.r2.stdout.txt,,"[{""index"":0,""memory_total_mib"":23034,""name"":""NVIDIA L4"",""pci_bus_id"":""00000000:03:00.0""},{""index"":1,""memory_total_mib"":23034,""name"":""NVIDIA L4"",""pci_bus_id"":""00000000:C3:00.0""}]","""\t\u001b[4mGPU0\tGPU1\tNIC0\tCPU Affinity\tNUMA Affinity\tGPU NUMA ID\u001b[0m\nGPU0\t X \tNODE\tNODE\t0-47\t0\t\tN/A\nGPU1\tNODE\t X \tNODE\t0-47\t0\t\tN/A\nNIC0\tNODE\tNODE\t X \t\t\t\t\n\nLegend:\n\n  X    = Self\n  SYS  = Connection traversing PCIe as well as the SMP interconnect between NUMA nodes (e.g., QPI/UPI)\n  NODE = Connection traversing PCIe as well as the interconnect between PCIe Host Bridges within a NUMA node\n  PHB  = Connection traversing PCIe as well as a PCIe Host Bridge (typically the CPU)\n  PXB  = Connection traversing multiple PCIe bridges (without traversing the PCIe Host Bridge)\n  PIX  = Connection traversing at most a single PCIe bridge\n  NV#  = Connection traversing a bonded set of # NVLinks\n\nNIC Legend:\n\n  NIC0: mlx5_bond_0""","{""CUDA_HOME"":""/usr/local/cuda"",""NCCL_TESTS_DIR"":""/root/nccl-tests""}"
1,p1-nccl-baseline-20260826T181721Z-16cea6a,phase1,2026-08-26T18:17:57Z,measured,16cea6aed21d649453b65981c72d4b8ea7e32605,False,unknown,,5c44f3e9a47e,Ubuntu 24.04.3 LTS,6.8.0-106-generic,AMD EPYC 9254 24-Core Processor,48,1,NVIDIA L4,2,NODE,none-single-node,False,,12.8,580.126.20,2.25.1+cuda12.8,NCCL_DEBUG=VERSION banner,,gcc (Ubuntu 13.3.0-6ubuntu2~24.04) 13.3.0,717b68318278e93f371d8ffb46b076069d7c7851,nccl-tests,all_gather,float,none,-1,4194304,524288,out_of_place,20,50,2,full,211.4,19.84,9.92,0,True,True,True,0,/root/nccl-tests/build/all_gather_perf -b 8 -e 128M -f 2 -g 2 -w 20 -n 50 -c 1 -d float,results/raw/p1-nccl-baseline-20260826T181721Z-16cea6a/all_gather.full.r2.stdout.txt,,"[{""index"":0,""memory_total_mib"":23034,""name"":""NVIDIA L4"",""pci_bus_id"":""00000000:03:00.0""},{""index"":1,""memory_total_mib"":23034,""name"":""NVIDIA L4"",""pci_bus_id"":""00000000:C3:00.0""}]","""\t\u001b[4mGPU0\tGPU1\tNIC0\tCPU Affinity\tNUMA Affinity\tGPU NUMA ID\u001b[0m\nGPU0\t X \tNODE\tNODE\t0-47\t0\t\tN/A\nGPU1\tNODE\t X \tNODE\t0-47\t0\t\tN/A\nNIC0\tNODE\tNODE\t X \t\t\t\t\n\nLegend:\n\n  X    = Self\n  SYS  = Connection traversing PCIe as well as the SMP interconnect between NUMA nodes (e.g., QPI/UPI)\n  NODE = Connection traversing PCIe as well as the interconnect between PCIe Host Bridges within a NUMA node\n  PHB  = Connection traversing PCIe as well as a PCIe Host Bridge (typically the CPU)\n  PXB  = Connection traversing multiple PCIe bridges (without traversing the PCIe Host Bridge)\n  PIX  = Connection traversing at most a single PCIe bridge\n  NV#  = Connection traversing a bonded set of # NVLinks\n\nNIC Legend:\n\n  NIC0: mlx5_bond_0""","{""CUDA_HOME"":""/usr/local/cuda"",""NCCL_TESTS_DIR"":""/root/nccl-tests""}"
1,p1-nccl-baseline-20260826T181721Z-16cea6a,phase1,2026-08-26T18:17:57Z,measured,16cea6aed21d649453b65981c72d4b8ea7e32605,False,unknown,,5c44f3e9a47e,Ubuntu 24.04.3 LTS,6.8.0-106-generic,AMD EPYC 9254 24-Core Processor,48,1,NVIDIA L4,2,NODE,none-single-node,False,,12.8,580.126.20,2.25.1+cuda12.8,NCCL_DEBUG=VERSION banner,,gcc (Ubuntu 13.3.0-6ubuntu2~24.04) 13.3.0,717b68318278e93f371d8ffb46b076069d7c7851,nccl-tests,all_gather,float,none,-1,4194304,524288,in_place,20,50,2,full,210.04,19.97,9.98,0,True,True,True,0,/root/nccl-tests/build/all_gather_perf -b 8 -e 128M -f 2 -g 2 -w 20 -n 50 -c 1 -d float,results/raw/p1-nccl-baseline-20260826T181721Z-16cea6a/all_gather.full.r2.stdout.txt,,"[{""index"":0,""memory_total_mib"":23034,""name"":""NVIDIA L4"",""pci_bus_id"":""00000000:03:00.0""},{""index"":1,""memory_total_mib"":23034,""name"":""NVIDIA L4"",""pci_bus_id"":""00000000:C3:00.0""}]","""\t\u001b[4mGPU0\tGPU1\tNIC0\tCPU Affinity\tNUMA Affinity\tGPU NUMA ID\u001b[0m\nGPU0\t X \tNODE\tNODE\t0-47\t0\t\tN/A\nGPU1\tNODE\t X \tNODE\t0-47\t0\t\tN/A\nNIC0\tNODE\tNODE\t X \t\t\t\t\n\nLegend:\n\n  X    = Self\n  SYS  = Connection traversing PCIe as well as the SMP interconnect between NUMA nodes (e.g., QPI/UPI)\n  NODE = Connection traversing PCIe as well as the interconnect between PCIe Host Bridges within a NUMA node\n  PHB  = Connection traversing PCIe as well as a PCIe Host Bridge (typically the CPU)\n  PXB  = Connection traversing multiple PCIe bridges (without traversing the PCIe Host Bridge)\n  PIX  = Connection traversing at most a single PCIe bridge\n  NV#  = Connection traversing a bonded set of # NVLinks\n\nNIC Legend:\n\n  NIC0: mlx5_bond_0""","{""CUDA_HOME"":""/usr/local/cuda"",""NCCL_TESTS_DIR"":""/root/nccl-tests""}"
1,p1-nccl-baseline-20260826T181721Z-16cea6a,phase1,2026-08-26T18:17:57Z,measured,16cea6aed21d649453b65981c72d4b8ea7e32605,False,unknown,,5c44f3e9a47e,Ubuntu 24.04.3 LTS,6.8.0-106-generic,AMD EPYC 9254 24-Core Processor,48,1,NVIDIA L4,2,NODE,none-single-node,False,,12.8,580.126.20,2.25.1+cuda12.8,NCCL_DEBUG=VERSION banner,,gcc (Ubuntu 13.3.0-6ubuntu2~24.04) 13.3.0,717b68318278e93f371d8ffb46b076069d7c7851,nccl-tests,all_gather,float,none,-1,8388608,1048576,out_of_place,20,50,2,full,414.86,20.22,10.11,0,True,True,True,0,/root/nccl-tests/build/all_gather_perf -b 8 -e 128M -f 2 -g 2 -w 20 -n 50 -c 1 -d float,results/raw/p1-nccl-baseline-20260826T181721Z-16cea6a/all_gather.full.r2.stdout.txt,,"[{""index"":0,""memory_total_mib"":23034,""name"":""NVIDIA L4"",""pci_bus_id"":""00000000:03:00.0""},{""index"":1,""memory_total_mib"":23034,""name"":""NVIDIA L4"",""pci_bus_id"":""00000000:C3:00.0""}]","""\t\u001b[4mGPU0\tGPU1\tNIC0\tCPU Affinity\tNUMA Affinity\tGPU NUMA ID\u001b[0m\nGPU0\t X \tNODE\tNODE\t0-47\t0\t\tN/A\nGPU1\tNODE\t X \tNODE\t0-47\t0\t\tN/A\nNIC0\tNODE\tNODE\t X \t\t\t\t\n\nLegend:\n\n  X    = Self\n  SYS  = Connection traversing PCIe as well as the SMP interconnect between NUMA nodes (e.g., QPI/UPI)\n  NODE = Connection traversing PCIe as well as the interconnect between PCIe Host Bridges within a NUMA node\n  PHB  = Connection traversing PCIe as well as a PCIe Host Bridge (typically the CPU)\n  PXB  = Connection traversing multiple PCIe bridges (without traversing the PCIe Host Bridge)\n  PIX  = Connection traversing at most a single PCIe bridge\n  NV#  = Connection traversing a bonded set of # NVLinks\n\nNIC Legend:\n\n  NIC0: mlx5_bond_0""","{""CUDA_HOME"":""/usr/local/cuda"",""NCCL_TESTS_DIR"":""/root/nccl-tests""}"
1,p1-nccl-baseline-20260826T181721Z-16cea6a,phase1,2026-08-26T18:17:57Z,measured,16cea6aed21d649453b65981c72d4b8ea7e32605,False,unknown,,5c44f3e9a47e,Ubuntu 24.04.3 LTS,6.8.0-106-generic,AMD EPYC 9254 24-Core Processor,48,1,NVIDIA L4,2,NODE,none-single-node,False,,12.8,580.126.20,2.25.1+cuda12.8,NCCL_DEBUG=VERSION banner,,gcc (Ubuntu 13.3.0-6ubuntu2~24.04) 13.3.0,717b68318278e93f371d8ffb46b076069d7c7851,nccl-tests,all_gather,float,none,-1,8388608,1048576,in_place,20,50,2,full,412.86,20.32,10.16,0,True,True,True,0,/root/nccl-tests/build/all_gather_perf -b 8 -e 128M -f 2 -g 2 -w 20 -n 50 -c 1 -d float,results/raw/p1-nccl-baseline-20260826T181721Z-16cea6a/all_gather.full.r2.stdout.txt,,"[{""index"":0,""memory_total_mib"":23034,""name"":""NVIDIA L4"",""pci_bus_id"":""00000000:03:00.0""},{""index"":1,""memory_total_mib"":23034,""name"":""NVIDIA L4"",""pci_bus_id"":""00000000:C3:00.0""}]","""\t\u001b[4mGPU0\tGPU1\tNIC0\tCPU Affinity\tNUMA Affinity\tGPU NUMA ID\u001b[0m\nGPU0\t X \tNODE\tNODE\t0-47\t0\t\tN/A\nGPU1\tNODE\t X \tNODE\t0-47\t0\t\tN/A\nNIC0\tNODE\tNODE\t X \t\t\t\t\n\nLegend:\n\n  X    = Self\n  SYS  = Connection traversing PCIe as well as the SMP interconnect between NUMA nodes (e.g., QPI/UPI)\n  NODE = Connection traversing PCIe as well as the interconnect between PCIe Host Bridges within a NUMA node\n  PHB  = Connection traversing PCIe as well as a PCIe Host Bridge (typically the CPU)\n  PXB  = Connection traversing multiple PCIe bridges (without traversing the PCIe Host Bridge)\n  PIX  = Connection traversing at most a single PCIe bridge\n  NV#  = Connection traversing a bonded set of # NVLinks\n\nNIC Legend:\n\n  NIC0: mlx5_bond_0""","{""CUDA_HOME"":""/usr/local/cuda"",""NCCL_TESTS_DIR"":""/root/nccl-tests""}"
1,p1-nccl-baseline-20260826T181721Z-16cea6a,phase1,2026-08-26T18:17:57Z,measured,16cea6aed21d649453b65981c72d4b8ea7e32605,False,unknown,,5c44f3e9a47e,Ubuntu 24.04.3 LTS,6.8.0-106-generic,AMD EPYC 9254 24-Core Processor,48,1,NVIDIA L4,2,NODE,none-single-node,False,,12.8,580.126.20,2.25.1+cuda12.8,NCCL_DEBUG=VERSION banner,,gcc (Ubuntu 13.3.0-6ubuntu2~24.04) 13.3.0,717b68318278e93f371d8ffb46b076069d7c7851,nccl-tests,all_gather,float,none,-1,16777216,2097152,out_of_place,20,50,2,full,818.31,20.5,10.25,0,True,True,True,0,/root/nccl-tests/build/all_gather_perf -b 8 -e 128M -f 2 -g 2 -w 20 -n 50 -c 1 -d float,results/raw/p1-nccl-baseline-20260826T181721Z-16cea6a/all_gather.full.r2.stdout.txt,,"[{""index"":0,""memory_total_mib"":23034,""name"":""NVIDIA L4"",""pci_bus_id"":""00000000:03:00.0""},{""index"":1,""memory_total_mib"":23034,""name"":""NVIDIA L4"",""pci_bus_id"":""00000000:C3:00.0""}]","""\t\u001b[4mGPU0\tGPU1\tNIC0\tCPU Affinity\tNUMA Affinity\tGPU NUMA ID\u001b[0m\nGPU0\t X \tNODE\tNODE\t0-47\t0\t\tN/A\nGPU1\tNODE\t X \tNODE\t0-47\t0\t\tN/A\nNIC0\tNODE\tNODE\t X \t\t\t\t\n\nLegend:\n\n  X    = Self\n  SYS  = Connection traversing PCIe as well as the SMP interconnect between NUMA nodes (e.g., QPI/UPI)\n  NODE = Connection traversing PCIe as well as the interconnect between PCIe Host Bridges within a NUMA node\n  PHB  = Connection traversing PCIe as well as a PCIe Host Bridge (typically the CPU)\n  PXB  = Connection traversing multiple PCIe bridges (without traversing the PCIe Host Bridge)\n  PIX  = Connection traversing at most a single PCIe bridge\n  NV#  = Connection traversing a bonded set of # NVLinks\n\nNIC Legend:\n\n  NIC0: mlx5_bond_0""","{""CUDA_HOME"":""/usr/local/cuda"",""NCCL_TESTS_DIR"":""/root/nccl-tests""}"
1,p1-nccl-baseline-20260826T181721Z-16cea6a,phase1,2026-08-26T18:17:57Z,measured,16cea6aed21d649453b65981c72d4b8ea7e32605,False,unknown,,5c44f3e9a47e,Ubuntu 24.04.3 LTS,6.8.0-106-generic,AMD EPYC 9254 24-Core Processor,48,1,NVIDIA L4,2,NODE,none-single-node,False,,12.8,580.126.20,2.25.1+cuda12.8,NCCL_DEBUG=VERSION banner,,gcc (Ubuntu 13.3.0-6ubuntu2~24.04) 13.3.0,717b68318278e93f371d8ffb46b076069d7c7851,nccl-tests,all_gather,float,none,-1,16777216,2097152,in_place,20,50,2,full,815.05,20.58,10.29,0,True,True,True,0,/root/nccl-tests/build/all_gather_perf -b 8 -e 128M -f 2 -g 2 -w 20 -n 50 -c 1 -d float,results/raw/p1-nccl-baseline-20260826T181721Z-16cea6a/all_gather.full.r2.stdout.txt,,"[{""index"":0,""memory_total_mib"":23034,""name"":""NVIDIA L4"",""pci_bus_id"":""00000000:03:00.0""},{""index"":1,""memory_total_mib"":23034,""name"":""NVIDIA L4"",""pci_bus_id"":""00000000:C3:00.0""}]","""\t\u001b[4mGPU0\tGPU1\tNIC0\tCPU Affinity\tNUMA Affinity\tGPU NUMA ID\u001b[0m\nGPU0\t X \tNODE\tNODE\t0-47\t0\t\tN/A\nGPU1\tNODE\t X \tNODE\t0-47\t0\t\tN/A\nNIC0\tNODE\tNODE\t X \t\t\t\t\n\nLegend:\n\n  X    = Self\n  SYS  = Connection traversing PCIe as well as the SMP interconnect between NUMA nodes (e.g., QPI/UPI)\n  NODE = Connection traversing PCIe as well as the interconnect between PCIe Host Bridges within a NUMA node\n  PHB  = Connection traversing PCIe as well as a PCIe Host Bridge (typically the CPU)\n  PXB  = Connection traversing multiple PCIe bridges (without traversing the PCIe Host Bridge)\n  PIX  = Connection traversing at most a single PCIe bridge\n  NV#  = Connection traversing a bonded set of # NVLinks\n\nNIC Legend:\n\n  NIC0: mlx5_bond_0""","{""CUDA_HOME"":""/usr/local/cuda"",""NCCL_TESTS_DIR"":""/root/nccl-tests""}"
1,p1-nccl-baseline-20260826T181721Z-16cea6a,phase1,2026-08-26T18:17:57Z,measured,16cea6aed21d649453b65981c72d4b8ea7e32605,False,unknown,,5c44f3e9a47e,Ubuntu 24.04.3 LTS,6.8.0-106-generic,AMD EPYC 9254 24-Core Processor,48,1,NVIDIA L4,2,NODE,none-single-node,False,,12.8,580.126.20,2.25.1+cuda12.8,NCCL_DEBUG=VERSION banner,,gcc (Ubuntu 13.3.0-6ubuntu2~24.04) 13.3.0,717b68318278e93f371d8ffb46b076069d7c7851,nccl-tests,all_gather,float,none,-1,33554432,4194304,out_of_place,20,50,2,full,1624.55,20.65,10.33,0,True,True,True,0,/root/nccl-tests/build/all_gather_perf -b 8 -e 128M -f 2 -g 2 -w 20 -n 50 -c 1 -d float,results/raw/p1-nccl-baseline-20260826T181721Z-16cea6a/all_gather.full.r2.stdout.txt,,"[{""index"":0,""memory_total_mib"":23034,""name"":""NVIDIA L4"",""pci_bus_id"":""00000000:03:00.0""},{""index"":1,""memory_total_mib"":23034,""name"":""NVIDIA L4"",""pci_bus_id"":""00000000:C3:00.0""}]","""\t\u001b[4mGPU0\tGPU1\tNIC0\tCPU Affinity\tNUMA Affinity\tGPU NUMA ID\u001b[0m\nGPU0\t X \tNODE\tNODE\t0-47\t0\t\tN/A\nGPU1\tNODE\t X \tNODE\t0-47\t0\t\tN/A\nNIC0\tNODE\tNODE\t X \t\t\t\t\n\nLegend:\n\n  X    = Self\n  SYS  = Connection traversing PCIe as well as the SMP interconnect between NUMA nodes (e.g., QPI/UPI)\n  NODE = Connection traversing PCIe as well as the interconnect between PCIe Host Bridges within a NUMA node\n  PHB  = Connection traversing PCIe as well as a PCIe Host Bridge (typically the CPU)\n  PXB  = Connection traversing multiple PCIe bridges (without traversing the PCIe Host Bridge)\n  PIX  = Connection traversing at most a single PCIe bridge\n  NV#  = Connection traversing a bonded set of # NVLinks\n\nNIC Legend:\n\n  NIC0: mlx5_bond_0""","{""CUDA_HOME"":""/usr/local/cuda"",""NCCL_TESTS_DIR"":""/root/nccl-tests""}"
1,p1-nccl-baseline-20260826T181721Z-16cea6a,phase1,2026-08-26T18:17:57Z,measured,16cea6aed21d649453b65981c72d4b8ea7e32605,False,unknown,,5c44f3e9a47e,Ubuntu 24.04.3 LTS,6.8.0-106-generic,AMD EPYC 9254 24-Core Processor,48,1,NVIDIA L4,2,NODE,none-single-node,False,,12.8,580.126.20,2.25.1+cuda12.8,NCCL_DEBUG=VERSION banner,,gcc (Ubuntu 13.3.0-6ubuntu2~24.04) 13.3.0,717b68318278e93f371d8ffb46b076069d7c7851,nccl-tests,all_gather,float,none,-1,33554432,4194304,in_place,20,50,2,full,1616.01,20.76,10.38,0,True,True,True,0,/root/nccl-tests/build/all_gather_perf -b 8 -e 128M -f 2 -g 2 -w 20 -n 50 -c 1 -d float,results/raw/p1-nccl-baseline-20260826T181721Z-16cea6a/all_gather.full.r2.stdout.txt,,"[{""index"":0,""memory_total_mib"":23034,""name"":""NVIDIA L4"",""pci_bus_id"":""00000000:03:00.0""},{""index"":1,""memory_total_mib"":23034,""name"":""NVIDIA L4"",""pci_bus_id"":""00000000:C3:00.0""}]","""\t\u001b[4mGPU0\tGPU1\tNIC0\tCPU Affinity\tNUMA Affinity\tGPU NUMA ID\u001b[0m\nGPU0\t X \tNODE\tNODE\t0-47\t0\t\tN/A\nGPU1\tNODE\t X \tNODE\t0-47\t0\t\tN/A\nNIC0\tNODE\tNODE\t X \t\t\t\t\n\nLegend:\n\n  X    = Self\n  SYS  = Connection traversing PCIe as well as the SMP interconnect between NUMA nodes (e.g., QPI/UPI)\n  NODE = Connection traversing PCIe as well as the interconnect between PCIe Host Bridges within a NUMA node\n  PHB  = Connection traversing PCIe as well as a PCIe Host Bridge (typically the CPU)\n  PXB  = Connection traversing multiple PCIe bridges (without traversing the PCIe Host Bridge)\n  PIX  = Connection traversing at most a single PCIe bridge\n  NV#  = Connection traversing a bonded set of # NVLinks\n\nNIC Legend:\n\n  NIC0: mlx5_bond_0""","{""CUDA_HOME"":""/usr/local/cuda"",""NCCL_TESTS_DIR"":""/root/nccl-tests""}"
1,p1-nccl-baseline-20260826T181721Z-16cea6a,phase1,2026-08-26T18:17:57Z,measured,16cea6aed21d649453b65981c72d4b8ea7e32605,False,unknown,,5c44f3e9a47e,Ubuntu 24.04.3 LTS,6.8.0-106-generic,AMD EPYC 9254 24-Core Processor,48,1,NVIDIA L4,2,NODE,none-single-node,False,,12.8,580.126.20,2.25.1+cuda12.8,NCCL_DEBUG=VERSION banner,,gcc (Ubuntu 13.3.0-6ubuntu2~24.04) 13.3.0,717b68318278e93f371d8ffb46b076069d7c7851,nccl-tests,all_gather,float,none,-1,67108864,8388608,out_of_place,20,50,2,full,3233.83,20.75,10.38,0,True,True,True,0,/root/nccl-tests/build/all_gather_perf -b 8 -e 128M -f 2 -g 2 -w 20 -n 50 -c 1 -d float,results/raw/p1-nccl-baseline-20260826T181721Z-16cea6a/all_gather.full.r2.stdout.txt,,"[{""index"":0,""memory_total_mib"":23034,""name"":""NVIDIA L4"",""pci_bus_id"":""00000000:03:00.0""},{""index"":1,""memory_total_mib"":23034,""name"":""NVIDIA L4"",""pci_bus_id"":""00000000:C3:00.0""}]","""\t\u001b[4mGPU0\tGPU1\tNIC0\tCPU Affinity\tNUMA Affinity\tGPU NUMA ID\u001b[0m\nGPU0\t X \tNODE\tNODE\t0-47\t0\t\tN/A\nGPU1\tNODE\t X \tNODE\t0-47\t0\t\tN/A\nNIC0\tNODE\tNODE\t X \t\t\t\t\n\nLegend:\n\n  X    = Self\n  SYS  = Connection traversing PCIe as well as the SMP interconnect between NUMA nodes (e.g., QPI/UPI)\n  NODE = Connection traversing PCIe as well as the interconnect between PCIe Host Bridges within a NUMA node\n  PHB  = Connection traversing PCIe as well as a PCIe Host Bridge (typically the CPU)\n  PXB  = Connection traversing multiple PCIe bridges (without traversing the PCIe Host Bridge)\n  PIX  = Connection traversing at most a single PCIe bridge\n  NV#  = Connection traversing a bonded set of # NVLinks\n\nNIC Legend:\n\n  NIC0: mlx5_bond_0""","{""CUDA_HOME"":""/usr/local/cuda"",""NCCL_TESTS_DIR"":""/root/nccl-tests""}"
1,p1-nccl-baseline-20260826T181721Z-16cea6a,phase1,2026-08-26T18:17:57Z,measured,16cea6aed21d649453b65981c72d4b8ea7e32605,False,unknown,,5c44f3e9a47e,Ubuntu 24.04.3 LTS,6.8.0-106-generic,AMD EPYC 9254 24-Core Processor,48,1,NVIDIA L4,2,NODE,none-single-node,False,,12.8,580.126.20,2.25.1+cuda12.8,NCCL_DEBUG=VERSION banner,,gcc (Ubuntu 13.3.0-6ubuntu2~24.04) 13.3.0,717b68318278e93f371d8ffb46b076069d7c7851,nccl-tests,all_gather,float,none,-1,67108864,8388608,in_place,20,50,2,full,3225.76,20.8,10.4,0,True,True,True,0,/root/nccl-tests/build/all_gather_perf -b 8 -e 128M -f 2 -g 2 -w 20 -n 50 -c 1 -d float,results/raw/p1-nccl-baseline-20260826T181721Z-16cea6a/all_gather.full.r2.stdout.txt,,"[{""index"":0,""memory_total_mib"":23034,""name"":""NVIDIA L4"",""pci_bus_id"":""00000000:03:00.0""},{""index"":1,""memory_total_mib"":23034,""name"":""NVIDIA L4"",""pci_bus_id"":""00000000:C3:00.0""}]","""\t\u001b[4mGPU0\tGPU1\tNIC0\tCPU Affinity\tNUMA Affinity\tGPU NUMA ID\u001b[0m\nGPU0\t X \tNODE\tNODE\t0-47\t0\t\tN/A\nGPU1\tNODE\t X \tNODE\t0-47\t0\t\tN/A\nNIC0\tNODE\tNODE\t X \t\t\t\t\n\nLegend:\n\n  X    = Self\n  SYS  = Connection traversing PCIe as well as the SMP interconnect between NUMA nodes (e.g., QPI/UPI)\n  NODE = Connection traversing PCIe as well as the interconnect between PCIe Host Bridges within a NUMA node\n  PHB  = Connection traversing PCIe as well as a PCIe Host Bridge (typically the CPU)\n  PXB  = Connection traversing multiple PCIe bridges (without traversing the PCIe Host Bridge)\n  PIX  = Connection traversing at most a single PCIe bridge\n  NV#  = Connection traversing a bonded set of # NVLinks\n\nNIC Legend:\n\n  NIC0: mlx5_bond_0""","{""CUDA_HOME"":""/usr/local/cuda"",""NCCL_TESTS_DIR"":""/root/nccl-tests""}"
1,p1-nccl-baseline-20260826T181721Z-16cea6a,phase1,2026-08-26T18:17:57Z,measured,16cea6aed21d649453b65981c72d4b8ea7e32605,False,unknown,,5c44f3e9a47e,Ubuntu 24.04.3 LTS,6.8.0-106-generic,AMD EPYC 9254 24-Core Processor,48,1,NVIDIA L4,2,NODE,none-single-node,False,,12.8,580.126.20,2.25.1+cuda12.8,NCCL_DEBUG=VERSION banner,,gcc (Ubuntu 13.3.0-6ubuntu2~24.04) 13.3.0,717b68318278e93f371d8ffb46b076069d7c7851,nccl-tests,all_gather,float,none,-1,134217728,16777216,out_of_place,20,50,2,full,6458.89,20.78,10.39,0,True,True,True,0,/root/nccl-tests/build/all_gather_perf -b 8 -e 128M -f 2 -g 2 -w 20 -n 50 -c 1 -d float,results/raw/p1-nccl-baseline-20260826T181721Z-16cea6a/all_gather.full.r2.stdout.txt,,"[{""index"":0,""memory_total_mib"":23034,""name"":""NVIDIA L4"",""pci_bus_id"":""00000000:03:00.0""},{""index"":1,""memory_total_mib"":23034,""name"":""NVIDIA L4"",""pci_bus_id"":""00000000:C3:00.0""}]","""\t\u001b[4mGPU0\tGPU1\tNIC0\tCPU Affinity\tNUMA Affinity\tGPU NUMA ID\u001b[0m\nGPU0\t X \tNODE\tNODE\t0-47\t0\t\tN/A\nGPU1\tNODE\t X \tNODE\t0-47\t0\t\tN/A\nNIC0\tNODE\tNODE\t X \t\t\t\t\n\nLegend:\n\n  X    = Self\n  SYS  = Connection traversing PCIe as well as the SMP interconnect between NUMA nodes (e.g., QPI/UPI)\n  NODE = Connection traversing PCIe as well as the interconnect between PCIe Host Bridges within a NUMA node\n  PHB  = Connection traversing PCIe as well as a PCIe Host Bridge (typically the CPU)\n  PXB  = Connection traversing multiple PCIe bridges (without traversing the PCIe Host Bridge)\n  PIX  = Connection traversing at most a single PCIe bridge\n  NV#  = Connection traversing a bonded set of # NVLinks\n\nNIC Legend:\n\n  NIC0: mlx5_bond_0""","{""CUDA_HOME"":""/usr/local/cuda"",""NCCL_TESTS_DIR"":""/root/nccl-tests""}"
1,p1-nccl-baseline-20260826T181721Z-16cea6a,phase1,2026-08-26T18:17:57Z,measured,16cea6aed21d649453b65981c72d4b8ea7e32605,False,unknown,,5c44f3e9a47e,Ubuntu 24.04.3 LTS,6.8.0-106-generic,AMD EPYC 9254 24-Core Processor,48,1,NVIDIA L4,2,NODE,none-single-node,False,,12.8,580.126.20,2.25.1+cuda12.8,NCCL_DEBUG=VERSION banner,,gcc (Ubuntu 13.3.0-6ubuntu2~24.04) 13.3.0,717b68318278e93f371d8ffb46b076069d7c7851,nccl-tests,all_gather,float,none,-1,134217728,16777216,in_place,20,50,2,full,6435.26,20.86,10.43,0,True,True,True,0,/root/nccl-tests/build/all_gather_perf -b 8 -e 128M -f 2 -g 2 -w 20 -n 50 -c 1 -d float,results/raw/p1-nccl-baseline-20260826T181721Z-16cea6a/all_gather.full.r2.stdout.txt,,"[{""index"":0,""memory_total_mib"":23034,""name"":""NVIDIA L4"",""pci_bus_id"":""00000000:03:00.0""},{""index"":1,""memory_total_mib"":23034,""name"":""NVIDIA L4"",""pci_bus_id"":""00000000:C3:00.0""}]","""\t\u001b[4mGPU0\tGPU1\tNIC0\tCPU Affinity\tNUMA Affinity\tGPU NUMA ID\u001b[0m\nGPU0\t X \tNODE\tNODE\t0-47\t0\t\tN/A\nGPU1\tNODE\t X \tNODE\t0-47\t0\t\tN/A\nNIC0\tNODE\tNODE\t X \t\t\t\t\n\nLegend:\n\n  X    = Self\n  SYS  = Connection traversing PCIe as well as the SMP interconnect between NUMA nodes (e.g., QPI/UPI)\n  NODE = Connection traversing PCIe as well as the interconnect between PCIe Host Bridges within a NUMA node\n  PHB  = Connection traversing PCIe as well as a PCIe Host Bridge (typically the CPU)\n  PXB  = Connection traversing multiple PCIe bridges (without traversing the PCIe Host Bridge)\n  PIX  = Connection traversing at most a single PCIe bridge\n  NV#  = Connection traversing a bonded set of # NVLinks\n\nNIC Legend:\n\n  NIC0: mlx5_bond_0""","{""CUDA_HOME"":""/usr/local/cuda"",""NCCL_TESTS_DIR"":""/root/nccl-tests""}"
1,p1-nccl-baseline-20260826T181721Z-16cea6a,phase1,2026-08-26T18:18:02Z,measured,16cea6aed21d649453b65981c72d4b8ea7e32605,False,unknown,,5c44f3e9a47e,Ubuntu 24.04.3 LTS,6.8.0-106-generic,AMD EPYC 9254 24-Core Processor,48,1,NVIDIA L4,2,NODE,none-single-node,False,,12.8,580.126.20,2.25.1+cuda12.8,NCCL_DEBUG=VERSION banner,,gcc (Ubuntu 13.3.0-6ubuntu2~24.04) 13.3.0,717b68318278e93f371d8ffb46b076069d7c7851,nccl-tests,reduce_scatter,float,sum,-1,0,0,out_of_place,20,50,2,full,0.16,0.0,0.0,0,True,True,,0,/root/nccl-tests/build/reduce_scatter_perf -b 8 -e 128M -f 2 -g 2 -w 20 -n 50 -c 1 -d float,results/raw/p1-nccl-baseline-20260826T181721Z-16cea6a/reduce_scatter.full.r2.stdout.txt,,"[{""index"":0,""memory_total_mib"":23034,""name"":""NVIDIA L4"",""pci_bus_id"":""00000000:03:00.0""},{""index"":1,""memory_total_mib"":23034,""name"":""NVIDIA L4"",""pci_bus_id"":""00000000:C3:00.0""}]","""\t\u001b[4mGPU0\tGPU1\tNIC0\tCPU Affinity\tNUMA Affinity\tGPU NUMA ID\u001b[0m\nGPU0\t X \tNODE\tNODE\t0-47\t0\t\tN/A\nGPU1\tNODE\t X \tNODE\t0-47\t0\t\tN/A\nNIC0\tNODE\tNODE\t X \t\t\t\t\n\nLegend:\n\n  X    = Self\n  SYS  = Connection traversing PCIe as well as the SMP interconnect between NUMA nodes (e.g., QPI/UPI)\n  NODE = Connection traversing PCIe as well as the interconnect between PCIe Host Bridges within a NUMA node\n  PHB  = Connection traversing PCIe as well as a PCIe Host Bridge (typically the CPU)\n  PXB  = Connection traversing multiple PCIe bridges (without traversing the PCIe Host Bridge)\n  PIX  = Connection traversing at most a single PCIe bridge\n  NV#  = Connection traversing a bonded set of # NVLinks\n\nNIC Legend:\n\n  NIC0: mlx5_bond_0""","{""CUDA_HOME"":""/usr/local/cuda"",""NCCL_TESTS_DIR"":""/root/nccl-tests""}"
1,p1-nccl-baseline-20260826T181721Z-16cea6a,phase1,2026-08-26T18:18:02Z,measured,16cea6aed21d649453b65981c72d4b8ea7e32605,False,unknown,,5c44f3e9a47e,Ubuntu 24.04.3 LTS,6.8.0-106-generic,AMD EPYC 9254 24-Core Processor,48,1,NVIDIA L4,2,NODE,none-single-node,False,,12.8,580.126.20,2.25.1+cuda12.8,NCCL_DEBUG=VERSION banner,,gcc (Ubuntu 13.3.0-6ubuntu2~24.04) 13.3.0,717b68318278e93f371d8ffb46b076069d7c7851,nccl-tests,reduce_scatter,float,sum,-1,0,0,in_place,20,50,2,full,0.16,0.0,0.0,0,True,True,,0,/root/nccl-tests/build/reduce_scatter_perf -b 8 -e 128M -f 2 -g 2 -w 20 -n 50 -c 1 -d float,results/raw/p1-nccl-baseline-20260826T181721Z-16cea6a/reduce_scatter.full.r2.stdout.txt,,"[{""index"":0,""memory_total_mib"":23034,""name"":""NVIDIA L4"",""pci_bus_id"":""00000000:03:00.0""},{""index"":1,""memory_total_mib"":23034,""name"":""NVIDIA L4"",""pci_bus_id"":""00000000:C3:00.0""}]","""\t\u001b[4mGPU0\tGPU1\tNIC0\tCPU Affinity\tNUMA Affinity\tGPU NUMA ID\u001b[0m\nGPU0\t X \tNODE\tNODE\t0-47\t0\t\tN/A\nGPU1\tNODE\t X \tNODE\t0-47\t0\t\tN/A\nNIC0\tNODE\tNODE\t X \t\t\t\t\n\nLegend:\n\n  X    = Self\n  SYS  = Connection traversing PCIe as well as the SMP interconnect between NUMA nodes (e.g., QPI/UPI)\n  NODE = Connection traversing PCIe as well as the interconnect between PCIe Host Bridges within a NUMA node\n  PHB  = Connection traversing PCIe as well as a PCIe Host Bridge (typically the CPU)\n  PXB  = Connection traversing multiple PCIe bridges (without traversing the PCIe Host Bridge)\n  PIX  = Connection traversing at most a single PCIe bridge\n  NV#  = Connection traversing a bonded set of # NVLinks\n\nNIC Legend:\n\n  NIC0: mlx5_bond_0""","{""CUDA_HOME"":""/usr/local/cuda"",""NCCL_TESTS_DIR"":""/root/nccl-tests""}"
1,p1-nccl-baseline-20260826T181721Z-16cea6a,phase1,2026-08-26T18:18:02Z,measured,16cea6aed21d649453b65981c72d4b8ea7e32605,False,unknown,,5c44f3e9a47e,Ubuntu 24.04.3 LTS,6.8.0-106-generic,AMD EPYC 9254 24-Core Processor,48,1,NVIDIA L4,2,NODE,none-single-node,False,,12.8,580.126.20,2.25.1+cuda12.8,NCCL_DEBUG=VERSION banner,,gcc (Ubuntu 13.3.0-6ubuntu2~24.04) 13.3.0,717b68318278e93f371d8ffb46b076069d7c7851,nccl-tests,reduce_scatter,float,sum,-1,0,0,out_of_place,20,50,2,full,0.15,0.0,0.0,0,True,True,,0,/root/nccl-tests/build/reduce_scatter_perf -b 8 -e 128M -f 2 -g 2 -w 20 -n 50 -c 1 -d float,results/raw/p1-nccl-baseline-20260826T181721Z-16cea6a/reduce_scatter.full.r2.stdout.txt,,"[{""index"":0,""memory_total_mib"":23034,""name"":""NVIDIA L4"",""pci_bus_id"":""00000000:03:00.0""},{""index"":1,""memory_total_mib"":23034,""name"":""NVIDIA L4"",""pci_bus_id"":""00000000:C3:00.0""}]","""\t\u001b[4mGPU0\tGPU1\tNIC0\tCPU Affinity\tNUMA Affinity\tGPU NUMA ID\u001b[0m\nGPU0\t X \tNODE\tNODE\t0-47\t0\t\tN/A\nGPU1\tNODE\t X \tNODE\t0-47\t0\t\tN/A\nNIC0\tNODE\tNODE\t X \t\t\t\t\n\nLegend:\n\n  X    = Self\n  SYS  = Connection traversing PCIe as well as the SMP interconnect between NUMA nodes (e.g., QPI/UPI)\n  NODE = Connection traversing PCIe as well as the interconnect between PCIe Host Bridges within a NUMA node\n  PHB  = Connection traversing PCIe as well as a PCIe Host Bridge (typically the CPU)\n  PXB  = Connection traversing multiple PCIe bridges (without traversing the PCIe Host Bridge)\n  PIX  = Connection traversing at most a single PCIe bridge\n  NV#  = Connection traversing a bonded set of # NVLinks\n\nNIC Legend:\n\n  NIC0: mlx5_bond_0""","{""CUDA_HOME"":""/usr/local/cuda"",""NCCL_TESTS_DIR"":""/root/nccl-tests""}"
1,p1-nccl-baseline-20260826T181721Z-16cea6a,phase1,2026-08-26T18:18:02Z,measured,16cea6aed21d649453b65981c72d4b8ea7e32605,False,unknown,,5c44f3e9a47e,Ubuntu 24.04.3 LTS,6.8.0-106-generic,AMD EPYC 9254 24-Core Processor,48,1,NVIDIA L4,2,NODE,none-single-node,False,,12.8,580.126.20,2.25.1+cuda12.8,NCCL_DEBUG=VERSION banner,,gcc (Ubuntu 13.3.0-6ubuntu2~24.04) 13.3.0,717b68318278e93f371d8ffb46b076069d7c7851,nccl-tests,reduce_scatter,float,sum,-1,0,0,in_place,20,50,2,full,0.16,0.0,0.0,0,True,True,,0,/root/nccl-tests/build/reduce_scatter_perf -b 8 -e 128M -f 2 -g 2 -w 20 -n 50 -c 1 -d float,results/raw/p1-nccl-baseline-20260826T181721Z-16cea6a/reduce_scatter.full.r2.stdout.txt,,"[{""index"":0,""memory_total_mib"":23034,""name"":""NVIDIA L4"",""pci_bus_id"":""00000000:03:00.0""},{""index"":1,""memory_total_mib"":23034,""name"":""NVIDIA L4"",""pci_bus_id"":""00000000:C3:00.0""}]","""\t\u001b[4mGPU0\tGPU1\tNIC0\tCPU Affinity\tNUMA Affinity\tGPU NUMA ID\u001b[0m\nGPU0\t X \tNODE\tNODE\t0-47\t0\t\tN/A\nGPU1\tNODE\t X \tNODE\t0-47\t0\t\tN/A\nNIC0\tNODE\tNODE\t X \t\t\t\t\n\nLegend:\n\n  X    = Self\n  SYS  = Connection traversing PCIe as well as the SMP interconnect between NUMA nodes (e.g., QPI/UPI)\n  NODE = Connection traversing PCIe as well as the interconnect between PCIe Host Bridges within a NUMA node\n  PHB  = Connection traversing PCIe as well as a PCIe Host Bridge (typically the CPU)\n  PXB  = Connection traversing multiple PCIe bridges (without traversing the PCIe Host Bridge)\n  PIX  = Connection traversing at most a single PCIe bridge\n  NV#  = Connection traversing a bonded set of # NVLinks\n\nNIC Legend:\n\n  NIC0: mlx5_bond_0""","{""CUDA_HOME"":""/usr/local/cuda"",""NCCL_TESTS_DIR"":""/root/nccl-tests""}"
1,p1-nccl-baseline-20260826T181721Z-16cea6a,phase1,2026-08-26T18:18:02Z,measured,16cea6aed21d649453b65981c72d4b8ea7e32605,False,unknown,,5c44f3e9a47e,Ubuntu 24.04.3 LTS,6.8.0-106-generic,AMD EPYC 9254 24-Core Processor,48,1,NVIDIA L4,2,NODE,none-single-node,False,,12.8,580.126.20,2.25.1+cuda12.8,NCCL_DEBUG=VERSION banner,,gcc (Ubuntu 13.3.0-6ubuntu2~24.04) 13.3.0,717b68318278e93f371d8ffb46b076069d7c7851,nccl-tests,reduce_scatter,float,sum,-1,32,4,out_of_place,20,50,2,full,7.14,0.0,0.0,0,True,True,,0,/root/nccl-tests/build/reduce_scatter_perf -b 8 -e 128M -f 2 -g 2 -w 20 -n 50 -c 1 -d float,results/raw/p1-nccl-baseline-20260826T181721Z-16cea6a/reduce_scatter.full.r2.stdout.txt,,"[{""index"":0,""memory_total_mib"":23034,""name"":""NVIDIA L4"",""pci_bus_id"":""00000000:03:00.0""},{""index"":1,""memory_total_mib"":23034,""name"":""NVIDIA L4"",""pci_bus_id"":""00000000:C3:00.0""}]","""\t\u001b[4mGPU0\tGPU1\tNIC0\tCPU Affinity\tNUMA Affinity\tGPU NUMA ID\u001b[0m\nGPU0\t X \tNODE\tNODE\t0-47\t0\t\tN/A\nGPU1\tNODE\t X \tNODE\t0-47\t0\t\tN/A\nNIC0\tNODE\tNODE\t X \t\t\t\t\n\nLegend:\n\n  X    = Self\n  SYS  = Connection traversing PCIe as well as the SMP interconnect between NUMA nodes (e.g., QPI/UPI)\n  NODE = Connection traversing PCIe as well as the interconnect between PCIe Host Bridges within a NUMA node\n  PHB  = Connection traversing PCIe as well as a PCIe Host Bridge (typically the CPU)\n  PXB  = Connection traversing multiple PCIe bridges (without traversing the PCIe Host Bridge)\n  PIX  = Connection traversing at most a single PCIe bridge\n  NV#  = Connection traversing a bonded set of # NVLinks\n\nNIC Legend:\n\n  NIC0: mlx5_bond_0""","{""CUDA_HOME"":""/usr/local/cuda"",""NCCL_TESTS_DIR"":""/root/nccl-tests""}"
1,p1-nccl-baseline-20260826T181721Z-16cea6a,phase1,2026-08-26T18:18:02Z,measured,16cea6aed21d649453b65981c72d4b8ea7e32605,False,unknown,,5c44f3e9a47e,Ubuntu 24.04.3 LTS,6.8.0-106-generic,AMD EPYC 9254 24-Core Processor,48,1,NVIDIA L4,2,NODE,none-single-node,False,,12.8,580.126.20,2.25.1+cuda12.8,NCCL_DEBUG=VERSION banner,,gcc (Ubuntu 13.3.0-6ubuntu2~24.04) 13.3.0,717b68318278e93f371d8ffb46b076069d7c7851,nccl-tests,reduce_scatter,float,sum,-1,32,4,in_place,20,50,2,full,7.03,0.0,0.0,0,True,True,,0,/root/nccl-tests/build/reduce_scatter_perf -b 8 -e 128M -f 2 -g 2 -w 20 -n 50 -c 1 -d float,results/raw/p1-nccl-baseline-20260826T181721Z-16cea6a/reduce_scatter.full.r2.stdout.txt,,"[{""index"":0,""memory_total_mib"":23034,""name"":""NVIDIA L4"",""pci_bus_id"":""00000000:03:00.0""},{""index"":1,""memory_total_mib"":23034,""name"":""NVIDIA L4"",""pci_bus_id"":""00000000:C3:00.0""}]","""\t\u001b[4mGPU0\tGPU1\tNIC0\tCPU Affinity\tNUMA Affinity\tGPU NUMA ID\u001b[0m\nGPU0\t X \tNODE\tNODE\t0-47\t0\t\tN/A\nGPU1\tNODE\t X \tNODE\t0-47\t0\t\tN/A\nNIC0\tNODE\tNODE\t X \t\t\t\t\n\nLegend:\n\n  X    = Self\n  SYS  = Connection traversing PCIe as well as the SMP interconnect between NUMA nodes (e.g., QPI/UPI)\n  NODE = Connection traversing PCIe as well as the interconnect between PCIe Host Bridges within a NUMA node\n  PHB  = Connection traversing PCIe as well as a PCIe Host Bridge (typically the CPU)\n  PXB  = Connection traversing multiple PCIe bridges (without traversing the PCIe Host Bridge)\n  PIX  = Connection traversing at most a single PCIe bridge\n  NV#  = Connection traversing a bonded set of # NVLinks\n\nNIC Legend:\n\n  NIC0: mlx5_bond_0""","{""CUDA_HOME"":""/usr/local/cuda"",""NCCL_TESTS_DIR"":""/root/nccl-tests""}"
1,p1-nccl-baseline-20260826T181721Z-16cea6a,phase1,2026-08-26T18:18:02Z,measured,16cea6aed21d649453b65981c72d4b8ea7e32605,False,unknown,,5c44f3e9a47e,Ubuntu 24.04.3 LTS,6.8.0-106-generic,AMD EPYC 9254 24-Core Processor,48,1,NVIDIA L4,2,NODE,none-single-node,False,,12.8,580.126.20,2.25.1+cuda12.8,NCCL_DEBUG=VERSION banner,,gcc (Ubuntu 13.3.0-6ubuntu2~24.04) 13.3.0,717b68318278e93f371d8ffb46b076069d7c7851,nccl-tests,reduce_scatter,float,sum,-1,64,8,out_of_place,20,50,2,full,7.47,0.01,0.0,0,True,True,True,0,/root/nccl-tests/build/reduce_scatter_perf -b 8 -e 128M -f 2 -g 2 -w 20 -n 50 -c 1 -d float,results/raw/p1-nccl-baseline-20260826T181721Z-16cea6a/reduce_scatter.full.r2.stdout.txt,,"[{""index"":0,""memory_total_mib"":23034,""name"":""NVIDIA L4"",""pci_bus_id"":""00000000:03:00.0""},{""index"":1,""memory_total_mib"":23034,""name"":""NVIDIA L4"",""pci_bus_id"":""00000000:C3:00.0""}]","""\t\u001b[4mGPU0\tGPU1\tNIC0\tCPU Affinity\tNUMA Affinity\tGPU NUMA ID\u001b[0m\nGPU0\t X \tNODE\tNODE\t0-47\t0\t\tN/A\nGPU1\tNODE\t X \tNODE\t0-47\t0\t\tN/A\nNIC0\tNODE\tNODE\t X \t\t\t\t\n\nLegend:\n\n  X    = Self\n  SYS  = Connection traversing PCIe as well as the SMP interconnect between NUMA nodes (e.g., QPI/UPI)\n  NODE = Connection traversing PCIe as well as the interconnect between PCIe Host Bridges within a NUMA node\n  PHB  = Connection traversing PCIe as well as a PCIe Host Bridge (typically the CPU)\n  PXB  = Connection traversing multiple PCIe bridges (without traversing the PCIe Host Bridge)\n  PIX  = Connection traversing at most a single PCIe bridge\n  NV#  = Connection traversing a bonded set of # NVLinks\n\nNIC Legend:\n\n  NIC0: mlx5_bond_0""","{""CUDA_HOME"":""/usr/local/cuda"",""NCCL_TESTS_DIR"":""/root/nccl-tests""}"
1,p1-nccl-baseline-20260826T181721Z-16cea6a,phase1,2026-08-26T18:18:02Z,measured,16cea6aed21d649453b65981c72d4b8ea7e32605,False,unknown,,5c44f3e9a47e,Ubuntu 24.04.3 LTS,6.8.0-106-generic,AMD EPYC 9254 24-Core Processor,48,1,NVIDIA L4,2,NODE,none-single-node,False,,12.8,580.126.20,2.25.1+cuda12.8,NCCL_DEBUG=VERSION banner,,gcc (Ubuntu 13.3.0-6ubuntu2~24.04) 13.3.0,717b68318278e93f371d8ffb46b076069d7c7851,nccl-tests,reduce_scatter,float,sum,-1,64,8,in_place,20,50,2,full,7.06,0.01,0.0,0,True,True,True,0,/root/nccl-tests/build/reduce_scatter_perf -b 8 -e 128M -f 2 -g 2 -w 20 -n 50 -c 1 -d float,results/raw/p1-nccl-baseline-20260826T181721Z-16cea6a/reduce_scatter.full.r2.stdout.txt,,"[{""index"":0,""memory_total_mib"":23034,""name"":""NVIDIA L4"",""pci_bus_id"":""00000000:03:00.0""},{""index"":1,""memory_total_mib"":23034,""name"":""NVIDIA L4"",""pci_bus_id"":""00000000:C3:00.0""}]","""\t\u001b[4mGPU0\tGPU1\tNIC0\tCPU Affinity\tNUMA Affinity\tGPU NUMA ID\u001b[0m\nGPU0\t X \tNODE\tNODE\t0-47\t0\t\tN/A\nGPU1\tNODE\t X \tNODE\t0-47\t0\t\tN/A\nNIC0\tNODE\tNODE\t X \t\t\t\t\n\nLegend:\n\n  X    = Self\n  SYS  = Connection traversing PCIe as well as the SMP interconnect between NUMA nodes (e.g., QPI/UPI)\n  NODE = Connection traversing PCIe as well as the interconnect between PCIe Host Bridges within a NUMA node\n  PHB  = Connection traversing PCIe as well as a PCIe Host Bridge (typically the CPU)\n  PXB  = Connection traversing multiple PCIe bridges (without traversing the PCIe Host Bridge)\n  PIX  = Connection traversing at most a single PCIe bridge\n  NV#  = Connection traversing a bonded set of # NVLinks\n\nNIC Legend:\n\n  NIC0: mlx5_bond_0""","{""CUDA_HOME"":""/usr/local/cuda"",""NCCL_TESTS_DIR"":""/root/nccl-tests""}"
1,p1-nccl-baseline-20260826T181721Z-16cea6a,phase1,2026-08-26T18:18:02Z,measured,16cea6aed21d649453b65981c72d4b8ea7e32605,False,unknown,,5c44f3e9a47e,Ubuntu 24.04.3 LTS,6.8.0-106-generic,AMD EPYC 9254 24-Core Processor,48,1,NVIDIA L4,2,NODE,none-single-node,False,,12.8,580.126.20,2.25.1+cuda12.8,NCCL_DEBUG=VERSION banner,,gcc (Ubuntu 13.3.0-6ubuntu2~24.04) 13.3.0,717b68318278e93f371d8ffb46b076069d7c7851,nccl-tests,reduce_scatter,float,sum,-1,128,16,out_of_place,20,50,2,full,7.07,0.02,0.01,0,True,True,True,0,/root/nccl-tests/build/reduce_scatter_perf -b 8 -e 128M -f 2 -g 2 -w 20 -n 50 -c 1 -d float,results/raw/p1-nccl-baseline-20260826T181721Z-16cea6a/reduce_scatter.full.r2.stdout.txt,,"[{""index"":0,""memory_total_mib"":23034,""name"":""NVIDIA L4"",""pci_bus_id"":""00000000:03:00.0""},{""index"":1,""memory_total_mib"":23034,""name"":""NVIDIA L4"",""pci_bus_id"":""00000000:C3:00.0""}]","""\t\u001b[4mGPU0\tGPU1\tNIC0\tCPU Affinity\tNUMA Affinity\tGPU NUMA ID\u001b[0m\nGPU0\t X \tNODE\tNODE\t0-47\t0\t\tN/A\nGPU1\tNODE\t X \tNODE\t0-47\t0\t\tN/A\nNIC0\tNODE\tNODE\t X \t\t\t\t\n\nLegend:\n\n  X    = Self\n  SYS  = Connection traversing PCIe as well as the SMP interconnect between NUMA nodes (e.g., QPI/UPI)\n  NODE = Connection traversing PCIe as well as the interconnect between PCIe Host Bridges within a NUMA node\n  PHB  = Connection traversing PCIe as well as a PCIe Host Bridge (typically the CPU)\n  PXB  = Connection traversing multiple PCIe bridges (without traversing the PCIe Host Bridge)\n  PIX  = Connection traversing at most a single PCIe bridge\n  NV#  = Connection traversing a bonded set of # NVLinks\n\nNIC Legend:\n\n  NIC0: mlx5_bond_0""","{""CUDA_HOME"":""/usr/local/cuda"",""NCCL_TESTS_DIR"":""/root/nccl-tests""}"
1,p1-nccl-baseline-20260826T181721Z-16cea6a,phase1,2026-08-26T18:18:02Z,measured,16cea6aed21d649453b65981c72d4b8ea7e32605,False,unknown,,5c44f3e9a47e,Ubuntu 24.04.3 LTS,6.8.0-106-generic,AMD EPYC 9254 24-Core Processor,48,1,NVIDIA L4,2,NODE,none-single-node,False,,12.8,580.126.20,2.25.1+cuda12.8,NCCL_DEBUG=VERSION banner,,gcc (Ubuntu 13.3.0-6ubuntu2~24.04) 13.3.0,717b68318278e93f371d8ffb46b076069d7c7851,nccl-tests,reduce_scatter,float,sum,-1,128,16,in_place,20,50,2,full,7.75,0.02,0.01,0,True,True,True,0,/root/nccl-tests/build/reduce_scatter_perf -b 8 -e 128M -f 2 -g 2 -w 20 -n 50 -c 1 -d float,results/raw/p1-nccl-baseline-20260826T181721Z-16cea6a/reduce_scatter.full.r2.stdout.txt,,"[{""index"":0,""memory_total_mib"":23034,""name"":""NVIDIA L4"",""pci_bus_id"":""00000000:03:00.0""},{""index"":1,""memory_total_mib"":23034,""name"":""NVIDIA L4"",""pci_bus_id"":""00000000:C3:00.0""}]","""\t\u001b[4mGPU0\tGPU1\tNIC0\tCPU Affinity\tNUMA Affinity\tGPU NUMA ID\u001b[0m\nGPU0\t X \tNODE\tNODE\t0-47\t0\t\tN/A\nGPU1\tNODE\t X \tNODE\t0-47\t0\t\tN/A\nNIC0\tNODE\tNODE\t X \t\t\t\t\n\nLegend:\n\n  X    = Self\n  SYS  = Connection traversing PCIe as well as the SMP interconnect between NUMA nodes (e.g., QPI/UPI)\n  NODE = Connection traversing PCIe as well as the interconnect between PCIe Host Bridges within a NUMA node\n  PHB  = Connection traversing PCIe as well as a PCIe Host Bridge (typically the CPU)\n  PXB  = Connection traversing multiple PCIe bridges (without traversing the PCIe Host Bridge)\n  PIX  = Connection traversing at most a single PCIe bridge\n  NV#  = Connection traversing a bonded set of # NVLinks\n\nNIC Legend:\n\n  NIC0: mlx5_bond_0""","{""CUDA_HOME"":""/usr/local/cuda"",""NCCL_TESTS_DIR"":""/root/nccl-tests""}"
1,p1-nccl-baseline-20260826T181721Z-16cea6a,phase1,2026-08-26T18:18:02Z,measured,16cea6aed21d649453b65981c72d4b8ea7e32605,False,unknown,,5c44f3e9a47e,Ubuntu 24.04.3 LTS,6.8.0-106-generic,AMD EPYC 9254 24-Core Processor,48,1,NVIDIA L4,2,NODE,none-single-node,False,,12.8,580.126.20,2.25.1+cuda12.8,NCCL_DEBUG=VERSION banner,,gcc (Ubuntu 13.3.0-6ubuntu2~24.04) 13.3.0,717b68318278e93f371d8ffb46b076069d7c7851,nccl-tests,reduce_scatter,float,sum,-1,256,32,out_of_place,20,50,2,full,10.27,0.02,0.01,0,True,True,True,0,/root/nccl-tests/build/reduce_scatter_perf -b 8 -e 128M -f 2 -g 2 -w 20 -n 50 -c 1 -d float,results/raw/p1-nccl-baseline-20260826T181721Z-16cea6a/reduce_scatter.full.r2.stdout.txt,,"[{""index"":0,""memory_total_mib"":23034,""name"":""NVIDIA L4"",""pci_bus_id"":""00000000:03:00.0""},{""index"":1,""memory_total_mib"":23034,""name"":""NVIDIA L4"",""pci_bus_id"":""00000000:C3:00.0""}]","""\t\u001b[4mGPU0\tGPU1\tNIC0\tCPU Affinity\tNUMA Affinity\tGPU NUMA ID\u001b[0m\nGPU0\t X \tNODE\tNODE\t0-47\t0\t\tN/A\nGPU1\tNODE\t X \tNODE\t0-47\t0\t\tN/A\nNIC0\tNODE\tNODE\t X \t\t\t\t\n\nLegend:\n\n  X    = Self\n  SYS  = Connection traversing PCIe as well as the SMP interconnect between NUMA nodes (e.g., QPI/UPI)\n  NODE = Connection traversing PCIe as well as the interconnect between PCIe Host Bridges within a NUMA node\n  PHB  = Connection traversing PCIe as well as a PCIe Host Bridge (typically the CPU)\n  PXB  = Connection traversing multiple PCIe bridges (without traversing the PCIe Host Bridge)\n  PIX  = Connection traversing at most a single PCIe bridge\n  NV#  = Connection traversing a bonded set of # NVLinks\n\nNIC Legend:\n\n  NIC0: mlx5_bond_0""","{""CUDA_HOME"":""/usr/local/cuda"",""NCCL_TESTS_DIR"":""/root/nccl-tests""}"
1,p1-nccl-baseline-20260826T181721Z-16cea6a,phase1,2026-08-26T18:18:02Z,measured,16cea6aed21d649453b65981c72d4b8ea7e32605,False,unknown,,5c44f3e9a47e,Ubuntu 24.04.3 LTS,6.8.0-106-generic,AMD EPYC 9254 24-Core Processor,48,1,NVIDIA L4,2,NODE,none-single-node,False,,12.8,580.126.20,2.25.1+cuda12.8,NCCL_DEBUG=VERSION banner,,gcc (Ubuntu 13.3.0-6ubuntu2~24.04) 13.3.0,717b68318278e93f371d8ffb46b076069d7c7851,nccl-tests,reduce_scatter,float,sum,-1,256,32,in_place,20,50,2,full,9.95,0.03,0.01,0,True,True,True,0,/root/nccl-tests/build/reduce_scatter_perf -b 8 -e 128M -f 2 -g 2 -w 20 -n 50 -c 1 -d float,results/raw/p1-nccl-baseline-20260826T181721Z-16cea6a/reduce_scatter.full.r2.stdout.txt,,"[{""index"":0,""memory_total_mib"":23034,""name"":""NVIDIA L4"",""pci_bus_id"":""00000000:03:00.0""},{""index"":1,""memory_total_mib"":23034,""name"":""NVIDIA L4"",""pci_bus_id"":""00000000:C3:00.0""}]","""\t\u001b[4mGPU0\tGPU1\tNIC0\tCPU Affinity\tNUMA Affinity\tGPU NUMA ID\u001b[0m\nGPU0\t X \tNODE\tNODE\t0-47\t0\t\tN/A\nGPU1\tNODE\t X \tNODE\t0-47\t0\t\tN/A\nNIC0\tNODE\tNODE\t X \t\t\t\t\n\nLegend:\n\n  X    = Self\n  SYS  = Connection traversing PCIe as well as the SMP interconnect between NUMA nodes (e.g., QPI/UPI)\n  NODE = Connection traversing PCIe as well as the interconnect between PCIe Host Bridges within a NUMA node\n  PHB  = Connection traversing PCIe as well as a PCIe Host Bridge (typically the CPU)\n  PXB  = Connection traversing multiple PCIe bridges (without traversing the PCIe Host Bridge)\n  PIX  = Connection traversing at most a single PCIe bridge\n  NV#  = Connection traversing a bonded set of # NVLinks\n\nNIC Legend:\n\n  NIC0: mlx5_bond_0""","{""CUDA_HOME"":""/usr/local/cuda"",""NCCL_TESTS_DIR"":""/root/nccl-tests""}"
1,p1-nccl-baseline-20260826T181721Z-16cea6a,phase1,2026-08-26T18:18:02Z,measured,16cea6aed21d649453b65981c72d4b8ea7e32605,False,unknown,,5c44f3e9a47e,Ubuntu 24.04.3 LTS,6.8.0-106-generic,AMD EPYC 9254 24-Core Processor,48,1,NVIDIA L4,2,NODE,none-single-node,False,,12.8,580.126.20,2.25.1+cuda12.8,NCCL_DEBUG=VERSION banner,,gcc (Ubuntu 13.3.0-6ubuntu2~24.04) 13.3.0,717b68318278e93f371d8ffb46b076069d7c7851,nccl-tests,reduce_scatter,float,sum,-1,512,64,out_of_place,20,50,2,full,7.46,0.07,0.03,0,True,True,True,0,/root/nccl-tests/build/reduce_scatter_perf -b 8 -e 128M -f 2 -g 2 -w 20 -n 50 -c 1 -d float,results/raw/p1-nccl-baseline-20260826T181721Z-16cea6a/reduce_scatter.full.r2.stdout.txt,,"[{""index"":0,""memory_total_mib"":23034,""name"":""NVIDIA L4"",""pci_bus_id"":""00000000:03:00.0""},{""index"":1,""memory_total_mib"":23034,""name"":""NVIDIA L4"",""pci_bus_id"":""00000000:C3:00.0""}]","""\t\u001b[4mGPU0\tGPU1\tNIC0\tCPU Affinity\tNUMA Affinity\tGPU NUMA ID\u001b[0m\nGPU0\t X \tNODE\tNODE\t0-47\t0\t\tN/A\nGPU1\tNODE\t X \tNODE\t0-47\t0\t\tN/A\nNIC0\tNODE\tNODE\t X \t\t\t\t\n\nLegend:\n\n  X    = Self\n  SYS  = Connection traversing PCIe as well as the SMP interconnect between NUMA nodes (e.g., QPI/UPI)\n  NODE = Connection traversing PCIe as well as the interconnect between PCIe Host Bridges within a NUMA node\n  PHB  = Connection traversing PCIe as well as a PCIe Host Bridge (typically the CPU)\n  PXB  = Connection traversing multiple PCIe bridges (without traversing the PCIe Host Bridge)\n  PIX  = Connection traversing at most a single PCIe bridge\n  NV#  = Connection traversing a bonded set of # NVLinks\n\nNIC Legend:\n\n  NIC0: mlx5_bond_0""","{""CUDA_HOME"":""/usr/local/cuda"",""NCCL_TESTS_DIR"":""/root/nccl-tests""}"
1,p1-nccl-baseline-20260826T181721Z-16cea6a,phase1,2026-08-26T18:18:02Z,measured,16cea6aed21d649453b65981c72d4b8ea7e32605,False,unknown,,5c44f3e9a47e,Ubuntu 24.04.3 LTS,6.8.0-106-generic,AMD EPYC 9254 24-Core Processor,48,1,NVIDIA L4,2,NODE,none-single-node,False,,12.8,580.126.20,2.25.1+cuda12.8,NCCL_DEBUG=VERSION banner,,gcc (Ubuntu 13.3.0-6ubuntu2~24.04) 13.3.0,717b68318278e93f371d8ffb46b076069d7c7851,nccl-tests,reduce_scatter,float,sum,-1,512,64,in_place,20,50,2,full,7.08,0.07,0.04,0,True,True,True,0,/root/nccl-tests/build/reduce_scatter_perf -b 8 -e 128M -f 2 -g 2 -w 20 -n 50 -c 1 -d float,results/raw/p1-nccl-baseline-20260826T181721Z-16cea6a/reduce_scatter.full.r2.stdout.txt,,"[{""index"":0,""memory_total_mib"":23034,""name"":""NVIDIA L4"",""pci_bus_id"":""00000000:03:00.0""},{""index"":1,""memory_total_mib"":23034,""name"":""NVIDIA L4"",""pci_bus_id"":""00000000:C3:00.0""}]","""\t\u001b[4mGPU0\tGPU1\tNIC0\tCPU Affinity\tNUMA Affinity\tGPU NUMA ID\u001b[0m\nGPU0\t X \tNODE\tNODE\t0-47\t0\t\tN/A\nGPU1\tNODE\t X \tNODE\t0-47\t0\t\tN/A\nNIC0\tNODE\tNODE\t X \t\t\t\t\n\nLegend:\n\n  X    = Self\n  SYS  = Connection traversing PCIe as well as the SMP interconnect between NUMA nodes (e.g., QPI/UPI)\n  NODE = Connection traversing PCIe as well as the interconnect between PCIe Host Bridges within a NUMA node\n  PHB  = Connection traversing PCIe as well as a PCIe Host Bridge (typically the CPU)\n  PXB  = Connection traversing multiple PCIe bridges (without traversing the PCIe Host Bridge)\n  PIX  = Connection traversing at most a single PCIe bridge\n  NV#  = Connection traversing a bonded set of # NVLinks\n\nNIC Legend:\n\n  NIC0: mlx5_bond_0""","{""CUDA_HOME"":""/usr/local/cuda"",""NCCL_TESTS_DIR"":""/root/nccl-tests""}"
1,p1-nccl-baseline-20260826T181721Z-16cea6a,phase1,2026-08-26T18:18:02Z,measured,16cea6aed21d649453b65981c72d4b8ea7e32605,False,unknown,,5c44f3e9a47e,Ubuntu 24.04.3 LTS,6.8.0-106-generic,AMD EPYC 9254 24-Core Processor,48,1,NVIDIA L4,2,NODE,none-single-node,False,,12.8,580.126.20,2.25.1+cuda12.8,NCCL_DEBUG=VERSION banner,,gcc (Ubuntu 13.3.0-6ubuntu2~24.04) 13.3.0,717b68318278e93f371d8ffb46b076069d7c7851,nccl-tests,reduce_scatter,float,sum,-1,1024,128,out_of_place,20,50,2,full,7.21,0.14,0.07,0,True,True,True,0,/root/nccl-tests/build/reduce_scatter_perf -b 8 -e 128M -f 2 -g 2 -w 20 -n 50 -c 1 -d float,results/raw/p1-nccl-baseline-20260826T181721Z-16cea6a/reduce_scatter.full.r2.stdout.txt,,"[{""index"":0,""memory_total_mib"":23034,""name"":""NVIDIA L4"",""pci_bus_id"":""00000000:03:00.0""},{""index"":1,""memory_total_mib"":23034,""name"":""NVIDIA L4"",""pci_bus_id"":""00000000:C3:00.0""}]","""\t\u001b[4mGPU0\tGPU1\tNIC0\tCPU Affinity\tNUMA Affinity\tGPU NUMA ID\u001b[0m\nGPU0\t X \tNODE\tNODE\t0-47\t0\t\tN/A\nGPU1\tNODE\t X \tNODE\t0-47\t0\t\tN/A\nNIC0\tNODE\tNODE\t X \t\t\t\t\n\nLegend:\n\n  X    = Self\n  SYS  = Connection traversing PCIe as well as the SMP interconnect between NUMA nodes (e.g., QPI/UPI)\n  NODE = Connection traversing PCIe as well as the interconnect between PCIe Host Bridges within a NUMA node\n  PHB  = Connection traversing PCIe as well as a PCIe Host Bridge (typically the CPU)\n  PXB  = Connection traversing multiple PCIe bridges (without traversing the PCIe Host Bridge)\n  PIX  = Connection traversing at most a single PCIe bridge\n  NV#  = Connection traversing a bonded set of # NVLinks\n\nNIC Legend:\n\n  NIC0: mlx5_bond_0""","{""CUDA_HOME"":""/usr/local/cuda"",""NCCL_TESTS_DIR"":""/root/nccl-tests""}"
1,p1-nccl-baseline-20260826T181721Z-16cea6a,phase1,2026-08-26T18:18:02Z,measured,16cea6aed21d649453b65981c72d4b8ea7e32605,False,unknown,,5c44f3e9a47e,Ubuntu 24.04.3 LTS,6.8.0-106-generic,AMD EPYC 9254 24-Core Processor,48,1,NVIDIA L4,2,NODE,none-single-node,False,,12.8,580.126.20,2.25.1+cuda12.8,NCCL_DEBUG=VERSION banner,,gcc (Ubuntu 13.3.0-6ubuntu2~24.04) 13.3.0,717b68318278e93f371d8ffb46b076069d7c7851,nccl-tests,reduce_scatter,float,sum,-1,1024,128,in_place,20,50,2,full,7.19,0.14,0.07,0,True,True,True,0,/root/nccl-tests/build/reduce_scatter_perf -b 8 -e 128M -f 2 -g 2 -w 20 -n 50 -c 1 -d float,results/raw/p1-nccl-baseline-20260826T181721Z-16cea6a/reduce_scatter.full.r2.stdout.txt,,"[{""index"":0,""memory_total_mib"":23034,""name"":""NVIDIA L4"",""pci_bus_id"":""00000000:03:00.0""},{""index"":1,""memory_total_mib"":23034,""name"":""NVIDIA L4"",""pci_bus_id"":""00000000:C3:00.0""}]","""\t\u001b[4mGPU0\tGPU1\tNIC0\tCPU Affinity\tNUMA Affinity\tGPU NUMA ID\u001b[0m\nGPU0\t X \tNODE\tNODE\t0-47\t0\t\tN/A\nGPU1\tNODE\t X \tNODE\t0-47\t0\t\tN/A\nNIC0\tNODE\tNODE\t X \t\t\t\t\n\nLegend:\n\n  X    = Self\n  SYS  = Connection traversing PCIe as well as the SMP interconnect between NUMA nodes (e.g., QPI/UPI)\n  NODE = Connection traversing PCIe as well as the interconnect between PCIe Host Bridges within a NUMA node\n  PHB  = Connection traversing PCIe as well as a PCIe Host Bridge (typically the CPU)\n  PXB  = Connection traversing multiple PCIe bridges (without traversing the PCIe Host Bridge)\n  PIX  = Connection traversing at most a single PCIe bridge\n  NV#  = Connection traversing a bonded set of # NVLinks\n\nNIC Legend:\n\n  NIC0: mlx5_bond_0""","{""CUDA_HOME"":""/usr/local/cuda"",""NCCL_TESTS_DIR"":""/root/nccl-tests""}"
1,p1-nccl-baseline-20260826T181721Z-16cea6a,phase1,2026-08-26T18:18:02Z,measured,16cea6aed21d649453b65981c72d4b8ea7e32605,False,unknown,,5c44f3e9a47e,Ubuntu 24.04.3 LTS,6.8.0-106-generic,AMD EPYC 9254 24-Core Processor,48,1,NVIDIA L4,2,NODE,none-single-node,False,,12.8,580.126.20,2.25.1+cuda12.8,NCCL_DEBUG=VERSION banner,,gcc (Ubuntu 13.3.0-6ubuntu2~24.04) 13.3.0,717b68318278e93f371d8ffb46b076069d7c7851,nccl-tests,reduce_scatter,float,sum,-1,2048,256,out_of_place,20,50,2,full,6.78,0.3,0.15,0,True,True,True,0,/root/nccl-tests/build/reduce_scatter_perf -b 8 -e 128M -f 2 -g 2 -w 20 -n 50 -c 1 -d float,results/raw/p1-nccl-baseline-20260826T181721Z-16cea6a/reduce_scatter.full.r2.stdout.txt,,"[{""index"":0,""memory_total_mib"":23034,""name"":""NVIDIA L4"",""pci_bus_id"":""00000000:03:00.0""},{""index"":1,""memory_total_mib"":23034,""name"":""NVIDIA L4"",""pci_bus_id"":""00000000:C3:00.0""}]","""\t\u001b[4mGPU0\tGPU1\tNIC0\tCPU Affinity\tNUMA Affinity\tGPU NUMA ID\u001b[0m\nGPU0\t X \tNODE\tNODE\t0-47\t0\t\tN/A\nGPU1\tNODE\t X \tNODE\t0-47\t0\t\tN/A\nNIC0\tNODE\tNODE\t X \t\t\t\t\n\nLegend:\n\n  X    = Self\n  SYS  = Connection traversing PCIe as well as the SMP interconnect between NUMA nodes (e.g., QPI/UPI)\n  NODE = Connection traversing PCIe as well as the interconnect between PCIe Host Bridges within a NUMA node\n  PHB  = Connection traversing PCIe as well as a PCIe Host Bridge (typically the CPU)\n  PXB  = Connection traversing multiple PCIe bridges (without traversing the PCIe Host Bridge)\n  PIX  = Connection traversing at most a single PCIe bridge\n  NV#  = Connection traversing a bonded set of # NVLinks\n\nNIC Legend:\n\n  NIC0: mlx5_bond_0""","{""CUDA_HOME"":""/usr/local/cuda"",""NCCL_TESTS_DIR"":""/root/nccl-tests""}"
1,p1-nccl-baseline-20260826T181721Z-16cea6a,phase1,2026-08-26T18:18:02Z,measured,16cea6aed21d649453b65981c72d4b8ea7e32605,False,unknown,,5c44f3e9a47e,Ubuntu 24.04.3 LTS,6.8.0-106-generic,AMD EPYC 9254 24-Core Processor,48,1,NVIDIA L4,2,NODE,none-single-node,False,,12.8,580.126.20,2.25.1+cuda12.8,NCCL_DEBUG=VERSION banner,,gcc (Ubuntu 13.3.0-6ubuntu2~24.04) 13.3.0,717b68318278e93f371d8ffb46b076069d7c7851,nccl-tests,reduce_scatter,float,sum,-1,2048,256,in_place,20,50,2,full,6.9,0.3,0.15,0,True,True,True,0,/root/nccl-tests/build/reduce_scatter_perf -b 8 -e 128M -f 2 -g 2 -w 20 -n 50 -c 1 -d float,results/raw/p1-nccl-baseline-20260826T181721Z-16cea6a/reduce_scatter.full.r2.stdout.txt,,"[{""index"":0,""memory_total_mib"":23034,""name"":""NVIDIA L4"",""pci_bus_id"":""00000000:03:00.0""},{""index"":1,""memory_total_mib"":23034,""name"":""NVIDIA L4"",""pci_bus_id"":""00000000:C3:00.0""}]","""\t\u001b[4mGPU0\tGPU1\tNIC0\tCPU Affinity\tNUMA Affinity\tGPU NUMA ID\u001b[0m\nGPU0\t X \tNODE\tNODE\t0-47\t0\t\tN/A\nGPU1\tNODE\t X \tNODE\t0-47\t0\t\tN/A\nNIC0\tNODE\tNODE\t X \t\t\t\t\n\nLegend:\n\n  X    = Self\n  SYS  = Connection traversing PCIe as well as the SMP interconnect between NUMA nodes (e.g., QPI/UPI)\n  NODE = Connection traversing PCIe as well as the interconnect between PCIe Host Bridges within a NUMA node\n  PHB  = Connection traversing PCIe as well as a PCIe Host Bridge (typically the CPU)\n  PXB  = Connection traversing multiple PCIe bridges (without traversing the PCIe Host Bridge)\n  PIX  = Connection traversing at most a single PCIe bridge\n  NV#  = Connection traversing a bonded set of # NVLinks\n\nNIC Legend:\n\n  NIC0: mlx5_bond_0""","{""CUDA_HOME"":""/usr/local/cuda"",""NCCL_TESTS_DIR"":""/root/nccl-tests""}"
1,p1-nccl-baseline-20260826T181721Z-16cea6a,phase1,2026-08-26T18:18:02Z,measured,16cea6aed21d649453b65981c72d4b8ea7e32605,False,unknown,,5c44f3e9a47e,Ubuntu 24.04.3 LTS,6.8.0-106-generic,AMD EPYC 9254 24-Core Processor,48,1,NVIDIA L4,2,NODE,none-single-node,False,,12.8,580.126.20,2.25.1+cuda12.8,NCCL_DEBUG=VERSION banner,,gcc (Ubuntu 13.3.0-6ubuntu2~24.04) 13.3.0,717b68318278e93f371d8ffb46b076069d7c7851,nccl-tests,reduce_scatter,float,sum,-1,4096,512,out_of_place,20,50,2,full,6.83,0.6,0.3,0,True,True,True,0,/root/nccl-tests/build/reduce_scatter_perf -b 8 -e 128M -f 2 -g 2 -w 20 -n 50 -c 1 -d float,results/raw/p1-nccl-baseline-20260826T181721Z-16cea6a/reduce_scatter.full.r2.stdout.txt,,"[{""index"":0,""memory_total_mib"":23034,""name"":""NVIDIA L4"",""pci_bus_id"":""00000000:03:00.0""},{""index"":1,""memory_total_mib"":23034,""name"":""NVIDIA L4"",""pci_bus_id"":""00000000:C3:00.0""}]","""\t\u001b[4mGPU0\tGPU1\tNIC0\tCPU Affinity\tNUMA Affinity\tGPU NUMA ID\u001b[0m\nGPU0\t X \tNODE\tNODE\t0-47\t0\t\tN/A\nGPU1\tNODE\t X \tNODE\t0-47\t0\t\tN/A\nNIC0\tNODE\tNODE\t X \t\t\t\t\n\nLegend:\n\n  X    = Self\n  SYS  = Connection traversing PCIe as well as the SMP interconnect between NUMA nodes (e.g., QPI/UPI)\n  NODE = Connection traversing PCIe as well as the interconnect between PCIe Host Bridges within a NUMA node\n  PHB  = Connection traversing PCIe as well as a PCIe Host Bridge (typically the CPU)\n  PXB  = Connection traversing multiple PCIe bridges (without traversing the PCIe Host Bridge)\n  PIX  = Connection traversing at most a single PCIe bridge\n  NV#  = Connection traversing a bonded set of # NVLinks\n\nNIC Legend:\n\n  NIC0: mlx5_bond_0""","{""CUDA_HOME"":""/usr/local/cuda"",""NCCL_TESTS_DIR"":""/root/nccl-tests""}"
1,p1-nccl-baseline-20260826T181721Z-16cea6a,phase1,2026-08-26T18:18:02Z,measured,16cea6aed21d649453b65981c72d4b8ea7e32605,False,unknown,,5c44f3e9a47e,Ubuntu 24.04.3 LTS,6.8.0-106-generic,AMD EPYC 9254 24-Core Processor,48,1,NVIDIA L4,2,NODE,none-single-node,False,,12.8,580.126.20,2.25.1+cuda12.8,NCCL_DEBUG=VERSION banner,,gcc (Ubuntu 13.3.0-6ubuntu2~24.04) 13.3.0,717b68318278e93f371d8ffb46b076069d7c7851,nccl-tests,reduce_scatter,float,sum,-1,4096,512,in_place,20,50,2,full,7.06,0.58,0.29,0,True,True,True,0,/root/nccl-tests/build/reduce_scatter_perf -b 8 -e 128M -f 2 -g 2 -w 20 -n 50 -c 1 -d float,results/raw/p1-nccl-baseline-20260826T181721Z-16cea6a/reduce_scatter.full.r2.stdout.txt,,"[{""index"":0,""memory_total_mib"":23034,""name"":""NVIDIA L4"",""pci_bus_id"":""00000000:03:00.0""},{""index"":1,""memory_total_mib"":23034,""name"":""NVIDIA L4"",""pci_bus_id"":""00000000:C3:00.0""}]","""\t\u001b[4mGPU0\tGPU1\tNIC0\tCPU Affinity\tNUMA Affinity\tGPU NUMA ID\u001b[0m\nGPU0\t X \tNODE\tNODE\t0-47\t0\t\tN/A\nGPU1\tNODE\t X \tNODE\t0-47\t0\t\tN/A\nNIC0\tNODE\tNODE\t X \t\t\t\t\n\nLegend:\n\n  X    = Self\n  SYS  = Connection traversing PCIe as well as the SMP interconnect between NUMA nodes (e.g., QPI/UPI)\n  NODE = Connection traversing PCIe as well as the interconnect between PCIe Host Bridges within a NUMA node\n  PHB  = Connection traversing PCIe as well as a PCIe Host Bridge (typically the CPU)\n  PXB  = Connection traversing multiple PCIe bridges (without traversing the PCIe Host Bridge)\n  PIX  = Connection traversing at most a single PCIe bridge\n  NV#  = Connection traversing a bonded set of # NVLinks\n\nNIC Legend:\n\n  NIC0: mlx5_bond_0""","{""CUDA_HOME"":""/usr/local/cuda"",""NCCL_TESTS_DIR"":""/root/nccl-tests""}"
1,p1-nccl-baseline-20260826T181721Z-16cea6a,phase1,2026-08-26T18:18:02Z,measured,16cea6aed21d649453b65981c72d4b8ea7e32605,False,unknown,,5c44f3e9a47e,Ubuntu 24.04.3 LTS,6.8.0-106-generic,AMD EPYC 9254 24-Core Processor,48,1,NVIDIA L4,2,NODE,none-single-node,False,,12.8,580.126.20,2.25.1+cuda12.8,NCCL_DEBUG=VERSION banner,,gcc (Ubuntu 13.3.0-6ubuntu2~24.04) 13.3.0,717b68318278e93f371d8ffb46b076069d7c7851,nccl-tests,reduce_scatter,float,sum,-1,8192,1024,out_of_place,20,50,2,full,10.73,0.76,0.38,0,True,True,True,0,/root/nccl-tests/build/reduce_scatter_perf -b 8 -e 128M -f 2 -g 2 -w 20 -n 50 -c 1 -d float,results/raw/p1-nccl-baseline-20260826T181721Z-16cea6a/reduce_scatter.full.r2.stdout.txt,,"[{""index"":0,""memory_total_mib"":23034,""name"":""NVIDIA L4"",""pci_bus_id"":""00000000:03:00.0""},{""index"":1,""memory_total_mib"":23034,""name"":""NVIDIA L4"",""pci_bus_id"":""00000000:C3:00.0""}]","""\t\u001b[4mGPU0\tGPU1\tNIC0\tCPU Affinity\tNUMA Affinity\tGPU NUMA ID\u001b[0m\nGPU0\t X \tNODE\tNODE\t0-47\t0\t\tN/A\nGPU1\tNODE\t X \tNODE\t0-47\t0\t\tN/A\nNIC0\tNODE\tNODE\t X \t\t\t\t\n\nLegend:\n\n  X    = Self\n  SYS  = Connection traversing PCIe as well as the SMP interconnect between NUMA nodes (e.g., QPI/UPI)\n  NODE = Connection traversing PCIe as well as the interconnect between PCIe Host Bridges within a NUMA node\n  PHB  = Connection traversing PCIe as well as a PCIe Host Bridge (typically the CPU)\n  PXB  = Connection traversing multiple PCIe bridges (without traversing the PCIe Host Bridge)\n  PIX  = Connection traversing at most a single PCIe bridge\n  NV#  = Connection traversing a bonded set of # NVLinks\n\nNIC Legend:\n\n  NIC0: mlx5_bond_0""","{""CUDA_HOME"":""/usr/local/cuda"",""NCCL_TESTS_DIR"":""/root/nccl-tests""}"
1,p1-nccl-baseline-20260826T181721Z-16cea6a,phase1,2026-08-26T18:18:02Z,measured,16cea6aed21d649453b65981c72d4b8ea7e32605,False,unknown,,5c44f3e9a47e,Ubuntu 24.04.3 LTS,6.8.0-106-generic,AMD EPYC 9254 24-Core Processor,48,1,NVIDIA L4,2,NODE,none-single-node,False,,12.8,580.126.20,2.25.1+cuda12.8,NCCL_DEBUG=VERSION banner,,gcc (Ubuntu 13.3.0-6ubuntu2~24.04) 13.3.0,717b68318278e93f371d8ffb46b076069d7c7851,nccl-tests,reduce_scatter,float,sum,-1,8192,1024,in_place,20,50,2,full,7.08,1.16,0.58,0,True,True,True,0,/root/nccl-tests/build/reduce_scatter_perf -b 8 -e 128M -f 2 -g 2 -w 20 -n 50 -c 1 -d float,results/raw/p1-nccl-baseline-20260826T181721Z-16cea6a/reduce_scatter.full.r2.stdout.txt,,"[{""index"":0,""memory_total_mib"":23034,""name"":""NVIDIA L4"",""pci_bus_id"":""00000000:03:00.0""},{""index"":1,""memory_total_mib"":23034,""name"":""NVIDIA L4"",""pci_bus_id"":""00000000:C3:00.0""}]","""\t\u001b[4mGPU0\tGPU1\tNIC0\tCPU Affinity\tNUMA Affinity\tGPU NUMA ID\u001b[0m\nGPU0\t X \tNODE\tNODE\t0-47\t0\t\tN/A\nGPU1\tNODE\t X \tNODE\t0-47\t0\t\tN/A\nNIC0\tNODE\tNODE\t X \t\t\t\t\n\nLegend:\n\n  X    = Self\n  SYS  = Connection traversing PCIe as well as the SMP interconnect between NUMA nodes (e.g., QPI/UPI)\n  NODE = Connection traversing PCIe as well as the interconnect between PCIe Host Bridges within a NUMA node\n  PHB  = Connection traversing PCIe as well as a PCIe Host Bridge (typically the CPU)\n  PXB  = Connection traversing multiple PCIe bridges (without traversing the PCIe Host Bridge)\n  PIX  = Connection traversing at most a single PCIe bridge\n  NV#  = Connection traversing a bonded set of # NVLinks\n\nNIC Legend:\n\n  NIC0: mlx5_bond_0""","{""CUDA_HOME"":""/usr/local/cuda"",""NCCL_TESTS_DIR"":""/root/nccl-tests""}"
1,p1-nccl-baseline-20260826T181721Z-16cea6a,phase1,2026-08-26T18:18:02Z,measured,16cea6aed21d649453b65981c72d4b8ea7e32605,False,unknown,,5c44f3e9a47e,Ubuntu 24.04.3 LTS,6.8.0-106-generic,AMD EPYC 9254 24-Core Processor,48,1,NVIDIA L4,2,NODE,none-single-node,False,,12.8,580.126.20,2.25.1+cuda12.8,NCCL_DEBUG=VERSION banner,,gcc (Ubuntu 13.3.0-6ubuntu2~24.04) 13.3.0,717b68318278e93f371d8ffb46b076069d7c7851,nccl-tests,reduce_scatter,float,sum,-1,16384,2048,out_of_place,20,50,2,full,7.29,2.25,1.12,0,True,True,True,0,/root/nccl-tests/build/reduce_scatter_perf -b 8 -e 128M -f 2 -g 2 -w 20 -n 50 -c 1 -d float,results/raw/p1-nccl-baseline-20260826T181721Z-16cea6a/reduce_scatter.full.r2.stdout.txt,,"[{""index"":0,""memory_total_mib"":23034,""name"":""NVIDIA L4"",""pci_bus_id"":""00000000:03:00.0""},{""index"":1,""memory_total_mib"":23034,""name"":""NVIDIA L4"",""pci_bus_id"":""00000000:C3:00.0""}]","""\t\u001b[4mGPU0\tGPU1\tNIC0\tCPU Affinity\tNUMA Affinity\tGPU NUMA ID\u001b[0m\nGPU0\t X \tNODE\tNODE\t0-47\t0\t\tN/A\nGPU1\tNODE\t X \tNODE\t0-47\t0\t\tN/A\nNIC0\tNODE\tNODE\t X \t\t\t\t\n\nLegend:\n\n  X    = Self\n  SYS  = Connection traversing PCIe as well as the SMP interconnect between NUMA nodes (e.g., QPI/UPI)\n  NODE = Connection traversing PCIe as well as the interconnect between PCIe Host Bridges within a NUMA node\n  PHB  = Connection traversing PCIe as well as a PCIe Host Bridge (typically the CPU)\n  PXB  = Connection traversing multiple PCIe bridges (without traversing the PCIe Host Bridge)\n  PIX  = Connection traversing at most a single PCIe bridge\n  NV#  = Connection traversing a bonded set of # NVLinks\n\nNIC Legend:\n\n  NIC0: mlx5_bond_0""","{""CUDA_HOME"":""/usr/local/cuda"",""NCCL_TESTS_DIR"":""/root/nccl-tests""}"
1,p1-nccl-baseline-20260826T181721Z-16cea6a,phase1,2026-08-26T18:18:02Z,measured,16cea6aed21d649453b65981c72d4b8ea7e32605,False,unknown,,5c44f3e9a47e,Ubuntu 24.04.3 LTS,6.8.0-106-generic,AMD EPYC 9254 24-Core Processor,48,1,NVIDIA L4,2,NODE,none-single-node,False,,12.8,580.126.20,2.25.1+cuda12.8,NCCL_DEBUG=VERSION banner,,gcc (Ubuntu 13.3.0-6ubuntu2~24.04) 13.3.0,717b68318278e93f371d8ffb46b076069d7c7851,nccl-tests,reduce_scatter,float,sum,-1,16384,2048,in_place,20,50,2,full,8.14,2.01,1.01,0,True,True,True,0,/root/nccl-tests/build/reduce_scatter_perf -b 8 -e 128M -f 2 -g 2 -w 20 -n 50 -c 1 -d float,results/raw/p1-nccl-baseline-20260826T181721Z-16cea6a/reduce_scatter.full.r2.stdout.txt,,"[{""index"":0,""memory_total_mib"":23034,""name"":""NVIDIA L4"",""pci_bus_id"":""00000000:03:00.0""},{""index"":1,""memory_total_mib"":23034,""name"":""NVIDIA L4"",""pci_bus_id"":""00000000:C3:00.0""}]","""\t\u001b[4mGPU0\tGPU1\tNIC0\tCPU Affinity\tNUMA Affinity\tGPU NUMA ID\u001b[0m\nGPU0\t X \tNODE\tNODE\t0-47\t0\t\tN/A\nGPU1\tNODE\t X \tNODE\t0-47\t0\t\tN/A\nNIC0\tNODE\tNODE\t X \t\t\t\t\n\nLegend:\n\n  X    = Self\n  SYS  = Connection traversing PCIe as well as the SMP interconnect between NUMA nodes (e.g., QPI/UPI)\n  NODE = Connection traversing PCIe as well as the interconnect between PCIe Host Bridges within a NUMA node\n  PHB  = Connection traversing PCIe as well as a PCIe Host Bridge (typically the CPU)\n  PXB  = Connection traversing multiple PCIe bridges (without traversing the PCIe Host Bridge)\n  PIX  = Connection traversing at most a single PCIe bridge\n  NV#  = Connection traversing a bonded set of # NVLinks\n\nNIC Legend:\n\n  NIC0: mlx5_bond_0""","{""CUDA_HOME"":""/usr/local/cuda"",""NCCL_TESTS_DIR"":""/root/nccl-tests""}"
1,p1-nccl-baseline-20260826T181721Z-16cea6a,phase1,2026-08-26T18:18:02Z,measured,16cea6aed21d649453b65981c72d4b8ea7e32605,False,unknown,,5c44f3e9a47e,Ubuntu 24.04.3 LTS,6.8.0-106-generic,AMD EPYC 9254 24-Core Processor,48,1,NVIDIA L4,2,NODE,none-single-node,False,,12.8,580.126.20,2.25.1+cuda12.8,NCCL_DEBUG=VERSION banner,,gcc (Ubuntu 13.3.0-6ubuntu2~24.04) 13.3.0,717b68318278e93f371d8ffb46b076069d7c7851,nccl-tests,reduce_scatter,float,sum,-1,32768,4096,out_of_place,20,50,2,full,9.19,3.57,1.78,0,True,True,True,0,/root/nccl-tests/build/reduce_scatter_perf -b 8 -e 128M -f 2 -g 2 -w 20 -n 50 -c 1 -d float,results/raw/p1-nccl-baseline-20260826T181721Z-16cea6a/reduce_scatter.full.r2.stdout.txt,,"[{""index"":0,""memory_total_mib"":23034,""name"":""NVIDIA L4"",""pci_bus_id"":""00000000:03:00.0""},{""index"":1,""memory_total_mib"":23034,""name"":""NVIDIA L4"",""pci_bus_id"":""00000000:C3:00.0""}]","""\t\u001b[4mGPU0\tGPU1\tNIC0\tCPU Affinity\tNUMA Affinity\tGPU NUMA ID\u001b[0m\nGPU0\t X \tNODE\tNODE\t0-47\t0\t\tN/A\nGPU1\tNODE\t X \tNODE\t0-47\t0\t\tN/A\nNIC0\tNODE\tNODE\t X \t\t\t\t\n\nLegend:\n\n  X    = Self\n  SYS  = Connection traversing PCIe as well as the SMP interconnect between NUMA nodes (e.g., QPI/UPI)\n  NODE = Connection traversing PCIe as well as the interconnect between PCIe Host Bridges within a NUMA node\n  PHB  = Connection traversing PCIe as well as a PCIe Host Bridge (typically the CPU)\n  PXB  = Connection traversing multiple PCIe bridges (without traversing the PCIe Host Bridge)\n  PIX  = Connection traversing at most a single PCIe bridge\n  NV#  = Connection traversing a bonded set of # NVLinks\n\nNIC Legend:\n\n  NIC0: mlx5_bond_0""","{""CUDA_HOME"":""/usr/local/cuda"",""NCCL_TESTS_DIR"":""/root/nccl-tests""}"
1,p1-nccl-baseline-20260826T181721Z-16cea6a,phase1,2026-08-26T18:18:02Z,measured,16cea6aed21d649453b65981c72d4b8ea7e32605,False,unknown,,5c44f3e9a47e,Ubuntu 24.04.3 LTS,6.8.0-106-generic,AMD EPYC 9254 24-Core Processor,48,1,NVIDIA L4,2,NODE,none-single-node,False,,12.8,580.126.20,2.25.1+cuda12.8,NCCL_DEBUG=VERSION banner,,gcc (Ubuntu 13.3.0-6ubuntu2~24.04) 13.3.0,717b68318278e93f371d8ffb46b076069d7c7851,nccl-tests,reduce_scatter,float,sum,-1,32768,4096,in_place,20,50,2,full,9.1,3.6,1.8,0,True,True,True,0,/root/nccl-tests/build/reduce_scatter_perf -b 8 -e 128M -f 2 -g 2 -w 20 -n 50 -c 1 -d float,results/raw/p1-nccl-baseline-20260826T181721Z-16cea6a/reduce_scatter.full.r2.stdout.txt,,"[{""index"":0,""memory_total_mib"":23034,""name"":""NVIDIA L4"",""pci_bus_id"":""00000000:03:00.0""},{""index"":1,""memory_total_mib"":23034,""name"":""NVIDIA L4"",""pci_bus_id"":""00000000:C3:00.0""}]","""\t\u001b[4mGPU0\tGPU1\tNIC0\tCPU Affinity\tNUMA Affinity\tGPU NUMA ID\u001b[0m\nGPU0\t X \tNODE\tNODE\t0-47\t0\t\tN/A\nGPU1\tNODE\t X \tNODE\t0-47\t0\t\tN/A\nNIC0\tNODE\tNODE\t X \t\t\t\t\n\nLegend:\n\n  X    = Self\n  SYS  = Connection traversing PCIe as well as the SMP interconnect between NUMA nodes (e.g., QPI/UPI)\n  NODE = Connection traversing PCIe as well as the interconnect between PCIe Host Bridges within a NUMA node\n  PHB  = Connection traversing PCIe as well as a PCIe Host Bridge (typically the CPU)\n  PXB  = Connection traversing multiple PCIe bridges (without traversing the PCIe Host Bridge)\n  PIX  = Connection traversing at most a single PCIe bridge\n  NV#  = Connection traversing a bonded set of # NVLinks\n\nNIC Legend:\n\n  NIC0: mlx5_bond_0""","{""CUDA_HOME"":""/usr/local/cuda"",""NCCL_TESTS_DIR"":""/root/nccl-tests""}"
1,p1-nccl-baseline-20260826T181721Z-16cea6a,phase1,2026-08-26T18:18:02Z,measured,16cea6aed21d649453b65981c72d4b8ea7e32605,False,unknown,,5c44f3e9a47e,Ubuntu 24.04.3 LTS,6.8.0-106-generic,AMD EPYC 9254 24-Core Processor,48,1,NVIDIA L4,2,NODE,none-single-node,False,,12.8,580.126.20,2.25.1+cuda12.8,NCCL_DEBUG=VERSION banner,,gcc (Ubuntu 13.3.0-6ubuntu2~24.04) 13.3.0,717b68318278e93f371d8ffb46b076069d7c7851,nccl-tests,reduce_scatter,float,sum,-1,65536,8192,out_of_place,20,50,2,full,12.33,5.32,2.66,0,True,True,True,0,/root/nccl-tests/build/reduce_scatter_perf -b 8 -e 128M -f 2 -g 2 -w 20 -n 50 -c 1 -d float,results/raw/p1-nccl-baseline-20260826T181721Z-16cea6a/reduce_scatter.full.r2.stdout.txt,,"[{""index"":0,""memory_total_mib"":23034,""name"":""NVIDIA L4"",""pci_bus_id"":""00000000:03:00.0""},{""index"":1,""memory_total_mib"":23034,""name"":""NVIDIA L4"",""pci_bus_id"":""00000000:C3:00.0""}]","""\t\u001b[4mGPU0\tGPU1\tNIC0\tCPU Affinity\tNUMA Affinity\tGPU NUMA ID\u001b[0m\nGPU0\t X \tNODE\tNODE\t0-47\t0\t\tN/A\nGPU1\tNODE\t X \tNODE\t0-47\t0\t\tN/A\nNIC0\tNODE\tNODE\t X \t\t\t\t\n\nLegend:\n\n  X    = Self\n  SYS  = Connection traversing PCIe as well as the SMP interconnect between NUMA nodes (e.g., QPI/UPI)\n  NODE = Connection traversing PCIe as well as the interconnect between PCIe Host Bridges within a NUMA node\n  PHB  = Connection traversing PCIe as well as a PCIe Host Bridge (typically the CPU)\n  PXB  = Connection traversing multiple PCIe bridges (without traversing the PCIe Host Bridge)\n  PIX  = Connection traversing at most a single PCIe bridge\n  NV#  = Connection traversing a bonded set of # NVLinks\n\nNIC Legend:\n\n  NIC0: mlx5_bond_0""","{""CUDA_HOME"":""/usr/local/cuda"",""NCCL_TESTS_DIR"":""/root/nccl-tests""}"
1,p1-nccl-baseline-20260826T181721Z-16cea6a,phase1,2026-08-26T18:18:02Z,measured,16cea6aed21d649453b65981c72d4b8ea7e32605,False,unknown,,5c44f3e9a47e,Ubuntu 24.04.3 LTS,6.8.0-106-generic,AMD EPYC 9254 24-Core Processor,48,1,NVIDIA L4,2,NODE,none-single-node,False,,12.8,580.126.20,2.25.1+cuda12.8,NCCL_DEBUG=VERSION banner,,gcc (Ubuntu 13.3.0-6ubuntu2~24.04) 13.3.0,717b68318278e93f371d8ffb46b076069d7c7851,nccl-tests,reduce_scatter,float,sum,-1,65536,8192,in_place,20,50,2,full,11.95,5.49,2.74,0,True,True,True,0,/root/nccl-tests/build/reduce_scatter_perf -b 8 -e 128M -f 2 -g 2 -w 20 -n 50 -c 1 -d float,results/raw/p1-nccl-baseline-20260826T181721Z-16cea6a/reduce_scatter.full.r2.stdout.txt,,"[{""index"":0,""memory_total_mib"":23034,""name"":""NVIDIA L4"",""pci_bus_id"":""00000000:03:00.0""},{""index"":1,""memory_total_mib"":23034,""name"":""NVIDIA L4"",""pci_bus_id"":""00000000:C3:00.0""}]","""\t\u001b[4mGPU0\tGPU1\tNIC0\tCPU Affinity\tNUMA Affinity\tGPU NUMA ID\u001b[0m\nGPU0\t X \tNODE\tNODE\t0-47\t0\t\tN/A\nGPU1\tNODE\t X \tNODE\t0-47\t0\t\tN/A\nNIC0\tNODE\tNODE\t X \t\t\t\t\n\nLegend:\n\n  X    = Self\n  SYS  = Connection traversing PCIe as well as the SMP interconnect between NUMA nodes (e.g., QPI/UPI)\n  NODE = Connection traversing PCIe as well as the interconnect between PCIe Host Bridges within a NUMA node\n  PHB  = Connection traversing PCIe as well as a PCIe Host Bridge (typically the CPU)\n  PXB  = Connection traversing multiple PCIe bridges (without traversing the PCIe Host Bridge)\n  PIX  = Connection traversing at most a single PCIe bridge\n  NV#  = Connection traversing a bonded set of # NVLinks\n\nNIC Legend:\n\n  NIC0: mlx5_bond_0""","{""CUDA_HOME"":""/usr/local/cuda"",""NCCL_TESTS_DIR"":""/root/nccl-tests""}"
1,p1-nccl-baseline-20260826T181721Z-16cea6a,phase1,2026-08-26T18:18:02Z,measured,16cea6aed21d649453b65981c72d4b8ea7e32605,False,unknown,,5c44f3e9a47e,Ubuntu 24.04.3 LTS,6.8.0-106-generic,AMD EPYC 9254 24-Core Processor,48,1,NVIDIA L4,2,NODE,none-single-node,False,,12.8,580.126.20,2.25.1+cuda12.8,NCCL_DEBUG=VERSION banner,,gcc (Ubuntu 13.3.0-6ubuntu2~24.04) 13.3.0,717b68318278e93f371d8ffb46b076069d7c7851,nccl-tests,reduce_scatter,float,sum,-1,131072,16384,out_of_place,20,50,2,full,17.91,7.32,3.66,0,True,True,True,0,/root/nccl-tests/build/reduce_scatter_perf -b 8 -e 128M -f 2 -g 2 -w 20 -n 50 -c 1 -d float,results/raw/p1-nccl-baseline-20260826T181721Z-16cea6a/reduce_scatter.full.r2.stdout.txt,,"[{""index"":0,""memory_total_mib"":23034,""name"":""NVIDIA L4"",""pci_bus_id"":""00000000:03:00.0""},{""index"":1,""memory_total_mib"":23034,""name"":""NVIDIA L4"",""pci_bus_id"":""00000000:C3:00.0""}]","""\t\u001b[4mGPU0\tGPU1\tNIC0\tCPU Affinity\tNUMA Affinity\tGPU NUMA ID\u001b[0m\nGPU0\t X \tNODE\tNODE\t0-47\t0\t\tN/A\nGPU1\tNODE\t X \tNODE\t0-47\t0\t\tN/A\nNIC0\tNODE\tNODE\t X \t\t\t\t\n\nLegend:\n\n  X    = Self\n  SYS  = Connection traversing PCIe as well as the SMP interconnect between NUMA nodes (e.g., QPI/UPI)\n  NODE = Connection traversing PCIe as well as the interconnect between PCIe Host Bridges within a NUMA node\n  PHB  = Connection traversing PCIe as well as a PCIe Host Bridge (typically the CPU)\n  PXB  = Connection traversing multiple PCIe bridges (without traversing the PCIe Host Bridge)\n  PIX  = Connection traversing at most a single PCIe bridge\n  NV#  = Connection traversing a bonded set of # NVLinks\n\nNIC Legend:\n\n  NIC0: mlx5_bond_0""","{""CUDA_HOME"":""/usr/local/cuda"",""NCCL_TESTS_DIR"":""/root/nccl-tests""}"
1,p1-nccl-baseline-20260826T181721Z-16cea6a,phase1,2026-08-26T18:18:02Z,measured,16cea6aed21d649453b65981c72d4b8ea7e32605,False,unknown,,5c44f3e9a47e,Ubuntu 24.04.3 LTS,6.8.0-106-generic,AMD EPYC 9254 24-Core Processor,48,1,NVIDIA L4,2,NODE,none-single-node,False,,12.8,580.126.20,2.25.1+cuda12.8,NCCL_DEBUG=VERSION banner,,gcc (Ubuntu 13.3.0-6ubuntu2~24.04) 13.3.0,717b68318278e93f371d8ffb46b076069d7c7851,nccl-tests,reduce_scatter,float,sum,-1,131072,16384,in_place,20,50,2,full,17.81,7.36,3.68,0,True,True,True,0,/root/nccl-tests/build/reduce_scatter_perf -b 8 -e 128M -f 2 -g 2 -w 20 -n 50 -c 1 -d float,results/raw/p1-nccl-baseline-20260826T181721Z-16cea6a/reduce_scatter.full.r2.stdout.txt,,"[{""index"":0,""memory_total_mib"":23034,""name"":""NVIDIA L4"",""pci_bus_id"":""00000000:03:00.0""},{""index"":1,""memory_total_mib"":23034,""name"":""NVIDIA L4"",""pci_bus_id"":""00000000:C3:00.0""}]","""\t\u001b[4mGPU0\tGPU1\tNIC0\tCPU Affinity\tNUMA Affinity\tGPU NUMA ID\u001b[0m\nGPU0\t X \tNODE\tNODE\t0-47\t0\t\tN/A\nGPU1\tNODE\t X \tNODE\t0-47\t0\t\tN/A\nNIC0\tNODE\tNODE\t X \t\t\t\t\n\nLegend:\n\n  X    = Self\n  SYS  = Connection traversing PCIe as well as the SMP interconnect between NUMA nodes (e.g., QPI/UPI)\n  NODE = Connection traversing PCIe as well as the interconnect between PCIe Host Bridges within a NUMA node\n  PHB  = Connection traversing PCIe as well as a PCIe Host Bridge (typically the CPU)\n  PXB  = Connection traversing multiple PCIe bridges (without traversing the PCIe Host Bridge)\n  PIX  = Connection traversing at most a single PCIe bridge\n  NV#  = Connection traversing a bonded set of # NVLinks\n\nNIC Legend:\n\n  NIC0: mlx5_bond_0""","{""CUDA_HOME"":""/usr/local/cuda"",""NCCL_TESTS_DIR"":""/root/nccl-tests""}"
1,p1-nccl-baseline-20260826T181721Z-16cea6a,phase1,2026-08-26T18:18:02Z,measured,16cea6aed21d649453b65981c72d4b8ea7e32605,False,unknown,,5c44f3e9a47e,Ubuntu 24.04.3 LTS,6.8.0-106-generic,AMD EPYC 9254 24-Core Processor,48,1,NVIDIA L4,2,NODE,none-single-node,False,,12.8,580.126.20,2.25.1+cuda12.8,NCCL_DEBUG=VERSION banner,,gcc (Ubuntu 13.3.0-6ubuntu2~24.04) 13.3.0,717b68318278e93f371d8ffb46b076069d7c7851,nccl-tests,reduce_scatter,float,sum,-1,262144,32768,out_of_place,20,50,2,full,31.44,8.34,4.17,0,True,True,True,0,/root/nccl-tests/build/reduce_scatter_perf -b 8 -e 128M -f 2 -g 2 -w 20 -n 50 -c 1 -d float,results/raw/p1-nccl-baseline-20260826T181721Z-16cea6a/reduce_scatter.full.r2.stdout.txt,,"[{""index"":0,""memory_total_mib"":23034,""name"":""NVIDIA L4"",""pci_bus_id"":""00000000:03:00.0""},{""index"":1,""memory_total_mib"":23034,""name"":""NVIDIA L4"",""pci_bus_id"":""00000000:C3:00.0""}]","""\t\u001b[4mGPU0\tGPU1\tNIC0\tCPU Affinity\tNUMA Affinity\tGPU NUMA ID\u001b[0m\nGPU0\t X \tNODE\tNODE\t0-47\t0\t\tN/A\nGPU1\tNODE\t X \tNODE\t0-47\t0\t\tN/A\nNIC0\tNODE\tNODE\t X \t\t\t\t\n\nLegend:\n\n  X    = Self\n  SYS  = Connection traversing PCIe as well as the SMP interconnect between NUMA nodes (e.g., QPI/UPI)\n  NODE = Connection traversing PCIe as well as the interconnect between PCIe Host Bridges within a NUMA node\n  PHB  = Connection traversing PCIe as well as a PCIe Host Bridge (typically the CPU)\n  PXB  = Connection traversing multiple PCIe bridges (without traversing the PCIe Host Bridge)\n  PIX  = Connection traversing at most a single PCIe bridge\n  NV#  = Connection traversing a bonded set of # NVLinks\n\nNIC Legend:\n\n  NIC0: mlx5_bond_0""","{""CUDA_HOME"":""/usr/local/cuda"",""NCCL_TESTS_DIR"":""/root/nccl-tests""}"
1,p1-nccl-baseline-20260826T181721Z-16cea6a,phase1,2026-08-26T18:18:02Z,measured,16cea6aed21d649453b65981c72d4b8ea7e32605,False,unknown,,5c44f3e9a47e,Ubuntu 24.04.3 LTS,6.8.0-106-generic,AMD EPYC 9254 24-Core Processor,48,1,NVIDIA L4,2,NODE,none-single-node,False,,12.8,580.126.20,2.25.1+cuda12.8,NCCL_DEBUG=VERSION banner,,gcc (Ubuntu 13.3.0-6ubuntu2~24.04) 13.3.0,717b68318278e93f371d8ffb46b076069d7c7851,nccl-tests,reduce_scatter,float,sum,-1,262144,32768,in_place,20,50,2,full,31.29,8.38,4.19,0,True,True,True,0,/root/nccl-tests/build/reduce_scatter_perf -b 8 -e 128M -f 2 -g 2 -w 20 -n 50 -c 1 -d float,results/raw/p1-nccl-baseline-20260826T181721Z-16cea6a/reduce_scatter.full.r2.stdout.txt,,"[{""index"":0,""memory_total_mib"":23034,""name"":""NVIDIA L4"",""pci_bus_id"":""00000000:03:00.0""},{""index"":1,""memory_total_mib"":23034,""name"":""NVIDIA L4"",""pci_bus_id"":""00000000:C3:00.0""}]","""\t\u001b[4mGPU0\tGPU1\tNIC0\tCPU Affinity\tNUMA Affinity\tGPU NUMA ID\u001b[0m\nGPU0\t X \tNODE\tNODE\t0-47\t0\t\tN/A\nGPU1\tNODE\t X \tNODE\t0-47\t0\t\tN/A\nNIC0\tNODE\tNODE\t X \t\t\t\t\n\nLegend:\n\n  X    = Self\n  SYS  = Connection traversing PCIe as well as the SMP interconnect between NUMA nodes (e.g., QPI/UPI)\n  NODE = Connection traversing PCIe as well as the interconnect between PCIe Host Bridges within a NUMA node\n  PHB  = Connection traversing PCIe as well as a PCIe Host Bridge (typically the CPU)\n  PXB  = Connection traversing multiple PCIe bridges (without traversing the PCIe Host Bridge)\n  PIX  = Connection traversing at most a single PCIe bridge\n  NV#  = Connection traversing a bonded set of # NVLinks\n\nNIC Legend:\n\n  NIC0: mlx5_bond_0""","{""CUDA_HOME"":""/usr/local/cuda"",""NCCL_TESTS_DIR"":""/root/nccl-tests""}"
1,p1-nccl-baseline-20260826T181721Z-16cea6a,phase1,2026-08-26T18:18:02Z,measured,16cea6aed21d649453b65981c72d4b8ea7e32605,False,unknown,,5c44f3e9a47e,Ubuntu 24.04.3 LTS,6.8.0-106-generic,AMD EPYC 9254 24-Core Processor,48,1,NVIDIA L4,2,NODE,none-single-node,False,,12.8,580.126.20,2.25.1+cuda12.8,NCCL_DEBUG=VERSION banner,,gcc (Ubuntu 13.3.0-6ubuntu2~24.04) 13.3.0,717b68318278e93f371d8ffb46b076069d7c7851,nccl-tests,reduce_scatter,float,sum,-1,524288,65536,out_of_place,20,50,2,full,44.91,11.67,5.84,0,True,True,True,0,/root/nccl-tests/build/reduce_scatter_perf -b 8 -e 128M -f 2 -g 2 -w 20 -n 50 -c 1 -d float,results/raw/p1-nccl-baseline-20260826T181721Z-16cea6a/reduce_scatter.full.r2.stdout.txt,,"[{""index"":0,""memory_total_mib"":23034,""name"":""NVIDIA L4"",""pci_bus_id"":""00000000:03:00.0""},{""index"":1,""memory_total_mib"":23034,""name"":""NVIDIA L4"",""pci_bus_id"":""00000000:C3:00.0""}]","""\t\u001b[4mGPU0\tGPU1\tNIC0\tCPU Affinity\tNUMA Affinity\tGPU NUMA ID\u001b[0m\nGPU0\t X \tNODE\tNODE\t0-47\t0\t\tN/A\nGPU1\tNODE\t X \tNODE\t0-47\t0\t\tN/A\nNIC0\tNODE\tNODE\t X \t\t\t\t\n\nLegend:\n\n  X    = Self\n  SYS  = Connection traversing PCIe as well as the SMP interconnect between NUMA nodes (e.g., QPI/UPI)\n  NODE = Connection traversing PCIe as well as the interconnect between PCIe Host Bridges within a NUMA node\n  PHB  = Connection traversing PCIe as well as a PCIe Host Bridge (typically the CPU)\n  PXB  = Connection traversing multiple PCIe bridges (without traversing the PCIe Host Bridge)\n  PIX  = Connection traversing at most a single PCIe bridge\n  NV#  = Connection traversing a bonded set of # NVLinks\n\nNIC Legend:\n\n  NIC0: mlx5_bond_0""","{""CUDA_HOME"":""/usr/local/cuda"",""NCCL_TESTS_DIR"":""/root/nccl-tests""}"
1,p1-nccl-baseline-20260826T181721Z-16cea6a,phase1,2026-08-26T18:18:02Z,measured,16cea6aed21d649453b65981c72d4b8ea7e32605,False,unknown,,5c44f3e9a47e,Ubuntu 24.04.3 LTS,6.8.0-106-generic,AMD EPYC 9254 24-Core Processor,48,1,NVIDIA L4,2,NODE,none-single-node,False,,12.8,580.126.20,2.25.1+cuda12.8,NCCL_DEBUG=VERSION banner,,gcc (Ubuntu 13.3.0-6ubuntu2~24.04) 13.3.0,717b68318278e93f371d8ffb46b076069d7c7851,nccl-tests,reduce_scatter,float,sum,-1,524288,65536,in_place,20,50,2,full,44.68,11.74,5.87,0,True,True,True,0,/root/nccl-tests/build/reduce_scatter_perf -b 8 -e 128M -f 2 -g 2 -w 20 -n 50 -c 1 -d float,results/raw/p1-nccl-baseline-20260826T181721Z-16cea6a/reduce_scatter.full.r2.stdout.txt,,"[{""index"":0,""memory_total_mib"":23034,""name"":""NVIDIA L4"",""pci_bus_id"":""00000000:03:00.0""},{""index"":1,""memory_total_mib"":23034,""name"":""NVIDIA L4"",""pci_bus_id"":""00000000:C3:00.0""}]","""\t\u001b[4mGPU0\tGPU1\tNIC0\tCPU Affinity\tNUMA Affinity\tGPU NUMA ID\u001b[0m\nGPU0\t X \tNODE\tNODE\t0-47\t0\t\tN/A\nGPU1\tNODE\t X \tNODE\t0-47\t0\t\tN/A\nNIC0\tNODE\tNODE\t X \t\t\t\t\n\nLegend:\n\n  X    = Self\n  SYS  = Connection traversing PCIe as well as the SMP interconnect between NUMA nodes (e.g., QPI/UPI)\n  NODE = Connection traversing PCIe as well as the interconnect between PCIe Host Bridges within a NUMA node\n  PHB  = Connection traversing PCIe as well as a PCIe Host Bridge (typically the CPU)\n  PXB  = Connection traversing multiple PCIe bridges (without traversing the PCIe Host Bridge)\n  PIX  = Connection traversing at most a single PCIe bridge\n  NV#  = Connection traversing a bonded set of # NVLinks\n\nNIC Legend:\n\n  NIC0: mlx5_bond_0""","{""CUDA_HOME"":""/usr/local/cuda"",""NCCL_TESTS_DIR"":""/root/nccl-tests""}"
1,p1-nccl-baseline-20260826T181721Z-16cea6a,phase1,2026-08-26T18:18:02Z,measured,16cea6aed21d649453b65981c72d4b8ea7e32605,False,unknown,,5c44f3e9a47e,Ubuntu 24.04.3 LTS,6.8.0-106-generic,AMD EPYC 9254 24-Core Processor,48,1,NVIDIA L4,2,NODE,none-single-node,False,,12.8,580.126.20,2.25.1+cuda12.8,NCCL_DEBUG=VERSION banner,,gcc (Ubuntu 13.3.0-6ubuntu2~24.04) 13.3.0,717b68318278e93f371d8ffb46b076069d7c7851,nccl-tests,reduce_scatter,float,sum,-1,1048576,131072,out_of_place,20,50,2,full,69.61,15.06,7.53,0,True,True,True,0,/root/nccl-tests/build/reduce_scatter_perf -b 8 -e 128M -f 2 -g 2 -w 20 -n 50 -c 1 -d float,results/raw/p1-nccl-baseline-20260826T181721Z-16cea6a/reduce_scatter.full.r2.stdout.txt,,"[{""index"":0,""memory_total_mib"":23034,""name"":""NVIDIA L4"",""pci_bus_id"":""00000000:03:00.0""},{""index"":1,""memory_total_mib"":23034,""name"":""NVIDIA L4"",""pci_bus_id"":""00000000:C3:00.0""}]","""\t\u001b[4mGPU0\tGPU1\tNIC0\tCPU Affinity\tNUMA Affinity\tGPU NUMA ID\u001b[0m\nGPU0\t X \tNODE\tNODE\t0-47\t0\t\tN/A\nGPU1\tNODE\t X \tNODE\t0-47\t0\t\tN/A\nNIC0\tNODE\tNODE\t X \t\t\t\t\n\nLegend:\n\n  X    = Self\n  SYS  = Connection traversing PCIe as well as the SMP interconnect between NUMA nodes (e.g., QPI/UPI)\n  NODE = Connection traversing PCIe as well as the interconnect between PCIe Host Bridges within a NUMA node\n  PHB  = Connection traversing PCIe as well as a PCIe Host Bridge (typically the CPU)\n  PXB  = Connection traversing multiple PCIe bridges (without traversing the PCIe Host Bridge)\n  PIX  = Connection traversing at most a single PCIe bridge\n  NV#  = Connection traversing a bonded set of # NVLinks\n\nNIC Legend:\n\n  NIC0: mlx5_bond_0""","{""CUDA_HOME"":""/usr/local/cuda"",""NCCL_TESTS_DIR"":""/root/nccl-tests""}"
1,p1-nccl-baseline-20260826T181721Z-16cea6a,phase1,2026-08-26T18:18:02Z,measured,16cea6aed21d649453b65981c72d4b8ea7e32605,False,unknown,,5c44f3e9a47e,Ubuntu 24.04.3 LTS,6.8.0-106-generic,AMD EPYC 9254 24-Core Processor,48,1,NVIDIA L4,2,NODE,none-single-node,False,,12.8,580.126.20,2.25.1+cuda12.8,NCCL_DEBUG=VERSION banner,,gcc (Ubuntu 13.3.0-6ubuntu2~24.04) 13.3.0,717b68318278e93f371d8ffb46b076069d7c7851,nccl-tests,reduce_scatter,float,sum,-1,1048576,131072,in_place,20,50,2,full,69.76,15.03,7.52,0,True,True,True,0,/root/nccl-tests/build/reduce_scatter_perf -b 8 -e 128M -f 2 -g 2 -w 20 -n 50 -c 1 -d float,results/raw/p1-nccl-baseline-20260826T181721Z-16cea6a/reduce_scatter.full.r2.stdout.txt,,"[{""index"":0,""memory_total_mib"":23034,""name"":""NVIDIA L4"",""pci_bus_id"":""00000000:03:00.0""},{""index"":1,""memory_total_mib"":23034,""name"":""NVIDIA L4"",""pci_bus_id"":""00000000:C3:00.0""}]","""\t\u001b[4mGPU0\tGPU1\tNIC0\tCPU Affinity\tNUMA Affinity\tGPU NUMA ID\u001b[0m\nGPU0\t X \tNODE\tNODE\t0-47\t0\t\tN/A\nGPU1\tNODE\t X \tNODE\t0-47\t0\t\tN/A\nNIC0\tNODE\tNODE\t X \t\t\t\t\n\nLegend:\n\n  X    = Self\n  SYS  = Connection traversing PCIe as well as the SMP interconnect between NUMA nodes (e.g., QPI/UPI)\n  NODE = Connection traversing PCIe as well as the interconnect between PCIe Host Bridges within a NUMA node\n  PHB  = Connection traversing PCIe as well as a PCIe Host Bridge (typically the CPU)\n  PXB  = Connection traversing multiple PCIe bridges (without traversing the PCIe Host Bridge)\n  PIX  = Connection traversing at most a single PCIe bridge\n  NV#  = Connection traversing a bonded set of # NVLinks\n\nNIC Legend:\n\n  NIC0: mlx5_bond_0""","{""CUDA_HOME"":""/usr/local/cuda"",""NCCL_TESTS_DIR"":""/root/nccl-tests""}"
1,p1-nccl-baseline-20260826T181721Z-16cea6a,phase1,2026-08-26T18:18:02Z,measured,16cea6aed21d649453b65981c72d4b8ea7e32605,False,unknown,,5c44f3e9a47e,Ubuntu 24.04.3 LTS,6.8.0-106-generic,AMD EPYC 9254 24-Core Processor,48,1,NVIDIA L4,2,NODE,none-single-node,False,,12.8,580.126.20,2.25.1+cuda12.8,NCCL_DEBUG=VERSION banner,,gcc (Ubuntu 13.3.0-6ubuntu2~24.04) 13.3.0,717b68318278e93f371d8ffb46b076069d7c7851,nccl-tests,reduce_scatter,float,sum,-1,2097152,262144,out_of_place,20,50,2,full,117.96,17.78,8.89,0,True,True,True,0,/root/nccl-tests/build/reduce_scatter_perf -b 8 -e 128M -f 2 -g 2 -w 20 -n 50 -c 1 -d float,results/raw/p1-nccl-baseline-20260826T181721Z-16cea6a/reduce_scatter.full.r2.stdout.txt,,"[{""index"":0,""memory_total_mib"":23034,""name"":""NVIDIA L4"",""pci_bus_id"":""00000000:03:00.0""},{""index"":1,""memory_total_mib"":23034,""name"":""NVIDIA L4"",""pci_bus_id"":""00000000:C3:00.0""}]","""\t\u001b[4mGPU0\tGPU1\tNIC0\tCPU Affinity\tNUMA Affinity\tGPU NUMA ID\u001b[0m\nGPU0\t X \tNODE\tNODE\t0-47\t0\t\tN/A\nGPU1\tNODE\t X \tNODE\t0-47\t0\t\tN/A\nNIC0\tNODE\tNODE\t X \t\t\t\t\n\nLegend:\n\n  X    = Self\n  SYS  = Connection traversing PCIe as well as the SMP interconnect between NUMA nodes (e.g., QPI/UPI)\n  NODE = Connection traversing PCIe as well as the interconnect between PCIe Host Bridges within a NUMA node\n  PHB  = Connection traversing PCIe as well as a PCIe Host Bridge (typically the CPU)\n  PXB  = Connection traversing multiple PCIe bridges (without traversing the PCIe Host Bridge)\n  PIX  = Connection traversing at most a single PCIe bridge\n  NV#  = Connection traversing a bonded set of # NVLinks\n\nNIC Legend:\n\n  NIC0: mlx5_bond_0""","{""CUDA_HOME"":""/usr/local/cuda"",""NCCL_TESTS_DIR"":""/root/nccl-tests""}"
1,p1-nccl-baseline-20260826T181721Z-16cea6a,phase1,2026-08-26T18:18:02Z,measured,16cea6aed21d649453b65981c72d4b8ea7e32605,False,unknown,,5c44f3e9a47e,Ubuntu 24.04.3 LTS,6.8.0-106-generic,AMD EPYC 9254 24-Core Processor,48,1,NVIDIA L4,2,NODE,none-single-node,False,,12.8,580.126.20,2.25.1+cuda12.8,NCCL_DEBUG=VERSION banner,,gcc (Ubuntu 13.3.0-6ubuntu2~24.04) 13.3.0,717b68318278e93f371d8ffb46b076069d7c7851,nccl-tests,reduce_scatter,float,sum,-1,2097152,262144,in_place,20,50,2,full,117.9,17.79,8.89,0,True,True,True,0,/root/nccl-tests/build/reduce_scatter_perf -b 8 -e 128M -f 2 -g 2 -w 20 -n 50 -c 1 -d float,results/raw/p1-nccl-baseline-20260826T181721Z-16cea6a/reduce_scatter.full.r2.stdout.txt,,"[{""index"":0,""memory_total_mib"":23034,""name"":""NVIDIA L4"",""pci_bus_id"":""00000000:03:00.0""},{""index"":1,""memory_total_mib"":23034,""name"":""NVIDIA L4"",""pci_bus_id"":""00000000:C3:00.0""}]","""\t\u001b[4mGPU0\tGPU1\tNIC0\tCPU Affinity\tNUMA Affinity\tGPU NUMA ID\u001b[0m\nGPU0\t X \tNODE\tNODE\t0-47\t0\t\tN/A\nGPU1\tNODE\t X \tNODE\t0-47\t0\t\tN/A\nNIC0\tNODE\tNODE\t X \t\t\t\t\n\nLegend:\n\n  X    = Self\n  SYS  = Connection traversing PCIe as well as the SMP interconnect between NUMA nodes (e.g., QPI/UPI)\n  NODE = Connection traversing PCIe as well as the interconnect between PCIe Host Bridges within a NUMA node\n  PHB  = Connection traversing PCIe as well as a PCIe Host Bridge (typically the CPU)\n  PXB  = Connection traversing multiple PCIe bridges (without traversing the PCIe Host Bridge)\n  PIX  = Connection traversing at most a single PCIe bridge\n  NV#  = Connection traversing a bonded set of # NVLinks\n\nNIC Legend:\n\n  NIC0: mlx5_bond_0""","{""CUDA_HOME"":""/usr/local/cuda"",""NCCL_TESTS_DIR"":""/root/nccl-tests""}"
1,p1-nccl-baseline-20260826T181721Z-16cea6a,phase1,2026-08-26T18:18:02Z,measured,16cea6aed21d649453b65981c72d4b8ea7e32605,False,unknown,,5c44f3e9a47e,Ubuntu 24.04.3 LTS,6.8.0-106-generic,AMD EPYC 9254 24-Core Processor,48,1,NVIDIA L4,2,NODE,none-single-node,False,,12.8,580.126.20,2.25.1+cuda12.8,NCCL_DEBUG=VERSION banner,,gcc (Ubuntu 13.3.0-6ubuntu2~24.04) 13.3.0,717b68318278e93f371d8ffb46b076069d7c7851,nccl-tests,reduce_scatter,float,sum,-1,4194304,524288,out_of_place,20,50,2,full,226.16,18.55,9.27,0,True,True,True,0,/root/nccl-tests/build/reduce_scatter_perf -b 8 -e 128M -f 2 -g 2 -w 20 -n 50 -c 1 -d float,results/raw/p1-nccl-baseline-20260826T181721Z-16cea6a/reduce_scatter.full.r2.stdout.txt,,"[{""index"":0,""memory_total_mib"":23034,""name"":""NVIDIA L4"",""pci_bus_id"":""00000000:03:00.0""},{""index"":1,""memory_total_mib"":23034,""name"":""NVIDIA L4"",""pci_bus_id"":""00000000:C3:00.0""}]","""\t\u001b[4mGPU0\tGPU1\tNIC0\tCPU Affinity\tNUMA Affinity\tGPU NUMA ID\u001b[0m\nGPU0\t X \tNODE\tNODE\t0-47\t0\t\tN/A\nGPU1\tNODE\t X \tNODE\t0-47\t0\t\tN/A\nNIC0\tNODE\tNODE\t X \t\t\t\t\n\nLegend:\n\n  X    = Self\n  SYS  = Connection traversing PCIe as well as the SMP interconnect between NUMA nodes (e.g., QPI/UPI)\n  NODE = Connection traversing PCIe as well as the interconnect between PCIe Host Bridges within a NUMA node\n  PHB  = Connection traversing PCIe as well as a PCIe Host Bridge (typically the CPU)\n  PXB  = Connection traversing multiple PCIe bridges (without traversing the PCIe Host Bridge)\n  PIX  = Connection traversing at most a single PCIe bridge\n  NV#  = Connection traversing a bonded set of # NVLinks\n\nNIC Legend:\n\n  NIC0: mlx5_bond_0""","{""CUDA_HOME"":""/usr/local/cuda"",""NCCL_TESTS_DIR"":""/root/nccl-tests""}"
1,p1-nccl-baseline-20260826T181721Z-16cea6a,phase1,2026-08-26T18:18:02Z,measured,16cea6aed21d649453b65981c72d4b8ea7e32605,False,unknown,,5c44f3e9a47e,Ubuntu 24.04.3 LTS,6.8.0-106-generic,AMD EPYC 9254 24-Core Processor,48,1,NVIDIA L4,2,NODE,none-single-node,False,,12.8,580.126.20,2.25.1+cuda12.8,NCCL_DEBUG=VERSION banner,,gcc (Ubuntu 13.3.0-6ubuntu2~24.04) 13.3.0,717b68318278e93f371d8ffb46b076069d7c7851,nccl-tests,reduce_scatter,float,sum,-1,4194304,524288,in_place,20,50,2,full,225.46,18.6,9.3,0,True,True,True,0,/root/nccl-tests/build/reduce_scatter_perf -b 8 -e 128M -f 2 -g 2 -w 20 -n 50 -c 1 -d float,results/raw/p1-nccl-baseline-20260826T181721Z-16cea6a/reduce_scatter.full.r2.stdout.txt,,"[{""index"":0,""memory_total_mib"":23034,""name"":""NVIDIA L4"",""pci_bus_id"":""00000000:03:00.0""},{""index"":1,""memory_total_mib"":23034,""name"":""NVIDIA L4"",""pci_bus_id"":""00000000:C3:00.0""}]","""\t\u001b[4mGPU0\tGPU1\tNIC0\tCPU Affinity\tNUMA Affinity\tGPU NUMA ID\u001b[0m\nGPU0\t X \tNODE\tNODE\t0-47\t0\t\tN/A\nGPU1\tNODE\t X \tNODE\t0-47\t0\t\tN/A\nNIC0\tNODE\tNODE\t X \t\t\t\t\n\nLegend:\n\n  X    = Self\n  SYS  = Connection traversing PCIe as well as the SMP interconnect between NUMA nodes (e.g., QPI/UPI)\n  NODE = Connection traversing PCIe as well as the interconnect between PCIe Host Bridges within a NUMA node\n  PHB  = Connection traversing PCIe as well as a PCIe Host Bridge (typically the CPU)\n  PXB  = Connection traversing multiple PCIe bridges (without traversing the PCIe Host Bridge)\n  PIX  = Connection traversing at most a single PCIe bridge\n  NV#  = Connection traversing a bonded set of # NVLinks\n\nNIC Legend:\n\n  NIC0: mlx5_bond_0""","{""CUDA_HOME"":""/usr/local/cuda"",""NCCL_TESTS_DIR"":""/root/nccl-tests""}"
1,p1-nccl-baseline-20260826T181721Z-16cea6a,phase1,2026-08-26T18:18:02Z,measured,16cea6aed21d649453b65981c72d4b8ea7e32605,False,unknown,,5c44f3e9a47e,Ubuntu 24.04.3 LTS,6.8.0-106-generic,AMD EPYC 9254 24-Core Processor,48,1,NVIDIA L4,2,NODE,none-single-node,False,,12.8,580.126.20,2.25.1+cuda12.8,NCCL_DEBUG=VERSION banner,,gcc (Ubuntu 13.3.0-6ubuntu2~24.04) 13.3.0,717b68318278e93f371d8ffb46b076069d7c7851,nccl-tests,reduce_scatter,float,sum,-1,8388608,1048576,out_of_place,20,50,2,full,443.27,18.92,9.46,0,True,True,True,0,/root/nccl-tests/build/reduce_scatter_perf -b 8 -e 128M -f 2 -g 2 -w 20 -n 50 -c 1 -d float,results/raw/p1-nccl-baseline-20260826T181721Z-16cea6a/reduce_scatter.full.r2.stdout.txt,,"[{""index"":0,""memory_total_mib"":23034,""name"":""NVIDIA L4"",""pci_bus_id"":""00000000:03:00.0""},{""index"":1,""memory_total_mib"":23034,""name"":""NVIDIA L4"",""pci_bus_id"":""00000000:C3:00.0""}]","""\t\u001b[4mGPU0\tGPU1\tNIC0\tCPU Affinity\tNUMA Affinity\tGPU NUMA ID\u001b[0m\nGPU0\t X \tNODE\tNODE\t0-47\t0\t\tN/A\nGPU1\tNODE\t X \tNODE\t0-47\t0\t\tN/A\nNIC0\tNODE\tNODE\t X \t\t\t\t\n\nLegend:\n\n  X    = Self\n  SYS  = Connection traversing PCIe as well as the SMP interconnect between NUMA nodes (e.g., QPI/UPI)\n  NODE = Connection traversing PCIe as well as the interconnect between PCIe Host Bridges within a NUMA node\n  PHB  = Connection traversing PCIe as well as a PCIe Host Bridge (typically the CPU)\n  PXB  = Connection traversing multiple PCIe bridges (without traversing the PCIe Host Bridge)\n  PIX  = Connection traversing at most a single PCIe bridge\n  NV#  = Connection traversing a bonded set of # NVLinks\n\nNIC Legend:\n\n  NIC0: mlx5_bond_0""","{""CUDA_HOME"":""/usr/local/cuda"",""NCCL_TESTS_DIR"":""/root/nccl-tests""}"
1,p1-nccl-baseline-20260826T181721Z-16cea6a,phase1,2026-08-26T18:18:02Z,measured,16cea6aed21d649453b65981c72d4b8ea7e32605,False,unknown,,5c44f3e9a47e,Ubuntu 24.04.3 LTS,6.8.0-106-generic,AMD EPYC 9254 24-Core Processor,48,1,NVIDIA L4,2,NODE,none-single-node,False,,12.8,580.126.20,2.25.1+cuda12.8,NCCL_DEBUG=VERSION banner,,gcc (Ubuntu 13.3.0-6ubuntu2~24.04) 13.3.0,717b68318278e93f371d8ffb46b076069d7c7851,nccl-tests,reduce_scatter,float,sum,-1,8388608,1048576,in_place,20,50,2,full,442.21,18.97,9.48,0,True,True,True,0,/root/nccl-tests/build/reduce_scatter_perf -b 8 -e 128M -f 2 -g 2 -w 20 -n 50 -c 1 -d float,results/raw/p1-nccl-baseline-20260826T181721Z-16cea6a/reduce_scatter.full.r2.stdout.txt,,"[{""index"":0,""memory_total_mib"":23034,""name"":""NVIDIA L4"",""pci_bus_id"":""00000000:03:00.0""},{""index"":1,""memory_total_mib"":23034,""name"":""NVIDIA L4"",""pci_bus_id"":""00000000:C3:00.0""}]","""\t\u001b[4mGPU0\tGPU1\tNIC0\tCPU Affinity\tNUMA Affinity\tGPU NUMA ID\u001b[0m\nGPU0\t X \tNODE\tNODE\t0-47\t0\t\tN/A\nGPU1\tNODE\t X \tNODE\t0-47\t0\t\tN/A\nNIC0\tNODE\tNODE\t X \t\t\t\t\n\nLegend:\n\n  X    = Self\n  SYS  = Connection traversing PCIe as well as the SMP interconnect between NUMA nodes (e.g., QPI/UPI)\n  NODE = Connection traversing PCIe as well as the interconnect between PCIe Host Bridges within a NUMA node\n  PHB  = Connection traversing PCIe as well as a PCIe Host Bridge (typically the CPU)\n  PXB  = Connection traversing multiple PCIe bridges (without traversing the PCIe Host Bridge)\n  PIX  = Connection traversing at most a single PCIe bridge\n  NV#  = Connection traversing a bonded set of # NVLinks\n\nNIC Legend:\n\n  NIC0: mlx5_bond_0""","{""CUDA_HOME"":""/usr/local/cuda"",""NCCL_TESTS_DIR"":""/root/nccl-tests""}"
1,p1-nccl-baseline-20260826T181721Z-16cea6a,phase1,2026-08-26T18:18:02Z,measured,16cea6aed21d649453b65981c72d4b8ea7e32605,False,unknown,,5c44f3e9a47e,Ubuntu 24.04.3 LTS,6.8.0-106-generic,AMD EPYC 9254 24-Core Processor,48,1,NVIDIA L4,2,NODE,none-single-node,False,,12.8,580.126.20,2.25.1+cuda12.8,NCCL_DEBUG=VERSION banner,,gcc (Ubuntu 13.3.0-6ubuntu2~24.04) 13.3.0,717b68318278e93f371d8ffb46b076069d7c7851,nccl-tests,reduce_scatter,float,sum,-1,16777216,2097152,out_of_place,20,50,2,full,874.73,19.18,9.59,0,True,True,True,0,/root/nccl-tests/build/reduce_scatter_perf -b 8 -e 128M -f 2 -g 2 -w 20 -n 50 -c 1 -d float,results/raw/p1-nccl-baseline-20260826T181721Z-16cea6a/reduce_scatter.full.r2.stdout.txt,,"[{""index"":0,""memory_total_mib"":23034,""name"":""NVIDIA L4"",""pci_bus_id"":""00000000:03:00.0""},{""index"":1,""memory_total_mib"":23034,""name"":""NVIDIA L4"",""pci_bus_id"":""00000000:C3:00.0""}]","""\t\u001b[4mGPU0\tGPU1\tNIC0\tCPU Affinity\tNUMA Affinity\tGPU NUMA ID\u001b[0m\nGPU0\t X \tNODE\tNODE\t0-47\t0\t\tN/A\nGPU1\tNODE\t X \tNODE\t0-47\t0\t\tN/A\nNIC0\tNODE\tNODE\t X \t\t\t\t\n\nLegend:\n\n  X    = Self\n  SYS  = Connection traversing PCIe as well as the SMP interconnect between NUMA nodes (e.g., QPI/UPI)\n  NODE = Connection traversing PCIe as well as the interconnect between PCIe Host Bridges within a NUMA node\n  PHB  = Connection traversing PCIe as well as a PCIe Host Bridge (typically the CPU)\n  PXB  = Connection traversing multiple PCIe bridges (without traversing the PCIe Host Bridge)\n  PIX  = Connection traversing at most a single PCIe bridge\n  NV#  = Connection traversing a bonded set of # NVLinks\n\nNIC Legend:\n\n  NIC0: mlx5_bond_0""","{""CUDA_HOME"":""/usr/local/cuda"",""NCCL_TESTS_DIR"":""/root/nccl-tests""}"
1,p1-nccl-baseline-20260826T181721Z-16cea6a,phase1,2026-08-26T18:18:02Z,measured,16cea6aed21d649453b65981c72d4b8ea7e32605,False,unknown,,5c44f3e9a47e,Ubuntu 24.04.3 LTS,6.8.0-106-generic,AMD EPYC 9254 24-Core Processor,48,1,NVIDIA L4,2,NODE,none-single-node,False,,12.8,580.126.20,2.25.1+cuda12.8,NCCL_DEBUG=VERSION banner,,gcc (Ubuntu 13.3.0-6ubuntu2~24.04) 13.3.0,717b68318278e93f371d8ffb46b076069d7c7851,nccl-tests,reduce_scatter,float,sum,-1,16777216,2097152,in_place,20,50,2,full,874.7,19.18,9.59,0,True,True,True,0,/root/nccl-tests/build/reduce_scatter_perf -b 8 -e 128M -f 2 -g 2 -w 20 -n 50 -c 1 -d float,results/raw/p1-nccl-baseline-20260826T181721Z-16cea6a/reduce_scatter.full.r2.stdout.txt,,"[{""index"":0,""memory_total_mib"":23034,""name"":""NVIDIA L4"",""pci_bus_id"":""00000000:03:00.0""},{""index"":1,""memory_total_mib"":23034,""name"":""NVIDIA L4"",""pci_bus_id"":""00000000:C3:00.0""}]","""\t\u001b[4mGPU0\tGPU1\tNIC0\tCPU Affinity\tNUMA Affinity\tGPU NUMA ID\u001b[0m\nGPU0\t X \tNODE\tNODE\t0-47\t0\t\tN/A\nGPU1\tNODE\t X \tNODE\t0-47\t0\t\tN/A\nNIC0\tNODE\tNODE\t X \t\t\t\t\n\nLegend:\n\n  X    = Self\n  SYS  = Connection traversing PCIe as well as the SMP interconnect between NUMA nodes (e.g., QPI/UPI)\n  NODE = Connection traversing PCIe as well as the interconnect between PCIe Host Bridges within a NUMA node\n  PHB  = Connection traversing PCIe as well as a PCIe Host Bridge (typically the CPU)\n  PXB  = Connection traversing multiple PCIe bridges (without traversing the PCIe Host Bridge)\n  PIX  = Connection traversing at most a single PCIe bridge\n  NV#  = Connection traversing a bonded set of # NVLinks\n\nNIC Legend:\n\n  NIC0: mlx5_bond_0""","{""CUDA_HOME"":""/usr/local/cuda"",""NCCL_TESTS_DIR"":""/root/nccl-tests""}"
1,p1-nccl-baseline-20260826T181721Z-16cea6a,phase1,2026-08-26T18:18:02Z,measured,16cea6aed21d649453b65981c72d4b8ea7e32605,False,unknown,,5c44f3e9a47e,Ubuntu 24.04.3 LTS,6.8.0-106-generic,AMD EPYC 9254 24-Core Processor,48,1,NVIDIA L4,2,NODE,none-single-node,False,,12.8,580.126.20,2.25.1+cuda12.8,NCCL_DEBUG=VERSION banner,,gcc (Ubuntu 13.3.0-6ubuntu2~24.04) 13.3.0,717b68318278e93f371d8ffb46b076069d7c7851,nccl-tests,reduce_scatter,float,sum,-1,33554432,4194304,out_of_place,20,50,2,full,1740.03,19.28,9.64,0,True,True,True,0,/root/nccl-tests/build/reduce_scatter_perf -b 8 -e 128M -f 2 -g 2 -w 20 -n 50 -c 1 -d float,results/raw/p1-nccl-baseline-20260826T181721Z-16cea6a/reduce_scatter.full.r2.stdout.txt,,"[{""index"":0,""memory_total_mib"":23034,""name"":""NVIDIA L4"",""pci_bus_id"":""00000000:03:00.0""},{""index"":1,""memory_total_mib"":23034,""name"":""NVIDIA L4"",""pci_bus_id"":""00000000:C3:00.0""}]","""\t\u001b[4mGPU0\tGPU1\tNIC0\tCPU Affinity\tNUMA Affinity\tGPU NUMA ID\u001b[0m\nGPU0\t X \tNODE\tNODE\t0-47\t0\t\tN/A\nGPU1\tNODE\t X \tNODE\t0-47\t0\t\tN/A\nNIC0\tNODE\tNODE\t X \t\t\t\t\n\nLegend:\n\n  X    = Self\n  SYS  = Connection traversing PCIe as well as the SMP interconnect between NUMA nodes (e.g., QPI/UPI)\n  NODE = Connection traversing PCIe as well as the interconnect between PCIe Host Bridges within a NUMA node\n  PHB  = Connection traversing PCIe as well as a PCIe Host Bridge (typically the CPU)\n  PXB  = Connection traversing multiple PCIe bridges (without traversing the PCIe Host Bridge)\n  PIX  = Connection traversing at most a single PCIe bridge\n  NV#  = Connection traversing a bonded set of # NVLinks\n\nNIC Legend:\n\n  NIC0: mlx5_bond_0""","{""CUDA_HOME"":""/usr/local/cuda"",""NCCL_TESTS_DIR"":""/root/nccl-tests""}"
1,p1-nccl-baseline-20260826T181721Z-16cea6a,phase1,2026-08-26T18:18:02Z,measured,16cea6aed21d649453b65981c72d4b8ea7e32605,False,unknown,,5c44f3e9a47e,Ubuntu 24.04.3 LTS,6.8.0-106-generic,AMD EPYC 9254 24-Core Processor,48,1,NVIDIA L4,2,NODE,none-single-node,False,,12.8,580.126.20,2.25.1+cuda12.8,NCCL_DEBUG=VERSION banner,,gcc (Ubuntu 13.3.0-6ubuntu2~24.04) 13.3.0,717b68318278e93f371d8ffb46b076069d7c7851,nccl-tests,reduce_scatter,float,sum,-1,33554432,4194304,in_place,20,50,2,full,1739.07,19.29,9.65,0,True,True,True,0,/root/nccl-tests/build/reduce_scatter_perf -b 8 -e 128M -f 2 -g 2 -w 20 -n 50 -c 1 -d float,results/raw/p1-nccl-baseline-20260826T181721Z-16cea6a/reduce_scatter.full.r2.stdout.txt,,"[{""index"":0,""memory_total_mib"":23034,""name"":""NVIDIA L4"",""pci_bus_id"":""00000000:03:00.0""},{""index"":1,""memory_total_mib"":23034,""name"":""NVIDIA L4"",""pci_bus_id"":""00000000:C3:00.0""}]","""\t\u001b[4mGPU0\tGPU1\tNIC0\tCPU Affinity\tNUMA Affinity\tGPU NUMA ID\u001b[0m\nGPU0\t X \tNODE\tNODE\t0-47\t0\t\tN/A\nGPU1\tNODE\t X \tNODE\t0-47\t0\t\tN/A\nNIC0\tNODE\tNODE\t X \t\t\t\t\n\nLegend:\n\n  X    = Self\n  SYS  = Connection traversing PCIe as well as the SMP interconnect between NUMA nodes (e.g., QPI/UPI)\n  NODE = Connection traversing PCIe as well as the interconnect between PCIe Host Bridges within a NUMA node\n  PHB  = Connection traversing PCIe as well as a PCIe Host Bridge (typically the CPU)\n  PXB  = Connection traversing multiple PCIe bridges (without traversing the PCIe Host Bridge)\n  PIX  = Connection traversing at most a single PCIe bridge\n  NV#  = Connection traversing a bonded set of # NVLinks\n\nNIC Legend:\n\n  NIC0: mlx5_bond_0""","{""CUDA_HOME"":""/usr/local/cuda"",""NCCL_TESTS_DIR"":""/root/nccl-tests""}"
1,p1-nccl-baseline-20260826T181721Z-16cea6a,phase1,2026-08-26T18:18:02Z,measured,16cea6aed21d649453b65981c72d4b8ea7e32605,False,unknown,,5c44f3e9a47e,Ubuntu 24.04.3 LTS,6.8.0-106-generic,AMD EPYC 9254 24-Core Processor,48,1,NVIDIA L4,2,NODE,none-single-node,False,,12.8,580.126.20,2.25.1+cuda12.8,NCCL_DEBUG=VERSION banner,,gcc (Ubuntu 13.3.0-6ubuntu2~24.04) 13.3.0,717b68318278e93f371d8ffb46b076069d7c7851,nccl-tests,reduce_scatter,float,sum,-1,67108864,8388608,out_of_place,20,50,2,full,3454.19,19.43,9.71,0,True,True,True,0,/root/nccl-tests/build/reduce_scatter_perf -b 8 -e 128M -f 2 -g 2 -w 20 -n 50 -c 1 -d float,results/raw/p1-nccl-baseline-20260826T181721Z-16cea6a/reduce_scatter.full.r2.stdout.txt,,"[{""index"":0,""memory_total_mib"":23034,""name"":""NVIDIA L4"",""pci_bus_id"":""00000000:03:00.0""},{""index"":1,""memory_total_mib"":23034,""name"":""NVIDIA L4"",""pci_bus_id"":""00000000:C3:00.0""}]","""\t\u001b[4mGPU0\tGPU1\tNIC0\tCPU Affinity\tNUMA Affinity\tGPU NUMA ID\u001b[0m\nGPU0\t X \tNODE\tNODE\t0-47\t0\t\tN/A\nGPU1\tNODE\t X \tNODE\t0-47\t0\t\tN/A\nNIC0\tNODE\tNODE\t X \t\t\t\t\n\nLegend:\n\n  X    = Self\n  SYS  = Connection traversing PCIe as well as the SMP interconnect between NUMA nodes (e.g., QPI/UPI)\n  NODE = Connection traversing PCIe as well as the interconnect between PCIe Host Bridges within a NUMA node\n  PHB  = Connection traversing PCIe as well as a PCIe Host Bridge (typically the CPU)\n  PXB  = Connection traversing multiple PCIe bridges (without traversing the PCIe Host Bridge)\n  PIX  = Connection traversing at most a single PCIe bridge\n  NV#  = Connection traversing a bonded set of # NVLinks\n\nNIC Legend:\n\n  NIC0: mlx5_bond_0""","{""CUDA_HOME"":""/usr/local/cuda"",""NCCL_TESTS_DIR"":""/root/nccl-tests""}"
1,p1-nccl-baseline-20260826T181721Z-16cea6a,phase1,2026-08-26T18:18:02Z,measured,16cea6aed21d649453b65981c72d4b8ea7e32605,False,unknown,,5c44f3e9a47e,Ubuntu 24.04.3 LTS,6.8.0-106-generic,AMD EPYC 9254 24-Core Processor,48,1,NVIDIA L4,2,NODE,none-single-node,False,,12.8,580.126.20,2.25.1+cuda12.8,NCCL_DEBUG=VERSION banner,,gcc (Ubuntu 13.3.0-6ubuntu2~24.04) 13.3.0,717b68318278e93f371d8ffb46b076069d7c7851,nccl-tests,reduce_scatter,float,sum,-1,67108864,8388608,in_place,20,50,2,full,3454.16,19.43,9.71,0,True,True,True,0,/root/nccl-tests/build/reduce_scatter_perf -b 8 -e 128M -f 2 -g 2 -w 20 -n 50 -c 1 -d float,results/raw/p1-nccl-baseline-20260826T181721Z-16cea6a/reduce_scatter.full.r2.stdout.txt,,"[{""index"":0,""memory_total_mib"":23034,""name"":""NVIDIA L4"",""pci_bus_id"":""00000000:03:00.0""},{""index"":1,""memory_total_mib"":23034,""name"":""NVIDIA L4"",""pci_bus_id"":""00000000:C3:00.0""}]","""\t\u001b[4mGPU0\tGPU1\tNIC0\tCPU Affinity\tNUMA Affinity\tGPU NUMA ID\u001b[0m\nGPU0\t X \tNODE\tNODE\t0-47\t0\t\tN/A\nGPU1\tNODE\t X \tNODE\t0-47\t0\t\tN/A\nNIC0\tNODE\tNODE\t X \t\t\t\t\n\nLegend:\n\n  X    = Self\n  SYS  = Connection traversing PCIe as well as the SMP interconnect between NUMA nodes (e.g., QPI/UPI)\n  NODE = Connection traversing PCIe as well as the interconnect between PCIe Host Bridges within a NUMA node\n  PHB  = Connection traversing PCIe as well as a PCIe Host Bridge (typically the CPU)\n  PXB  = Connection traversing multiple PCIe bridges (without traversing the PCIe Host Bridge)\n  PIX  = Connection traversing at most a single PCIe bridge\n  NV#  = Connection traversing a bonded set of # NVLinks\n\nNIC Legend:\n\n  NIC0: mlx5_bond_0""","{""CUDA_HOME"":""/usr/local/cuda"",""NCCL_TESTS_DIR"":""/root/nccl-tests""}"
1,p1-nccl-baseline-20260826T181721Z-16cea6a,phase1,2026-08-26T18:18:02Z,measured,16cea6aed21d649453b65981c72d4b8ea7e32605,False,unknown,,5c44f3e9a47e,Ubuntu 24.04.3 LTS,6.8.0-106-generic,AMD EPYC 9254 24-Core Processor,48,1,NVIDIA L4,2,NODE,none-single-node,False,,12.8,580.126.20,2.25.1+cuda12.8,NCCL_DEBUG=VERSION banner,,gcc (Ubuntu 13.3.0-6ubuntu2~24.04) 13.3.0,717b68318278e93f371d8ffb46b076069d7c7851,nccl-tests,reduce_scatter,float,sum,-1,134217728,16777216,out_of_place,20,50,2,full,6878.01,19.51,9.76,0,True,True,True,0,/root/nccl-tests/build/reduce_scatter_perf -b 8 -e 128M -f 2 -g 2 -w 20 -n 50 -c 1 -d float,results/raw/p1-nccl-baseline-20260826T181721Z-16cea6a/reduce_scatter.full.r2.stdout.txt,,"[{""index"":0,""memory_total_mib"":23034,""name"":""NVIDIA L4"",""pci_bus_id"":""00000000:03:00.0""},{""index"":1,""memory_total_mib"":23034,""name"":""NVIDIA L4"",""pci_bus_id"":""00000000:C3:00.0""}]","""\t\u001b[4mGPU0\tGPU1\tNIC0\tCPU Affinity\tNUMA Affinity\tGPU NUMA ID\u001b[0m\nGPU0\t X \tNODE\tNODE\t0-47\t0\t\tN/A\nGPU1\tNODE\t X \tNODE\t0-47\t0\t\tN/A\nNIC0\tNODE\tNODE\t X \t\t\t\t\n\nLegend:\n\n  X    = Self\n  SYS  = Connection traversing PCIe as well as the SMP interconnect between NUMA nodes (e.g., QPI/UPI)\n  NODE = Connection traversing PCIe as well as the interconnect between PCIe Host Bridges within a NUMA node\n  PHB  = Connection traversing PCIe as well as a PCIe Host Bridge (typically the CPU)\n  PXB  = Connection traversing multiple PCIe bridges (without traversing the PCIe Host Bridge)\n  PIX  = Connection traversing at most a single PCIe bridge\n  NV#  = Connection traversing a bonded set of # NVLinks\n\nNIC Legend:\n\n  NIC0: mlx5_bond_0""","{""CUDA_HOME"":""/usr/local/cuda"",""NCCL_TESTS_DIR"":""/root/nccl-tests""}"
1,p1-nccl-baseline-20260826T181721Z-16cea6a,phase1,2026-08-26T18:18:02Z,measured,16cea6aed21d649453b65981c72d4b8ea7e32605,False,unknown,,5c44f3e9a47e,Ubuntu 24.04.3 LTS,6.8.0-106-generic,AMD EPYC 9254 24-Core Processor,48,1,NVIDIA L4,2,NODE,none-single-node,False,,12.8,580.126.20,2.25.1+cuda12.8,NCCL_DEBUG=VERSION banner,,gcc (Ubuntu 13.3.0-6ubuntu2~24.04) 13.3.0,717b68318278e93f371d8ffb46b076069d7c7851,nccl-tests,reduce_scatter,float,sum,-1,134217728,16777216,in_place,20,50,2,full,6894.16,19.47,9.73,0,True,True,True,0,/root/nccl-tests/build/reduce_scatter_perf -b 8 -e 128M -f 2 -g 2 -w 20 -n 50 -c 1 -d float,results/raw/p1-nccl-baseline-20260826T181721Z-16cea6a/reduce_scatter.full.r2.stdout.txt,,"[{""index"":0,""memory_total_mib"":23034,""name"":""NVIDIA L4"",""pci_bus_id"":""00000000:03:00.0""},{""index"":1,""memory_total_mib"":23034,""name"":""NVIDIA L4"",""pci_bus_id"":""00000000:C3:00.0""}]","""\t\u001b[4mGPU0\tGPU1\tNIC0\tCPU Affinity\tNUMA Affinity\tGPU NUMA ID\u001b[0m\nGPU0\t X \tNODE\tNODE\t0-47\t0\t\tN/A\nGPU1\tNODE\t X \tNODE\t0-47\t0\t\tN/A\nNIC0\tNODE\tNODE\t X \t\t\t\t\n\nLegend:\n\n  X    = Self\n  SYS  = Connection traversing PCIe as well as the SMP interconnect between NUMA nodes (e.g., QPI/UPI)\n  NODE = Connection traversing PCIe as well as the interconnect between PCIe Host Bridges within a NUMA node\n  PHB  = Connection traversing PCIe as well as a PCIe Host Bridge (typically the CPU)\n  PXB  = Connection traversing multiple PCIe bridges (without traversing the PCIe Host Bridge)\n  PIX  = Connection traversing at most a single PCIe bridge\n  NV#  = Connection traversing a bonded set of # NVLinks\n\nNIC Legend:\n\n  NIC0: mlx5_bond_0""","{""CUDA_HOME"":""/usr/local/cuda"",""NCCL_TESTS_DIR"":""/root/nccl-tests""}"
