schema_version,experiment_id,phase,timestamp,value_kind,git_commit,git_dirty,provider,provider_instance_id,hostname,os,kernel,cpu_model,cpu_cores,node_count,gpu_model,gpu_count,topology_summary,network,nvlink_present,p2p_enabled,cuda_version,driver_version,nccl_version,nccl_version_source,mpi_version,compiler_version,nccl_tests_commit,config_label,nccl_algo,nccl_proto,nccl_extra_env,hosts,rank_to_host,ranks_per_node,net_interface,transport,transport_verified,mpi_implementation,launcher,benchmark_tool,collective,datatype,redop,root,message_size_bytes,count_elements,placement,warmup_iterations,measured_iterations,repeat_index,tier,latency_us,algorithmic_bandwidth_gbps,bus_bandwidth_gbps,wrong_count,correctness_ok,out_of_bounds_ok,bandwidth_ratio_ok,exit_code,command,raw_output_path,notes,gpus,topology,env
1,p5-dense-20260828T154940Z-21cf57f,phase5,2026-08-28T15:52:42Z,measured,21cf57fd902a607407505eb9d8dfad40a82dfd91,False,unknown,,c079194dceb5,Ubuntu 24.04.3 LTS,6.14.0-33-generic,AMD EPYC 7542 32-Core Processor,128,1,NVIDIA L4,4,NODE,none-single-node,False,,12.8,570.195.03,2.25.1+cuda12.8,NCCL_DEBUG=VERSION banner,,gcc (Ubuntu 13.3.0-6ubuntu2~24.04) 13.3.0,b4d5beebca8a76cf01335f724d154b9b9d394d96,auto,,,,,,,,,,,,nccl-tests,all_reduce,float,sum,-1,16384,4096,out_of_place,20,50,0,full,42.4,0.39,0.58,0,True,True,True,0,env NCCL_DEBUG=VERSION  /root/nccl-tests/build/all_reduce_perf -b 16K -e 512K -f 2 -g 4 -w 20 -n 50 -c 1 -d float,results/raw/p5-dense-20260828T154940Z-21cf57f/all_reduce.auto.full.r0.stdout.txt,,"[{""index"":0,""memory_total_mib"":23034,""name"":""NVIDIA L4"",""pci_bus_id"":""00000000:61:00.0"",""pcie_link_gen_current"":1,""pcie_link_gen_max"":4,""pcie_link_width_current"":16,""pcie_link_width_max"":16},{""index"":1,""memory_total_mib"":23034,""name"":""NVIDIA L4"",""pci_bus_id"":""00000000:81:00.0"",""pcie_link_gen_current"":1,""pcie_link_gen_max"":4,""pcie_link_width_current"":16,""pcie_link_width_max"":16},{""index"":2,""memory_total_mib"":23034,""name"":""NVIDIA L4"",""pci_bus_id"":""00000000:A1:00.0"",""pcie_link_gen_current"":1,""pcie_link_gen_max"":4,""pcie_link_width_current"":16,""pcie_link_width_max"":16},{""index"":3,""memory_total_mib"":23034,""name"":""NVIDIA L4"",""pci_bus_id"":""00000000:E1:00.0"",""pcie_link_gen_current"":1,""pcie_link_gen_max"":4,""pcie_link_width_current"":16,""pcie_link_width_max"":16}]","""\t\u001b[4mGPU0\tGPU1\tGPU2\tGPU3\tNIC0\tNIC1\tNIC2\tCPU Affinity\tNUMA Affinity\tGPU NUMA ID\u001b[0m\nGPU0\t X \tSYS\tSYS\tSYS\tNODE\tSYS\tSYS\t0-31,64-95\t0\t\tN/A\nGPU1\tSYS\t X \tNODE\tNODE\tSYS\tNODE\tNODE\t32-63,96-127\t1\t\tN/A\nGPU2\tSYS\tNODE\t X \tNODE\tSYS\tNODE\tNODE\t32-63,96-127\t1\t\tN/A\nGPU3\tSYS\tNODE\tNODE\t X \tSYS\tNODE\tNODE\t32-63,96-127\t1\t\tN/A\nNIC0\tNODE\tSYS\tSYS\tSYS\t X \tSYS\tSYS\t\t\t\t\nNIC1\tSYS\tNODE\tNODE\tNODE\tSYS\t X \tPIX\t\t\t\t\nNIC2\tSYS\tNODE\tNODE\tNODE\tSYS\tPIX\t X \t\t\t\t\n\nLegend:\n\n  X    = Self\n  SYS  = Connection traversing PCIe as well as the SMP interconnect between NUMA nodes (e.g., QPI/UPI)\n  NODE = Connection traversing PCIe as well as the interconnect between PCIe Host Bridges within a NUMA node\n  PHB  = Connection traversing PCIe as well as a PCIe Host Bridge (typically the CPU)\n  PXB  = Connection traversing multiple PCIe bridges (without traversing the PCIe Host Bridge)\n  PIX  = Connection traversing at most a single PCIe bridge\n  NV#  = Connection traversing a bonded set of # NVLinks\n\nNIC Legend:\n\n  NIC0: rocep35s0f0\n  NIC1: rocep194s0f0\n  NIC2: rocep194s0f1""","{""CUDA_HOME"":""/usr/local/cuda"",""NCCL_TESTS_DIR"":""/root/nccl-tests""}"
1,p5-dense-20260828T154940Z-21cf57f,phase5,2026-08-28T15:52:42Z,measured,21cf57fd902a607407505eb9d8dfad40a82dfd91,False,unknown,,c079194dceb5,Ubuntu 24.04.3 LTS,6.14.0-33-generic,AMD EPYC 7542 32-Core Processor,128,1,NVIDIA L4,4,NODE,none-single-node,False,,12.8,570.195.03,2.25.1+cuda12.8,NCCL_DEBUG=VERSION banner,,gcc (Ubuntu 13.3.0-6ubuntu2~24.04) 13.3.0,b4d5beebca8a76cf01335f724d154b9b9d394d96,auto,,,,,,,,,,,,nccl-tests,all_reduce,float,sum,-1,16384,4096,in_place,20,50,0,full,28.65,0.57,0.86,0,True,True,True,0,env NCCL_DEBUG=VERSION  /root/nccl-tests/build/all_reduce_perf -b 16K -e 512K -f 2 -g 4 -w 20 -n 50 -c 1 -d float,results/raw/p5-dense-20260828T154940Z-21cf57f/all_reduce.auto.full.r0.stdout.txt,,"[{""index"":0,""memory_total_mib"":23034,""name"":""NVIDIA L4"",""pci_bus_id"":""00000000:61:00.0"",""pcie_link_gen_current"":1,""pcie_link_gen_max"":4,""pcie_link_width_current"":16,""pcie_link_width_max"":16},{""index"":1,""memory_total_mib"":23034,""name"":""NVIDIA L4"",""pci_bus_id"":""00000000:81:00.0"",""pcie_link_gen_current"":1,""pcie_link_gen_max"":4,""pcie_link_width_current"":16,""pcie_link_width_max"":16},{""index"":2,""memory_total_mib"":23034,""name"":""NVIDIA L4"",""pci_bus_id"":""00000000:A1:00.0"",""pcie_link_gen_current"":1,""pcie_link_gen_max"":4,""pcie_link_width_current"":16,""pcie_link_width_max"":16},{""index"":3,""memory_total_mib"":23034,""name"":""NVIDIA L4"",""pci_bus_id"":""00000000:E1:00.0"",""pcie_link_gen_current"":1,""pcie_link_gen_max"":4,""pcie_link_width_current"":16,""pcie_link_width_max"":16}]","""\t\u001b[4mGPU0\tGPU1\tGPU2\tGPU3\tNIC0\tNIC1\tNIC2\tCPU Affinity\tNUMA Affinity\tGPU NUMA ID\u001b[0m\nGPU0\t X \tSYS\tSYS\tSYS\tNODE\tSYS\tSYS\t0-31,64-95\t0\t\tN/A\nGPU1\tSYS\t X \tNODE\tNODE\tSYS\tNODE\tNODE\t32-63,96-127\t1\t\tN/A\nGPU2\tSYS\tNODE\t X \tNODE\tSYS\tNODE\tNODE\t32-63,96-127\t1\t\tN/A\nGPU3\tSYS\tNODE\tNODE\t X \tSYS\tNODE\tNODE\t32-63,96-127\t1\t\tN/A\nNIC0\tNODE\tSYS\tSYS\tSYS\t X \tSYS\tSYS\t\t\t\t\nNIC1\tSYS\tNODE\tNODE\tNODE\tSYS\t X \tPIX\t\t\t\t\nNIC2\tSYS\tNODE\tNODE\tNODE\tSYS\tPIX\t X \t\t\t\t\n\nLegend:\n\n  X    = Self\n  SYS  = Connection traversing PCIe as well as the SMP interconnect between NUMA nodes (e.g., QPI/UPI)\n  NODE = Connection traversing PCIe as well as the interconnect between PCIe Host Bridges within a NUMA node\n  PHB  = Connection traversing PCIe as well as a PCIe Host Bridge (typically the CPU)\n  PXB  = Connection traversing multiple PCIe bridges (without traversing the PCIe Host Bridge)\n  PIX  = Connection traversing at most a single PCIe bridge\n  NV#  = Connection traversing a bonded set of # NVLinks\n\nNIC Legend:\n\n  NIC0: rocep35s0f0\n  NIC1: rocep194s0f0\n  NIC2: rocep194s0f1""","{""CUDA_HOME"":""/usr/local/cuda"",""NCCL_TESTS_DIR"":""/root/nccl-tests""}"
1,p5-dense-20260828T154940Z-21cf57f,phase5,2026-08-28T15:52:42Z,measured,21cf57fd902a607407505eb9d8dfad40a82dfd91,False,unknown,,c079194dceb5,Ubuntu 24.04.3 LTS,6.14.0-33-generic,AMD EPYC 7542 32-Core Processor,128,1,NVIDIA L4,4,NODE,none-single-node,False,,12.8,570.195.03,2.25.1+cuda12.8,NCCL_DEBUG=VERSION banner,,gcc (Ubuntu 13.3.0-6ubuntu2~24.04) 13.3.0,b4d5beebca8a76cf01335f724d154b9b9d394d96,auto,,,,,,,,,,,,nccl-tests,all_reduce,float,sum,-1,32768,8192,out_of_place,20,50,0,full,40.02,0.82,1.23,0,True,True,True,0,env NCCL_DEBUG=VERSION  /root/nccl-tests/build/all_reduce_perf -b 16K -e 512K -f 2 -g 4 -w 20 -n 50 -c 1 -d float,results/raw/p5-dense-20260828T154940Z-21cf57f/all_reduce.auto.full.r0.stdout.txt,,"[{""index"":0,""memory_total_mib"":23034,""name"":""NVIDIA L4"",""pci_bus_id"":""00000000:61:00.0"",""pcie_link_gen_current"":1,""pcie_link_gen_max"":4,""pcie_link_width_current"":16,""pcie_link_width_max"":16},{""index"":1,""memory_total_mib"":23034,""name"":""NVIDIA L4"",""pci_bus_id"":""00000000:81:00.0"",""pcie_link_gen_current"":1,""pcie_link_gen_max"":4,""pcie_link_width_current"":16,""pcie_link_width_max"":16},{""index"":2,""memory_total_mib"":23034,""name"":""NVIDIA L4"",""pci_bus_id"":""00000000:A1:00.0"",""pcie_link_gen_current"":1,""pcie_link_gen_max"":4,""pcie_link_width_current"":16,""pcie_link_width_max"":16},{""index"":3,""memory_total_mib"":23034,""name"":""NVIDIA L4"",""pci_bus_id"":""00000000:E1:00.0"",""pcie_link_gen_current"":1,""pcie_link_gen_max"":4,""pcie_link_width_current"":16,""pcie_link_width_max"":16}]","""\t\u001b[4mGPU0\tGPU1\tGPU2\tGPU3\tNIC0\tNIC1\tNIC2\tCPU Affinity\tNUMA Affinity\tGPU NUMA ID\u001b[0m\nGPU0\t X \tSYS\tSYS\tSYS\tNODE\tSYS\tSYS\t0-31,64-95\t0\t\tN/A\nGPU1\tSYS\t X \tNODE\tNODE\tSYS\tNODE\tNODE\t32-63,96-127\t1\t\tN/A\nGPU2\tSYS\tNODE\t X \tNODE\tSYS\tNODE\tNODE\t32-63,96-127\t1\t\tN/A\nGPU3\tSYS\tNODE\tNODE\t X \tSYS\tNODE\tNODE\t32-63,96-127\t1\t\tN/A\nNIC0\tNODE\tSYS\tSYS\tSYS\t X \tSYS\tSYS\t\t\t\t\nNIC1\tSYS\tNODE\tNODE\tNODE\tSYS\t X \tPIX\t\t\t\t\nNIC2\tSYS\tNODE\tNODE\tNODE\tSYS\tPIX\t X \t\t\t\t\n\nLegend:\n\n  X    = Self\n  SYS  = Connection traversing PCIe as well as the SMP interconnect between NUMA nodes (e.g., QPI/UPI)\n  NODE = Connection traversing PCIe as well as the interconnect between PCIe Host Bridges within a NUMA node\n  PHB  = Connection traversing PCIe as well as a PCIe Host Bridge (typically the CPU)\n  PXB  = Connection traversing multiple PCIe bridges (without traversing the PCIe Host Bridge)\n  PIX  = Connection traversing at most a single PCIe bridge\n  NV#  = Connection traversing a bonded set of # NVLinks\n\nNIC Legend:\n\n  NIC0: rocep35s0f0\n  NIC1: rocep194s0f0\n  NIC2: rocep194s0f1""","{""CUDA_HOME"":""/usr/local/cuda"",""NCCL_TESTS_DIR"":""/root/nccl-tests""}"
1,p5-dense-20260828T154940Z-21cf57f,phase5,2026-08-28T15:52:42Z,measured,21cf57fd902a607407505eb9d8dfad40a82dfd91,False,unknown,,c079194dceb5,Ubuntu 24.04.3 LTS,6.14.0-33-generic,AMD EPYC 7542 32-Core Processor,128,1,NVIDIA L4,4,NODE,none-single-node,False,,12.8,570.195.03,2.25.1+cuda12.8,NCCL_DEBUG=VERSION banner,,gcc (Ubuntu 13.3.0-6ubuntu2~24.04) 13.3.0,b4d5beebca8a76cf01335f724d154b9b9d394d96,auto,,,,,,,,,,,,nccl-tests,all_reduce,float,sum,-1,32768,8192,in_place,20,50,0,full,34.75,0.94,1.41,0,True,True,True,0,env NCCL_DEBUG=VERSION  /root/nccl-tests/build/all_reduce_perf -b 16K -e 512K -f 2 -g 4 -w 20 -n 50 -c 1 -d float,results/raw/p5-dense-20260828T154940Z-21cf57f/all_reduce.auto.full.r0.stdout.txt,,"[{""index"":0,""memory_total_mib"":23034,""name"":""NVIDIA L4"",""pci_bus_id"":""00000000:61:00.0"",""pcie_link_gen_current"":1,""pcie_link_gen_max"":4,""pcie_link_width_current"":16,""pcie_link_width_max"":16},{""index"":1,""memory_total_mib"":23034,""name"":""NVIDIA L4"",""pci_bus_id"":""00000000:81:00.0"",""pcie_link_gen_current"":1,""pcie_link_gen_max"":4,""pcie_link_width_current"":16,""pcie_link_width_max"":16},{""index"":2,""memory_total_mib"":23034,""name"":""NVIDIA L4"",""pci_bus_id"":""00000000:A1:00.0"",""pcie_link_gen_current"":1,""pcie_link_gen_max"":4,""pcie_link_width_current"":16,""pcie_link_width_max"":16},{""index"":3,""memory_total_mib"":23034,""name"":""NVIDIA L4"",""pci_bus_id"":""00000000:E1:00.0"",""pcie_link_gen_current"":1,""pcie_link_gen_max"":4,""pcie_link_width_current"":16,""pcie_link_width_max"":16}]","""\t\u001b[4mGPU0\tGPU1\tGPU2\tGPU3\tNIC0\tNIC1\tNIC2\tCPU Affinity\tNUMA Affinity\tGPU NUMA ID\u001b[0m\nGPU0\t X \tSYS\tSYS\tSYS\tNODE\tSYS\tSYS\t0-31,64-95\t0\t\tN/A\nGPU1\tSYS\t X \tNODE\tNODE\tSYS\tNODE\tNODE\t32-63,96-127\t1\t\tN/A\nGPU2\tSYS\tNODE\t X \tNODE\tSYS\tNODE\tNODE\t32-63,96-127\t1\t\tN/A\nGPU3\tSYS\tNODE\tNODE\t X \tSYS\tNODE\tNODE\t32-63,96-127\t1\t\tN/A\nNIC0\tNODE\tSYS\tSYS\tSYS\t X \tSYS\tSYS\t\t\t\t\nNIC1\tSYS\tNODE\tNODE\tNODE\tSYS\t X \tPIX\t\t\t\t\nNIC2\tSYS\tNODE\tNODE\tNODE\tSYS\tPIX\t X \t\t\t\t\n\nLegend:\n\n  X    = Self\n  SYS  = Connection traversing PCIe as well as the SMP interconnect between NUMA nodes (e.g., QPI/UPI)\n  NODE = Connection traversing PCIe as well as the interconnect between PCIe Host Bridges within a NUMA node\n  PHB  = Connection traversing PCIe as well as a PCIe Host Bridge (typically the CPU)\n  PXB  = Connection traversing multiple PCIe bridges (without traversing the PCIe Host Bridge)\n  PIX  = Connection traversing at most a single PCIe bridge\n  NV#  = Connection traversing a bonded set of # NVLinks\n\nNIC Legend:\n\n  NIC0: rocep35s0f0\n  NIC1: rocep194s0f0\n  NIC2: rocep194s0f1""","{""CUDA_HOME"":""/usr/local/cuda"",""NCCL_TESTS_DIR"":""/root/nccl-tests""}"
1,p5-dense-20260828T154940Z-21cf57f,phase5,2026-08-28T15:52:42Z,measured,21cf57fd902a607407505eb9d8dfad40a82dfd91,False,unknown,,c079194dceb5,Ubuntu 24.04.3 LTS,6.14.0-33-generic,AMD EPYC 7542 32-Core Processor,128,1,NVIDIA L4,4,NODE,none-single-node,False,,12.8,570.195.03,2.25.1+cuda12.8,NCCL_DEBUG=VERSION banner,,gcc (Ubuntu 13.3.0-6ubuntu2~24.04) 13.3.0,b4d5beebca8a76cf01335f724d154b9b9d394d96,auto,,,,,,,,,,,,nccl-tests,all_reduce,float,sum,-1,65536,16384,out_of_place,20,50,0,full,56.42,1.16,1.74,0,True,True,True,0,env NCCL_DEBUG=VERSION  /root/nccl-tests/build/all_reduce_perf -b 16K -e 512K -f 2 -g 4 -w 20 -n 50 -c 1 -d float,results/raw/p5-dense-20260828T154940Z-21cf57f/all_reduce.auto.full.r0.stdout.txt,,"[{""index"":0,""memory_total_mib"":23034,""name"":""NVIDIA L4"",""pci_bus_id"":""00000000:61:00.0"",""pcie_link_gen_current"":1,""pcie_link_gen_max"":4,""pcie_link_width_current"":16,""pcie_link_width_max"":16},{""index"":1,""memory_total_mib"":23034,""name"":""NVIDIA L4"",""pci_bus_id"":""00000000:81:00.0"",""pcie_link_gen_current"":1,""pcie_link_gen_max"":4,""pcie_link_width_current"":16,""pcie_link_width_max"":16},{""index"":2,""memory_total_mib"":23034,""name"":""NVIDIA L4"",""pci_bus_id"":""00000000:A1:00.0"",""pcie_link_gen_current"":1,""pcie_link_gen_max"":4,""pcie_link_width_current"":16,""pcie_link_width_max"":16},{""index"":3,""memory_total_mib"":23034,""name"":""NVIDIA L4"",""pci_bus_id"":""00000000:E1:00.0"",""pcie_link_gen_current"":1,""pcie_link_gen_max"":4,""pcie_link_width_current"":16,""pcie_link_width_max"":16}]","""\t\u001b[4mGPU0\tGPU1\tGPU2\tGPU3\tNIC0\tNIC1\tNIC2\tCPU Affinity\tNUMA Affinity\tGPU NUMA ID\u001b[0m\nGPU0\t X \tSYS\tSYS\tSYS\tNODE\tSYS\tSYS\t0-31,64-95\t0\t\tN/A\nGPU1\tSYS\t X \tNODE\tNODE\tSYS\tNODE\tNODE\t32-63,96-127\t1\t\tN/A\nGPU2\tSYS\tNODE\t X \tNODE\tSYS\tNODE\tNODE\t32-63,96-127\t1\t\tN/A\nGPU3\tSYS\tNODE\tNODE\t X \tSYS\tNODE\tNODE\t32-63,96-127\t1\t\tN/A\nNIC0\tNODE\tSYS\tSYS\tSYS\t X \tSYS\tSYS\t\t\t\t\nNIC1\tSYS\tNODE\tNODE\tNODE\tSYS\t X \tPIX\t\t\t\t\nNIC2\tSYS\tNODE\tNODE\tNODE\tSYS\tPIX\t X \t\t\t\t\n\nLegend:\n\n  X    = Self\n  SYS  = Connection traversing PCIe as well as the SMP interconnect between NUMA nodes (e.g., QPI/UPI)\n  NODE = Connection traversing PCIe as well as the interconnect between PCIe Host Bridges within a NUMA node\n  PHB  = Connection traversing PCIe as well as a PCIe Host Bridge (typically the CPU)\n  PXB  = Connection traversing multiple PCIe bridges (without traversing the PCIe Host Bridge)\n  PIX  = Connection traversing at most a single PCIe bridge\n  NV#  = Connection traversing a bonded set of # NVLinks\n\nNIC Legend:\n\n  NIC0: rocep35s0f0\n  NIC1: rocep194s0f0\n  NIC2: rocep194s0f1""","{""CUDA_HOME"":""/usr/local/cuda"",""NCCL_TESTS_DIR"":""/root/nccl-tests""}"
1,p5-dense-20260828T154940Z-21cf57f,phase5,2026-08-28T15:52:42Z,measured,21cf57fd902a607407505eb9d8dfad40a82dfd91,False,unknown,,c079194dceb5,Ubuntu 24.04.3 LTS,6.14.0-33-generic,AMD EPYC 7542 32-Core Processor,128,1,NVIDIA L4,4,NODE,none-single-node,False,,12.8,570.195.03,2.25.1+cuda12.8,NCCL_DEBUG=VERSION banner,,gcc (Ubuntu 13.3.0-6ubuntu2~24.04) 13.3.0,b4d5beebca8a76cf01335f724d154b9b9d394d96,auto,,,,,,,,,,,,nccl-tests,all_reduce,float,sum,-1,65536,16384,in_place,20,50,0,full,56.58,1.16,1.74,0,True,True,True,0,env NCCL_DEBUG=VERSION  /root/nccl-tests/build/all_reduce_perf -b 16K -e 512K -f 2 -g 4 -w 20 -n 50 -c 1 -d float,results/raw/p5-dense-20260828T154940Z-21cf57f/all_reduce.auto.full.r0.stdout.txt,,"[{""index"":0,""memory_total_mib"":23034,""name"":""NVIDIA L4"",""pci_bus_id"":""00000000:61:00.0"",""pcie_link_gen_current"":1,""pcie_link_gen_max"":4,""pcie_link_width_current"":16,""pcie_link_width_max"":16},{""index"":1,""memory_total_mib"":23034,""name"":""NVIDIA L4"",""pci_bus_id"":""00000000:81:00.0"",""pcie_link_gen_current"":1,""pcie_link_gen_max"":4,""pcie_link_width_current"":16,""pcie_link_width_max"":16},{""index"":2,""memory_total_mib"":23034,""name"":""NVIDIA L4"",""pci_bus_id"":""00000000:A1:00.0"",""pcie_link_gen_current"":1,""pcie_link_gen_max"":4,""pcie_link_width_current"":16,""pcie_link_width_max"":16},{""index"":3,""memory_total_mib"":23034,""name"":""NVIDIA L4"",""pci_bus_id"":""00000000:E1:00.0"",""pcie_link_gen_current"":1,""pcie_link_gen_max"":4,""pcie_link_width_current"":16,""pcie_link_width_max"":16}]","""\t\u001b[4mGPU0\tGPU1\tGPU2\tGPU3\tNIC0\tNIC1\tNIC2\tCPU Affinity\tNUMA Affinity\tGPU NUMA ID\u001b[0m\nGPU0\t X \tSYS\tSYS\tSYS\tNODE\tSYS\tSYS\t0-31,64-95\t0\t\tN/A\nGPU1\tSYS\t X \tNODE\tNODE\tSYS\tNODE\tNODE\t32-63,96-127\t1\t\tN/A\nGPU2\tSYS\tNODE\t X \tNODE\tSYS\tNODE\tNODE\t32-63,96-127\t1\t\tN/A\nGPU3\tSYS\tNODE\tNODE\t X \tSYS\tNODE\tNODE\t32-63,96-127\t1\t\tN/A\nNIC0\tNODE\tSYS\tSYS\tSYS\t X \tSYS\tSYS\t\t\t\t\nNIC1\tSYS\tNODE\tNODE\tNODE\tSYS\t X \tPIX\t\t\t\t\nNIC2\tSYS\tNODE\tNODE\tNODE\tSYS\tPIX\t X \t\t\t\t\n\nLegend:\n\n  X    = Self\n  SYS  = Connection traversing PCIe as well as the SMP interconnect between NUMA nodes (e.g., QPI/UPI)\n  NODE = Connection traversing PCIe as well as the interconnect between PCIe Host Bridges within a NUMA node\n  PHB  = Connection traversing PCIe as well as a PCIe Host Bridge (typically the CPU)\n  PXB  = Connection traversing multiple PCIe bridges (without traversing the PCIe Host Bridge)\n  PIX  = Connection traversing at most a single PCIe bridge\n  NV#  = Connection traversing a bonded set of # NVLinks\n\nNIC Legend:\n\n  NIC0: rocep35s0f0\n  NIC1: rocep194s0f0\n  NIC2: rocep194s0f1""","{""CUDA_HOME"":""/usr/local/cuda"",""NCCL_TESTS_DIR"":""/root/nccl-tests""}"
1,p5-dense-20260828T154940Z-21cf57f,phase5,2026-08-28T15:52:42Z,measured,21cf57fd902a607407505eb9d8dfad40a82dfd91,False,unknown,,c079194dceb5,Ubuntu 24.04.3 LTS,6.14.0-33-generic,AMD EPYC 7542 32-Core Processor,128,1,NVIDIA L4,4,NODE,none-single-node,False,,12.8,570.195.03,2.25.1+cuda12.8,NCCL_DEBUG=VERSION banner,,gcc (Ubuntu 13.3.0-6ubuntu2~24.04) 13.3.0,b4d5beebca8a76cf01335f724d154b9b9d394d96,auto,,,,,,,,,,,,nccl-tests,all_reduce,float,sum,-1,131072,32768,out_of_place,20,50,0,full,111.19,1.18,1.77,0,True,True,True,0,env NCCL_DEBUG=VERSION  /root/nccl-tests/build/all_reduce_perf -b 16K -e 512K -f 2 -g 4 -w 20 -n 50 -c 1 -d float,results/raw/p5-dense-20260828T154940Z-21cf57f/all_reduce.auto.full.r0.stdout.txt,,"[{""index"":0,""memory_total_mib"":23034,""name"":""NVIDIA L4"",""pci_bus_id"":""00000000:61:00.0"",""pcie_link_gen_current"":1,""pcie_link_gen_max"":4,""pcie_link_width_current"":16,""pcie_link_width_max"":16},{""index"":1,""memory_total_mib"":23034,""name"":""NVIDIA L4"",""pci_bus_id"":""00000000:81:00.0"",""pcie_link_gen_current"":1,""pcie_link_gen_max"":4,""pcie_link_width_current"":16,""pcie_link_width_max"":16},{""index"":2,""memory_total_mib"":23034,""name"":""NVIDIA L4"",""pci_bus_id"":""00000000:A1:00.0"",""pcie_link_gen_current"":1,""pcie_link_gen_max"":4,""pcie_link_width_current"":16,""pcie_link_width_max"":16},{""index"":3,""memory_total_mib"":23034,""name"":""NVIDIA L4"",""pci_bus_id"":""00000000:E1:00.0"",""pcie_link_gen_current"":1,""pcie_link_gen_max"":4,""pcie_link_width_current"":16,""pcie_link_width_max"":16}]","""\t\u001b[4mGPU0\tGPU1\tGPU2\tGPU3\tNIC0\tNIC1\tNIC2\tCPU Affinity\tNUMA Affinity\tGPU NUMA ID\u001b[0m\nGPU0\t X \tSYS\tSYS\tSYS\tNODE\tSYS\tSYS\t0-31,64-95\t0\t\tN/A\nGPU1\tSYS\t X \tNODE\tNODE\tSYS\tNODE\tNODE\t32-63,96-127\t1\t\tN/A\nGPU2\tSYS\tNODE\t X \tNODE\tSYS\tNODE\tNODE\t32-63,96-127\t1\t\tN/A\nGPU3\tSYS\tNODE\tNODE\t X \tSYS\tNODE\tNODE\t32-63,96-127\t1\t\tN/A\nNIC0\tNODE\tSYS\tSYS\tSYS\t X \tSYS\tSYS\t\t\t\t\nNIC1\tSYS\tNODE\tNODE\tNODE\tSYS\t X \tPIX\t\t\t\t\nNIC2\tSYS\tNODE\tNODE\tNODE\tSYS\tPIX\t X \t\t\t\t\n\nLegend:\n\n  X    = Self\n  SYS  = Connection traversing PCIe as well as the SMP interconnect between NUMA nodes (e.g., QPI/UPI)\n  NODE = Connection traversing PCIe as well as the interconnect between PCIe Host Bridges within a NUMA node\n  PHB  = Connection traversing PCIe as well as a PCIe Host Bridge (typically the CPU)\n  PXB  = Connection traversing multiple PCIe bridges (without traversing the PCIe Host Bridge)\n  PIX  = Connection traversing at most a single PCIe bridge\n  NV#  = Connection traversing a bonded set of # NVLinks\n\nNIC Legend:\n\n  NIC0: rocep35s0f0\n  NIC1: rocep194s0f0\n  NIC2: rocep194s0f1""","{""CUDA_HOME"":""/usr/local/cuda"",""NCCL_TESTS_DIR"":""/root/nccl-tests""}"
1,p5-dense-20260828T154940Z-21cf57f,phase5,2026-08-28T15:52:42Z,measured,21cf57fd902a607407505eb9d8dfad40a82dfd91,False,unknown,,c079194dceb5,Ubuntu 24.04.3 LTS,6.14.0-33-generic,AMD EPYC 7542 32-Core Processor,128,1,NVIDIA L4,4,NODE,none-single-node,False,,12.8,570.195.03,2.25.1+cuda12.8,NCCL_DEBUG=VERSION banner,,gcc (Ubuntu 13.3.0-6ubuntu2~24.04) 13.3.0,b4d5beebca8a76cf01335f724d154b9b9d394d96,auto,,,,,,,,,,,,nccl-tests,all_reduce,float,sum,-1,131072,32768,in_place,20,50,0,full,103.74,1.26,1.9,0,True,True,True,0,env NCCL_DEBUG=VERSION  /root/nccl-tests/build/all_reduce_perf -b 16K -e 512K -f 2 -g 4 -w 20 -n 50 -c 1 -d float,results/raw/p5-dense-20260828T154940Z-21cf57f/all_reduce.auto.full.r0.stdout.txt,,"[{""index"":0,""memory_total_mib"":23034,""name"":""NVIDIA L4"",""pci_bus_id"":""00000000:61:00.0"",""pcie_link_gen_current"":1,""pcie_link_gen_max"":4,""pcie_link_width_current"":16,""pcie_link_width_max"":16},{""index"":1,""memory_total_mib"":23034,""name"":""NVIDIA L4"",""pci_bus_id"":""00000000:81:00.0"",""pcie_link_gen_current"":1,""pcie_link_gen_max"":4,""pcie_link_width_current"":16,""pcie_link_width_max"":16},{""index"":2,""memory_total_mib"":23034,""name"":""NVIDIA L4"",""pci_bus_id"":""00000000:A1:00.0"",""pcie_link_gen_current"":1,""pcie_link_gen_max"":4,""pcie_link_width_current"":16,""pcie_link_width_max"":16},{""index"":3,""memory_total_mib"":23034,""name"":""NVIDIA L4"",""pci_bus_id"":""00000000:E1:00.0"",""pcie_link_gen_current"":1,""pcie_link_gen_max"":4,""pcie_link_width_current"":16,""pcie_link_width_max"":16}]","""\t\u001b[4mGPU0\tGPU1\tGPU2\tGPU3\tNIC0\tNIC1\tNIC2\tCPU Affinity\tNUMA Affinity\tGPU NUMA ID\u001b[0m\nGPU0\t X \tSYS\tSYS\tSYS\tNODE\tSYS\tSYS\t0-31,64-95\t0\t\tN/A\nGPU1\tSYS\t X \tNODE\tNODE\tSYS\tNODE\tNODE\t32-63,96-127\t1\t\tN/A\nGPU2\tSYS\tNODE\t X \tNODE\tSYS\tNODE\tNODE\t32-63,96-127\t1\t\tN/A\nGPU3\tSYS\tNODE\tNODE\t X \tSYS\tNODE\tNODE\t32-63,96-127\t1\t\tN/A\nNIC0\tNODE\tSYS\tSYS\tSYS\t X \tSYS\tSYS\t\t\t\t\nNIC1\tSYS\tNODE\tNODE\tNODE\tSYS\t X \tPIX\t\t\t\t\nNIC2\tSYS\tNODE\tNODE\tNODE\tSYS\tPIX\t X \t\t\t\t\n\nLegend:\n\n  X    = Self\n  SYS  = Connection traversing PCIe as well as the SMP interconnect between NUMA nodes (e.g., QPI/UPI)\n  NODE = Connection traversing PCIe as well as the interconnect between PCIe Host Bridges within a NUMA node\n  PHB  = Connection traversing PCIe as well as a PCIe Host Bridge (typically the CPU)\n  PXB  = Connection traversing multiple PCIe bridges (without traversing the PCIe Host Bridge)\n  PIX  = Connection traversing at most a single PCIe bridge\n  NV#  = Connection traversing a bonded set of # NVLinks\n\nNIC Legend:\n\n  NIC0: rocep35s0f0\n  NIC1: rocep194s0f0\n  NIC2: rocep194s0f1""","{""CUDA_HOME"":""/usr/local/cuda"",""NCCL_TESTS_DIR"":""/root/nccl-tests""}"
1,p5-dense-20260828T154940Z-21cf57f,phase5,2026-08-28T15:52:42Z,measured,21cf57fd902a607407505eb9d8dfad40a82dfd91,False,unknown,,c079194dceb5,Ubuntu 24.04.3 LTS,6.14.0-33-generic,AMD EPYC 7542 32-Core Processor,128,1,NVIDIA L4,4,NODE,none-single-node,False,,12.8,570.195.03,2.25.1+cuda12.8,NCCL_DEBUG=VERSION banner,,gcc (Ubuntu 13.3.0-6ubuntu2~24.04) 13.3.0,b4d5beebca8a76cf01335f724d154b9b9d394d96,auto,,,,,,,,,,,,nccl-tests,all_reduce,float,sum,-1,262144,65536,out_of_place,20,50,0,full,207.3,1.26,1.9,0,True,True,True,0,env NCCL_DEBUG=VERSION  /root/nccl-tests/build/all_reduce_perf -b 16K -e 512K -f 2 -g 4 -w 20 -n 50 -c 1 -d float,results/raw/p5-dense-20260828T154940Z-21cf57f/all_reduce.auto.full.r0.stdout.txt,,"[{""index"":0,""memory_total_mib"":23034,""name"":""NVIDIA L4"",""pci_bus_id"":""00000000:61:00.0"",""pcie_link_gen_current"":1,""pcie_link_gen_max"":4,""pcie_link_width_current"":16,""pcie_link_width_max"":16},{""index"":1,""memory_total_mib"":23034,""name"":""NVIDIA L4"",""pci_bus_id"":""00000000:81:00.0"",""pcie_link_gen_current"":1,""pcie_link_gen_max"":4,""pcie_link_width_current"":16,""pcie_link_width_max"":16},{""index"":2,""memory_total_mib"":23034,""name"":""NVIDIA L4"",""pci_bus_id"":""00000000:A1:00.0"",""pcie_link_gen_current"":1,""pcie_link_gen_max"":4,""pcie_link_width_current"":16,""pcie_link_width_max"":16},{""index"":3,""memory_total_mib"":23034,""name"":""NVIDIA L4"",""pci_bus_id"":""00000000:E1:00.0"",""pcie_link_gen_current"":1,""pcie_link_gen_max"":4,""pcie_link_width_current"":16,""pcie_link_width_max"":16}]","""\t\u001b[4mGPU0\tGPU1\tGPU2\tGPU3\tNIC0\tNIC1\tNIC2\tCPU Affinity\tNUMA Affinity\tGPU NUMA ID\u001b[0m\nGPU0\t X \tSYS\tSYS\tSYS\tNODE\tSYS\tSYS\t0-31,64-95\t0\t\tN/A\nGPU1\tSYS\t X \tNODE\tNODE\tSYS\tNODE\tNODE\t32-63,96-127\t1\t\tN/A\nGPU2\tSYS\tNODE\t X \tNODE\tSYS\tNODE\tNODE\t32-63,96-127\t1\t\tN/A\nGPU3\tSYS\tNODE\tNODE\t X \tSYS\tNODE\tNODE\t32-63,96-127\t1\t\tN/A\nNIC0\tNODE\tSYS\tSYS\tSYS\t X \tSYS\tSYS\t\t\t\t\nNIC1\tSYS\tNODE\tNODE\tNODE\tSYS\t X \tPIX\t\t\t\t\nNIC2\tSYS\tNODE\tNODE\tNODE\tSYS\tPIX\t X \t\t\t\t\n\nLegend:\n\n  X    = Self\n  SYS  = Connection traversing PCIe as well as the SMP interconnect between NUMA nodes (e.g., QPI/UPI)\n  NODE = Connection traversing PCIe as well as the interconnect between PCIe Host Bridges within a NUMA node\n  PHB  = Connection traversing PCIe as well as a PCIe Host Bridge (typically the CPU)\n  PXB  = Connection traversing multiple PCIe bridges (without traversing the PCIe Host Bridge)\n  PIX  = Connection traversing at most a single PCIe bridge\n  NV#  = Connection traversing a bonded set of # NVLinks\n\nNIC Legend:\n\n  NIC0: rocep35s0f0\n  NIC1: rocep194s0f0\n  NIC2: rocep194s0f1""","{""CUDA_HOME"":""/usr/local/cuda"",""NCCL_TESTS_DIR"":""/root/nccl-tests""}"
1,p5-dense-20260828T154940Z-21cf57f,phase5,2026-08-28T15:52:42Z,measured,21cf57fd902a607407505eb9d8dfad40a82dfd91,False,unknown,,c079194dceb5,Ubuntu 24.04.3 LTS,6.14.0-33-generic,AMD EPYC 7542 32-Core Processor,128,1,NVIDIA L4,4,NODE,none-single-node,False,,12.8,570.195.03,2.25.1+cuda12.8,NCCL_DEBUG=VERSION banner,,gcc (Ubuntu 13.3.0-6ubuntu2~24.04) 13.3.0,b4d5beebca8a76cf01335f724d154b9b9d394d96,auto,,,,,,,,,,,,nccl-tests,all_reduce,float,sum,-1,262144,65536,in_place,20,50,0,full,196.62,1.33,2.0,0,True,True,True,0,env NCCL_DEBUG=VERSION  /root/nccl-tests/build/all_reduce_perf -b 16K -e 512K -f 2 -g 4 -w 20 -n 50 -c 1 -d float,results/raw/p5-dense-20260828T154940Z-21cf57f/all_reduce.auto.full.r0.stdout.txt,,"[{""index"":0,""memory_total_mib"":23034,""name"":""NVIDIA L4"",""pci_bus_id"":""00000000:61:00.0"",""pcie_link_gen_current"":1,""pcie_link_gen_max"":4,""pcie_link_width_current"":16,""pcie_link_width_max"":16},{""index"":1,""memory_total_mib"":23034,""name"":""NVIDIA L4"",""pci_bus_id"":""00000000:81:00.0"",""pcie_link_gen_current"":1,""pcie_link_gen_max"":4,""pcie_link_width_current"":16,""pcie_link_width_max"":16},{""index"":2,""memory_total_mib"":23034,""name"":""NVIDIA L4"",""pci_bus_id"":""00000000:A1:00.0"",""pcie_link_gen_current"":1,""pcie_link_gen_max"":4,""pcie_link_width_current"":16,""pcie_link_width_max"":16},{""index"":3,""memory_total_mib"":23034,""name"":""NVIDIA L4"",""pci_bus_id"":""00000000:E1:00.0"",""pcie_link_gen_current"":1,""pcie_link_gen_max"":4,""pcie_link_width_current"":16,""pcie_link_width_max"":16}]","""\t\u001b[4mGPU0\tGPU1\tGPU2\tGPU3\tNIC0\tNIC1\tNIC2\tCPU Affinity\tNUMA Affinity\tGPU NUMA ID\u001b[0m\nGPU0\t X \tSYS\tSYS\tSYS\tNODE\tSYS\tSYS\t0-31,64-95\t0\t\tN/A\nGPU1\tSYS\t X \tNODE\tNODE\tSYS\tNODE\tNODE\t32-63,96-127\t1\t\tN/A\nGPU2\tSYS\tNODE\t X \tNODE\tSYS\tNODE\tNODE\t32-63,96-127\t1\t\tN/A\nGPU3\tSYS\tNODE\tNODE\t X \tSYS\tNODE\tNODE\t32-63,96-127\t1\t\tN/A\nNIC0\tNODE\tSYS\tSYS\tSYS\t X \tSYS\tSYS\t\t\t\t\nNIC1\tSYS\tNODE\tNODE\tNODE\tSYS\t X \tPIX\t\t\t\t\nNIC2\tSYS\tNODE\tNODE\tNODE\tSYS\tPIX\t X \t\t\t\t\n\nLegend:\n\n  X    = Self\n  SYS  = Connection traversing PCIe as well as the SMP interconnect between NUMA nodes (e.g., QPI/UPI)\n  NODE = Connection traversing PCIe as well as the interconnect between PCIe Host Bridges within a NUMA node\n  PHB  = Connection traversing PCIe as well as a PCIe Host Bridge (typically the CPU)\n  PXB  = Connection traversing multiple PCIe bridges (without traversing the PCIe Host Bridge)\n  PIX  = Connection traversing at most a single PCIe bridge\n  NV#  = Connection traversing a bonded set of # NVLinks\n\nNIC Legend:\n\n  NIC0: rocep35s0f0\n  NIC1: rocep194s0f0\n  NIC2: rocep194s0f1""","{""CUDA_HOME"":""/usr/local/cuda"",""NCCL_TESTS_DIR"":""/root/nccl-tests""}"
1,p5-dense-20260828T154940Z-21cf57f,phase5,2026-08-28T15:52:42Z,measured,21cf57fd902a607407505eb9d8dfad40a82dfd91,False,unknown,,c079194dceb5,Ubuntu 24.04.3 LTS,6.14.0-33-generic,AMD EPYC 7542 32-Core Processor,128,1,NVIDIA L4,4,NODE,none-single-node,False,,12.8,570.195.03,2.25.1+cuda12.8,NCCL_DEBUG=VERSION banner,,gcc (Ubuntu 13.3.0-6ubuntu2~24.04) 13.3.0,b4d5beebca8a76cf01335f724d154b9b9d394d96,auto,,,,,,,,,,,,nccl-tests,all_reduce,float,sum,-1,524288,131072,out_of_place,20,50,0,full,272.54,1.92,2.89,0,True,True,True,0,env NCCL_DEBUG=VERSION  /root/nccl-tests/build/all_reduce_perf -b 16K -e 512K -f 2 -g 4 -w 20 -n 50 -c 1 -d float,results/raw/p5-dense-20260828T154940Z-21cf57f/all_reduce.auto.full.r0.stdout.txt,,"[{""index"":0,""memory_total_mib"":23034,""name"":""NVIDIA L4"",""pci_bus_id"":""00000000:61:00.0"",""pcie_link_gen_current"":1,""pcie_link_gen_max"":4,""pcie_link_width_current"":16,""pcie_link_width_max"":16},{""index"":1,""memory_total_mib"":23034,""name"":""NVIDIA L4"",""pci_bus_id"":""00000000:81:00.0"",""pcie_link_gen_current"":1,""pcie_link_gen_max"":4,""pcie_link_width_current"":16,""pcie_link_width_max"":16},{""index"":2,""memory_total_mib"":23034,""name"":""NVIDIA L4"",""pci_bus_id"":""00000000:A1:00.0"",""pcie_link_gen_current"":1,""pcie_link_gen_max"":4,""pcie_link_width_current"":16,""pcie_link_width_max"":16},{""index"":3,""memory_total_mib"":23034,""name"":""NVIDIA L4"",""pci_bus_id"":""00000000:E1:00.0"",""pcie_link_gen_current"":1,""pcie_link_gen_max"":4,""pcie_link_width_current"":16,""pcie_link_width_max"":16}]","""\t\u001b[4mGPU0\tGPU1\tGPU2\tGPU3\tNIC0\tNIC1\tNIC2\tCPU Affinity\tNUMA Affinity\tGPU NUMA ID\u001b[0m\nGPU0\t X \tSYS\tSYS\tSYS\tNODE\tSYS\tSYS\t0-31,64-95\t0\t\tN/A\nGPU1\tSYS\t X \tNODE\tNODE\tSYS\tNODE\tNODE\t32-63,96-127\t1\t\tN/A\nGPU2\tSYS\tNODE\t X \tNODE\tSYS\tNODE\tNODE\t32-63,96-127\t1\t\tN/A\nGPU3\tSYS\tNODE\tNODE\t X \tSYS\tNODE\tNODE\t32-63,96-127\t1\t\tN/A\nNIC0\tNODE\tSYS\tSYS\tSYS\t X \tSYS\tSYS\t\t\t\t\nNIC1\tSYS\tNODE\tNODE\tNODE\tSYS\t X \tPIX\t\t\t\t\nNIC2\tSYS\tNODE\tNODE\tNODE\tSYS\tPIX\t X \t\t\t\t\n\nLegend:\n\n  X    = Self\n  SYS  = Connection traversing PCIe as well as the SMP interconnect between NUMA nodes (e.g., QPI/UPI)\n  NODE = Connection traversing PCIe as well as the interconnect between PCIe Host Bridges within a NUMA node\n  PHB  = Connection traversing PCIe as well as a PCIe Host Bridge (typically the CPU)\n  PXB  = Connection traversing multiple PCIe bridges (without traversing the PCIe Host Bridge)\n  PIX  = Connection traversing at most a single PCIe bridge\n  NV#  = Connection traversing a bonded set of # NVLinks\n\nNIC Legend:\n\n  NIC0: rocep35s0f0\n  NIC1: rocep194s0f0\n  NIC2: rocep194s0f1""","{""CUDA_HOME"":""/usr/local/cuda"",""NCCL_TESTS_DIR"":""/root/nccl-tests""}"
1,p5-dense-20260828T154940Z-21cf57f,phase5,2026-08-28T15:52:42Z,measured,21cf57fd902a607407505eb9d8dfad40a82dfd91,False,unknown,,c079194dceb5,Ubuntu 24.04.3 LTS,6.14.0-33-generic,AMD EPYC 7542 32-Core Processor,128,1,NVIDIA L4,4,NODE,none-single-node,False,,12.8,570.195.03,2.25.1+cuda12.8,NCCL_DEBUG=VERSION banner,,gcc (Ubuntu 13.3.0-6ubuntu2~24.04) 13.3.0,b4d5beebca8a76cf01335f724d154b9b9d394d96,auto,,,,,,,,,,,,nccl-tests,all_reduce,float,sum,-1,524288,131072,in_place,20,50,0,full,265.73,1.97,2.96,0,True,True,True,0,env NCCL_DEBUG=VERSION  /root/nccl-tests/build/all_reduce_perf -b 16K -e 512K -f 2 -g 4 -w 20 -n 50 -c 1 -d float,results/raw/p5-dense-20260828T154940Z-21cf57f/all_reduce.auto.full.r0.stdout.txt,,"[{""index"":0,""memory_total_mib"":23034,""name"":""NVIDIA L4"",""pci_bus_id"":""00000000:61:00.0"",""pcie_link_gen_current"":1,""pcie_link_gen_max"":4,""pcie_link_width_current"":16,""pcie_link_width_max"":16},{""index"":1,""memory_total_mib"":23034,""name"":""NVIDIA L4"",""pci_bus_id"":""00000000:81:00.0"",""pcie_link_gen_current"":1,""pcie_link_gen_max"":4,""pcie_link_width_current"":16,""pcie_link_width_max"":16},{""index"":2,""memory_total_mib"":23034,""name"":""NVIDIA L4"",""pci_bus_id"":""00000000:A1:00.0"",""pcie_link_gen_current"":1,""pcie_link_gen_max"":4,""pcie_link_width_current"":16,""pcie_link_width_max"":16},{""index"":3,""memory_total_mib"":23034,""name"":""NVIDIA L4"",""pci_bus_id"":""00000000:E1:00.0"",""pcie_link_gen_current"":1,""pcie_link_gen_max"":4,""pcie_link_width_current"":16,""pcie_link_width_max"":16}]","""\t\u001b[4mGPU0\tGPU1\tGPU2\tGPU3\tNIC0\tNIC1\tNIC2\tCPU Affinity\tNUMA Affinity\tGPU NUMA ID\u001b[0m\nGPU0\t X \tSYS\tSYS\tSYS\tNODE\tSYS\tSYS\t0-31,64-95\t0\t\tN/A\nGPU1\tSYS\t X \tNODE\tNODE\tSYS\tNODE\tNODE\t32-63,96-127\t1\t\tN/A\nGPU2\tSYS\tNODE\t X \tNODE\tSYS\tNODE\tNODE\t32-63,96-127\t1\t\tN/A\nGPU3\tSYS\tNODE\tNODE\t X \tSYS\tNODE\tNODE\t32-63,96-127\t1\t\tN/A\nNIC0\tNODE\tSYS\tSYS\tSYS\t X \tSYS\tSYS\t\t\t\t\nNIC1\tSYS\tNODE\tNODE\tNODE\tSYS\t X \tPIX\t\t\t\t\nNIC2\tSYS\tNODE\tNODE\tNODE\tSYS\tPIX\t X \t\t\t\t\n\nLegend:\n\n  X    = Self\n  SYS  = Connection traversing PCIe as well as the SMP interconnect between NUMA nodes (e.g., QPI/UPI)\n  NODE = Connection traversing PCIe as well as the interconnect between PCIe Host Bridges within a NUMA node\n  PHB  = Connection traversing PCIe as well as a PCIe Host Bridge (typically the CPU)\n  PXB  = Connection traversing multiple PCIe bridges (without traversing the PCIe Host Bridge)\n  PIX  = Connection traversing at most a single PCIe bridge\n  NV#  = Connection traversing a bonded set of # NVLinks\n\nNIC Legend:\n\n  NIC0: rocep35s0f0\n  NIC1: rocep194s0f0\n  NIC2: rocep194s0f1""","{""CUDA_HOME"":""/usr/local/cuda"",""NCCL_TESTS_DIR"":""/root/nccl-tests""}"
1,p5-dense-20260828T154940Z-21cf57f,phase5,2026-08-28T15:52:45Z,measured,21cf57fd902a607407505eb9d8dfad40a82dfd91,False,unknown,,c079194dceb5,Ubuntu 24.04.3 LTS,6.14.0-33-generic,AMD EPYC 7542 32-Core Processor,128,1,NVIDIA L4,4,NODE,none-single-node,False,,12.8,570.195.03,2.25.1+cuda12.8,NCCL_DEBUG=VERSION banner,,gcc (Ubuntu 13.3.0-6ubuntu2~24.04) 13.3.0,b4d5beebca8a76cf01335f724d154b9b9d394d96,auto,,,,,,,,,,,,nccl-tests,all_reduce,float,sum,-1,16384,4096,out_of_place,20,50,1,full,29.55,0.55,0.83,0,True,True,True,0,env NCCL_DEBUG=VERSION  /root/nccl-tests/build/all_reduce_perf -b 16K -e 512K -f 2 -g 4 -w 20 -n 50 -c 1 -d float,results/raw/p5-dense-20260828T154940Z-21cf57f/all_reduce.auto.full.r1.stdout.txt,,"[{""index"":0,""memory_total_mib"":23034,""name"":""NVIDIA L4"",""pci_bus_id"":""00000000:61:00.0"",""pcie_link_gen_current"":1,""pcie_link_gen_max"":4,""pcie_link_width_current"":16,""pcie_link_width_max"":16},{""index"":1,""memory_total_mib"":23034,""name"":""NVIDIA L4"",""pci_bus_id"":""00000000:81:00.0"",""pcie_link_gen_current"":1,""pcie_link_gen_max"":4,""pcie_link_width_current"":16,""pcie_link_width_max"":16},{""index"":2,""memory_total_mib"":23034,""name"":""NVIDIA L4"",""pci_bus_id"":""00000000:A1:00.0"",""pcie_link_gen_current"":1,""pcie_link_gen_max"":4,""pcie_link_width_current"":16,""pcie_link_width_max"":16},{""index"":3,""memory_total_mib"":23034,""name"":""NVIDIA L4"",""pci_bus_id"":""00000000:E1:00.0"",""pcie_link_gen_current"":1,""pcie_link_gen_max"":4,""pcie_link_width_current"":16,""pcie_link_width_max"":16}]","""\t\u001b[4mGPU0\tGPU1\tGPU2\tGPU3\tNIC0\tNIC1\tNIC2\tCPU Affinity\tNUMA Affinity\tGPU NUMA ID\u001b[0m\nGPU0\t X \tSYS\tSYS\tSYS\tNODE\tSYS\tSYS\t0-31,64-95\t0\t\tN/A\nGPU1\tSYS\t X \tNODE\tNODE\tSYS\tNODE\tNODE\t32-63,96-127\t1\t\tN/A\nGPU2\tSYS\tNODE\t X \tNODE\tSYS\tNODE\tNODE\t32-63,96-127\t1\t\tN/A\nGPU3\tSYS\tNODE\tNODE\t X \tSYS\tNODE\tNODE\t32-63,96-127\t1\t\tN/A\nNIC0\tNODE\tSYS\tSYS\tSYS\t X \tSYS\tSYS\t\t\t\t\nNIC1\tSYS\tNODE\tNODE\tNODE\tSYS\t X \tPIX\t\t\t\t\nNIC2\tSYS\tNODE\tNODE\tNODE\tSYS\tPIX\t X \t\t\t\t\n\nLegend:\n\n  X    = Self\n  SYS  = Connection traversing PCIe as well as the SMP interconnect between NUMA nodes (e.g., QPI/UPI)\n  NODE = Connection traversing PCIe as well as the interconnect between PCIe Host Bridges within a NUMA node\n  PHB  = Connection traversing PCIe as well as a PCIe Host Bridge (typically the CPU)\n  PXB  = Connection traversing multiple PCIe bridges (without traversing the PCIe Host Bridge)\n  PIX  = Connection traversing at most a single PCIe bridge\n  NV#  = Connection traversing a bonded set of # NVLinks\n\nNIC Legend:\n\n  NIC0: rocep35s0f0\n  NIC1: rocep194s0f0\n  NIC2: rocep194s0f1""","{""CUDA_HOME"":""/usr/local/cuda"",""NCCL_TESTS_DIR"":""/root/nccl-tests""}"
1,p5-dense-20260828T154940Z-21cf57f,phase5,2026-08-28T15:52:45Z,measured,21cf57fd902a607407505eb9d8dfad40a82dfd91,False,unknown,,c079194dceb5,Ubuntu 24.04.3 LTS,6.14.0-33-generic,AMD EPYC 7542 32-Core Processor,128,1,NVIDIA L4,4,NODE,none-single-node,False,,12.8,570.195.03,2.25.1+cuda12.8,NCCL_DEBUG=VERSION banner,,gcc (Ubuntu 13.3.0-6ubuntu2~24.04) 13.3.0,b4d5beebca8a76cf01335f724d154b9b9d394d96,auto,,,,,,,,,,,,nccl-tests,all_reduce,float,sum,-1,16384,4096,in_place,20,50,1,full,29.28,0.56,0.84,0,True,True,True,0,env NCCL_DEBUG=VERSION  /root/nccl-tests/build/all_reduce_perf -b 16K -e 512K -f 2 -g 4 -w 20 -n 50 -c 1 -d float,results/raw/p5-dense-20260828T154940Z-21cf57f/all_reduce.auto.full.r1.stdout.txt,,"[{""index"":0,""memory_total_mib"":23034,""name"":""NVIDIA L4"",""pci_bus_id"":""00000000:61:00.0"",""pcie_link_gen_current"":1,""pcie_link_gen_max"":4,""pcie_link_width_current"":16,""pcie_link_width_max"":16},{""index"":1,""memory_total_mib"":23034,""name"":""NVIDIA L4"",""pci_bus_id"":""00000000:81:00.0"",""pcie_link_gen_current"":1,""pcie_link_gen_max"":4,""pcie_link_width_current"":16,""pcie_link_width_max"":16},{""index"":2,""memory_total_mib"":23034,""name"":""NVIDIA L4"",""pci_bus_id"":""00000000:A1:00.0"",""pcie_link_gen_current"":1,""pcie_link_gen_max"":4,""pcie_link_width_current"":16,""pcie_link_width_max"":16},{""index"":3,""memory_total_mib"":23034,""name"":""NVIDIA L4"",""pci_bus_id"":""00000000:E1:00.0"",""pcie_link_gen_current"":1,""pcie_link_gen_max"":4,""pcie_link_width_current"":16,""pcie_link_width_max"":16}]","""\t\u001b[4mGPU0\tGPU1\tGPU2\tGPU3\tNIC0\tNIC1\tNIC2\tCPU Affinity\tNUMA Affinity\tGPU NUMA ID\u001b[0m\nGPU0\t X \tSYS\tSYS\tSYS\tNODE\tSYS\tSYS\t0-31,64-95\t0\t\tN/A\nGPU1\tSYS\t X \tNODE\tNODE\tSYS\tNODE\tNODE\t32-63,96-127\t1\t\tN/A\nGPU2\tSYS\tNODE\t X \tNODE\tSYS\tNODE\tNODE\t32-63,96-127\t1\t\tN/A\nGPU3\tSYS\tNODE\tNODE\t X \tSYS\tNODE\tNODE\t32-63,96-127\t1\t\tN/A\nNIC0\tNODE\tSYS\tSYS\tSYS\t X \tSYS\tSYS\t\t\t\t\nNIC1\tSYS\tNODE\tNODE\tNODE\tSYS\t X \tPIX\t\t\t\t\nNIC2\tSYS\tNODE\tNODE\tNODE\tSYS\tPIX\t X \t\t\t\t\n\nLegend:\n\n  X    = Self\n  SYS  = Connection traversing PCIe as well as the SMP interconnect between NUMA nodes (e.g., QPI/UPI)\n  NODE = Connection traversing PCIe as well as the interconnect between PCIe Host Bridges within a NUMA node\n  PHB  = Connection traversing PCIe as well as a PCIe Host Bridge (typically the CPU)\n  PXB  = Connection traversing multiple PCIe bridges (without traversing the PCIe Host Bridge)\n  PIX  = Connection traversing at most a single PCIe bridge\n  NV#  = Connection traversing a bonded set of # NVLinks\n\nNIC Legend:\n\n  NIC0: rocep35s0f0\n  NIC1: rocep194s0f0\n  NIC2: rocep194s0f1""","{""CUDA_HOME"":""/usr/local/cuda"",""NCCL_TESTS_DIR"":""/root/nccl-tests""}"
1,p5-dense-20260828T154940Z-21cf57f,phase5,2026-08-28T15:52:45Z,measured,21cf57fd902a607407505eb9d8dfad40a82dfd91,False,unknown,,c079194dceb5,Ubuntu 24.04.3 LTS,6.14.0-33-generic,AMD EPYC 7542 32-Core Processor,128,1,NVIDIA L4,4,NODE,none-single-node,False,,12.8,570.195.03,2.25.1+cuda12.8,NCCL_DEBUG=VERSION banner,,gcc (Ubuntu 13.3.0-6ubuntu2~24.04) 13.3.0,b4d5beebca8a76cf01335f724d154b9b9d394d96,auto,,,,,,,,,,,,nccl-tests,all_reduce,float,sum,-1,32768,8192,out_of_place,20,50,1,full,40.19,0.82,1.22,0,True,True,True,0,env NCCL_DEBUG=VERSION  /root/nccl-tests/build/all_reduce_perf -b 16K -e 512K -f 2 -g 4 -w 20 -n 50 -c 1 -d float,results/raw/p5-dense-20260828T154940Z-21cf57f/all_reduce.auto.full.r1.stdout.txt,,"[{""index"":0,""memory_total_mib"":23034,""name"":""NVIDIA L4"",""pci_bus_id"":""00000000:61:00.0"",""pcie_link_gen_current"":1,""pcie_link_gen_max"":4,""pcie_link_width_current"":16,""pcie_link_width_max"":16},{""index"":1,""memory_total_mib"":23034,""name"":""NVIDIA L4"",""pci_bus_id"":""00000000:81:00.0"",""pcie_link_gen_current"":1,""pcie_link_gen_max"":4,""pcie_link_width_current"":16,""pcie_link_width_max"":16},{""index"":2,""memory_total_mib"":23034,""name"":""NVIDIA L4"",""pci_bus_id"":""00000000:A1:00.0"",""pcie_link_gen_current"":1,""pcie_link_gen_max"":4,""pcie_link_width_current"":16,""pcie_link_width_max"":16},{""index"":3,""memory_total_mib"":23034,""name"":""NVIDIA L4"",""pci_bus_id"":""00000000:E1:00.0"",""pcie_link_gen_current"":1,""pcie_link_gen_max"":4,""pcie_link_width_current"":16,""pcie_link_width_max"":16}]","""\t\u001b[4mGPU0\tGPU1\tGPU2\tGPU3\tNIC0\tNIC1\tNIC2\tCPU Affinity\tNUMA Affinity\tGPU NUMA ID\u001b[0m\nGPU0\t X \tSYS\tSYS\tSYS\tNODE\tSYS\tSYS\t0-31,64-95\t0\t\tN/A\nGPU1\tSYS\t X \tNODE\tNODE\tSYS\tNODE\tNODE\t32-63,96-127\t1\t\tN/A\nGPU2\tSYS\tNODE\t X \tNODE\tSYS\tNODE\tNODE\t32-63,96-127\t1\t\tN/A\nGPU3\tSYS\tNODE\tNODE\t X \tSYS\tNODE\tNODE\t32-63,96-127\t1\t\tN/A\nNIC0\tNODE\tSYS\tSYS\tSYS\t X \tSYS\tSYS\t\t\t\t\nNIC1\tSYS\tNODE\tNODE\tNODE\tSYS\t X \tPIX\t\t\t\t\nNIC2\tSYS\tNODE\tNODE\tNODE\tSYS\tPIX\t X \t\t\t\t\n\nLegend:\n\n  X    = Self\n  SYS  = Connection traversing PCIe as well as the SMP interconnect between NUMA nodes (e.g., QPI/UPI)\n  NODE = Connection traversing PCIe as well as the interconnect between PCIe Host Bridges within a NUMA node\n  PHB  = Connection traversing PCIe as well as a PCIe Host Bridge (typically the CPU)\n  PXB  = Connection traversing multiple PCIe bridges (without traversing the PCIe Host Bridge)\n  PIX  = Connection traversing at most a single PCIe bridge\n  NV#  = Connection traversing a bonded set of # NVLinks\n\nNIC Legend:\n\n  NIC0: rocep35s0f0\n  NIC1: rocep194s0f0\n  NIC2: rocep194s0f1""","{""CUDA_HOME"":""/usr/local/cuda"",""NCCL_TESTS_DIR"":""/root/nccl-tests""}"
1,p5-dense-20260828T154940Z-21cf57f,phase5,2026-08-28T15:52:45Z,measured,21cf57fd902a607407505eb9d8dfad40a82dfd91,False,unknown,,c079194dceb5,Ubuntu 24.04.3 LTS,6.14.0-33-generic,AMD EPYC 7542 32-Core Processor,128,1,NVIDIA L4,4,NODE,none-single-node,False,,12.8,570.195.03,2.25.1+cuda12.8,NCCL_DEBUG=VERSION banner,,gcc (Ubuntu 13.3.0-6ubuntu2~24.04) 13.3.0,b4d5beebca8a76cf01335f724d154b9b9d394d96,auto,,,,,,,,,,,,nccl-tests,all_reduce,float,sum,-1,32768,8192,in_place,20,50,1,full,32.58,1.01,1.51,0,True,True,True,0,env NCCL_DEBUG=VERSION  /root/nccl-tests/build/all_reduce_perf -b 16K -e 512K -f 2 -g 4 -w 20 -n 50 -c 1 -d float,results/raw/p5-dense-20260828T154940Z-21cf57f/all_reduce.auto.full.r1.stdout.txt,,"[{""index"":0,""memory_total_mib"":23034,""name"":""NVIDIA L4"",""pci_bus_id"":""00000000:61:00.0"",""pcie_link_gen_current"":1,""pcie_link_gen_max"":4,""pcie_link_width_current"":16,""pcie_link_width_max"":16},{""index"":1,""memory_total_mib"":23034,""name"":""NVIDIA L4"",""pci_bus_id"":""00000000:81:00.0"",""pcie_link_gen_current"":1,""pcie_link_gen_max"":4,""pcie_link_width_current"":16,""pcie_link_width_max"":16},{""index"":2,""memory_total_mib"":23034,""name"":""NVIDIA L4"",""pci_bus_id"":""00000000:A1:00.0"",""pcie_link_gen_current"":1,""pcie_link_gen_max"":4,""pcie_link_width_current"":16,""pcie_link_width_max"":16},{""index"":3,""memory_total_mib"":23034,""name"":""NVIDIA L4"",""pci_bus_id"":""00000000:E1:00.0"",""pcie_link_gen_current"":1,""pcie_link_gen_max"":4,""pcie_link_width_current"":16,""pcie_link_width_max"":16}]","""\t\u001b[4mGPU0\tGPU1\tGPU2\tGPU3\tNIC0\tNIC1\tNIC2\tCPU Affinity\tNUMA Affinity\tGPU NUMA ID\u001b[0m\nGPU0\t X \tSYS\tSYS\tSYS\tNODE\tSYS\tSYS\t0-31,64-95\t0\t\tN/A\nGPU1\tSYS\t X \tNODE\tNODE\tSYS\tNODE\tNODE\t32-63,96-127\t1\t\tN/A\nGPU2\tSYS\tNODE\t X \tNODE\tSYS\tNODE\tNODE\t32-63,96-127\t1\t\tN/A\nGPU3\tSYS\tNODE\tNODE\t X \tSYS\tNODE\tNODE\t32-63,96-127\t1\t\tN/A\nNIC0\tNODE\tSYS\tSYS\tSYS\t X \tSYS\tSYS\t\t\t\t\nNIC1\tSYS\tNODE\tNODE\tNODE\tSYS\t X \tPIX\t\t\t\t\nNIC2\tSYS\tNODE\tNODE\tNODE\tSYS\tPIX\t X \t\t\t\t\n\nLegend:\n\n  X    = Self\n  SYS  = Connection traversing PCIe as well as the SMP interconnect between NUMA nodes (e.g., QPI/UPI)\n  NODE = Connection traversing PCIe as well as the interconnect between PCIe Host Bridges within a NUMA node\n  PHB  = Connection traversing PCIe as well as a PCIe Host Bridge (typically the CPU)\n  PXB  = Connection traversing multiple PCIe bridges (without traversing the PCIe Host Bridge)\n  PIX  = Connection traversing at most a single PCIe bridge\n  NV#  = Connection traversing a bonded set of # NVLinks\n\nNIC Legend:\n\n  NIC0: rocep35s0f0\n  NIC1: rocep194s0f0\n  NIC2: rocep194s0f1""","{""CUDA_HOME"":""/usr/local/cuda"",""NCCL_TESTS_DIR"":""/root/nccl-tests""}"
1,p5-dense-20260828T154940Z-21cf57f,phase5,2026-08-28T15:52:45Z,measured,21cf57fd902a607407505eb9d8dfad40a82dfd91,False,unknown,,c079194dceb5,Ubuntu 24.04.3 LTS,6.14.0-33-generic,AMD EPYC 7542 32-Core Processor,128,1,NVIDIA L4,4,NODE,none-single-node,False,,12.8,570.195.03,2.25.1+cuda12.8,NCCL_DEBUG=VERSION banner,,gcc (Ubuntu 13.3.0-6ubuntu2~24.04) 13.3.0,b4d5beebca8a76cf01335f724d154b9b9d394d96,auto,,,,,,,,,,,,nccl-tests,all_reduce,float,sum,-1,65536,16384,out_of_place,20,50,1,full,52.78,1.24,1.86,0,True,True,True,0,env NCCL_DEBUG=VERSION  /root/nccl-tests/build/all_reduce_perf -b 16K -e 512K -f 2 -g 4 -w 20 -n 50 -c 1 -d float,results/raw/p5-dense-20260828T154940Z-21cf57f/all_reduce.auto.full.r1.stdout.txt,,"[{""index"":0,""memory_total_mib"":23034,""name"":""NVIDIA L4"",""pci_bus_id"":""00000000:61:00.0"",""pcie_link_gen_current"":1,""pcie_link_gen_max"":4,""pcie_link_width_current"":16,""pcie_link_width_max"":16},{""index"":1,""memory_total_mib"":23034,""name"":""NVIDIA L4"",""pci_bus_id"":""00000000:81:00.0"",""pcie_link_gen_current"":1,""pcie_link_gen_max"":4,""pcie_link_width_current"":16,""pcie_link_width_max"":16},{""index"":2,""memory_total_mib"":23034,""name"":""NVIDIA L4"",""pci_bus_id"":""00000000:A1:00.0"",""pcie_link_gen_current"":1,""pcie_link_gen_max"":4,""pcie_link_width_current"":16,""pcie_link_width_max"":16},{""index"":3,""memory_total_mib"":23034,""name"":""NVIDIA L4"",""pci_bus_id"":""00000000:E1:00.0"",""pcie_link_gen_current"":1,""pcie_link_gen_max"":4,""pcie_link_width_current"":16,""pcie_link_width_max"":16}]","""\t\u001b[4mGPU0\tGPU1\tGPU2\tGPU3\tNIC0\tNIC1\tNIC2\tCPU Affinity\tNUMA Affinity\tGPU NUMA ID\u001b[0m\nGPU0\t X \tSYS\tSYS\tSYS\tNODE\tSYS\tSYS\t0-31,64-95\t0\t\tN/A\nGPU1\tSYS\t X \tNODE\tNODE\tSYS\tNODE\tNODE\t32-63,96-127\t1\t\tN/A\nGPU2\tSYS\tNODE\t X \tNODE\tSYS\tNODE\tNODE\t32-63,96-127\t1\t\tN/A\nGPU3\tSYS\tNODE\tNODE\t X \tSYS\tNODE\tNODE\t32-63,96-127\t1\t\tN/A\nNIC0\tNODE\tSYS\tSYS\tSYS\t X \tSYS\tSYS\t\t\t\t\nNIC1\tSYS\tNODE\tNODE\tNODE\tSYS\t X \tPIX\t\t\t\t\nNIC2\tSYS\tNODE\tNODE\tNODE\tSYS\tPIX\t X \t\t\t\t\n\nLegend:\n\n  X    = Self\n  SYS  = Connection traversing PCIe as well as the SMP interconnect between NUMA nodes (e.g., QPI/UPI)\n  NODE = Connection traversing PCIe as well as the interconnect between PCIe Host Bridges within a NUMA node\n  PHB  = Connection traversing PCIe as well as a PCIe Host Bridge (typically the CPU)\n  PXB  = Connection traversing multiple PCIe bridges (without traversing the PCIe Host Bridge)\n  PIX  = Connection traversing at most a single PCIe bridge\n  NV#  = Connection traversing a bonded set of # NVLinks\n\nNIC Legend:\n\n  NIC0: rocep35s0f0\n  NIC1: rocep194s0f0\n  NIC2: rocep194s0f1""","{""CUDA_HOME"":""/usr/local/cuda"",""NCCL_TESTS_DIR"":""/root/nccl-tests""}"
1,p5-dense-20260828T154940Z-21cf57f,phase5,2026-08-28T15:52:45Z,measured,21cf57fd902a607407505eb9d8dfad40a82dfd91,False,unknown,,c079194dceb5,Ubuntu 24.04.3 LTS,6.14.0-33-generic,AMD EPYC 7542 32-Core Processor,128,1,NVIDIA L4,4,NODE,none-single-node,False,,12.8,570.195.03,2.25.1+cuda12.8,NCCL_DEBUG=VERSION banner,,gcc (Ubuntu 13.3.0-6ubuntu2~24.04) 13.3.0,b4d5beebca8a76cf01335f724d154b9b9d394d96,auto,,,,,,,,,,,,nccl-tests,all_reduce,float,sum,-1,65536,16384,in_place,20,50,1,full,54.56,1.2,1.8,0,True,True,True,0,env NCCL_DEBUG=VERSION  /root/nccl-tests/build/all_reduce_perf -b 16K -e 512K -f 2 -g 4 -w 20 -n 50 -c 1 -d float,results/raw/p5-dense-20260828T154940Z-21cf57f/all_reduce.auto.full.r1.stdout.txt,,"[{""index"":0,""memory_total_mib"":23034,""name"":""NVIDIA L4"",""pci_bus_id"":""00000000:61:00.0"",""pcie_link_gen_current"":1,""pcie_link_gen_max"":4,""pcie_link_width_current"":16,""pcie_link_width_max"":16},{""index"":1,""memory_total_mib"":23034,""name"":""NVIDIA L4"",""pci_bus_id"":""00000000:81:00.0"",""pcie_link_gen_current"":1,""pcie_link_gen_max"":4,""pcie_link_width_current"":16,""pcie_link_width_max"":16},{""index"":2,""memory_total_mib"":23034,""name"":""NVIDIA L4"",""pci_bus_id"":""00000000:A1:00.0"",""pcie_link_gen_current"":1,""pcie_link_gen_max"":4,""pcie_link_width_current"":16,""pcie_link_width_max"":16},{""index"":3,""memory_total_mib"":23034,""name"":""NVIDIA L4"",""pci_bus_id"":""00000000:E1:00.0"",""pcie_link_gen_current"":1,""pcie_link_gen_max"":4,""pcie_link_width_current"":16,""pcie_link_width_max"":16}]","""\t\u001b[4mGPU0\tGPU1\tGPU2\tGPU3\tNIC0\tNIC1\tNIC2\tCPU Affinity\tNUMA Affinity\tGPU NUMA ID\u001b[0m\nGPU0\t X \tSYS\tSYS\tSYS\tNODE\tSYS\tSYS\t0-31,64-95\t0\t\tN/A\nGPU1\tSYS\t X \tNODE\tNODE\tSYS\tNODE\tNODE\t32-63,96-127\t1\t\tN/A\nGPU2\tSYS\tNODE\t X \tNODE\tSYS\tNODE\tNODE\t32-63,96-127\t1\t\tN/A\nGPU3\tSYS\tNODE\tNODE\t X \tSYS\tNODE\tNODE\t32-63,96-127\t1\t\tN/A\nNIC0\tNODE\tSYS\tSYS\tSYS\t X \tSYS\tSYS\t\t\t\t\nNIC1\tSYS\tNODE\tNODE\tNODE\tSYS\t X \tPIX\t\t\t\t\nNIC2\tSYS\tNODE\tNODE\tNODE\tSYS\tPIX\t X \t\t\t\t\n\nLegend:\n\n  X    = Self\n  SYS  = Connection traversing PCIe as well as the SMP interconnect between NUMA nodes (e.g., QPI/UPI)\n  NODE = Connection traversing PCIe as well as the interconnect between PCIe Host Bridges within a NUMA node\n  PHB  = Connection traversing PCIe as well as a PCIe Host Bridge (typically the CPU)\n  PXB  = Connection traversing multiple PCIe bridges (without traversing the PCIe Host Bridge)\n  PIX  = Connection traversing at most a single PCIe bridge\n  NV#  = Connection traversing a bonded set of # NVLinks\n\nNIC Legend:\n\n  NIC0: rocep35s0f0\n  NIC1: rocep194s0f0\n  NIC2: rocep194s0f1""","{""CUDA_HOME"":""/usr/local/cuda"",""NCCL_TESTS_DIR"":""/root/nccl-tests""}"
1,p5-dense-20260828T154940Z-21cf57f,phase5,2026-08-28T15:52:45Z,measured,21cf57fd902a607407505eb9d8dfad40a82dfd91,False,unknown,,c079194dceb5,Ubuntu 24.04.3 LTS,6.14.0-33-generic,AMD EPYC 7542 32-Core Processor,128,1,NVIDIA L4,4,NODE,none-single-node,False,,12.8,570.195.03,2.25.1+cuda12.8,NCCL_DEBUG=VERSION banner,,gcc (Ubuntu 13.3.0-6ubuntu2~24.04) 13.3.0,b4d5beebca8a76cf01335f724d154b9b9d394d96,auto,,,,,,,,,,,,nccl-tests,all_reduce,float,sum,-1,131072,32768,out_of_place,20,50,1,full,110.77,1.18,1.77,0,True,True,True,0,env NCCL_DEBUG=VERSION  /root/nccl-tests/build/all_reduce_perf -b 16K -e 512K -f 2 -g 4 -w 20 -n 50 -c 1 -d float,results/raw/p5-dense-20260828T154940Z-21cf57f/all_reduce.auto.full.r1.stdout.txt,,"[{""index"":0,""memory_total_mib"":23034,""name"":""NVIDIA L4"",""pci_bus_id"":""00000000:61:00.0"",""pcie_link_gen_current"":1,""pcie_link_gen_max"":4,""pcie_link_width_current"":16,""pcie_link_width_max"":16},{""index"":1,""memory_total_mib"":23034,""name"":""NVIDIA L4"",""pci_bus_id"":""00000000:81:00.0"",""pcie_link_gen_current"":1,""pcie_link_gen_max"":4,""pcie_link_width_current"":16,""pcie_link_width_max"":16},{""index"":2,""memory_total_mib"":23034,""name"":""NVIDIA L4"",""pci_bus_id"":""00000000:A1:00.0"",""pcie_link_gen_current"":1,""pcie_link_gen_max"":4,""pcie_link_width_current"":16,""pcie_link_width_max"":16},{""index"":3,""memory_total_mib"":23034,""name"":""NVIDIA L4"",""pci_bus_id"":""00000000:E1:00.0"",""pcie_link_gen_current"":1,""pcie_link_gen_max"":4,""pcie_link_width_current"":16,""pcie_link_width_max"":16}]","""\t\u001b[4mGPU0\tGPU1\tGPU2\tGPU3\tNIC0\tNIC1\tNIC2\tCPU Affinity\tNUMA Affinity\tGPU NUMA ID\u001b[0m\nGPU0\t X \tSYS\tSYS\tSYS\tNODE\tSYS\tSYS\t0-31,64-95\t0\t\tN/A\nGPU1\tSYS\t X \tNODE\tNODE\tSYS\tNODE\tNODE\t32-63,96-127\t1\t\tN/A\nGPU2\tSYS\tNODE\t X \tNODE\tSYS\tNODE\tNODE\t32-63,96-127\t1\t\tN/A\nGPU3\tSYS\tNODE\tNODE\t X \tSYS\tNODE\tNODE\t32-63,96-127\t1\t\tN/A\nNIC0\tNODE\tSYS\tSYS\tSYS\t X \tSYS\tSYS\t\t\t\t\nNIC1\tSYS\tNODE\tNODE\tNODE\tSYS\t X \tPIX\t\t\t\t\nNIC2\tSYS\tNODE\tNODE\tNODE\tSYS\tPIX\t X \t\t\t\t\n\nLegend:\n\n  X    = Self\n  SYS  = Connection traversing PCIe as well as the SMP interconnect between NUMA nodes (e.g., QPI/UPI)\n  NODE = Connection traversing PCIe as well as the interconnect between PCIe Host Bridges within a NUMA node\n  PHB  = Connection traversing PCIe as well as a PCIe Host Bridge (typically the CPU)\n  PXB  = Connection traversing multiple PCIe bridges (without traversing the PCIe Host Bridge)\n  PIX  = Connection traversing at most a single PCIe bridge\n  NV#  = Connection traversing a bonded set of # NVLinks\n\nNIC Legend:\n\n  NIC0: rocep35s0f0\n  NIC1: rocep194s0f0\n  NIC2: rocep194s0f1""","{""CUDA_HOME"":""/usr/local/cuda"",""NCCL_TESTS_DIR"":""/root/nccl-tests""}"
1,p5-dense-20260828T154940Z-21cf57f,phase5,2026-08-28T15:52:45Z,measured,21cf57fd902a607407505eb9d8dfad40a82dfd91,False,unknown,,c079194dceb5,Ubuntu 24.04.3 LTS,6.14.0-33-generic,AMD EPYC 7542 32-Core Processor,128,1,NVIDIA L4,4,NODE,none-single-node,False,,12.8,570.195.03,2.25.1+cuda12.8,NCCL_DEBUG=VERSION banner,,gcc (Ubuntu 13.3.0-6ubuntu2~24.04) 13.3.0,b4d5beebca8a76cf01335f724d154b9b9d394d96,auto,,,,,,,,,,,,nccl-tests,all_reduce,float,sum,-1,131072,32768,in_place,20,50,1,full,101.78,1.29,1.93,0,True,True,True,0,env NCCL_DEBUG=VERSION  /root/nccl-tests/build/all_reduce_perf -b 16K -e 512K -f 2 -g 4 -w 20 -n 50 -c 1 -d float,results/raw/p5-dense-20260828T154940Z-21cf57f/all_reduce.auto.full.r1.stdout.txt,,"[{""index"":0,""memory_total_mib"":23034,""name"":""NVIDIA L4"",""pci_bus_id"":""00000000:61:00.0"",""pcie_link_gen_current"":1,""pcie_link_gen_max"":4,""pcie_link_width_current"":16,""pcie_link_width_max"":16},{""index"":1,""memory_total_mib"":23034,""name"":""NVIDIA L4"",""pci_bus_id"":""00000000:81:00.0"",""pcie_link_gen_current"":1,""pcie_link_gen_max"":4,""pcie_link_width_current"":16,""pcie_link_width_max"":16},{""index"":2,""memory_total_mib"":23034,""name"":""NVIDIA L4"",""pci_bus_id"":""00000000:A1:00.0"",""pcie_link_gen_current"":1,""pcie_link_gen_max"":4,""pcie_link_width_current"":16,""pcie_link_width_max"":16},{""index"":3,""memory_total_mib"":23034,""name"":""NVIDIA L4"",""pci_bus_id"":""00000000:E1:00.0"",""pcie_link_gen_current"":1,""pcie_link_gen_max"":4,""pcie_link_width_current"":16,""pcie_link_width_max"":16}]","""\t\u001b[4mGPU0\tGPU1\tGPU2\tGPU3\tNIC0\tNIC1\tNIC2\tCPU Affinity\tNUMA Affinity\tGPU NUMA ID\u001b[0m\nGPU0\t X \tSYS\tSYS\tSYS\tNODE\tSYS\tSYS\t0-31,64-95\t0\t\tN/A\nGPU1\tSYS\t X \tNODE\tNODE\tSYS\tNODE\tNODE\t32-63,96-127\t1\t\tN/A\nGPU2\tSYS\tNODE\t X \tNODE\tSYS\tNODE\tNODE\t32-63,96-127\t1\t\tN/A\nGPU3\tSYS\tNODE\tNODE\t X \tSYS\tNODE\tNODE\t32-63,96-127\t1\t\tN/A\nNIC0\tNODE\tSYS\tSYS\tSYS\t X \tSYS\tSYS\t\t\t\t\nNIC1\tSYS\tNODE\tNODE\tNODE\tSYS\t X \tPIX\t\t\t\t\nNIC2\tSYS\tNODE\tNODE\tNODE\tSYS\tPIX\t X \t\t\t\t\n\nLegend:\n\n  X    = Self\n  SYS  = Connection traversing PCIe as well as the SMP interconnect between NUMA nodes (e.g., QPI/UPI)\n  NODE = Connection traversing PCIe as well as the interconnect between PCIe Host Bridges within a NUMA node\n  PHB  = Connection traversing PCIe as well as a PCIe Host Bridge (typically the CPU)\n  PXB  = Connection traversing multiple PCIe bridges (without traversing the PCIe Host Bridge)\n  PIX  = Connection traversing at most a single PCIe bridge\n  NV#  = Connection traversing a bonded set of # NVLinks\n\nNIC Legend:\n\n  NIC0: rocep35s0f0\n  NIC1: rocep194s0f0\n  NIC2: rocep194s0f1""","{""CUDA_HOME"":""/usr/local/cuda"",""NCCL_TESTS_DIR"":""/root/nccl-tests""}"
1,p5-dense-20260828T154940Z-21cf57f,phase5,2026-08-28T15:52:45Z,measured,21cf57fd902a607407505eb9d8dfad40a82dfd91,False,unknown,,c079194dceb5,Ubuntu 24.04.3 LTS,6.14.0-33-generic,AMD EPYC 7542 32-Core Processor,128,1,NVIDIA L4,4,NODE,none-single-node,False,,12.8,570.195.03,2.25.1+cuda12.8,NCCL_DEBUG=VERSION banner,,gcc (Ubuntu 13.3.0-6ubuntu2~24.04) 13.3.0,b4d5beebca8a76cf01335f724d154b9b9d394d96,auto,,,,,,,,,,,,nccl-tests,all_reduce,float,sum,-1,262144,65536,out_of_place,20,50,1,full,210.72,1.24,1.87,0,True,True,True,0,env NCCL_DEBUG=VERSION  /root/nccl-tests/build/all_reduce_perf -b 16K -e 512K -f 2 -g 4 -w 20 -n 50 -c 1 -d float,results/raw/p5-dense-20260828T154940Z-21cf57f/all_reduce.auto.full.r1.stdout.txt,,"[{""index"":0,""memory_total_mib"":23034,""name"":""NVIDIA L4"",""pci_bus_id"":""00000000:61:00.0"",""pcie_link_gen_current"":1,""pcie_link_gen_max"":4,""pcie_link_width_current"":16,""pcie_link_width_max"":16},{""index"":1,""memory_total_mib"":23034,""name"":""NVIDIA L4"",""pci_bus_id"":""00000000:81:00.0"",""pcie_link_gen_current"":1,""pcie_link_gen_max"":4,""pcie_link_width_current"":16,""pcie_link_width_max"":16},{""index"":2,""memory_total_mib"":23034,""name"":""NVIDIA L4"",""pci_bus_id"":""00000000:A1:00.0"",""pcie_link_gen_current"":1,""pcie_link_gen_max"":4,""pcie_link_width_current"":16,""pcie_link_width_max"":16},{""index"":3,""memory_total_mib"":23034,""name"":""NVIDIA L4"",""pci_bus_id"":""00000000:E1:00.0"",""pcie_link_gen_current"":1,""pcie_link_gen_max"":4,""pcie_link_width_current"":16,""pcie_link_width_max"":16}]","""\t\u001b[4mGPU0\tGPU1\tGPU2\tGPU3\tNIC0\tNIC1\tNIC2\tCPU Affinity\tNUMA Affinity\tGPU NUMA ID\u001b[0m\nGPU0\t X \tSYS\tSYS\tSYS\tNODE\tSYS\tSYS\t0-31,64-95\t0\t\tN/A\nGPU1\tSYS\t X \tNODE\tNODE\tSYS\tNODE\tNODE\t32-63,96-127\t1\t\tN/A\nGPU2\tSYS\tNODE\t X \tNODE\tSYS\tNODE\tNODE\t32-63,96-127\t1\t\tN/A\nGPU3\tSYS\tNODE\tNODE\t X \tSYS\tNODE\tNODE\t32-63,96-127\t1\t\tN/A\nNIC0\tNODE\tSYS\tSYS\tSYS\t X \tSYS\tSYS\t\t\t\t\nNIC1\tSYS\tNODE\tNODE\tNODE\tSYS\t X \tPIX\t\t\t\t\nNIC2\tSYS\tNODE\tNODE\tNODE\tSYS\tPIX\t X \t\t\t\t\n\nLegend:\n\n  X    = Self\n  SYS  = Connection traversing PCIe as well as the SMP interconnect between NUMA nodes (e.g., QPI/UPI)\n  NODE = Connection traversing PCIe as well as the interconnect between PCIe Host Bridges within a NUMA node\n  PHB  = Connection traversing PCIe as well as a PCIe Host Bridge (typically the CPU)\n  PXB  = Connection traversing multiple PCIe bridges (without traversing the PCIe Host Bridge)\n  PIX  = Connection traversing at most a single PCIe bridge\n  NV#  = Connection traversing a bonded set of # NVLinks\n\nNIC Legend:\n\n  NIC0: rocep35s0f0\n  NIC1: rocep194s0f0\n  NIC2: rocep194s0f1""","{""CUDA_HOME"":""/usr/local/cuda"",""NCCL_TESTS_DIR"":""/root/nccl-tests""}"
1,p5-dense-20260828T154940Z-21cf57f,phase5,2026-08-28T15:52:45Z,measured,21cf57fd902a607407505eb9d8dfad40a82dfd91,False,unknown,,c079194dceb5,Ubuntu 24.04.3 LTS,6.14.0-33-generic,AMD EPYC 7542 32-Core Processor,128,1,NVIDIA L4,4,NODE,none-single-node,False,,12.8,570.195.03,2.25.1+cuda12.8,NCCL_DEBUG=VERSION banner,,gcc (Ubuntu 13.3.0-6ubuntu2~24.04) 13.3.0,b4d5beebca8a76cf01335f724d154b9b9d394d96,auto,,,,,,,,,,,,nccl-tests,all_reduce,float,sum,-1,262144,65536,in_place,20,50,1,full,199.75,1.31,1.97,0,True,True,True,0,env NCCL_DEBUG=VERSION  /root/nccl-tests/build/all_reduce_perf -b 16K -e 512K -f 2 -g 4 -w 20 -n 50 -c 1 -d float,results/raw/p5-dense-20260828T154940Z-21cf57f/all_reduce.auto.full.r1.stdout.txt,,"[{""index"":0,""memory_total_mib"":23034,""name"":""NVIDIA L4"",""pci_bus_id"":""00000000:61:00.0"",""pcie_link_gen_current"":1,""pcie_link_gen_max"":4,""pcie_link_width_current"":16,""pcie_link_width_max"":16},{""index"":1,""memory_total_mib"":23034,""name"":""NVIDIA L4"",""pci_bus_id"":""00000000:81:00.0"",""pcie_link_gen_current"":1,""pcie_link_gen_max"":4,""pcie_link_width_current"":16,""pcie_link_width_max"":16},{""index"":2,""memory_total_mib"":23034,""name"":""NVIDIA L4"",""pci_bus_id"":""00000000:A1:00.0"",""pcie_link_gen_current"":1,""pcie_link_gen_max"":4,""pcie_link_width_current"":16,""pcie_link_width_max"":16},{""index"":3,""memory_total_mib"":23034,""name"":""NVIDIA L4"",""pci_bus_id"":""00000000:E1:00.0"",""pcie_link_gen_current"":1,""pcie_link_gen_max"":4,""pcie_link_width_current"":16,""pcie_link_width_max"":16}]","""\t\u001b[4mGPU0\tGPU1\tGPU2\tGPU3\tNIC0\tNIC1\tNIC2\tCPU Affinity\tNUMA Affinity\tGPU NUMA ID\u001b[0m\nGPU0\t X \tSYS\tSYS\tSYS\tNODE\tSYS\tSYS\t0-31,64-95\t0\t\tN/A\nGPU1\tSYS\t X \tNODE\tNODE\tSYS\tNODE\tNODE\t32-63,96-127\t1\t\tN/A\nGPU2\tSYS\tNODE\t X \tNODE\tSYS\tNODE\tNODE\t32-63,96-127\t1\t\tN/A\nGPU3\tSYS\tNODE\tNODE\t X \tSYS\tNODE\tNODE\t32-63,96-127\t1\t\tN/A\nNIC0\tNODE\tSYS\tSYS\tSYS\t X \tSYS\tSYS\t\t\t\t\nNIC1\tSYS\tNODE\tNODE\tNODE\tSYS\t X \tPIX\t\t\t\t\nNIC2\tSYS\tNODE\tNODE\tNODE\tSYS\tPIX\t X \t\t\t\t\n\nLegend:\n\n  X    = Self\n  SYS  = Connection traversing PCIe as well as the SMP interconnect between NUMA nodes (e.g., QPI/UPI)\n  NODE = Connection traversing PCIe as well as the interconnect between PCIe Host Bridges within a NUMA node\n  PHB  = Connection traversing PCIe as well as a PCIe Host Bridge (typically the CPU)\n  PXB  = Connection traversing multiple PCIe bridges (without traversing the PCIe Host Bridge)\n  PIX  = Connection traversing at most a single PCIe bridge\n  NV#  = Connection traversing a bonded set of # NVLinks\n\nNIC Legend:\n\n  NIC0: rocep35s0f0\n  NIC1: rocep194s0f0\n  NIC2: rocep194s0f1""","{""CUDA_HOME"":""/usr/local/cuda"",""NCCL_TESTS_DIR"":""/root/nccl-tests""}"
1,p5-dense-20260828T154940Z-21cf57f,phase5,2026-08-28T15:52:45Z,measured,21cf57fd902a607407505eb9d8dfad40a82dfd91,False,unknown,,c079194dceb5,Ubuntu 24.04.3 LTS,6.14.0-33-generic,AMD EPYC 7542 32-Core Processor,128,1,NVIDIA L4,4,NODE,none-single-node,False,,12.8,570.195.03,2.25.1+cuda12.8,NCCL_DEBUG=VERSION banner,,gcc (Ubuntu 13.3.0-6ubuntu2~24.04) 13.3.0,b4d5beebca8a76cf01335f724d154b9b9d394d96,auto,,,,,,,,,,,,nccl-tests,all_reduce,float,sum,-1,524288,131072,out_of_place,20,50,1,full,241.52,2.17,3.26,0,True,True,True,0,env NCCL_DEBUG=VERSION  /root/nccl-tests/build/all_reduce_perf -b 16K -e 512K -f 2 -g 4 -w 20 -n 50 -c 1 -d float,results/raw/p5-dense-20260828T154940Z-21cf57f/all_reduce.auto.full.r1.stdout.txt,,"[{""index"":0,""memory_total_mib"":23034,""name"":""NVIDIA L4"",""pci_bus_id"":""00000000:61:00.0"",""pcie_link_gen_current"":1,""pcie_link_gen_max"":4,""pcie_link_width_current"":16,""pcie_link_width_max"":16},{""index"":1,""memory_total_mib"":23034,""name"":""NVIDIA L4"",""pci_bus_id"":""00000000:81:00.0"",""pcie_link_gen_current"":1,""pcie_link_gen_max"":4,""pcie_link_width_current"":16,""pcie_link_width_max"":16},{""index"":2,""memory_total_mib"":23034,""name"":""NVIDIA L4"",""pci_bus_id"":""00000000:A1:00.0"",""pcie_link_gen_current"":1,""pcie_link_gen_max"":4,""pcie_link_width_current"":16,""pcie_link_width_max"":16},{""index"":3,""memory_total_mib"":23034,""name"":""NVIDIA L4"",""pci_bus_id"":""00000000:E1:00.0"",""pcie_link_gen_current"":1,""pcie_link_gen_max"":4,""pcie_link_width_current"":16,""pcie_link_width_max"":16}]","""\t\u001b[4mGPU0\tGPU1\tGPU2\tGPU3\tNIC0\tNIC1\tNIC2\tCPU Affinity\tNUMA Affinity\tGPU NUMA ID\u001b[0m\nGPU0\t X \tSYS\tSYS\tSYS\tNODE\tSYS\tSYS\t0-31,64-95\t0\t\tN/A\nGPU1\tSYS\t X \tNODE\tNODE\tSYS\tNODE\tNODE\t32-63,96-127\t1\t\tN/A\nGPU2\tSYS\tNODE\t X \tNODE\tSYS\tNODE\tNODE\t32-63,96-127\t1\t\tN/A\nGPU3\tSYS\tNODE\tNODE\t X \tSYS\tNODE\tNODE\t32-63,96-127\t1\t\tN/A\nNIC0\tNODE\tSYS\tSYS\tSYS\t X \tSYS\tSYS\t\t\t\t\nNIC1\tSYS\tNODE\tNODE\tNODE\tSYS\t X \tPIX\t\t\t\t\nNIC2\tSYS\tNODE\tNODE\tNODE\tSYS\tPIX\t X \t\t\t\t\n\nLegend:\n\n  X    = Self\n  SYS  = Connection traversing PCIe as well as the SMP interconnect between NUMA nodes (e.g., QPI/UPI)\n  NODE = Connection traversing PCIe as well as the interconnect between PCIe Host Bridges within a NUMA node\n  PHB  = Connection traversing PCIe as well as a PCIe Host Bridge (typically the CPU)\n  PXB  = Connection traversing multiple PCIe bridges (without traversing the PCIe Host Bridge)\n  PIX  = Connection traversing at most a single PCIe bridge\n  NV#  = Connection traversing a bonded set of # NVLinks\n\nNIC Legend:\n\n  NIC0: rocep35s0f0\n  NIC1: rocep194s0f0\n  NIC2: rocep194s0f1""","{""CUDA_HOME"":""/usr/local/cuda"",""NCCL_TESTS_DIR"":""/root/nccl-tests""}"
1,p5-dense-20260828T154940Z-21cf57f,phase5,2026-08-28T15:52:45Z,measured,21cf57fd902a607407505eb9d8dfad40a82dfd91,False,unknown,,c079194dceb5,Ubuntu 24.04.3 LTS,6.14.0-33-generic,AMD EPYC 7542 32-Core Processor,128,1,NVIDIA L4,4,NODE,none-single-node,False,,12.8,570.195.03,2.25.1+cuda12.8,NCCL_DEBUG=VERSION banner,,gcc (Ubuntu 13.3.0-6ubuntu2~24.04) 13.3.0,b4d5beebca8a76cf01335f724d154b9b9d394d96,auto,,,,,,,,,,,,nccl-tests,all_reduce,float,sum,-1,524288,131072,in_place,20,50,1,full,230.19,2.28,3.42,0,True,True,True,0,env NCCL_DEBUG=VERSION  /root/nccl-tests/build/all_reduce_perf -b 16K -e 512K -f 2 -g 4 -w 20 -n 50 -c 1 -d float,results/raw/p5-dense-20260828T154940Z-21cf57f/all_reduce.auto.full.r1.stdout.txt,,"[{""index"":0,""memory_total_mib"":23034,""name"":""NVIDIA L4"",""pci_bus_id"":""00000000:61:00.0"",""pcie_link_gen_current"":1,""pcie_link_gen_max"":4,""pcie_link_width_current"":16,""pcie_link_width_max"":16},{""index"":1,""memory_total_mib"":23034,""name"":""NVIDIA L4"",""pci_bus_id"":""00000000:81:00.0"",""pcie_link_gen_current"":1,""pcie_link_gen_max"":4,""pcie_link_width_current"":16,""pcie_link_width_max"":16},{""index"":2,""memory_total_mib"":23034,""name"":""NVIDIA L4"",""pci_bus_id"":""00000000:A1:00.0"",""pcie_link_gen_current"":1,""pcie_link_gen_max"":4,""pcie_link_width_current"":16,""pcie_link_width_max"":16},{""index"":3,""memory_total_mib"":23034,""name"":""NVIDIA L4"",""pci_bus_id"":""00000000:E1:00.0"",""pcie_link_gen_current"":1,""pcie_link_gen_max"":4,""pcie_link_width_current"":16,""pcie_link_width_max"":16}]","""\t\u001b[4mGPU0\tGPU1\tGPU2\tGPU3\tNIC0\tNIC1\tNIC2\tCPU Affinity\tNUMA Affinity\tGPU NUMA ID\u001b[0m\nGPU0\t X \tSYS\tSYS\tSYS\tNODE\tSYS\tSYS\t0-31,64-95\t0\t\tN/A\nGPU1\tSYS\t X \tNODE\tNODE\tSYS\tNODE\tNODE\t32-63,96-127\t1\t\tN/A\nGPU2\tSYS\tNODE\t X \tNODE\tSYS\tNODE\tNODE\t32-63,96-127\t1\t\tN/A\nGPU3\tSYS\tNODE\tNODE\t X \tSYS\tNODE\tNODE\t32-63,96-127\t1\t\tN/A\nNIC0\tNODE\tSYS\tSYS\tSYS\t X \tSYS\tSYS\t\t\t\t\nNIC1\tSYS\tNODE\tNODE\tNODE\tSYS\t X \tPIX\t\t\t\t\nNIC2\tSYS\tNODE\tNODE\tNODE\tSYS\tPIX\t X \t\t\t\t\n\nLegend:\n\n  X    = Self\n  SYS  = Connection traversing PCIe as well as the SMP interconnect between NUMA nodes (e.g., QPI/UPI)\n  NODE = Connection traversing PCIe as well as the interconnect between PCIe Host Bridges within a NUMA node\n  PHB  = Connection traversing PCIe as well as a PCIe Host Bridge (typically the CPU)\n  PXB  = Connection traversing multiple PCIe bridges (without traversing the PCIe Host Bridge)\n  PIX  = Connection traversing at most a single PCIe bridge\n  NV#  = Connection traversing a bonded set of # NVLinks\n\nNIC Legend:\n\n  NIC0: rocep35s0f0\n  NIC1: rocep194s0f0\n  NIC2: rocep194s0f1""","{""CUDA_HOME"":""/usr/local/cuda"",""NCCL_TESTS_DIR"":""/root/nccl-tests""}"
1,p5-dense-20260828T154940Z-21cf57f,phase5,2026-08-28T15:52:48Z,measured,21cf57fd902a607407505eb9d8dfad40a82dfd91,False,unknown,,c079194dceb5,Ubuntu 24.04.3 LTS,6.14.0-33-generic,AMD EPYC 7542 32-Core Processor,128,1,NVIDIA L4,4,NODE,none-single-node,False,,12.8,570.195.03,2.25.1+cuda12.8,NCCL_DEBUG=VERSION banner,,gcc (Ubuntu 13.3.0-6ubuntu2~24.04) 13.3.0,b4d5beebca8a76cf01335f724d154b9b9d394d96,auto,,,,,,,,,,,,nccl-tests,all_reduce,float,sum,-1,16384,4096,out_of_place,20,50,2,full,29.42,0.56,0.84,0,True,True,True,0,env NCCL_DEBUG=VERSION  /root/nccl-tests/build/all_reduce_perf -b 16K -e 512K -f 2 -g 4 -w 20 -n 50 -c 1 -d float,results/raw/p5-dense-20260828T154940Z-21cf57f/all_reduce.auto.full.r2.stdout.txt,,"[{""index"":0,""memory_total_mib"":23034,""name"":""NVIDIA L4"",""pci_bus_id"":""00000000:61:00.0"",""pcie_link_gen_current"":1,""pcie_link_gen_max"":4,""pcie_link_width_current"":16,""pcie_link_width_max"":16},{""index"":1,""memory_total_mib"":23034,""name"":""NVIDIA L4"",""pci_bus_id"":""00000000:81:00.0"",""pcie_link_gen_current"":1,""pcie_link_gen_max"":4,""pcie_link_width_current"":16,""pcie_link_width_max"":16},{""index"":2,""memory_total_mib"":23034,""name"":""NVIDIA L4"",""pci_bus_id"":""00000000:A1:00.0"",""pcie_link_gen_current"":1,""pcie_link_gen_max"":4,""pcie_link_width_current"":16,""pcie_link_width_max"":16},{""index"":3,""memory_total_mib"":23034,""name"":""NVIDIA L4"",""pci_bus_id"":""00000000:E1:00.0"",""pcie_link_gen_current"":1,""pcie_link_gen_max"":4,""pcie_link_width_current"":16,""pcie_link_width_max"":16}]","""\t\u001b[4mGPU0\tGPU1\tGPU2\tGPU3\tNIC0\tNIC1\tNIC2\tCPU Affinity\tNUMA Affinity\tGPU NUMA ID\u001b[0m\nGPU0\t X \tSYS\tSYS\tSYS\tNODE\tSYS\tSYS\t0-31,64-95\t0\t\tN/A\nGPU1\tSYS\t X \tNODE\tNODE\tSYS\tNODE\tNODE\t32-63,96-127\t1\t\tN/A\nGPU2\tSYS\tNODE\t X \tNODE\tSYS\tNODE\tNODE\t32-63,96-127\t1\t\tN/A\nGPU3\tSYS\tNODE\tNODE\t X \tSYS\tNODE\tNODE\t32-63,96-127\t1\t\tN/A\nNIC0\tNODE\tSYS\tSYS\tSYS\t X \tSYS\tSYS\t\t\t\t\nNIC1\tSYS\tNODE\tNODE\tNODE\tSYS\t X \tPIX\t\t\t\t\nNIC2\tSYS\tNODE\tNODE\tNODE\tSYS\tPIX\t X \t\t\t\t\n\nLegend:\n\n  X    = Self\n  SYS  = Connection traversing PCIe as well as the SMP interconnect between NUMA nodes (e.g., QPI/UPI)\n  NODE = Connection traversing PCIe as well as the interconnect between PCIe Host Bridges within a NUMA node\n  PHB  = Connection traversing PCIe as well as a PCIe Host Bridge (typically the CPU)\n  PXB  = Connection traversing multiple PCIe bridges (without traversing the PCIe Host Bridge)\n  PIX  = Connection traversing at most a single PCIe bridge\n  NV#  = Connection traversing a bonded set of # NVLinks\n\nNIC Legend:\n\n  NIC0: rocep35s0f0\n  NIC1: rocep194s0f0\n  NIC2: rocep194s0f1""","{""CUDA_HOME"":""/usr/local/cuda"",""NCCL_TESTS_DIR"":""/root/nccl-tests""}"
1,p5-dense-20260828T154940Z-21cf57f,phase5,2026-08-28T15:52:48Z,measured,21cf57fd902a607407505eb9d8dfad40a82dfd91,False,unknown,,c079194dceb5,Ubuntu 24.04.3 LTS,6.14.0-33-generic,AMD EPYC 7542 32-Core Processor,128,1,NVIDIA L4,4,NODE,none-single-node,False,,12.8,570.195.03,2.25.1+cuda12.8,NCCL_DEBUG=VERSION banner,,gcc (Ubuntu 13.3.0-6ubuntu2~24.04) 13.3.0,b4d5beebca8a76cf01335f724d154b9b9d394d96,auto,,,,,,,,,,,,nccl-tests,all_reduce,float,sum,-1,16384,4096,in_place,20,50,2,full,28.96,0.57,0.85,0,True,True,True,0,env NCCL_DEBUG=VERSION  /root/nccl-tests/build/all_reduce_perf -b 16K -e 512K -f 2 -g 4 -w 20 -n 50 -c 1 -d float,results/raw/p5-dense-20260828T154940Z-21cf57f/all_reduce.auto.full.r2.stdout.txt,,"[{""index"":0,""memory_total_mib"":23034,""name"":""NVIDIA L4"",""pci_bus_id"":""00000000:61:00.0"",""pcie_link_gen_current"":1,""pcie_link_gen_max"":4,""pcie_link_width_current"":16,""pcie_link_width_max"":16},{""index"":1,""memory_total_mib"":23034,""name"":""NVIDIA L4"",""pci_bus_id"":""00000000:81:00.0"",""pcie_link_gen_current"":1,""pcie_link_gen_max"":4,""pcie_link_width_current"":16,""pcie_link_width_max"":16},{""index"":2,""memory_total_mib"":23034,""name"":""NVIDIA L4"",""pci_bus_id"":""00000000:A1:00.0"",""pcie_link_gen_current"":1,""pcie_link_gen_max"":4,""pcie_link_width_current"":16,""pcie_link_width_max"":16},{""index"":3,""memory_total_mib"":23034,""name"":""NVIDIA L4"",""pci_bus_id"":""00000000:E1:00.0"",""pcie_link_gen_current"":1,""pcie_link_gen_max"":4,""pcie_link_width_current"":16,""pcie_link_width_max"":16}]","""\t\u001b[4mGPU0\tGPU1\tGPU2\tGPU3\tNIC0\tNIC1\tNIC2\tCPU Affinity\tNUMA Affinity\tGPU NUMA ID\u001b[0m\nGPU0\t X \tSYS\tSYS\tSYS\tNODE\tSYS\tSYS\t0-31,64-95\t0\t\tN/A\nGPU1\tSYS\t X \tNODE\tNODE\tSYS\tNODE\tNODE\t32-63,96-127\t1\t\tN/A\nGPU2\tSYS\tNODE\t X \tNODE\tSYS\tNODE\tNODE\t32-63,96-127\t1\t\tN/A\nGPU3\tSYS\tNODE\tNODE\t X \tSYS\tNODE\tNODE\t32-63,96-127\t1\t\tN/A\nNIC0\tNODE\tSYS\tSYS\tSYS\t X \tSYS\tSYS\t\t\t\t\nNIC1\tSYS\tNODE\tNODE\tNODE\tSYS\t X \tPIX\t\t\t\t\nNIC2\tSYS\tNODE\tNODE\tNODE\tSYS\tPIX\t X \t\t\t\t\n\nLegend:\n\n  X    = Self\n  SYS  = Connection traversing PCIe as well as the SMP interconnect between NUMA nodes (e.g., QPI/UPI)\n  NODE = Connection traversing PCIe as well as the interconnect between PCIe Host Bridges within a NUMA node\n  PHB  = Connection traversing PCIe as well as a PCIe Host Bridge (typically the CPU)\n  PXB  = Connection traversing multiple PCIe bridges (without traversing the PCIe Host Bridge)\n  PIX  = Connection traversing at most a single PCIe bridge\n  NV#  = Connection traversing a bonded set of # NVLinks\n\nNIC Legend:\n\n  NIC0: rocep35s0f0\n  NIC1: rocep194s0f0\n  NIC2: rocep194s0f1""","{""CUDA_HOME"":""/usr/local/cuda"",""NCCL_TESTS_DIR"":""/root/nccl-tests""}"
1,p5-dense-20260828T154940Z-21cf57f,phase5,2026-08-28T15:52:48Z,measured,21cf57fd902a607407505eb9d8dfad40a82dfd91,False,unknown,,c079194dceb5,Ubuntu 24.04.3 LTS,6.14.0-33-generic,AMD EPYC 7542 32-Core Processor,128,1,NVIDIA L4,4,NODE,none-single-node,False,,12.8,570.195.03,2.25.1+cuda12.8,NCCL_DEBUG=VERSION banner,,gcc (Ubuntu 13.3.0-6ubuntu2~24.04) 13.3.0,b4d5beebca8a76cf01335f724d154b9b9d394d96,auto,,,,,,,,,,,,nccl-tests,all_reduce,float,sum,-1,32768,8192,out_of_place,20,50,2,full,31.27,1.05,1.57,0,True,True,True,0,env NCCL_DEBUG=VERSION  /root/nccl-tests/build/all_reduce_perf -b 16K -e 512K -f 2 -g 4 -w 20 -n 50 -c 1 -d float,results/raw/p5-dense-20260828T154940Z-21cf57f/all_reduce.auto.full.r2.stdout.txt,,"[{""index"":0,""memory_total_mib"":23034,""name"":""NVIDIA L4"",""pci_bus_id"":""00000000:61:00.0"",""pcie_link_gen_current"":1,""pcie_link_gen_max"":4,""pcie_link_width_current"":16,""pcie_link_width_max"":16},{""index"":1,""memory_total_mib"":23034,""name"":""NVIDIA L4"",""pci_bus_id"":""00000000:81:00.0"",""pcie_link_gen_current"":1,""pcie_link_gen_max"":4,""pcie_link_width_current"":16,""pcie_link_width_max"":16},{""index"":2,""memory_total_mib"":23034,""name"":""NVIDIA L4"",""pci_bus_id"":""00000000:A1:00.0"",""pcie_link_gen_current"":1,""pcie_link_gen_max"":4,""pcie_link_width_current"":16,""pcie_link_width_max"":16},{""index"":3,""memory_total_mib"":23034,""name"":""NVIDIA L4"",""pci_bus_id"":""00000000:E1:00.0"",""pcie_link_gen_current"":1,""pcie_link_gen_max"":4,""pcie_link_width_current"":16,""pcie_link_width_max"":16}]","""\t\u001b[4mGPU0\tGPU1\tGPU2\tGPU3\tNIC0\tNIC1\tNIC2\tCPU Affinity\tNUMA Affinity\tGPU NUMA ID\u001b[0m\nGPU0\t X \tSYS\tSYS\tSYS\tNODE\tSYS\tSYS\t0-31,64-95\t0\t\tN/A\nGPU1\tSYS\t X \tNODE\tNODE\tSYS\tNODE\tNODE\t32-63,96-127\t1\t\tN/A\nGPU2\tSYS\tNODE\t X \tNODE\tSYS\tNODE\tNODE\t32-63,96-127\t1\t\tN/A\nGPU3\tSYS\tNODE\tNODE\t X \tSYS\tNODE\tNODE\t32-63,96-127\t1\t\tN/A\nNIC0\tNODE\tSYS\tSYS\tSYS\t X \tSYS\tSYS\t\t\t\t\nNIC1\tSYS\tNODE\tNODE\tNODE\tSYS\t X \tPIX\t\t\t\t\nNIC2\tSYS\tNODE\tNODE\tNODE\tSYS\tPIX\t X \t\t\t\t\n\nLegend:\n\n  X    = Self\n  SYS  = Connection traversing PCIe as well as the SMP interconnect between NUMA nodes (e.g., QPI/UPI)\n  NODE = Connection traversing PCIe as well as the interconnect between PCIe Host Bridges within a NUMA node\n  PHB  = Connection traversing PCIe as well as a PCIe Host Bridge (typically the CPU)\n  PXB  = Connection traversing multiple PCIe bridges (without traversing the PCIe Host Bridge)\n  PIX  = Connection traversing at most a single PCIe bridge\n  NV#  = Connection traversing a bonded set of # NVLinks\n\nNIC Legend:\n\n  NIC0: rocep35s0f0\n  NIC1: rocep194s0f0\n  NIC2: rocep194s0f1""","{""CUDA_HOME"":""/usr/local/cuda"",""NCCL_TESTS_DIR"":""/root/nccl-tests""}"
1,p5-dense-20260828T154940Z-21cf57f,phase5,2026-08-28T15:52:48Z,measured,21cf57fd902a607407505eb9d8dfad40a82dfd91,False,unknown,,c079194dceb5,Ubuntu 24.04.3 LTS,6.14.0-33-generic,AMD EPYC 7542 32-Core Processor,128,1,NVIDIA L4,4,NODE,none-single-node,False,,12.8,570.195.03,2.25.1+cuda12.8,NCCL_DEBUG=VERSION banner,,gcc (Ubuntu 13.3.0-6ubuntu2~24.04) 13.3.0,b4d5beebca8a76cf01335f724d154b9b9d394d96,auto,,,,,,,,,,,,nccl-tests,all_reduce,float,sum,-1,32768,8192,in_place,20,50,2,full,31.55,1.04,1.56,0,True,True,True,0,env NCCL_DEBUG=VERSION  /root/nccl-tests/build/all_reduce_perf -b 16K -e 512K -f 2 -g 4 -w 20 -n 50 -c 1 -d float,results/raw/p5-dense-20260828T154940Z-21cf57f/all_reduce.auto.full.r2.stdout.txt,,"[{""index"":0,""memory_total_mib"":23034,""name"":""NVIDIA L4"",""pci_bus_id"":""00000000:61:00.0"",""pcie_link_gen_current"":1,""pcie_link_gen_max"":4,""pcie_link_width_current"":16,""pcie_link_width_max"":16},{""index"":1,""memory_total_mib"":23034,""name"":""NVIDIA L4"",""pci_bus_id"":""00000000:81:00.0"",""pcie_link_gen_current"":1,""pcie_link_gen_max"":4,""pcie_link_width_current"":16,""pcie_link_width_max"":16},{""index"":2,""memory_total_mib"":23034,""name"":""NVIDIA L4"",""pci_bus_id"":""00000000:A1:00.0"",""pcie_link_gen_current"":1,""pcie_link_gen_max"":4,""pcie_link_width_current"":16,""pcie_link_width_max"":16},{""index"":3,""memory_total_mib"":23034,""name"":""NVIDIA L4"",""pci_bus_id"":""00000000:E1:00.0"",""pcie_link_gen_current"":1,""pcie_link_gen_max"":4,""pcie_link_width_current"":16,""pcie_link_width_max"":16}]","""\t\u001b[4mGPU0\tGPU1\tGPU2\tGPU3\tNIC0\tNIC1\tNIC2\tCPU Affinity\tNUMA Affinity\tGPU NUMA ID\u001b[0m\nGPU0\t X \tSYS\tSYS\tSYS\tNODE\tSYS\tSYS\t0-31,64-95\t0\t\tN/A\nGPU1\tSYS\t X \tNODE\tNODE\tSYS\tNODE\tNODE\t32-63,96-127\t1\t\tN/A\nGPU2\tSYS\tNODE\t X \tNODE\tSYS\tNODE\tNODE\t32-63,96-127\t1\t\tN/A\nGPU3\tSYS\tNODE\tNODE\t X \tSYS\tNODE\tNODE\t32-63,96-127\t1\t\tN/A\nNIC0\tNODE\tSYS\tSYS\tSYS\t X \tSYS\tSYS\t\t\t\t\nNIC1\tSYS\tNODE\tNODE\tNODE\tSYS\t X \tPIX\t\t\t\t\nNIC2\tSYS\tNODE\tNODE\tNODE\tSYS\tPIX\t X \t\t\t\t\n\nLegend:\n\n  X    = Self\n  SYS  = Connection traversing PCIe as well as the SMP interconnect between NUMA nodes (e.g., QPI/UPI)\n  NODE = Connection traversing PCIe as well as the interconnect between PCIe Host Bridges within a NUMA node\n  PHB  = Connection traversing PCIe as well as a PCIe Host Bridge (typically the CPU)\n  PXB  = Connection traversing multiple PCIe bridges (without traversing the PCIe Host Bridge)\n  PIX  = Connection traversing at most a single PCIe bridge\n  NV#  = Connection traversing a bonded set of # NVLinks\n\nNIC Legend:\n\n  NIC0: rocep35s0f0\n  NIC1: rocep194s0f0\n  NIC2: rocep194s0f1""","{""CUDA_HOME"":""/usr/local/cuda"",""NCCL_TESTS_DIR"":""/root/nccl-tests""}"
1,p5-dense-20260828T154940Z-21cf57f,phase5,2026-08-28T15:52:48Z,measured,21cf57fd902a607407505eb9d8dfad40a82dfd91,False,unknown,,c079194dceb5,Ubuntu 24.04.3 LTS,6.14.0-33-generic,AMD EPYC 7542 32-Core Processor,128,1,NVIDIA L4,4,NODE,none-single-node,False,,12.8,570.195.03,2.25.1+cuda12.8,NCCL_DEBUG=VERSION banner,,gcc (Ubuntu 13.3.0-6ubuntu2~24.04) 13.3.0,b4d5beebca8a76cf01335f724d154b9b9d394d96,auto,,,,,,,,,,,,nccl-tests,all_reduce,float,sum,-1,65536,16384,out_of_place,20,50,2,full,49.15,1.33,2.0,0,True,True,True,0,env NCCL_DEBUG=VERSION  /root/nccl-tests/build/all_reduce_perf -b 16K -e 512K -f 2 -g 4 -w 20 -n 50 -c 1 -d float,results/raw/p5-dense-20260828T154940Z-21cf57f/all_reduce.auto.full.r2.stdout.txt,,"[{""index"":0,""memory_total_mib"":23034,""name"":""NVIDIA L4"",""pci_bus_id"":""00000000:61:00.0"",""pcie_link_gen_current"":1,""pcie_link_gen_max"":4,""pcie_link_width_current"":16,""pcie_link_width_max"":16},{""index"":1,""memory_total_mib"":23034,""name"":""NVIDIA L4"",""pci_bus_id"":""00000000:81:00.0"",""pcie_link_gen_current"":1,""pcie_link_gen_max"":4,""pcie_link_width_current"":16,""pcie_link_width_max"":16},{""index"":2,""memory_total_mib"":23034,""name"":""NVIDIA L4"",""pci_bus_id"":""00000000:A1:00.0"",""pcie_link_gen_current"":1,""pcie_link_gen_max"":4,""pcie_link_width_current"":16,""pcie_link_width_max"":16},{""index"":3,""memory_total_mib"":23034,""name"":""NVIDIA L4"",""pci_bus_id"":""00000000:E1:00.0"",""pcie_link_gen_current"":1,""pcie_link_gen_max"":4,""pcie_link_width_current"":16,""pcie_link_width_max"":16}]","""\t\u001b[4mGPU0\tGPU1\tGPU2\tGPU3\tNIC0\tNIC1\tNIC2\tCPU Affinity\tNUMA Affinity\tGPU NUMA ID\u001b[0m\nGPU0\t X \tSYS\tSYS\tSYS\tNODE\tSYS\tSYS\t0-31,64-95\t0\t\tN/A\nGPU1\tSYS\t X \tNODE\tNODE\tSYS\tNODE\tNODE\t32-63,96-127\t1\t\tN/A\nGPU2\tSYS\tNODE\t X \tNODE\tSYS\tNODE\tNODE\t32-63,96-127\t1\t\tN/A\nGPU3\tSYS\tNODE\tNODE\t X \tSYS\tNODE\tNODE\t32-63,96-127\t1\t\tN/A\nNIC0\tNODE\tSYS\tSYS\tSYS\t X \tSYS\tSYS\t\t\t\t\nNIC1\tSYS\tNODE\tNODE\tNODE\tSYS\t X \tPIX\t\t\t\t\nNIC2\tSYS\tNODE\tNODE\tNODE\tSYS\tPIX\t X \t\t\t\t\n\nLegend:\n\n  X    = Self\n  SYS  = Connection traversing PCIe as well as the SMP interconnect between NUMA nodes (e.g., QPI/UPI)\n  NODE = Connection traversing PCIe as well as the interconnect between PCIe Host Bridges within a NUMA node\n  PHB  = Connection traversing PCIe as well as a PCIe Host Bridge (typically the CPU)\n  PXB  = Connection traversing multiple PCIe bridges (without traversing the PCIe Host Bridge)\n  PIX  = Connection traversing at most a single PCIe bridge\n  NV#  = Connection traversing a bonded set of # NVLinks\n\nNIC Legend:\n\n  NIC0: rocep35s0f0\n  NIC1: rocep194s0f0\n  NIC2: rocep194s0f1""","{""CUDA_HOME"":""/usr/local/cuda"",""NCCL_TESTS_DIR"":""/root/nccl-tests""}"
1,p5-dense-20260828T154940Z-21cf57f,phase5,2026-08-28T15:52:48Z,measured,21cf57fd902a607407505eb9d8dfad40a82dfd91,False,unknown,,c079194dceb5,Ubuntu 24.04.3 LTS,6.14.0-33-generic,AMD EPYC 7542 32-Core Processor,128,1,NVIDIA L4,4,NODE,none-single-node,False,,12.8,570.195.03,2.25.1+cuda12.8,NCCL_DEBUG=VERSION banner,,gcc (Ubuntu 13.3.0-6ubuntu2~24.04) 13.3.0,b4d5beebca8a76cf01335f724d154b9b9d394d96,auto,,,,,,,,,,,,nccl-tests,all_reduce,float,sum,-1,65536,16384,in_place,20,50,2,full,48.72,1.35,2.02,0,True,True,True,0,env NCCL_DEBUG=VERSION  /root/nccl-tests/build/all_reduce_perf -b 16K -e 512K -f 2 -g 4 -w 20 -n 50 -c 1 -d float,results/raw/p5-dense-20260828T154940Z-21cf57f/all_reduce.auto.full.r2.stdout.txt,,"[{""index"":0,""memory_total_mib"":23034,""name"":""NVIDIA L4"",""pci_bus_id"":""00000000:61:00.0"",""pcie_link_gen_current"":1,""pcie_link_gen_max"":4,""pcie_link_width_current"":16,""pcie_link_width_max"":16},{""index"":1,""memory_total_mib"":23034,""name"":""NVIDIA L4"",""pci_bus_id"":""00000000:81:00.0"",""pcie_link_gen_current"":1,""pcie_link_gen_max"":4,""pcie_link_width_current"":16,""pcie_link_width_max"":16},{""index"":2,""memory_total_mib"":23034,""name"":""NVIDIA L4"",""pci_bus_id"":""00000000:A1:00.0"",""pcie_link_gen_current"":1,""pcie_link_gen_max"":4,""pcie_link_width_current"":16,""pcie_link_width_max"":16},{""index"":3,""memory_total_mib"":23034,""name"":""NVIDIA L4"",""pci_bus_id"":""00000000:E1:00.0"",""pcie_link_gen_current"":1,""pcie_link_gen_max"":4,""pcie_link_width_current"":16,""pcie_link_width_max"":16}]","""\t\u001b[4mGPU0\tGPU1\tGPU2\tGPU3\tNIC0\tNIC1\tNIC2\tCPU Affinity\tNUMA Affinity\tGPU NUMA ID\u001b[0m\nGPU0\t X \tSYS\tSYS\tSYS\tNODE\tSYS\tSYS\t0-31,64-95\t0\t\tN/A\nGPU1\tSYS\t X \tNODE\tNODE\tSYS\tNODE\tNODE\t32-63,96-127\t1\t\tN/A\nGPU2\tSYS\tNODE\t X \tNODE\tSYS\tNODE\tNODE\t32-63,96-127\t1\t\tN/A\nGPU3\tSYS\tNODE\tNODE\t X \tSYS\tNODE\tNODE\t32-63,96-127\t1\t\tN/A\nNIC0\tNODE\tSYS\tSYS\tSYS\t X \tSYS\tSYS\t\t\t\t\nNIC1\tSYS\tNODE\tNODE\tNODE\tSYS\t X \tPIX\t\t\t\t\nNIC2\tSYS\tNODE\tNODE\tNODE\tSYS\tPIX\t X \t\t\t\t\n\nLegend:\n\n  X    = Self\n  SYS  = Connection traversing PCIe as well as the SMP interconnect between NUMA nodes (e.g., QPI/UPI)\n  NODE = Connection traversing PCIe as well as the interconnect between PCIe Host Bridges within a NUMA node\n  PHB  = Connection traversing PCIe as well as a PCIe Host Bridge (typically the CPU)\n  PXB  = Connection traversing multiple PCIe bridges (without traversing the PCIe Host Bridge)\n  PIX  = Connection traversing at most a single PCIe bridge\n  NV#  = Connection traversing a bonded set of # NVLinks\n\nNIC Legend:\n\n  NIC0: rocep35s0f0\n  NIC1: rocep194s0f0\n  NIC2: rocep194s0f1""","{""CUDA_HOME"":""/usr/local/cuda"",""NCCL_TESTS_DIR"":""/root/nccl-tests""}"
1,p5-dense-20260828T154940Z-21cf57f,phase5,2026-08-28T15:52:48Z,measured,21cf57fd902a607407505eb9d8dfad40a82dfd91,False,unknown,,c079194dceb5,Ubuntu 24.04.3 LTS,6.14.0-33-generic,AMD EPYC 7542 32-Core Processor,128,1,NVIDIA L4,4,NODE,none-single-node,False,,12.8,570.195.03,2.25.1+cuda12.8,NCCL_DEBUG=VERSION banner,,gcc (Ubuntu 13.3.0-6ubuntu2~24.04) 13.3.0,b4d5beebca8a76cf01335f724d154b9b9d394d96,auto,,,,,,,,,,,,nccl-tests,all_reduce,float,sum,-1,131072,32768,out_of_place,20,50,2,full,101.31,1.29,1.94,0,True,True,True,0,env NCCL_DEBUG=VERSION  /root/nccl-tests/build/all_reduce_perf -b 16K -e 512K -f 2 -g 4 -w 20 -n 50 -c 1 -d float,results/raw/p5-dense-20260828T154940Z-21cf57f/all_reduce.auto.full.r2.stdout.txt,,"[{""index"":0,""memory_total_mib"":23034,""name"":""NVIDIA L4"",""pci_bus_id"":""00000000:61:00.0"",""pcie_link_gen_current"":1,""pcie_link_gen_max"":4,""pcie_link_width_current"":16,""pcie_link_width_max"":16},{""index"":1,""memory_total_mib"":23034,""name"":""NVIDIA L4"",""pci_bus_id"":""00000000:81:00.0"",""pcie_link_gen_current"":1,""pcie_link_gen_max"":4,""pcie_link_width_current"":16,""pcie_link_width_max"":16},{""index"":2,""memory_total_mib"":23034,""name"":""NVIDIA L4"",""pci_bus_id"":""00000000:A1:00.0"",""pcie_link_gen_current"":1,""pcie_link_gen_max"":4,""pcie_link_width_current"":16,""pcie_link_width_max"":16},{""index"":3,""memory_total_mib"":23034,""name"":""NVIDIA L4"",""pci_bus_id"":""00000000:E1:00.0"",""pcie_link_gen_current"":1,""pcie_link_gen_max"":4,""pcie_link_width_current"":16,""pcie_link_width_max"":16}]","""\t\u001b[4mGPU0\tGPU1\tGPU2\tGPU3\tNIC0\tNIC1\tNIC2\tCPU Affinity\tNUMA Affinity\tGPU NUMA ID\u001b[0m\nGPU0\t X \tSYS\tSYS\tSYS\tNODE\tSYS\tSYS\t0-31,64-95\t0\t\tN/A\nGPU1\tSYS\t X \tNODE\tNODE\tSYS\tNODE\tNODE\t32-63,96-127\t1\t\tN/A\nGPU2\tSYS\tNODE\t X \tNODE\tSYS\tNODE\tNODE\t32-63,96-127\t1\t\tN/A\nGPU3\tSYS\tNODE\tNODE\t X \tSYS\tNODE\tNODE\t32-63,96-127\t1\t\tN/A\nNIC0\tNODE\tSYS\tSYS\tSYS\t X \tSYS\tSYS\t\t\t\t\nNIC1\tSYS\tNODE\tNODE\tNODE\tSYS\t X \tPIX\t\t\t\t\nNIC2\tSYS\tNODE\tNODE\tNODE\tSYS\tPIX\t X \t\t\t\t\n\nLegend:\n\n  X    = Self\n  SYS  = Connection traversing PCIe as well as the SMP interconnect between NUMA nodes (e.g., QPI/UPI)\n  NODE = Connection traversing PCIe as well as the interconnect between PCIe Host Bridges within a NUMA node\n  PHB  = Connection traversing PCIe as well as a PCIe Host Bridge (typically the CPU)\n  PXB  = Connection traversing multiple PCIe bridges (without traversing the PCIe Host Bridge)\n  PIX  = Connection traversing at most a single PCIe bridge\n  NV#  = Connection traversing a bonded set of # NVLinks\n\nNIC Legend:\n\n  NIC0: rocep35s0f0\n  NIC1: rocep194s0f0\n  NIC2: rocep194s0f1""","{""CUDA_HOME"":""/usr/local/cuda"",""NCCL_TESTS_DIR"":""/root/nccl-tests""}"
1,p5-dense-20260828T154940Z-21cf57f,phase5,2026-08-28T15:52:48Z,measured,21cf57fd902a607407505eb9d8dfad40a82dfd91,False,unknown,,c079194dceb5,Ubuntu 24.04.3 LTS,6.14.0-33-generic,AMD EPYC 7542 32-Core Processor,128,1,NVIDIA L4,4,NODE,none-single-node,False,,12.8,570.195.03,2.25.1+cuda12.8,NCCL_DEBUG=VERSION banner,,gcc (Ubuntu 13.3.0-6ubuntu2~24.04) 13.3.0,b4d5beebca8a76cf01335f724d154b9b9d394d96,auto,,,,,,,,,,,,nccl-tests,all_reduce,float,sum,-1,131072,32768,in_place,20,50,2,full,93.56,1.4,2.1,0,True,True,True,0,env NCCL_DEBUG=VERSION  /root/nccl-tests/build/all_reduce_perf -b 16K -e 512K -f 2 -g 4 -w 20 -n 50 -c 1 -d float,results/raw/p5-dense-20260828T154940Z-21cf57f/all_reduce.auto.full.r2.stdout.txt,,"[{""index"":0,""memory_total_mib"":23034,""name"":""NVIDIA L4"",""pci_bus_id"":""00000000:61:00.0"",""pcie_link_gen_current"":1,""pcie_link_gen_max"":4,""pcie_link_width_current"":16,""pcie_link_width_max"":16},{""index"":1,""memory_total_mib"":23034,""name"":""NVIDIA L4"",""pci_bus_id"":""00000000:81:00.0"",""pcie_link_gen_current"":1,""pcie_link_gen_max"":4,""pcie_link_width_current"":16,""pcie_link_width_max"":16},{""index"":2,""memory_total_mib"":23034,""name"":""NVIDIA L4"",""pci_bus_id"":""00000000:A1:00.0"",""pcie_link_gen_current"":1,""pcie_link_gen_max"":4,""pcie_link_width_current"":16,""pcie_link_width_max"":16},{""index"":3,""memory_total_mib"":23034,""name"":""NVIDIA L4"",""pci_bus_id"":""00000000:E1:00.0"",""pcie_link_gen_current"":1,""pcie_link_gen_max"":4,""pcie_link_width_current"":16,""pcie_link_width_max"":16}]","""\t\u001b[4mGPU0\tGPU1\tGPU2\tGPU3\tNIC0\tNIC1\tNIC2\tCPU Affinity\tNUMA Affinity\tGPU NUMA ID\u001b[0m\nGPU0\t X \tSYS\tSYS\tSYS\tNODE\tSYS\tSYS\t0-31,64-95\t0\t\tN/A\nGPU1\tSYS\t X \tNODE\tNODE\tSYS\tNODE\tNODE\t32-63,96-127\t1\t\tN/A\nGPU2\tSYS\tNODE\t X \tNODE\tSYS\tNODE\tNODE\t32-63,96-127\t1\t\tN/A\nGPU3\tSYS\tNODE\tNODE\t X \tSYS\tNODE\tNODE\t32-63,96-127\t1\t\tN/A\nNIC0\tNODE\tSYS\tSYS\tSYS\t X \tSYS\tSYS\t\t\t\t\nNIC1\tSYS\tNODE\tNODE\tNODE\tSYS\t X \tPIX\t\t\t\t\nNIC2\tSYS\tNODE\tNODE\tNODE\tSYS\tPIX\t X \t\t\t\t\n\nLegend:\n\n  X    = Self\n  SYS  = Connection traversing PCIe as well as the SMP interconnect between NUMA nodes (e.g., QPI/UPI)\n  NODE = Connection traversing PCIe as well as the interconnect between PCIe Host Bridges within a NUMA node\n  PHB  = Connection traversing PCIe as well as a PCIe Host Bridge (typically the CPU)\n  PXB  = Connection traversing multiple PCIe bridges (without traversing the PCIe Host Bridge)\n  PIX  = Connection traversing at most a single PCIe bridge\n  NV#  = Connection traversing a bonded set of # NVLinks\n\nNIC Legend:\n\n  NIC0: rocep35s0f0\n  NIC1: rocep194s0f0\n  NIC2: rocep194s0f1""","{""CUDA_HOME"":""/usr/local/cuda"",""NCCL_TESTS_DIR"":""/root/nccl-tests""}"
1,p5-dense-20260828T154940Z-21cf57f,phase5,2026-08-28T15:52:48Z,measured,21cf57fd902a607407505eb9d8dfad40a82dfd91,False,unknown,,c079194dceb5,Ubuntu 24.04.3 LTS,6.14.0-33-generic,AMD EPYC 7542 32-Core Processor,128,1,NVIDIA L4,4,NODE,none-single-node,False,,12.8,570.195.03,2.25.1+cuda12.8,NCCL_DEBUG=VERSION banner,,gcc (Ubuntu 13.3.0-6ubuntu2~24.04) 13.3.0,b4d5beebca8a76cf01335f724d154b9b9d394d96,auto,,,,,,,,,,,,nccl-tests,all_reduce,float,sum,-1,262144,65536,out_of_place,20,50,2,full,187.29,1.4,2.1,0,True,True,True,0,env NCCL_DEBUG=VERSION  /root/nccl-tests/build/all_reduce_perf -b 16K -e 512K -f 2 -g 4 -w 20 -n 50 -c 1 -d float,results/raw/p5-dense-20260828T154940Z-21cf57f/all_reduce.auto.full.r2.stdout.txt,,"[{""index"":0,""memory_total_mib"":23034,""name"":""NVIDIA L4"",""pci_bus_id"":""00000000:61:00.0"",""pcie_link_gen_current"":1,""pcie_link_gen_max"":4,""pcie_link_width_current"":16,""pcie_link_width_max"":16},{""index"":1,""memory_total_mib"":23034,""name"":""NVIDIA L4"",""pci_bus_id"":""00000000:81:00.0"",""pcie_link_gen_current"":1,""pcie_link_gen_max"":4,""pcie_link_width_current"":16,""pcie_link_width_max"":16},{""index"":2,""memory_total_mib"":23034,""name"":""NVIDIA L4"",""pci_bus_id"":""00000000:A1:00.0"",""pcie_link_gen_current"":1,""pcie_link_gen_max"":4,""pcie_link_width_current"":16,""pcie_link_width_max"":16},{""index"":3,""memory_total_mib"":23034,""name"":""NVIDIA L4"",""pci_bus_id"":""00000000:E1:00.0"",""pcie_link_gen_current"":1,""pcie_link_gen_max"":4,""pcie_link_width_current"":16,""pcie_link_width_max"":16}]","""\t\u001b[4mGPU0\tGPU1\tGPU2\tGPU3\tNIC0\tNIC1\tNIC2\tCPU Affinity\tNUMA Affinity\tGPU NUMA ID\u001b[0m\nGPU0\t X \tSYS\tSYS\tSYS\tNODE\tSYS\tSYS\t0-31,64-95\t0\t\tN/A\nGPU1\tSYS\t X \tNODE\tNODE\tSYS\tNODE\tNODE\t32-63,96-127\t1\t\tN/A\nGPU2\tSYS\tNODE\t X \tNODE\tSYS\tNODE\tNODE\t32-63,96-127\t1\t\tN/A\nGPU3\tSYS\tNODE\tNODE\t X \tSYS\tNODE\tNODE\t32-63,96-127\t1\t\tN/A\nNIC0\tNODE\tSYS\tSYS\tSYS\t X \tSYS\tSYS\t\t\t\t\nNIC1\tSYS\tNODE\tNODE\tNODE\tSYS\t X \tPIX\t\t\t\t\nNIC2\tSYS\tNODE\tNODE\tNODE\tSYS\tPIX\t X \t\t\t\t\n\nLegend:\n\n  X    = Self\n  SYS  = Connection traversing PCIe as well as the SMP interconnect between NUMA nodes (e.g., QPI/UPI)\n  NODE = Connection traversing PCIe as well as the interconnect between PCIe Host Bridges within a NUMA node\n  PHB  = Connection traversing PCIe as well as a PCIe Host Bridge (typically the CPU)\n  PXB  = Connection traversing multiple PCIe bridges (without traversing the PCIe Host Bridge)\n  PIX  = Connection traversing at most a single PCIe bridge\n  NV#  = Connection traversing a bonded set of # NVLinks\n\nNIC Legend:\n\n  NIC0: rocep35s0f0\n  NIC1: rocep194s0f0\n  NIC2: rocep194s0f1""","{""CUDA_HOME"":""/usr/local/cuda"",""NCCL_TESTS_DIR"":""/root/nccl-tests""}"
1,p5-dense-20260828T154940Z-21cf57f,phase5,2026-08-28T15:52:48Z,measured,21cf57fd902a607407505eb9d8dfad40a82dfd91,False,unknown,,c079194dceb5,Ubuntu 24.04.3 LTS,6.14.0-33-generic,AMD EPYC 7542 32-Core Processor,128,1,NVIDIA L4,4,NODE,none-single-node,False,,12.8,570.195.03,2.25.1+cuda12.8,NCCL_DEBUG=VERSION banner,,gcc (Ubuntu 13.3.0-6ubuntu2~24.04) 13.3.0,b4d5beebca8a76cf01335f724d154b9b9d394d96,auto,,,,,,,,,,,,nccl-tests,all_reduce,float,sum,-1,262144,65536,in_place,20,50,2,full,179.25,1.46,2.19,0,True,True,True,0,env NCCL_DEBUG=VERSION  /root/nccl-tests/build/all_reduce_perf -b 16K -e 512K -f 2 -g 4 -w 20 -n 50 -c 1 -d float,results/raw/p5-dense-20260828T154940Z-21cf57f/all_reduce.auto.full.r2.stdout.txt,,"[{""index"":0,""memory_total_mib"":23034,""name"":""NVIDIA L4"",""pci_bus_id"":""00000000:61:00.0"",""pcie_link_gen_current"":1,""pcie_link_gen_max"":4,""pcie_link_width_current"":16,""pcie_link_width_max"":16},{""index"":1,""memory_total_mib"":23034,""name"":""NVIDIA L4"",""pci_bus_id"":""00000000:81:00.0"",""pcie_link_gen_current"":1,""pcie_link_gen_max"":4,""pcie_link_width_current"":16,""pcie_link_width_max"":16},{""index"":2,""memory_total_mib"":23034,""name"":""NVIDIA L4"",""pci_bus_id"":""00000000:A1:00.0"",""pcie_link_gen_current"":1,""pcie_link_gen_max"":4,""pcie_link_width_current"":16,""pcie_link_width_max"":16},{""index"":3,""memory_total_mib"":23034,""name"":""NVIDIA L4"",""pci_bus_id"":""00000000:E1:00.0"",""pcie_link_gen_current"":1,""pcie_link_gen_max"":4,""pcie_link_width_current"":16,""pcie_link_width_max"":16}]","""\t\u001b[4mGPU0\tGPU1\tGPU2\tGPU3\tNIC0\tNIC1\tNIC2\tCPU Affinity\tNUMA Affinity\tGPU NUMA ID\u001b[0m\nGPU0\t X \tSYS\tSYS\tSYS\tNODE\tSYS\tSYS\t0-31,64-95\t0\t\tN/A\nGPU1\tSYS\t X \tNODE\tNODE\tSYS\tNODE\tNODE\t32-63,96-127\t1\t\tN/A\nGPU2\tSYS\tNODE\t X \tNODE\tSYS\tNODE\tNODE\t32-63,96-127\t1\t\tN/A\nGPU3\tSYS\tNODE\tNODE\t X \tSYS\tNODE\tNODE\t32-63,96-127\t1\t\tN/A\nNIC0\tNODE\tSYS\tSYS\tSYS\t X \tSYS\tSYS\t\t\t\t\nNIC1\tSYS\tNODE\tNODE\tNODE\tSYS\t X \tPIX\t\t\t\t\nNIC2\tSYS\tNODE\tNODE\tNODE\tSYS\tPIX\t X \t\t\t\t\n\nLegend:\n\n  X    = Self\n  SYS  = Connection traversing PCIe as well as the SMP interconnect between NUMA nodes (e.g., QPI/UPI)\n  NODE = Connection traversing PCIe as well as the interconnect between PCIe Host Bridges within a NUMA node\n  PHB  = Connection traversing PCIe as well as a PCIe Host Bridge (typically the CPU)\n  PXB  = Connection traversing multiple PCIe bridges (without traversing the PCIe Host Bridge)\n  PIX  = Connection traversing at most a single PCIe bridge\n  NV#  = Connection traversing a bonded set of # NVLinks\n\nNIC Legend:\n\n  NIC0: rocep35s0f0\n  NIC1: rocep194s0f0\n  NIC2: rocep194s0f1""","{""CUDA_HOME"":""/usr/local/cuda"",""NCCL_TESTS_DIR"":""/root/nccl-tests""}"
1,p5-dense-20260828T154940Z-21cf57f,phase5,2026-08-28T15:52:48Z,measured,21cf57fd902a607407505eb9d8dfad40a82dfd91,False,unknown,,c079194dceb5,Ubuntu 24.04.3 LTS,6.14.0-33-generic,AMD EPYC 7542 32-Core Processor,128,1,NVIDIA L4,4,NODE,none-single-node,False,,12.8,570.195.03,2.25.1+cuda12.8,NCCL_DEBUG=VERSION banner,,gcc (Ubuntu 13.3.0-6ubuntu2~24.04) 13.3.0,b4d5beebca8a76cf01335f724d154b9b9d394d96,auto,,,,,,,,,,,,nccl-tests,all_reduce,float,sum,-1,524288,131072,out_of_place,20,50,2,full,270.89,1.94,2.9,0,True,True,True,0,env NCCL_DEBUG=VERSION  /root/nccl-tests/build/all_reduce_perf -b 16K -e 512K -f 2 -g 4 -w 20 -n 50 -c 1 -d float,results/raw/p5-dense-20260828T154940Z-21cf57f/all_reduce.auto.full.r2.stdout.txt,,"[{""index"":0,""memory_total_mib"":23034,""name"":""NVIDIA L4"",""pci_bus_id"":""00000000:61:00.0"",""pcie_link_gen_current"":1,""pcie_link_gen_max"":4,""pcie_link_width_current"":16,""pcie_link_width_max"":16},{""index"":1,""memory_total_mib"":23034,""name"":""NVIDIA L4"",""pci_bus_id"":""00000000:81:00.0"",""pcie_link_gen_current"":1,""pcie_link_gen_max"":4,""pcie_link_width_current"":16,""pcie_link_width_max"":16},{""index"":2,""memory_total_mib"":23034,""name"":""NVIDIA L4"",""pci_bus_id"":""00000000:A1:00.0"",""pcie_link_gen_current"":1,""pcie_link_gen_max"":4,""pcie_link_width_current"":16,""pcie_link_width_max"":16},{""index"":3,""memory_total_mib"":23034,""name"":""NVIDIA L4"",""pci_bus_id"":""00000000:E1:00.0"",""pcie_link_gen_current"":1,""pcie_link_gen_max"":4,""pcie_link_width_current"":16,""pcie_link_width_max"":16}]","""\t\u001b[4mGPU0\tGPU1\tGPU2\tGPU3\tNIC0\tNIC1\tNIC2\tCPU Affinity\tNUMA Affinity\tGPU NUMA ID\u001b[0m\nGPU0\t X \tSYS\tSYS\tSYS\tNODE\tSYS\tSYS\t0-31,64-95\t0\t\tN/A\nGPU1\tSYS\t X \tNODE\tNODE\tSYS\tNODE\tNODE\t32-63,96-127\t1\t\tN/A\nGPU2\tSYS\tNODE\t X \tNODE\tSYS\tNODE\tNODE\t32-63,96-127\t1\t\tN/A\nGPU3\tSYS\tNODE\tNODE\t X \tSYS\tNODE\tNODE\t32-63,96-127\t1\t\tN/A\nNIC0\tNODE\tSYS\tSYS\tSYS\t X \tSYS\tSYS\t\t\t\t\nNIC1\tSYS\tNODE\tNODE\tNODE\tSYS\t X \tPIX\t\t\t\t\nNIC2\tSYS\tNODE\tNODE\tNODE\tSYS\tPIX\t X \t\t\t\t\n\nLegend:\n\n  X    = Self\n  SYS  = Connection traversing PCIe as well as the SMP interconnect between NUMA nodes (e.g., QPI/UPI)\n  NODE = Connection traversing PCIe as well as the interconnect between PCIe Host Bridges within a NUMA node\n  PHB  = Connection traversing PCIe as well as a PCIe Host Bridge (typically the CPU)\n  PXB  = Connection traversing multiple PCIe bridges (without traversing the PCIe Host Bridge)\n  PIX  = Connection traversing at most a single PCIe bridge\n  NV#  = Connection traversing a bonded set of # NVLinks\n\nNIC Legend:\n\n  NIC0: rocep35s0f0\n  NIC1: rocep194s0f0\n  NIC2: rocep194s0f1""","{""CUDA_HOME"":""/usr/local/cuda"",""NCCL_TESTS_DIR"":""/root/nccl-tests""}"
1,p5-dense-20260828T154940Z-21cf57f,phase5,2026-08-28T15:52:48Z,measured,21cf57fd902a607407505eb9d8dfad40a82dfd91,False,unknown,,c079194dceb5,Ubuntu 24.04.3 LTS,6.14.0-33-generic,AMD EPYC 7542 32-Core Processor,128,1,NVIDIA L4,4,NODE,none-single-node,False,,12.8,570.195.03,2.25.1+cuda12.8,NCCL_DEBUG=VERSION banner,,gcc (Ubuntu 13.3.0-6ubuntu2~24.04) 13.3.0,b4d5beebca8a76cf01335f724d154b9b9d394d96,auto,,,,,,,,,,,,nccl-tests,all_reduce,float,sum,-1,524288,131072,in_place,20,50,2,full,271.54,1.93,2.9,0,True,True,True,0,env NCCL_DEBUG=VERSION  /root/nccl-tests/build/all_reduce_perf -b 16K -e 512K -f 2 -g 4 -w 20 -n 50 -c 1 -d float,results/raw/p5-dense-20260828T154940Z-21cf57f/all_reduce.auto.full.r2.stdout.txt,,"[{""index"":0,""memory_total_mib"":23034,""name"":""NVIDIA L4"",""pci_bus_id"":""00000000:61:00.0"",""pcie_link_gen_current"":1,""pcie_link_gen_max"":4,""pcie_link_width_current"":16,""pcie_link_width_max"":16},{""index"":1,""memory_total_mib"":23034,""name"":""NVIDIA L4"",""pci_bus_id"":""00000000:81:00.0"",""pcie_link_gen_current"":1,""pcie_link_gen_max"":4,""pcie_link_width_current"":16,""pcie_link_width_max"":16},{""index"":2,""memory_total_mib"":23034,""name"":""NVIDIA L4"",""pci_bus_id"":""00000000:A1:00.0"",""pcie_link_gen_current"":1,""pcie_link_gen_max"":4,""pcie_link_width_current"":16,""pcie_link_width_max"":16},{""index"":3,""memory_total_mib"":23034,""name"":""NVIDIA L4"",""pci_bus_id"":""00000000:E1:00.0"",""pcie_link_gen_current"":1,""pcie_link_gen_max"":4,""pcie_link_width_current"":16,""pcie_link_width_max"":16}]","""\t\u001b[4mGPU0\tGPU1\tGPU2\tGPU3\tNIC0\tNIC1\tNIC2\tCPU Affinity\tNUMA Affinity\tGPU NUMA ID\u001b[0m\nGPU0\t X \tSYS\tSYS\tSYS\tNODE\tSYS\tSYS\t0-31,64-95\t0\t\tN/A\nGPU1\tSYS\t X \tNODE\tNODE\tSYS\tNODE\tNODE\t32-63,96-127\t1\t\tN/A\nGPU2\tSYS\tNODE\t X \tNODE\tSYS\tNODE\tNODE\t32-63,96-127\t1\t\tN/A\nGPU3\tSYS\tNODE\tNODE\t X \tSYS\tNODE\tNODE\t32-63,96-127\t1\t\tN/A\nNIC0\tNODE\tSYS\tSYS\tSYS\t X \tSYS\tSYS\t\t\t\t\nNIC1\tSYS\tNODE\tNODE\tNODE\tSYS\t X \tPIX\t\t\t\t\nNIC2\tSYS\tNODE\tNODE\tNODE\tSYS\tPIX\t X \t\t\t\t\n\nLegend:\n\n  X    = Self\n  SYS  = Connection traversing PCIe as well as the SMP interconnect between NUMA nodes (e.g., QPI/UPI)\n  NODE = Connection traversing PCIe as well as the interconnect between PCIe Host Bridges within a NUMA node\n  PHB  = Connection traversing PCIe as well as a PCIe Host Bridge (typically the CPU)\n  PXB  = Connection traversing multiple PCIe bridges (without traversing the PCIe Host Bridge)\n  PIX  = Connection traversing at most a single PCIe bridge\n  NV#  = Connection traversing a bonded set of # NVLinks\n\nNIC Legend:\n\n  NIC0: rocep35s0f0\n  NIC1: rocep194s0f0\n  NIC2: rocep194s0f1""","{""CUDA_HOME"":""/usr/local/cuda"",""NCCL_TESTS_DIR"":""/root/nccl-tests""}"
1,p5-dense-20260828T154940Z-21cf57f,phase5,2026-08-28T15:53:05Z,measured,21cf57fd902a607407505eb9d8dfad40a82dfd91,False,unknown,,c079194dceb5,Ubuntu 24.04.3 LTS,6.14.0-33-generic,AMD EPYC 7542 32-Core Processor,128,1,NVIDIA L4,4,NODE,none-single-node,False,,12.8,570.195.03,2.25.1+cuda12.8,NCCL_DEBUG=VERSION banner,,gcc (Ubuntu 13.3.0-6ubuntu2~24.04) 13.3.0,b4d5beebca8a76cf01335f724d154b9b9d394d96,ring-ll,Ring,LL,"NCCL_ALGO=Ring,NCCL_PROTO=LL",,,,,,,,,nccl-tests,all_reduce,float,sum,-1,16384,4096,out_of_place,20,50,0,full,41.43,0.4,0.59,0,True,True,True,0,env NCCL_DEBUG=VERSION NCCL_ALGO=Ring NCCL_PROTO=LL /root/nccl-tests/build/all_reduce_perf -b 16K -e 512K -f 2 -g 4 -w 20 -n 50 -c 1 -d float,results/raw/p5-dense-20260828T154940Z-21cf57f/all_reduce.ring-ll.full.r0.stdout.txt,,"[{""index"":0,""memory_total_mib"":23034,""name"":""NVIDIA L4"",""pci_bus_id"":""00000000:61:00.0"",""pcie_link_gen_current"":1,""pcie_link_gen_max"":4,""pcie_link_width_current"":16,""pcie_link_width_max"":16},{""index"":1,""memory_total_mib"":23034,""name"":""NVIDIA L4"",""pci_bus_id"":""00000000:81:00.0"",""pcie_link_gen_current"":1,""pcie_link_gen_max"":4,""pcie_link_width_current"":16,""pcie_link_width_max"":16},{""index"":2,""memory_total_mib"":23034,""name"":""NVIDIA L4"",""pci_bus_id"":""00000000:A1:00.0"",""pcie_link_gen_current"":1,""pcie_link_gen_max"":4,""pcie_link_width_current"":16,""pcie_link_width_max"":16},{""index"":3,""memory_total_mib"":23034,""name"":""NVIDIA L4"",""pci_bus_id"":""00000000:E1:00.0"",""pcie_link_gen_current"":1,""pcie_link_gen_max"":4,""pcie_link_width_current"":16,""pcie_link_width_max"":16}]","""\t\u001b[4mGPU0\tGPU1\tGPU2\tGPU3\tNIC0\tNIC1\tNIC2\tCPU Affinity\tNUMA Affinity\tGPU NUMA ID\u001b[0m\nGPU0\t X \tSYS\tSYS\tSYS\tNODE\tSYS\tSYS\t0-31,64-95\t0\t\tN/A\nGPU1\tSYS\t X \tNODE\tNODE\tSYS\tNODE\tNODE\t32-63,96-127\t1\t\tN/A\nGPU2\tSYS\tNODE\t X \tNODE\tSYS\tNODE\tNODE\t32-63,96-127\t1\t\tN/A\nGPU3\tSYS\tNODE\tNODE\t X \tSYS\tNODE\tNODE\t32-63,96-127\t1\t\tN/A\nNIC0\tNODE\tSYS\tSYS\tSYS\t X \tSYS\tSYS\t\t\t\t\nNIC1\tSYS\tNODE\tNODE\tNODE\tSYS\t X \tPIX\t\t\t\t\nNIC2\tSYS\tNODE\tNODE\tNODE\tSYS\tPIX\t X \t\t\t\t\n\nLegend:\n\n  X    = Self\n  SYS  = Connection traversing PCIe as well as the SMP interconnect between NUMA nodes (e.g., QPI/UPI)\n  NODE = Connection traversing PCIe as well as the interconnect between PCIe Host Bridges within a NUMA node\n  PHB  = Connection traversing PCIe as well as a PCIe Host Bridge (typically the CPU)\n  PXB  = Connection traversing multiple PCIe bridges (without traversing the PCIe Host Bridge)\n  PIX  = Connection traversing at most a single PCIe bridge\n  NV#  = Connection traversing a bonded set of # NVLinks\n\nNIC Legend:\n\n  NIC0: rocep35s0f0\n  NIC1: rocep194s0f0\n  NIC2: rocep194s0f1""","{""CUDA_HOME"":""/usr/local/cuda"",""NCCL_TESTS_DIR"":""/root/nccl-tests""}"
1,p5-dense-20260828T154940Z-21cf57f,phase5,2026-08-28T15:53:05Z,measured,21cf57fd902a607407505eb9d8dfad40a82dfd91,False,unknown,,c079194dceb5,Ubuntu 24.04.3 LTS,6.14.0-33-generic,AMD EPYC 7542 32-Core Processor,128,1,NVIDIA L4,4,NODE,none-single-node,False,,12.8,570.195.03,2.25.1+cuda12.8,NCCL_DEBUG=VERSION banner,,gcc (Ubuntu 13.3.0-6ubuntu2~24.04) 13.3.0,b4d5beebca8a76cf01335f724d154b9b9d394d96,ring-ll,Ring,LL,"NCCL_ALGO=Ring,NCCL_PROTO=LL",,,,,,,,,nccl-tests,all_reduce,float,sum,-1,16384,4096,in_place,20,50,0,full,29.51,0.56,0.83,0,True,True,True,0,env NCCL_DEBUG=VERSION NCCL_ALGO=Ring NCCL_PROTO=LL /root/nccl-tests/build/all_reduce_perf -b 16K -e 512K -f 2 -g 4 -w 20 -n 50 -c 1 -d float,results/raw/p5-dense-20260828T154940Z-21cf57f/all_reduce.ring-ll.full.r0.stdout.txt,,"[{""index"":0,""memory_total_mib"":23034,""name"":""NVIDIA L4"",""pci_bus_id"":""00000000:61:00.0"",""pcie_link_gen_current"":1,""pcie_link_gen_max"":4,""pcie_link_width_current"":16,""pcie_link_width_max"":16},{""index"":1,""memory_total_mib"":23034,""name"":""NVIDIA L4"",""pci_bus_id"":""00000000:81:00.0"",""pcie_link_gen_current"":1,""pcie_link_gen_max"":4,""pcie_link_width_current"":16,""pcie_link_width_max"":16},{""index"":2,""memory_total_mib"":23034,""name"":""NVIDIA L4"",""pci_bus_id"":""00000000:A1:00.0"",""pcie_link_gen_current"":1,""pcie_link_gen_max"":4,""pcie_link_width_current"":16,""pcie_link_width_max"":16},{""index"":3,""memory_total_mib"":23034,""name"":""NVIDIA L4"",""pci_bus_id"":""00000000:E1:00.0"",""pcie_link_gen_current"":1,""pcie_link_gen_max"":4,""pcie_link_width_current"":16,""pcie_link_width_max"":16}]","""\t\u001b[4mGPU0\tGPU1\tGPU2\tGPU3\tNIC0\tNIC1\tNIC2\tCPU Affinity\tNUMA Affinity\tGPU NUMA ID\u001b[0m\nGPU0\t X \tSYS\tSYS\tSYS\tNODE\tSYS\tSYS\t0-31,64-95\t0\t\tN/A\nGPU1\tSYS\t X \tNODE\tNODE\tSYS\tNODE\tNODE\t32-63,96-127\t1\t\tN/A\nGPU2\tSYS\tNODE\t X \tNODE\tSYS\tNODE\tNODE\t32-63,96-127\t1\t\tN/A\nGPU3\tSYS\tNODE\tNODE\t X \tSYS\tNODE\tNODE\t32-63,96-127\t1\t\tN/A\nNIC0\tNODE\tSYS\tSYS\tSYS\t X \tSYS\tSYS\t\t\t\t\nNIC1\tSYS\tNODE\tNODE\tNODE\tSYS\t X \tPIX\t\t\t\t\nNIC2\tSYS\tNODE\tNODE\tNODE\tSYS\tPIX\t X \t\t\t\t\n\nLegend:\n\n  X    = Self\n  SYS  = Connection traversing PCIe as well as the SMP interconnect between NUMA nodes (e.g., QPI/UPI)\n  NODE = Connection traversing PCIe as well as the interconnect between PCIe Host Bridges within a NUMA node\n  PHB  = Connection traversing PCIe as well as a PCIe Host Bridge (typically the CPU)\n  PXB  = Connection traversing multiple PCIe bridges (without traversing the PCIe Host Bridge)\n  PIX  = Connection traversing at most a single PCIe bridge\n  NV#  = Connection traversing a bonded set of # NVLinks\n\nNIC Legend:\n\n  NIC0: rocep35s0f0\n  NIC1: rocep194s0f0\n  NIC2: rocep194s0f1""","{""CUDA_HOME"":""/usr/local/cuda"",""NCCL_TESTS_DIR"":""/root/nccl-tests""}"
1,p5-dense-20260828T154940Z-21cf57f,phase5,2026-08-28T15:53:05Z,measured,21cf57fd902a607407505eb9d8dfad40a82dfd91,False,unknown,,c079194dceb5,Ubuntu 24.04.3 LTS,6.14.0-33-generic,AMD EPYC 7542 32-Core Processor,128,1,NVIDIA L4,4,NODE,none-single-node,False,,12.8,570.195.03,2.25.1+cuda12.8,NCCL_DEBUG=VERSION banner,,gcc (Ubuntu 13.3.0-6ubuntu2~24.04) 13.3.0,b4d5beebca8a76cf01335f724d154b9b9d394d96,ring-ll,Ring,LL,"NCCL_ALGO=Ring,NCCL_PROTO=LL",,,,,,,,,nccl-tests,all_reduce,float,sum,-1,32768,8192,out_of_place,20,50,0,full,40.36,0.81,1.22,0,True,True,True,0,env NCCL_DEBUG=VERSION NCCL_ALGO=Ring NCCL_PROTO=LL /root/nccl-tests/build/all_reduce_perf -b 16K -e 512K -f 2 -g 4 -w 20 -n 50 -c 1 -d float,results/raw/p5-dense-20260828T154940Z-21cf57f/all_reduce.ring-ll.full.r0.stdout.txt,,"[{""index"":0,""memory_total_mib"":23034,""name"":""NVIDIA L4"",""pci_bus_id"":""00000000:61:00.0"",""pcie_link_gen_current"":1,""pcie_link_gen_max"":4,""pcie_link_width_current"":16,""pcie_link_width_max"":16},{""index"":1,""memory_total_mib"":23034,""name"":""NVIDIA L4"",""pci_bus_id"":""00000000:81:00.0"",""pcie_link_gen_current"":1,""pcie_link_gen_max"":4,""pcie_link_width_current"":16,""pcie_link_width_max"":16},{""index"":2,""memory_total_mib"":23034,""name"":""NVIDIA L4"",""pci_bus_id"":""00000000:A1:00.0"",""pcie_link_gen_current"":1,""pcie_link_gen_max"":4,""pcie_link_width_current"":16,""pcie_link_width_max"":16},{""index"":3,""memory_total_mib"":23034,""name"":""NVIDIA L4"",""pci_bus_id"":""00000000:E1:00.0"",""pcie_link_gen_current"":1,""pcie_link_gen_max"":4,""pcie_link_width_current"":16,""pcie_link_width_max"":16}]","""\t\u001b[4mGPU0\tGPU1\tGPU2\tGPU3\tNIC0\tNIC1\tNIC2\tCPU Affinity\tNUMA Affinity\tGPU NUMA ID\u001b[0m\nGPU0\t X \tSYS\tSYS\tSYS\tNODE\tSYS\tSYS\t0-31,64-95\t0\t\tN/A\nGPU1\tSYS\t X \tNODE\tNODE\tSYS\tNODE\tNODE\t32-63,96-127\t1\t\tN/A\nGPU2\tSYS\tNODE\t X \tNODE\tSYS\tNODE\tNODE\t32-63,96-127\t1\t\tN/A\nGPU3\tSYS\tNODE\tNODE\t X \tSYS\tNODE\tNODE\t32-63,96-127\t1\t\tN/A\nNIC0\tNODE\tSYS\tSYS\tSYS\t X \tSYS\tSYS\t\t\t\t\nNIC1\tSYS\tNODE\tNODE\tNODE\tSYS\t X \tPIX\t\t\t\t\nNIC2\tSYS\tNODE\tNODE\tNODE\tSYS\tPIX\t X \t\t\t\t\n\nLegend:\n\n  X    = Self\n  SYS  = Connection traversing PCIe as well as the SMP interconnect between NUMA nodes (e.g., QPI/UPI)\n  NODE = Connection traversing PCIe as well as the interconnect between PCIe Host Bridges within a NUMA node\n  PHB  = Connection traversing PCIe as well as a PCIe Host Bridge (typically the CPU)\n  PXB  = Connection traversing multiple PCIe bridges (without traversing the PCIe Host Bridge)\n  PIX  = Connection traversing at most a single PCIe bridge\n  NV#  = Connection traversing a bonded set of # NVLinks\n\nNIC Legend:\n\n  NIC0: rocep35s0f0\n  NIC1: rocep194s0f0\n  NIC2: rocep194s0f1""","{""CUDA_HOME"":""/usr/local/cuda"",""NCCL_TESTS_DIR"":""/root/nccl-tests""}"
1,p5-dense-20260828T154940Z-21cf57f,phase5,2026-08-28T15:53:05Z,measured,21cf57fd902a607407505eb9d8dfad40a82dfd91,False,unknown,,c079194dceb5,Ubuntu 24.04.3 LTS,6.14.0-33-generic,AMD EPYC 7542 32-Core Processor,128,1,NVIDIA L4,4,NODE,none-single-node,False,,12.8,570.195.03,2.25.1+cuda12.8,NCCL_DEBUG=VERSION banner,,gcc (Ubuntu 13.3.0-6ubuntu2~24.04) 13.3.0,b4d5beebca8a76cf01335f724d154b9b9d394d96,ring-ll,Ring,LL,"NCCL_ALGO=Ring,NCCL_PROTO=LL",,,,,,,,,nccl-tests,all_reduce,float,sum,-1,32768,8192,in_place,20,50,0,full,32.87,1.0,1.5,0,True,True,True,0,env NCCL_DEBUG=VERSION NCCL_ALGO=Ring NCCL_PROTO=LL /root/nccl-tests/build/all_reduce_perf -b 16K -e 512K -f 2 -g 4 -w 20 -n 50 -c 1 -d float,results/raw/p5-dense-20260828T154940Z-21cf57f/all_reduce.ring-ll.full.r0.stdout.txt,,"[{""index"":0,""memory_total_mib"":23034,""name"":""NVIDIA L4"",""pci_bus_id"":""00000000:61:00.0"",""pcie_link_gen_current"":1,""pcie_link_gen_max"":4,""pcie_link_width_current"":16,""pcie_link_width_max"":16},{""index"":1,""memory_total_mib"":23034,""name"":""NVIDIA L4"",""pci_bus_id"":""00000000:81:00.0"",""pcie_link_gen_current"":1,""pcie_link_gen_max"":4,""pcie_link_width_current"":16,""pcie_link_width_max"":16},{""index"":2,""memory_total_mib"":23034,""name"":""NVIDIA L4"",""pci_bus_id"":""00000000:A1:00.0"",""pcie_link_gen_current"":1,""pcie_link_gen_max"":4,""pcie_link_width_current"":16,""pcie_link_width_max"":16},{""index"":3,""memory_total_mib"":23034,""name"":""NVIDIA L4"",""pci_bus_id"":""00000000:E1:00.0"",""pcie_link_gen_current"":1,""pcie_link_gen_max"":4,""pcie_link_width_current"":16,""pcie_link_width_max"":16}]","""\t\u001b[4mGPU0\tGPU1\tGPU2\tGPU3\tNIC0\tNIC1\tNIC2\tCPU Affinity\tNUMA Affinity\tGPU NUMA ID\u001b[0m\nGPU0\t X \tSYS\tSYS\tSYS\tNODE\tSYS\tSYS\t0-31,64-95\t0\t\tN/A\nGPU1\tSYS\t X \tNODE\tNODE\tSYS\tNODE\tNODE\t32-63,96-127\t1\t\tN/A\nGPU2\tSYS\tNODE\t X \tNODE\tSYS\tNODE\tNODE\t32-63,96-127\t1\t\tN/A\nGPU3\tSYS\tNODE\tNODE\t X \tSYS\tNODE\tNODE\t32-63,96-127\t1\t\tN/A\nNIC0\tNODE\tSYS\tSYS\tSYS\t X \tSYS\tSYS\t\t\t\t\nNIC1\tSYS\tNODE\tNODE\tNODE\tSYS\t X \tPIX\t\t\t\t\nNIC2\tSYS\tNODE\tNODE\tNODE\tSYS\tPIX\t X \t\t\t\t\n\nLegend:\n\n  X    = Self\n  SYS  = Connection traversing PCIe as well as the SMP interconnect between NUMA nodes (e.g., QPI/UPI)\n  NODE = Connection traversing PCIe as well as the interconnect between PCIe Host Bridges within a NUMA node\n  PHB  = Connection traversing PCIe as well as a PCIe Host Bridge (typically the CPU)\n  PXB  = Connection traversing multiple PCIe bridges (without traversing the PCIe Host Bridge)\n  PIX  = Connection traversing at most a single PCIe bridge\n  NV#  = Connection traversing a bonded set of # NVLinks\n\nNIC Legend:\n\n  NIC0: rocep35s0f0\n  NIC1: rocep194s0f0\n  NIC2: rocep194s0f1""","{""CUDA_HOME"":""/usr/local/cuda"",""NCCL_TESTS_DIR"":""/root/nccl-tests""}"
1,p5-dense-20260828T154940Z-21cf57f,phase5,2026-08-28T15:53:05Z,measured,21cf57fd902a607407505eb9d8dfad40a82dfd91,False,unknown,,c079194dceb5,Ubuntu 24.04.3 LTS,6.14.0-33-generic,AMD EPYC 7542 32-Core Processor,128,1,NVIDIA L4,4,NODE,none-single-node,False,,12.8,570.195.03,2.25.1+cuda12.8,NCCL_DEBUG=VERSION banner,,gcc (Ubuntu 13.3.0-6ubuntu2~24.04) 13.3.0,b4d5beebca8a76cf01335f724d154b9b9d394d96,ring-ll,Ring,LL,"NCCL_ALGO=Ring,NCCL_PROTO=LL",,,,,,,,,nccl-tests,all_reduce,float,sum,-1,65536,16384,out_of_place,20,50,0,full,55.21,1.19,1.78,0,True,True,True,0,env NCCL_DEBUG=VERSION NCCL_ALGO=Ring NCCL_PROTO=LL /root/nccl-tests/build/all_reduce_perf -b 16K -e 512K -f 2 -g 4 -w 20 -n 50 -c 1 -d float,results/raw/p5-dense-20260828T154940Z-21cf57f/all_reduce.ring-ll.full.r0.stdout.txt,,"[{""index"":0,""memory_total_mib"":23034,""name"":""NVIDIA L4"",""pci_bus_id"":""00000000:61:00.0"",""pcie_link_gen_current"":1,""pcie_link_gen_max"":4,""pcie_link_width_current"":16,""pcie_link_width_max"":16},{""index"":1,""memory_total_mib"":23034,""name"":""NVIDIA L4"",""pci_bus_id"":""00000000:81:00.0"",""pcie_link_gen_current"":1,""pcie_link_gen_max"":4,""pcie_link_width_current"":16,""pcie_link_width_max"":16},{""index"":2,""memory_total_mib"":23034,""name"":""NVIDIA L4"",""pci_bus_id"":""00000000:A1:00.0"",""pcie_link_gen_current"":1,""pcie_link_gen_max"":4,""pcie_link_width_current"":16,""pcie_link_width_max"":16},{""index"":3,""memory_total_mib"":23034,""name"":""NVIDIA L4"",""pci_bus_id"":""00000000:E1:00.0"",""pcie_link_gen_current"":1,""pcie_link_gen_max"":4,""pcie_link_width_current"":16,""pcie_link_width_max"":16}]","""\t\u001b[4mGPU0\tGPU1\tGPU2\tGPU3\tNIC0\tNIC1\tNIC2\tCPU Affinity\tNUMA Affinity\tGPU NUMA ID\u001b[0m\nGPU0\t X \tSYS\tSYS\tSYS\tNODE\tSYS\tSYS\t0-31,64-95\t0\t\tN/A\nGPU1\tSYS\t X \tNODE\tNODE\tSYS\tNODE\tNODE\t32-63,96-127\t1\t\tN/A\nGPU2\tSYS\tNODE\t X \tNODE\tSYS\tNODE\tNODE\t32-63,96-127\t1\t\tN/A\nGPU3\tSYS\tNODE\tNODE\t X \tSYS\tNODE\tNODE\t32-63,96-127\t1\t\tN/A\nNIC0\tNODE\tSYS\tSYS\tSYS\t X \tSYS\tSYS\t\t\t\t\nNIC1\tSYS\tNODE\tNODE\tNODE\tSYS\t X \tPIX\t\t\t\t\nNIC2\tSYS\tNODE\tNODE\tNODE\tSYS\tPIX\t X \t\t\t\t\n\nLegend:\n\n  X    = Self\n  SYS  = Connection traversing PCIe as well as the SMP interconnect between NUMA nodes (e.g., QPI/UPI)\n  NODE = Connection traversing PCIe as well as the interconnect between PCIe Host Bridges within a NUMA node\n  PHB  = Connection traversing PCIe as well as a PCIe Host Bridge (typically the CPU)\n  PXB  = Connection traversing multiple PCIe bridges (without traversing the PCIe Host Bridge)\n  PIX  = Connection traversing at most a single PCIe bridge\n  NV#  = Connection traversing a bonded set of # NVLinks\n\nNIC Legend:\n\n  NIC0: rocep35s0f0\n  NIC1: rocep194s0f0\n  NIC2: rocep194s0f1""","{""CUDA_HOME"":""/usr/local/cuda"",""NCCL_TESTS_DIR"":""/root/nccl-tests""}"
1,p5-dense-20260828T154940Z-21cf57f,phase5,2026-08-28T15:53:05Z,measured,21cf57fd902a607407505eb9d8dfad40a82dfd91,False,unknown,,c079194dceb5,Ubuntu 24.04.3 LTS,6.14.0-33-generic,AMD EPYC 7542 32-Core Processor,128,1,NVIDIA L4,4,NODE,none-single-node,False,,12.8,570.195.03,2.25.1+cuda12.8,NCCL_DEBUG=VERSION banner,,gcc (Ubuntu 13.3.0-6ubuntu2~24.04) 13.3.0,b4d5beebca8a76cf01335f724d154b9b9d394d96,ring-ll,Ring,LL,"NCCL_ALGO=Ring,NCCL_PROTO=LL",,,,,,,,,nccl-tests,all_reduce,float,sum,-1,65536,16384,in_place,20,50,0,full,55.41,1.18,1.77,0,True,True,True,0,env NCCL_DEBUG=VERSION NCCL_ALGO=Ring NCCL_PROTO=LL /root/nccl-tests/build/all_reduce_perf -b 16K -e 512K -f 2 -g 4 -w 20 -n 50 -c 1 -d float,results/raw/p5-dense-20260828T154940Z-21cf57f/all_reduce.ring-ll.full.r0.stdout.txt,,"[{""index"":0,""memory_total_mib"":23034,""name"":""NVIDIA L4"",""pci_bus_id"":""00000000:61:00.0"",""pcie_link_gen_current"":1,""pcie_link_gen_max"":4,""pcie_link_width_current"":16,""pcie_link_width_max"":16},{""index"":1,""memory_total_mib"":23034,""name"":""NVIDIA L4"",""pci_bus_id"":""00000000:81:00.0"",""pcie_link_gen_current"":1,""pcie_link_gen_max"":4,""pcie_link_width_current"":16,""pcie_link_width_max"":16},{""index"":2,""memory_total_mib"":23034,""name"":""NVIDIA L4"",""pci_bus_id"":""00000000:A1:00.0"",""pcie_link_gen_current"":1,""pcie_link_gen_max"":4,""pcie_link_width_current"":16,""pcie_link_width_max"":16},{""index"":3,""memory_total_mib"":23034,""name"":""NVIDIA L4"",""pci_bus_id"":""00000000:E1:00.0"",""pcie_link_gen_current"":1,""pcie_link_gen_max"":4,""pcie_link_width_current"":16,""pcie_link_width_max"":16}]","""\t\u001b[4mGPU0\tGPU1\tGPU2\tGPU3\tNIC0\tNIC1\tNIC2\tCPU Affinity\tNUMA Affinity\tGPU NUMA ID\u001b[0m\nGPU0\t X \tSYS\tSYS\tSYS\tNODE\tSYS\tSYS\t0-31,64-95\t0\t\tN/A\nGPU1\tSYS\t X \tNODE\tNODE\tSYS\tNODE\tNODE\t32-63,96-127\t1\t\tN/A\nGPU2\tSYS\tNODE\t X \tNODE\tSYS\tNODE\tNODE\t32-63,96-127\t1\t\tN/A\nGPU3\tSYS\tNODE\tNODE\t X \tSYS\tNODE\tNODE\t32-63,96-127\t1\t\tN/A\nNIC0\tNODE\tSYS\tSYS\tSYS\t X \tSYS\tSYS\t\t\t\t\nNIC1\tSYS\tNODE\tNODE\tNODE\tSYS\t X \tPIX\t\t\t\t\nNIC2\tSYS\tNODE\tNODE\tNODE\tSYS\tPIX\t X \t\t\t\t\n\nLegend:\n\n  X    = Self\n  SYS  = Connection traversing PCIe as well as the SMP interconnect between NUMA nodes (e.g., QPI/UPI)\n  NODE = Connection traversing PCIe as well as the interconnect between PCIe Host Bridges within a NUMA node\n  PHB  = Connection traversing PCIe as well as a PCIe Host Bridge (typically the CPU)\n  PXB  = Connection traversing multiple PCIe bridges (without traversing the PCIe Host Bridge)\n  PIX  = Connection traversing at most a single PCIe bridge\n  NV#  = Connection traversing a bonded set of # NVLinks\n\nNIC Legend:\n\n  NIC0: rocep35s0f0\n  NIC1: rocep194s0f0\n  NIC2: rocep194s0f1""","{""CUDA_HOME"":""/usr/local/cuda"",""NCCL_TESTS_DIR"":""/root/nccl-tests""}"
1,p5-dense-20260828T154940Z-21cf57f,phase5,2026-08-28T15:53:05Z,measured,21cf57fd902a607407505eb9d8dfad40a82dfd91,False,unknown,,c079194dceb5,Ubuntu 24.04.3 LTS,6.14.0-33-generic,AMD EPYC 7542 32-Core Processor,128,1,NVIDIA L4,4,NODE,none-single-node,False,,12.8,570.195.03,2.25.1+cuda12.8,NCCL_DEBUG=VERSION banner,,gcc (Ubuntu 13.3.0-6ubuntu2~24.04) 13.3.0,b4d5beebca8a76cf01335f724d154b9b9d394d96,ring-ll,Ring,LL,"NCCL_ALGO=Ring,NCCL_PROTO=LL",,,,,,,,,nccl-tests,all_reduce,float,sum,-1,131072,32768,out_of_place,20,50,0,full,104.4,1.26,1.88,0,True,True,True,0,env NCCL_DEBUG=VERSION NCCL_ALGO=Ring NCCL_PROTO=LL /root/nccl-tests/build/all_reduce_perf -b 16K -e 512K -f 2 -g 4 -w 20 -n 50 -c 1 -d float,results/raw/p5-dense-20260828T154940Z-21cf57f/all_reduce.ring-ll.full.r0.stdout.txt,,"[{""index"":0,""memory_total_mib"":23034,""name"":""NVIDIA L4"",""pci_bus_id"":""00000000:61:00.0"",""pcie_link_gen_current"":1,""pcie_link_gen_max"":4,""pcie_link_width_current"":16,""pcie_link_width_max"":16},{""index"":1,""memory_total_mib"":23034,""name"":""NVIDIA L4"",""pci_bus_id"":""00000000:81:00.0"",""pcie_link_gen_current"":1,""pcie_link_gen_max"":4,""pcie_link_width_current"":16,""pcie_link_width_max"":16},{""index"":2,""memory_total_mib"":23034,""name"":""NVIDIA L4"",""pci_bus_id"":""00000000:A1:00.0"",""pcie_link_gen_current"":1,""pcie_link_gen_max"":4,""pcie_link_width_current"":16,""pcie_link_width_max"":16},{""index"":3,""memory_total_mib"":23034,""name"":""NVIDIA L4"",""pci_bus_id"":""00000000:E1:00.0"",""pcie_link_gen_current"":1,""pcie_link_gen_max"":4,""pcie_link_width_current"":16,""pcie_link_width_max"":16}]","""\t\u001b[4mGPU0\tGPU1\tGPU2\tGPU3\tNIC0\tNIC1\tNIC2\tCPU Affinity\tNUMA Affinity\tGPU NUMA ID\u001b[0m\nGPU0\t X \tSYS\tSYS\tSYS\tNODE\tSYS\tSYS\t0-31,64-95\t0\t\tN/A\nGPU1\tSYS\t X \tNODE\tNODE\tSYS\tNODE\tNODE\t32-63,96-127\t1\t\tN/A\nGPU2\tSYS\tNODE\t X \tNODE\tSYS\tNODE\tNODE\t32-63,96-127\t1\t\tN/A\nGPU3\tSYS\tNODE\tNODE\t X \tSYS\tNODE\tNODE\t32-63,96-127\t1\t\tN/A\nNIC0\tNODE\tSYS\tSYS\tSYS\t X \tSYS\tSYS\t\t\t\t\nNIC1\tSYS\tNODE\tNODE\tNODE\tSYS\t X \tPIX\t\t\t\t\nNIC2\tSYS\tNODE\tNODE\tNODE\tSYS\tPIX\t X \t\t\t\t\n\nLegend:\n\n  X    = Self\n  SYS  = Connection traversing PCIe as well as the SMP interconnect between NUMA nodes (e.g., QPI/UPI)\n  NODE = Connection traversing PCIe as well as the interconnect between PCIe Host Bridges within a NUMA node\n  PHB  = Connection traversing PCIe as well as a PCIe Host Bridge (typically the CPU)\n  PXB  = Connection traversing multiple PCIe bridges (without traversing the PCIe Host Bridge)\n  PIX  = Connection traversing at most a single PCIe bridge\n  NV#  = Connection traversing a bonded set of # NVLinks\n\nNIC Legend:\n\n  NIC0: rocep35s0f0\n  NIC1: rocep194s0f0\n  NIC2: rocep194s0f1""","{""CUDA_HOME"":""/usr/local/cuda"",""NCCL_TESTS_DIR"":""/root/nccl-tests""}"
1,p5-dense-20260828T154940Z-21cf57f,phase5,2026-08-28T15:53:05Z,measured,21cf57fd902a607407505eb9d8dfad40a82dfd91,False,unknown,,c079194dceb5,Ubuntu 24.04.3 LTS,6.14.0-33-generic,AMD EPYC 7542 32-Core Processor,128,1,NVIDIA L4,4,NODE,none-single-node,False,,12.8,570.195.03,2.25.1+cuda12.8,NCCL_DEBUG=VERSION banner,,gcc (Ubuntu 13.3.0-6ubuntu2~24.04) 13.3.0,b4d5beebca8a76cf01335f724d154b9b9d394d96,ring-ll,Ring,LL,"NCCL_ALGO=Ring,NCCL_PROTO=LL",,,,,,,,,nccl-tests,all_reduce,float,sum,-1,131072,32768,in_place,20,50,0,full,96.89,1.35,2.03,0,True,True,True,0,env NCCL_DEBUG=VERSION NCCL_ALGO=Ring NCCL_PROTO=LL /root/nccl-tests/build/all_reduce_perf -b 16K -e 512K -f 2 -g 4 -w 20 -n 50 -c 1 -d float,results/raw/p5-dense-20260828T154940Z-21cf57f/all_reduce.ring-ll.full.r0.stdout.txt,,"[{""index"":0,""memory_total_mib"":23034,""name"":""NVIDIA L4"",""pci_bus_id"":""00000000:61:00.0"",""pcie_link_gen_current"":1,""pcie_link_gen_max"":4,""pcie_link_width_current"":16,""pcie_link_width_max"":16},{""index"":1,""memory_total_mib"":23034,""name"":""NVIDIA L4"",""pci_bus_id"":""00000000:81:00.0"",""pcie_link_gen_current"":1,""pcie_link_gen_max"":4,""pcie_link_width_current"":16,""pcie_link_width_max"":16},{""index"":2,""memory_total_mib"":23034,""name"":""NVIDIA L4"",""pci_bus_id"":""00000000:A1:00.0"",""pcie_link_gen_current"":1,""pcie_link_gen_max"":4,""pcie_link_width_current"":16,""pcie_link_width_max"":16},{""index"":3,""memory_total_mib"":23034,""name"":""NVIDIA L4"",""pci_bus_id"":""00000000:E1:00.0"",""pcie_link_gen_current"":1,""pcie_link_gen_max"":4,""pcie_link_width_current"":16,""pcie_link_width_max"":16}]","""\t\u001b[4mGPU0\tGPU1\tGPU2\tGPU3\tNIC0\tNIC1\tNIC2\tCPU Affinity\tNUMA Affinity\tGPU NUMA ID\u001b[0m\nGPU0\t X \tSYS\tSYS\tSYS\tNODE\tSYS\tSYS\t0-31,64-95\t0\t\tN/A\nGPU1\tSYS\t X \tNODE\tNODE\tSYS\tNODE\tNODE\t32-63,96-127\t1\t\tN/A\nGPU2\tSYS\tNODE\t X \tNODE\tSYS\tNODE\tNODE\t32-63,96-127\t1\t\tN/A\nGPU3\tSYS\tNODE\tNODE\t X \tSYS\tNODE\tNODE\t32-63,96-127\t1\t\tN/A\nNIC0\tNODE\tSYS\tSYS\tSYS\t X \tSYS\tSYS\t\t\t\t\nNIC1\tSYS\tNODE\tNODE\tNODE\tSYS\t X \tPIX\t\t\t\t\nNIC2\tSYS\tNODE\tNODE\tNODE\tSYS\tPIX\t X \t\t\t\t\n\nLegend:\n\n  X    = Self\n  SYS  = Connection traversing PCIe as well as the SMP interconnect between NUMA nodes (e.g., QPI/UPI)\n  NODE = Connection traversing PCIe as well as the interconnect between PCIe Host Bridges within a NUMA node\n  PHB  = Connection traversing PCIe as well as a PCIe Host Bridge (typically the CPU)\n  PXB  = Connection traversing multiple PCIe bridges (without traversing the PCIe Host Bridge)\n  PIX  = Connection traversing at most a single PCIe bridge\n  NV#  = Connection traversing a bonded set of # NVLinks\n\nNIC Legend:\n\n  NIC0: rocep35s0f0\n  NIC1: rocep194s0f0\n  NIC2: rocep194s0f1""","{""CUDA_HOME"":""/usr/local/cuda"",""NCCL_TESTS_DIR"":""/root/nccl-tests""}"
1,p5-dense-20260828T154940Z-21cf57f,phase5,2026-08-28T15:53:05Z,measured,21cf57fd902a607407505eb9d8dfad40a82dfd91,False,unknown,,c079194dceb5,Ubuntu 24.04.3 LTS,6.14.0-33-generic,AMD EPYC 7542 32-Core Processor,128,1,NVIDIA L4,4,NODE,none-single-node,False,,12.8,570.195.03,2.25.1+cuda12.8,NCCL_DEBUG=VERSION banner,,gcc (Ubuntu 13.3.0-6ubuntu2~24.04) 13.3.0,b4d5beebca8a76cf01335f724d154b9b9d394d96,ring-ll,Ring,LL,"NCCL_ALGO=Ring,NCCL_PROTO=LL",,,,,,,,,nccl-tests,all_reduce,float,sum,-1,262144,65536,out_of_place,20,50,0,full,200.09,1.31,1.97,0,True,True,True,0,env NCCL_DEBUG=VERSION NCCL_ALGO=Ring NCCL_PROTO=LL /root/nccl-tests/build/all_reduce_perf -b 16K -e 512K -f 2 -g 4 -w 20 -n 50 -c 1 -d float,results/raw/p5-dense-20260828T154940Z-21cf57f/all_reduce.ring-ll.full.r0.stdout.txt,,"[{""index"":0,""memory_total_mib"":23034,""name"":""NVIDIA L4"",""pci_bus_id"":""00000000:61:00.0"",""pcie_link_gen_current"":1,""pcie_link_gen_max"":4,""pcie_link_width_current"":16,""pcie_link_width_max"":16},{""index"":1,""memory_total_mib"":23034,""name"":""NVIDIA L4"",""pci_bus_id"":""00000000:81:00.0"",""pcie_link_gen_current"":1,""pcie_link_gen_max"":4,""pcie_link_width_current"":16,""pcie_link_width_max"":16},{""index"":2,""memory_total_mib"":23034,""name"":""NVIDIA L4"",""pci_bus_id"":""00000000:A1:00.0"",""pcie_link_gen_current"":1,""pcie_link_gen_max"":4,""pcie_link_width_current"":16,""pcie_link_width_max"":16},{""index"":3,""memory_total_mib"":23034,""name"":""NVIDIA L4"",""pci_bus_id"":""00000000:E1:00.0"",""pcie_link_gen_current"":1,""pcie_link_gen_max"":4,""pcie_link_width_current"":16,""pcie_link_width_max"":16}]","""\t\u001b[4mGPU0\tGPU1\tGPU2\tGPU3\tNIC0\tNIC1\tNIC2\tCPU Affinity\tNUMA Affinity\tGPU NUMA ID\u001b[0m\nGPU0\t X \tSYS\tSYS\tSYS\tNODE\tSYS\tSYS\t0-31,64-95\t0\t\tN/A\nGPU1\tSYS\t X \tNODE\tNODE\tSYS\tNODE\tNODE\t32-63,96-127\t1\t\tN/A\nGPU2\tSYS\tNODE\t X \tNODE\tSYS\tNODE\tNODE\t32-63,96-127\t1\t\tN/A\nGPU3\tSYS\tNODE\tNODE\t X \tSYS\tNODE\tNODE\t32-63,96-127\t1\t\tN/A\nNIC0\tNODE\tSYS\tSYS\tSYS\t X \tSYS\tSYS\t\t\t\t\nNIC1\tSYS\tNODE\tNODE\tNODE\tSYS\t X \tPIX\t\t\t\t\nNIC2\tSYS\tNODE\tNODE\tNODE\tSYS\tPIX\t X \t\t\t\t\n\nLegend:\n\n  X    = Self\n  SYS  = Connection traversing PCIe as well as the SMP interconnect between NUMA nodes (e.g., QPI/UPI)\n  NODE = Connection traversing PCIe as well as the interconnect between PCIe Host Bridges within a NUMA node\n  PHB  = Connection traversing PCIe as well as a PCIe Host Bridge (typically the CPU)\n  PXB  = Connection traversing multiple PCIe bridges (without traversing the PCIe Host Bridge)\n  PIX  = Connection traversing at most a single PCIe bridge\n  NV#  = Connection traversing a bonded set of # NVLinks\n\nNIC Legend:\n\n  NIC0: rocep35s0f0\n  NIC1: rocep194s0f0\n  NIC2: rocep194s0f1""","{""CUDA_HOME"":""/usr/local/cuda"",""NCCL_TESTS_DIR"":""/root/nccl-tests""}"
1,p5-dense-20260828T154940Z-21cf57f,phase5,2026-08-28T15:53:05Z,measured,21cf57fd902a607407505eb9d8dfad40a82dfd91,False,unknown,,c079194dceb5,Ubuntu 24.04.3 LTS,6.14.0-33-generic,AMD EPYC 7542 32-Core Processor,128,1,NVIDIA L4,4,NODE,none-single-node,False,,12.8,570.195.03,2.25.1+cuda12.8,NCCL_DEBUG=VERSION banner,,gcc (Ubuntu 13.3.0-6ubuntu2~24.04) 13.3.0,b4d5beebca8a76cf01335f724d154b9b9d394d96,ring-ll,Ring,LL,"NCCL_ALGO=Ring,NCCL_PROTO=LL",,,,,,,,,nccl-tests,all_reduce,float,sum,-1,262144,65536,in_place,20,50,0,full,185.25,1.42,2.12,0,True,True,True,0,env NCCL_DEBUG=VERSION NCCL_ALGO=Ring NCCL_PROTO=LL /root/nccl-tests/build/all_reduce_perf -b 16K -e 512K -f 2 -g 4 -w 20 -n 50 -c 1 -d float,results/raw/p5-dense-20260828T154940Z-21cf57f/all_reduce.ring-ll.full.r0.stdout.txt,,"[{""index"":0,""memory_total_mib"":23034,""name"":""NVIDIA L4"",""pci_bus_id"":""00000000:61:00.0"",""pcie_link_gen_current"":1,""pcie_link_gen_max"":4,""pcie_link_width_current"":16,""pcie_link_width_max"":16},{""index"":1,""memory_total_mib"":23034,""name"":""NVIDIA L4"",""pci_bus_id"":""00000000:81:00.0"",""pcie_link_gen_current"":1,""pcie_link_gen_max"":4,""pcie_link_width_current"":16,""pcie_link_width_max"":16},{""index"":2,""memory_total_mib"":23034,""name"":""NVIDIA L4"",""pci_bus_id"":""00000000:A1:00.0"",""pcie_link_gen_current"":1,""pcie_link_gen_max"":4,""pcie_link_width_current"":16,""pcie_link_width_max"":16},{""index"":3,""memory_total_mib"":23034,""name"":""NVIDIA L4"",""pci_bus_id"":""00000000:E1:00.0"",""pcie_link_gen_current"":1,""pcie_link_gen_max"":4,""pcie_link_width_current"":16,""pcie_link_width_max"":16}]","""\t\u001b[4mGPU0\tGPU1\tGPU2\tGPU3\tNIC0\tNIC1\tNIC2\tCPU Affinity\tNUMA Affinity\tGPU NUMA ID\u001b[0m\nGPU0\t X \tSYS\tSYS\tSYS\tNODE\tSYS\tSYS\t0-31,64-95\t0\t\tN/A\nGPU1\tSYS\t X \tNODE\tNODE\tSYS\tNODE\tNODE\t32-63,96-127\t1\t\tN/A\nGPU2\tSYS\tNODE\t X \tNODE\tSYS\tNODE\tNODE\t32-63,96-127\t1\t\tN/A\nGPU3\tSYS\tNODE\tNODE\t X \tSYS\tNODE\tNODE\t32-63,96-127\t1\t\tN/A\nNIC0\tNODE\tSYS\tSYS\tSYS\t X \tSYS\tSYS\t\t\t\t\nNIC1\tSYS\tNODE\tNODE\tNODE\tSYS\t X \tPIX\t\t\t\t\nNIC2\tSYS\tNODE\tNODE\tNODE\tSYS\tPIX\t X \t\t\t\t\n\nLegend:\n\n  X    = Self\n  SYS  = Connection traversing PCIe as well as the SMP interconnect between NUMA nodes (e.g., QPI/UPI)\n  NODE = Connection traversing PCIe as well as the interconnect between PCIe Host Bridges within a NUMA node\n  PHB  = Connection traversing PCIe as well as a PCIe Host Bridge (typically the CPU)\n  PXB  = Connection traversing multiple PCIe bridges (without traversing the PCIe Host Bridge)\n  PIX  = Connection traversing at most a single PCIe bridge\n  NV#  = Connection traversing a bonded set of # NVLinks\n\nNIC Legend:\n\n  NIC0: rocep35s0f0\n  NIC1: rocep194s0f0\n  NIC2: rocep194s0f1""","{""CUDA_HOME"":""/usr/local/cuda"",""NCCL_TESTS_DIR"":""/root/nccl-tests""}"
1,p5-dense-20260828T154940Z-21cf57f,phase5,2026-08-28T15:53:05Z,measured,21cf57fd902a607407505eb9d8dfad40a82dfd91,False,unknown,,c079194dceb5,Ubuntu 24.04.3 LTS,6.14.0-33-generic,AMD EPYC 7542 32-Core Processor,128,1,NVIDIA L4,4,NODE,none-single-node,False,,12.8,570.195.03,2.25.1+cuda12.8,NCCL_DEBUG=VERSION banner,,gcc (Ubuntu 13.3.0-6ubuntu2~24.04) 13.3.0,b4d5beebca8a76cf01335f724d154b9b9d394d96,ring-ll,Ring,LL,"NCCL_ALGO=Ring,NCCL_PROTO=LL",,,,,,,,,nccl-tests,all_reduce,float,sum,-1,524288,131072,out_of_place,20,50,0,full,349.65,1.5,2.25,0,True,True,True,0,env NCCL_DEBUG=VERSION NCCL_ALGO=Ring NCCL_PROTO=LL /root/nccl-tests/build/all_reduce_perf -b 16K -e 512K -f 2 -g 4 -w 20 -n 50 -c 1 -d float,results/raw/p5-dense-20260828T154940Z-21cf57f/all_reduce.ring-ll.full.r0.stdout.txt,,"[{""index"":0,""memory_total_mib"":23034,""name"":""NVIDIA L4"",""pci_bus_id"":""00000000:61:00.0"",""pcie_link_gen_current"":1,""pcie_link_gen_max"":4,""pcie_link_width_current"":16,""pcie_link_width_max"":16},{""index"":1,""memory_total_mib"":23034,""name"":""NVIDIA L4"",""pci_bus_id"":""00000000:81:00.0"",""pcie_link_gen_current"":1,""pcie_link_gen_max"":4,""pcie_link_width_current"":16,""pcie_link_width_max"":16},{""index"":2,""memory_total_mib"":23034,""name"":""NVIDIA L4"",""pci_bus_id"":""00000000:A1:00.0"",""pcie_link_gen_current"":1,""pcie_link_gen_max"":4,""pcie_link_width_current"":16,""pcie_link_width_max"":16},{""index"":3,""memory_total_mib"":23034,""name"":""NVIDIA L4"",""pci_bus_id"":""00000000:E1:00.0"",""pcie_link_gen_current"":1,""pcie_link_gen_max"":4,""pcie_link_width_current"":16,""pcie_link_width_max"":16}]","""\t\u001b[4mGPU0\tGPU1\tGPU2\tGPU3\tNIC0\tNIC1\tNIC2\tCPU Affinity\tNUMA Affinity\tGPU NUMA ID\u001b[0m\nGPU0\t X \tSYS\tSYS\tSYS\tNODE\tSYS\tSYS\t0-31,64-95\t0\t\tN/A\nGPU1\tSYS\t X \tNODE\tNODE\tSYS\tNODE\tNODE\t32-63,96-127\t1\t\tN/A\nGPU2\tSYS\tNODE\t X \tNODE\tSYS\tNODE\tNODE\t32-63,96-127\t1\t\tN/A\nGPU3\tSYS\tNODE\tNODE\t X \tSYS\tNODE\tNODE\t32-63,96-127\t1\t\tN/A\nNIC0\tNODE\tSYS\tSYS\tSYS\t X \tSYS\tSYS\t\t\t\t\nNIC1\tSYS\tNODE\tNODE\tNODE\tSYS\t X \tPIX\t\t\t\t\nNIC2\tSYS\tNODE\tNODE\tNODE\tSYS\tPIX\t X \t\t\t\t\n\nLegend:\n\n  X    = Self\n  SYS  = Connection traversing PCIe as well as the SMP interconnect between NUMA nodes (e.g., QPI/UPI)\n  NODE = Connection traversing PCIe as well as the interconnect between PCIe Host Bridges within a NUMA node\n  PHB  = Connection traversing PCIe as well as a PCIe Host Bridge (typically the CPU)\n  PXB  = Connection traversing multiple PCIe bridges (without traversing the PCIe Host Bridge)\n  PIX  = Connection traversing at most a single PCIe bridge\n  NV#  = Connection traversing a bonded set of # NVLinks\n\nNIC Legend:\n\n  NIC0: rocep35s0f0\n  NIC1: rocep194s0f0\n  NIC2: rocep194s0f1""","{""CUDA_HOME"":""/usr/local/cuda"",""NCCL_TESTS_DIR"":""/root/nccl-tests""}"
1,p5-dense-20260828T154940Z-21cf57f,phase5,2026-08-28T15:53:05Z,measured,21cf57fd902a607407505eb9d8dfad40a82dfd91,False,unknown,,c079194dceb5,Ubuntu 24.04.3 LTS,6.14.0-33-generic,AMD EPYC 7542 32-Core Processor,128,1,NVIDIA L4,4,NODE,none-single-node,False,,12.8,570.195.03,2.25.1+cuda12.8,NCCL_DEBUG=VERSION banner,,gcc (Ubuntu 13.3.0-6ubuntu2~24.04) 13.3.0,b4d5beebca8a76cf01335f724d154b9b9d394d96,ring-ll,Ring,LL,"NCCL_ALGO=Ring,NCCL_PROTO=LL",,,,,,,,,nccl-tests,all_reduce,float,sum,-1,524288,131072,in_place,20,50,0,full,349.09,1.5,2.25,0,True,True,True,0,env NCCL_DEBUG=VERSION NCCL_ALGO=Ring NCCL_PROTO=LL /root/nccl-tests/build/all_reduce_perf -b 16K -e 512K -f 2 -g 4 -w 20 -n 50 -c 1 -d float,results/raw/p5-dense-20260828T154940Z-21cf57f/all_reduce.ring-ll.full.r0.stdout.txt,,"[{""index"":0,""memory_total_mib"":23034,""name"":""NVIDIA L4"",""pci_bus_id"":""00000000:61:00.0"",""pcie_link_gen_current"":1,""pcie_link_gen_max"":4,""pcie_link_width_current"":16,""pcie_link_width_max"":16},{""index"":1,""memory_total_mib"":23034,""name"":""NVIDIA L4"",""pci_bus_id"":""00000000:81:00.0"",""pcie_link_gen_current"":1,""pcie_link_gen_max"":4,""pcie_link_width_current"":16,""pcie_link_width_max"":16},{""index"":2,""memory_total_mib"":23034,""name"":""NVIDIA L4"",""pci_bus_id"":""00000000:A1:00.0"",""pcie_link_gen_current"":1,""pcie_link_gen_max"":4,""pcie_link_width_current"":16,""pcie_link_width_max"":16},{""index"":3,""memory_total_mib"":23034,""name"":""NVIDIA L4"",""pci_bus_id"":""00000000:E1:00.0"",""pcie_link_gen_current"":1,""pcie_link_gen_max"":4,""pcie_link_width_current"":16,""pcie_link_width_max"":16}]","""\t\u001b[4mGPU0\tGPU1\tGPU2\tGPU3\tNIC0\tNIC1\tNIC2\tCPU Affinity\tNUMA Affinity\tGPU NUMA ID\u001b[0m\nGPU0\t X \tSYS\tSYS\tSYS\tNODE\tSYS\tSYS\t0-31,64-95\t0\t\tN/A\nGPU1\tSYS\t X \tNODE\tNODE\tSYS\tNODE\tNODE\t32-63,96-127\t1\t\tN/A\nGPU2\tSYS\tNODE\t X \tNODE\tSYS\tNODE\tNODE\t32-63,96-127\t1\t\tN/A\nGPU3\tSYS\tNODE\tNODE\t X \tSYS\tNODE\tNODE\t32-63,96-127\t1\t\tN/A\nNIC0\tNODE\tSYS\tSYS\tSYS\t X \tSYS\tSYS\t\t\t\t\nNIC1\tSYS\tNODE\tNODE\tNODE\tSYS\t X \tPIX\t\t\t\t\nNIC2\tSYS\tNODE\tNODE\tNODE\tSYS\tPIX\t X \t\t\t\t\n\nLegend:\n\n  X    = Self\n  SYS  = Connection traversing PCIe as well as the SMP interconnect between NUMA nodes (e.g., QPI/UPI)\n  NODE = Connection traversing PCIe as well as the interconnect between PCIe Host Bridges within a NUMA node\n  PHB  = Connection traversing PCIe as well as a PCIe Host Bridge (typically the CPU)\n  PXB  = Connection traversing multiple PCIe bridges (without traversing the PCIe Host Bridge)\n  PIX  = Connection traversing at most a single PCIe bridge\n  NV#  = Connection traversing a bonded set of # NVLinks\n\nNIC Legend:\n\n  NIC0: rocep35s0f0\n  NIC1: rocep194s0f0\n  NIC2: rocep194s0f1""","{""CUDA_HOME"":""/usr/local/cuda"",""NCCL_TESTS_DIR"":""/root/nccl-tests""}"
1,p5-dense-20260828T154940Z-21cf57f,phase5,2026-08-28T15:53:09Z,measured,21cf57fd902a607407505eb9d8dfad40a82dfd91,False,unknown,,c079194dceb5,Ubuntu 24.04.3 LTS,6.14.0-33-generic,AMD EPYC 7542 32-Core Processor,128,1,NVIDIA L4,4,NODE,none-single-node,False,,12.8,570.195.03,2.25.1+cuda12.8,NCCL_DEBUG=VERSION banner,,gcc (Ubuntu 13.3.0-6ubuntu2~24.04) 13.3.0,b4d5beebca8a76cf01335f724d154b9b9d394d96,ring-ll,Ring,LL,"NCCL_ALGO=Ring,NCCL_PROTO=LL",,,,,,,,,nccl-tests,all_reduce,float,sum,-1,16384,4096,out_of_place,20,50,1,full,42.53,0.39,0.58,0,True,True,True,0,env NCCL_DEBUG=VERSION NCCL_ALGO=Ring NCCL_PROTO=LL /root/nccl-tests/build/all_reduce_perf -b 16K -e 512K -f 2 -g 4 -w 20 -n 50 -c 1 -d float,results/raw/p5-dense-20260828T154940Z-21cf57f/all_reduce.ring-ll.full.r1.stdout.txt,,"[{""index"":0,""memory_total_mib"":23034,""name"":""NVIDIA L4"",""pci_bus_id"":""00000000:61:00.0"",""pcie_link_gen_current"":1,""pcie_link_gen_max"":4,""pcie_link_width_current"":16,""pcie_link_width_max"":16},{""index"":1,""memory_total_mib"":23034,""name"":""NVIDIA L4"",""pci_bus_id"":""00000000:81:00.0"",""pcie_link_gen_current"":1,""pcie_link_gen_max"":4,""pcie_link_width_current"":16,""pcie_link_width_max"":16},{""index"":2,""memory_total_mib"":23034,""name"":""NVIDIA L4"",""pci_bus_id"":""00000000:A1:00.0"",""pcie_link_gen_current"":1,""pcie_link_gen_max"":4,""pcie_link_width_current"":16,""pcie_link_width_max"":16},{""index"":3,""memory_total_mib"":23034,""name"":""NVIDIA L4"",""pci_bus_id"":""00000000:E1:00.0"",""pcie_link_gen_current"":1,""pcie_link_gen_max"":4,""pcie_link_width_current"":16,""pcie_link_width_max"":16}]","""\t\u001b[4mGPU0\tGPU1\tGPU2\tGPU3\tNIC0\tNIC1\tNIC2\tCPU Affinity\tNUMA Affinity\tGPU NUMA ID\u001b[0m\nGPU0\t X \tSYS\tSYS\tSYS\tNODE\tSYS\tSYS\t0-31,64-95\t0\t\tN/A\nGPU1\tSYS\t X \tNODE\tNODE\tSYS\tNODE\tNODE\t32-63,96-127\t1\t\tN/A\nGPU2\tSYS\tNODE\t X \tNODE\tSYS\tNODE\tNODE\t32-63,96-127\t1\t\tN/A\nGPU3\tSYS\tNODE\tNODE\t X \tSYS\tNODE\tNODE\t32-63,96-127\t1\t\tN/A\nNIC0\tNODE\tSYS\tSYS\tSYS\t X \tSYS\tSYS\t\t\t\t\nNIC1\tSYS\tNODE\tNODE\tNODE\tSYS\t X \tPIX\t\t\t\t\nNIC2\tSYS\tNODE\tNODE\tNODE\tSYS\tPIX\t X \t\t\t\t\n\nLegend:\n\n  X    = Self\n  SYS  = Connection traversing PCIe as well as the SMP interconnect between NUMA nodes (e.g., QPI/UPI)\n  NODE = Connection traversing PCIe as well as the interconnect between PCIe Host Bridges within a NUMA node\n  PHB  = Connection traversing PCIe as well as a PCIe Host Bridge (typically the CPU)\n  PXB  = Connection traversing multiple PCIe bridges (without traversing the PCIe Host Bridge)\n  PIX  = Connection traversing at most a single PCIe bridge\n  NV#  = Connection traversing a bonded set of # NVLinks\n\nNIC Legend:\n\n  NIC0: rocep35s0f0\n  NIC1: rocep194s0f0\n  NIC2: rocep194s0f1""","{""CUDA_HOME"":""/usr/local/cuda"",""NCCL_TESTS_DIR"":""/root/nccl-tests""}"
1,p5-dense-20260828T154940Z-21cf57f,phase5,2026-08-28T15:53:09Z,measured,21cf57fd902a607407505eb9d8dfad40a82dfd91,False,unknown,,c079194dceb5,Ubuntu 24.04.3 LTS,6.14.0-33-generic,AMD EPYC 7542 32-Core Processor,128,1,NVIDIA L4,4,NODE,none-single-node,False,,12.8,570.195.03,2.25.1+cuda12.8,NCCL_DEBUG=VERSION banner,,gcc (Ubuntu 13.3.0-6ubuntu2~24.04) 13.3.0,b4d5beebca8a76cf01335f724d154b9b9d394d96,ring-ll,Ring,LL,"NCCL_ALGO=Ring,NCCL_PROTO=LL",,,,,,,,,nccl-tests,all_reduce,float,sum,-1,16384,4096,in_place,20,50,1,full,28.07,0.58,0.88,0,True,True,True,0,env NCCL_DEBUG=VERSION NCCL_ALGO=Ring NCCL_PROTO=LL /root/nccl-tests/build/all_reduce_perf -b 16K -e 512K -f 2 -g 4 -w 20 -n 50 -c 1 -d float,results/raw/p5-dense-20260828T154940Z-21cf57f/all_reduce.ring-ll.full.r1.stdout.txt,,"[{""index"":0,""memory_total_mib"":23034,""name"":""NVIDIA L4"",""pci_bus_id"":""00000000:61:00.0"",""pcie_link_gen_current"":1,""pcie_link_gen_max"":4,""pcie_link_width_current"":16,""pcie_link_width_max"":16},{""index"":1,""memory_total_mib"":23034,""name"":""NVIDIA L4"",""pci_bus_id"":""00000000:81:00.0"",""pcie_link_gen_current"":1,""pcie_link_gen_max"":4,""pcie_link_width_current"":16,""pcie_link_width_max"":16},{""index"":2,""memory_total_mib"":23034,""name"":""NVIDIA L4"",""pci_bus_id"":""00000000:A1:00.0"",""pcie_link_gen_current"":1,""pcie_link_gen_max"":4,""pcie_link_width_current"":16,""pcie_link_width_max"":16},{""index"":3,""memory_total_mib"":23034,""name"":""NVIDIA L4"",""pci_bus_id"":""00000000:E1:00.0"",""pcie_link_gen_current"":1,""pcie_link_gen_max"":4,""pcie_link_width_current"":16,""pcie_link_width_max"":16}]","""\t\u001b[4mGPU0\tGPU1\tGPU2\tGPU3\tNIC0\tNIC1\tNIC2\tCPU Affinity\tNUMA Affinity\tGPU NUMA ID\u001b[0m\nGPU0\t X \tSYS\tSYS\tSYS\tNODE\tSYS\tSYS\t0-31,64-95\t0\t\tN/A\nGPU1\tSYS\t X \tNODE\tNODE\tSYS\tNODE\tNODE\t32-63,96-127\t1\t\tN/A\nGPU2\tSYS\tNODE\t X \tNODE\tSYS\tNODE\tNODE\t32-63,96-127\t1\t\tN/A\nGPU3\tSYS\tNODE\tNODE\t X \tSYS\tNODE\tNODE\t32-63,96-127\t1\t\tN/A\nNIC0\tNODE\tSYS\tSYS\tSYS\t X \tSYS\tSYS\t\t\t\t\nNIC1\tSYS\tNODE\tNODE\tNODE\tSYS\t X \tPIX\t\t\t\t\nNIC2\tSYS\tNODE\tNODE\tNODE\tSYS\tPIX\t X \t\t\t\t\n\nLegend:\n\n  X    = Self\n  SYS  = Connection traversing PCIe as well as the SMP interconnect between NUMA nodes (e.g., QPI/UPI)\n  NODE = Connection traversing PCIe as well as the interconnect between PCIe Host Bridges within a NUMA node\n  PHB  = Connection traversing PCIe as well as a PCIe Host Bridge (typically the CPU)\n  PXB  = Connection traversing multiple PCIe bridges (without traversing the PCIe Host Bridge)\n  PIX  = Connection traversing at most a single PCIe bridge\n  NV#  = Connection traversing a bonded set of # NVLinks\n\nNIC Legend:\n\n  NIC0: rocep35s0f0\n  NIC1: rocep194s0f0\n  NIC2: rocep194s0f1""","{""CUDA_HOME"":""/usr/local/cuda"",""NCCL_TESTS_DIR"":""/root/nccl-tests""}"
1,p5-dense-20260828T154940Z-21cf57f,phase5,2026-08-28T15:53:09Z,measured,21cf57fd902a607407505eb9d8dfad40a82dfd91,False,unknown,,c079194dceb5,Ubuntu 24.04.3 LTS,6.14.0-33-generic,AMD EPYC 7542 32-Core Processor,128,1,NVIDIA L4,4,NODE,none-single-node,False,,12.8,570.195.03,2.25.1+cuda12.8,NCCL_DEBUG=VERSION banner,,gcc (Ubuntu 13.3.0-6ubuntu2~24.04) 13.3.0,b4d5beebca8a76cf01335f724d154b9b9d394d96,ring-ll,Ring,LL,"NCCL_ALGO=Ring,NCCL_PROTO=LL",,,,,,,,,nccl-tests,all_reduce,float,sum,-1,32768,8192,out_of_place,20,50,1,full,37.83,0.87,1.3,0,True,True,True,0,env NCCL_DEBUG=VERSION NCCL_ALGO=Ring NCCL_PROTO=LL /root/nccl-tests/build/all_reduce_perf -b 16K -e 512K -f 2 -g 4 -w 20 -n 50 -c 1 -d float,results/raw/p5-dense-20260828T154940Z-21cf57f/all_reduce.ring-ll.full.r1.stdout.txt,,"[{""index"":0,""memory_total_mib"":23034,""name"":""NVIDIA L4"",""pci_bus_id"":""00000000:61:00.0"",""pcie_link_gen_current"":1,""pcie_link_gen_max"":4,""pcie_link_width_current"":16,""pcie_link_width_max"":16},{""index"":1,""memory_total_mib"":23034,""name"":""NVIDIA L4"",""pci_bus_id"":""00000000:81:00.0"",""pcie_link_gen_current"":1,""pcie_link_gen_max"":4,""pcie_link_width_current"":16,""pcie_link_width_max"":16},{""index"":2,""memory_total_mib"":23034,""name"":""NVIDIA L4"",""pci_bus_id"":""00000000:A1:00.0"",""pcie_link_gen_current"":1,""pcie_link_gen_max"":4,""pcie_link_width_current"":16,""pcie_link_width_max"":16},{""index"":3,""memory_total_mib"":23034,""name"":""NVIDIA L4"",""pci_bus_id"":""00000000:E1:00.0"",""pcie_link_gen_current"":1,""pcie_link_gen_max"":4,""pcie_link_width_current"":16,""pcie_link_width_max"":16}]","""\t\u001b[4mGPU0\tGPU1\tGPU2\tGPU3\tNIC0\tNIC1\tNIC2\tCPU Affinity\tNUMA Affinity\tGPU NUMA ID\u001b[0m\nGPU0\t X \tSYS\tSYS\tSYS\tNODE\tSYS\tSYS\t0-31,64-95\t0\t\tN/A\nGPU1\tSYS\t X \tNODE\tNODE\tSYS\tNODE\tNODE\t32-63,96-127\t1\t\tN/A\nGPU2\tSYS\tNODE\t X \tNODE\tSYS\tNODE\tNODE\t32-63,96-127\t1\t\tN/A\nGPU3\tSYS\tNODE\tNODE\t X \tSYS\tNODE\tNODE\t32-63,96-127\t1\t\tN/A\nNIC0\tNODE\tSYS\tSYS\tSYS\t X \tSYS\tSYS\t\t\t\t\nNIC1\tSYS\tNODE\tNODE\tNODE\tSYS\t X \tPIX\t\t\t\t\nNIC2\tSYS\tNODE\tNODE\tNODE\tSYS\tPIX\t X \t\t\t\t\n\nLegend:\n\n  X    = Self\n  SYS  = Connection traversing PCIe as well as the SMP interconnect between NUMA nodes (e.g., QPI/UPI)\n  NODE = Connection traversing PCIe as well as the interconnect between PCIe Host Bridges within a NUMA node\n  PHB  = Connection traversing PCIe as well as a PCIe Host Bridge (typically the CPU)\n  PXB  = Connection traversing multiple PCIe bridges (without traversing the PCIe Host Bridge)\n  PIX  = Connection traversing at most a single PCIe bridge\n  NV#  = Connection traversing a bonded set of # NVLinks\n\nNIC Legend:\n\n  NIC0: rocep35s0f0\n  NIC1: rocep194s0f0\n  NIC2: rocep194s0f1""","{""CUDA_HOME"":""/usr/local/cuda"",""NCCL_TESTS_DIR"":""/root/nccl-tests""}"
1,p5-dense-20260828T154940Z-21cf57f,phase5,2026-08-28T15:53:09Z,measured,21cf57fd902a607407505eb9d8dfad40a82dfd91,False,unknown,,c079194dceb5,Ubuntu 24.04.3 LTS,6.14.0-33-generic,AMD EPYC 7542 32-Core Processor,128,1,NVIDIA L4,4,NODE,none-single-node,False,,12.8,570.195.03,2.25.1+cuda12.8,NCCL_DEBUG=VERSION banner,,gcc (Ubuntu 13.3.0-6ubuntu2~24.04) 13.3.0,b4d5beebca8a76cf01335f724d154b9b9d394d96,ring-ll,Ring,LL,"NCCL_ALGO=Ring,NCCL_PROTO=LL",,,,,,,,,nccl-tests,all_reduce,float,sum,-1,32768,8192,in_place,20,50,1,full,31.98,1.02,1.54,0,True,True,True,0,env NCCL_DEBUG=VERSION NCCL_ALGO=Ring NCCL_PROTO=LL /root/nccl-tests/build/all_reduce_perf -b 16K -e 512K -f 2 -g 4 -w 20 -n 50 -c 1 -d float,results/raw/p5-dense-20260828T154940Z-21cf57f/all_reduce.ring-ll.full.r1.stdout.txt,,"[{""index"":0,""memory_total_mib"":23034,""name"":""NVIDIA L4"",""pci_bus_id"":""00000000:61:00.0"",""pcie_link_gen_current"":1,""pcie_link_gen_max"":4,""pcie_link_width_current"":16,""pcie_link_width_max"":16},{""index"":1,""memory_total_mib"":23034,""name"":""NVIDIA L4"",""pci_bus_id"":""00000000:81:00.0"",""pcie_link_gen_current"":1,""pcie_link_gen_max"":4,""pcie_link_width_current"":16,""pcie_link_width_max"":16},{""index"":2,""memory_total_mib"":23034,""name"":""NVIDIA L4"",""pci_bus_id"":""00000000:A1:00.0"",""pcie_link_gen_current"":1,""pcie_link_gen_max"":4,""pcie_link_width_current"":16,""pcie_link_width_max"":16},{""index"":3,""memory_total_mib"":23034,""name"":""NVIDIA L4"",""pci_bus_id"":""00000000:E1:00.0"",""pcie_link_gen_current"":1,""pcie_link_gen_max"":4,""pcie_link_width_current"":16,""pcie_link_width_max"":16}]","""\t\u001b[4mGPU0\tGPU1\tGPU2\tGPU3\tNIC0\tNIC1\tNIC2\tCPU Affinity\tNUMA Affinity\tGPU NUMA ID\u001b[0m\nGPU0\t X \tSYS\tSYS\tSYS\tNODE\tSYS\tSYS\t0-31,64-95\t0\t\tN/A\nGPU1\tSYS\t X \tNODE\tNODE\tSYS\tNODE\tNODE\t32-63,96-127\t1\t\tN/A\nGPU2\tSYS\tNODE\t X \tNODE\tSYS\tNODE\tNODE\t32-63,96-127\t1\t\tN/A\nGPU3\tSYS\tNODE\tNODE\t X \tSYS\tNODE\tNODE\t32-63,96-127\t1\t\tN/A\nNIC0\tNODE\tSYS\tSYS\tSYS\t X \tSYS\tSYS\t\t\t\t\nNIC1\tSYS\tNODE\tNODE\tNODE\tSYS\t X \tPIX\t\t\t\t\nNIC2\tSYS\tNODE\tNODE\tNODE\tSYS\tPIX\t X \t\t\t\t\n\nLegend:\n\n  X    = Self\n  SYS  = Connection traversing PCIe as well as the SMP interconnect between NUMA nodes (e.g., QPI/UPI)\n  NODE = Connection traversing PCIe as well as the interconnect between PCIe Host Bridges within a NUMA node\n  PHB  = Connection traversing PCIe as well as a PCIe Host Bridge (typically the CPU)\n  PXB  = Connection traversing multiple PCIe bridges (without traversing the PCIe Host Bridge)\n  PIX  = Connection traversing at most a single PCIe bridge\n  NV#  = Connection traversing a bonded set of # NVLinks\n\nNIC Legend:\n\n  NIC0: rocep35s0f0\n  NIC1: rocep194s0f0\n  NIC2: rocep194s0f1""","{""CUDA_HOME"":""/usr/local/cuda"",""NCCL_TESTS_DIR"":""/root/nccl-tests""}"
1,p5-dense-20260828T154940Z-21cf57f,phase5,2026-08-28T15:53:09Z,measured,21cf57fd902a607407505eb9d8dfad40a82dfd91,False,unknown,,c079194dceb5,Ubuntu 24.04.3 LTS,6.14.0-33-generic,AMD EPYC 7542 32-Core Processor,128,1,NVIDIA L4,4,NODE,none-single-node,False,,12.8,570.195.03,2.25.1+cuda12.8,NCCL_DEBUG=VERSION banner,,gcc (Ubuntu 13.3.0-6ubuntu2~24.04) 13.3.0,b4d5beebca8a76cf01335f724d154b9b9d394d96,ring-ll,Ring,LL,"NCCL_ALGO=Ring,NCCL_PROTO=LL",,,,,,,,,nccl-tests,all_reduce,float,sum,-1,65536,16384,out_of_place,20,50,1,full,57.01,1.15,1.72,0,True,True,True,0,env NCCL_DEBUG=VERSION NCCL_ALGO=Ring NCCL_PROTO=LL /root/nccl-tests/build/all_reduce_perf -b 16K -e 512K -f 2 -g 4 -w 20 -n 50 -c 1 -d float,results/raw/p5-dense-20260828T154940Z-21cf57f/all_reduce.ring-ll.full.r1.stdout.txt,,"[{""index"":0,""memory_total_mib"":23034,""name"":""NVIDIA L4"",""pci_bus_id"":""00000000:61:00.0"",""pcie_link_gen_current"":1,""pcie_link_gen_max"":4,""pcie_link_width_current"":16,""pcie_link_width_max"":16},{""index"":1,""memory_total_mib"":23034,""name"":""NVIDIA L4"",""pci_bus_id"":""00000000:81:00.0"",""pcie_link_gen_current"":1,""pcie_link_gen_max"":4,""pcie_link_width_current"":16,""pcie_link_width_max"":16},{""index"":2,""memory_total_mib"":23034,""name"":""NVIDIA L4"",""pci_bus_id"":""00000000:A1:00.0"",""pcie_link_gen_current"":1,""pcie_link_gen_max"":4,""pcie_link_width_current"":16,""pcie_link_width_max"":16},{""index"":3,""memory_total_mib"":23034,""name"":""NVIDIA L4"",""pci_bus_id"":""00000000:E1:00.0"",""pcie_link_gen_current"":1,""pcie_link_gen_max"":4,""pcie_link_width_current"":16,""pcie_link_width_max"":16}]","""\t\u001b[4mGPU0\tGPU1\tGPU2\tGPU3\tNIC0\tNIC1\tNIC2\tCPU Affinity\tNUMA Affinity\tGPU NUMA ID\u001b[0m\nGPU0\t X \tSYS\tSYS\tSYS\tNODE\tSYS\tSYS\t0-31,64-95\t0\t\tN/A\nGPU1\tSYS\t X \tNODE\tNODE\tSYS\tNODE\tNODE\t32-63,96-127\t1\t\tN/A\nGPU2\tSYS\tNODE\t X \tNODE\tSYS\tNODE\tNODE\t32-63,96-127\t1\t\tN/A\nGPU3\tSYS\tNODE\tNODE\t X \tSYS\tNODE\tNODE\t32-63,96-127\t1\t\tN/A\nNIC0\tNODE\tSYS\tSYS\tSYS\t X \tSYS\tSYS\t\t\t\t\nNIC1\tSYS\tNODE\tNODE\tNODE\tSYS\t X \tPIX\t\t\t\t\nNIC2\tSYS\tNODE\tNODE\tNODE\tSYS\tPIX\t X \t\t\t\t\n\nLegend:\n\n  X    = Self\n  SYS  = Connection traversing PCIe as well as the SMP interconnect between NUMA nodes (e.g., QPI/UPI)\n  NODE = Connection traversing PCIe as well as the interconnect between PCIe Host Bridges within a NUMA node\n  PHB  = Connection traversing PCIe as well as a PCIe Host Bridge (typically the CPU)\n  PXB  = Connection traversing multiple PCIe bridges (without traversing the PCIe Host Bridge)\n  PIX  = Connection traversing at most a single PCIe bridge\n  NV#  = Connection traversing a bonded set of # NVLinks\n\nNIC Legend:\n\n  NIC0: rocep35s0f0\n  NIC1: rocep194s0f0\n  NIC2: rocep194s0f1""","{""CUDA_HOME"":""/usr/local/cuda"",""NCCL_TESTS_DIR"":""/root/nccl-tests""}"
1,p5-dense-20260828T154940Z-21cf57f,phase5,2026-08-28T15:53:09Z,measured,21cf57fd902a607407505eb9d8dfad40a82dfd91,False,unknown,,c079194dceb5,Ubuntu 24.04.3 LTS,6.14.0-33-generic,AMD EPYC 7542 32-Core Processor,128,1,NVIDIA L4,4,NODE,none-single-node,False,,12.8,570.195.03,2.25.1+cuda12.8,NCCL_DEBUG=VERSION banner,,gcc (Ubuntu 13.3.0-6ubuntu2~24.04) 13.3.0,b4d5beebca8a76cf01335f724d154b9b9d394d96,ring-ll,Ring,LL,"NCCL_ALGO=Ring,NCCL_PROTO=LL",,,,,,,,,nccl-tests,all_reduce,float,sum,-1,65536,16384,in_place,20,50,1,full,57.33,1.14,1.71,0,True,True,True,0,env NCCL_DEBUG=VERSION NCCL_ALGO=Ring NCCL_PROTO=LL /root/nccl-tests/build/all_reduce_perf -b 16K -e 512K -f 2 -g 4 -w 20 -n 50 -c 1 -d float,results/raw/p5-dense-20260828T154940Z-21cf57f/all_reduce.ring-ll.full.r1.stdout.txt,,"[{""index"":0,""memory_total_mib"":23034,""name"":""NVIDIA L4"",""pci_bus_id"":""00000000:61:00.0"",""pcie_link_gen_current"":1,""pcie_link_gen_max"":4,""pcie_link_width_current"":16,""pcie_link_width_max"":16},{""index"":1,""memory_total_mib"":23034,""name"":""NVIDIA L4"",""pci_bus_id"":""00000000:81:00.0"",""pcie_link_gen_current"":1,""pcie_link_gen_max"":4,""pcie_link_width_current"":16,""pcie_link_width_max"":16},{""index"":2,""memory_total_mib"":23034,""name"":""NVIDIA L4"",""pci_bus_id"":""00000000:A1:00.0"",""pcie_link_gen_current"":1,""pcie_link_gen_max"":4,""pcie_link_width_current"":16,""pcie_link_width_max"":16},{""index"":3,""memory_total_mib"":23034,""name"":""NVIDIA L4"",""pci_bus_id"":""00000000:E1:00.0"",""pcie_link_gen_current"":1,""pcie_link_gen_max"":4,""pcie_link_width_current"":16,""pcie_link_width_max"":16}]","""\t\u001b[4mGPU0\tGPU1\tGPU2\tGPU3\tNIC0\tNIC1\tNIC2\tCPU Affinity\tNUMA Affinity\tGPU NUMA ID\u001b[0m\nGPU0\t X \tSYS\tSYS\tSYS\tNODE\tSYS\tSYS\t0-31,64-95\t0\t\tN/A\nGPU1\tSYS\t X \tNODE\tNODE\tSYS\tNODE\tNODE\t32-63,96-127\t1\t\tN/A\nGPU2\tSYS\tNODE\t X \tNODE\tSYS\tNODE\tNODE\t32-63,96-127\t1\t\tN/A\nGPU3\tSYS\tNODE\tNODE\t X \tSYS\tNODE\tNODE\t32-63,96-127\t1\t\tN/A\nNIC0\tNODE\tSYS\tSYS\tSYS\t X \tSYS\tSYS\t\t\t\t\nNIC1\tSYS\tNODE\tNODE\tNODE\tSYS\t X \tPIX\t\t\t\t\nNIC2\tSYS\tNODE\tNODE\tNODE\tSYS\tPIX\t X \t\t\t\t\n\nLegend:\n\n  X    = Self\n  SYS  = Connection traversing PCIe as well as the SMP interconnect between NUMA nodes (e.g., QPI/UPI)\n  NODE = Connection traversing PCIe as well as the interconnect between PCIe Host Bridges within a NUMA node\n  PHB  = Connection traversing PCIe as well as a PCIe Host Bridge (typically the CPU)\n  PXB  = Connection traversing multiple PCIe bridges (without traversing the PCIe Host Bridge)\n  PIX  = Connection traversing at most a single PCIe bridge\n  NV#  = Connection traversing a bonded set of # NVLinks\n\nNIC Legend:\n\n  NIC0: rocep35s0f0\n  NIC1: rocep194s0f0\n  NIC2: rocep194s0f1""","{""CUDA_HOME"":""/usr/local/cuda"",""NCCL_TESTS_DIR"":""/root/nccl-tests""}"
1,p5-dense-20260828T154940Z-21cf57f,phase5,2026-08-28T15:53:09Z,measured,21cf57fd902a607407505eb9d8dfad40a82dfd91,False,unknown,,c079194dceb5,Ubuntu 24.04.3 LTS,6.14.0-33-generic,AMD EPYC 7542 32-Core Processor,128,1,NVIDIA L4,4,NODE,none-single-node,False,,12.8,570.195.03,2.25.1+cuda12.8,NCCL_DEBUG=VERSION banner,,gcc (Ubuntu 13.3.0-6ubuntu2~24.04) 13.3.0,b4d5beebca8a76cf01335f724d154b9b9d394d96,ring-ll,Ring,LL,"NCCL_ALGO=Ring,NCCL_PROTO=LL",,,,,,,,,nccl-tests,all_reduce,float,sum,-1,131072,32768,out_of_place,20,50,1,full,112.62,1.16,1.75,0,True,True,True,0,env NCCL_DEBUG=VERSION NCCL_ALGO=Ring NCCL_PROTO=LL /root/nccl-tests/build/all_reduce_perf -b 16K -e 512K -f 2 -g 4 -w 20 -n 50 -c 1 -d float,results/raw/p5-dense-20260828T154940Z-21cf57f/all_reduce.ring-ll.full.r1.stdout.txt,,"[{""index"":0,""memory_total_mib"":23034,""name"":""NVIDIA L4"",""pci_bus_id"":""00000000:61:00.0"",""pcie_link_gen_current"":1,""pcie_link_gen_max"":4,""pcie_link_width_current"":16,""pcie_link_width_max"":16},{""index"":1,""memory_total_mib"":23034,""name"":""NVIDIA L4"",""pci_bus_id"":""00000000:81:00.0"",""pcie_link_gen_current"":1,""pcie_link_gen_max"":4,""pcie_link_width_current"":16,""pcie_link_width_max"":16},{""index"":2,""memory_total_mib"":23034,""name"":""NVIDIA L4"",""pci_bus_id"":""00000000:A1:00.0"",""pcie_link_gen_current"":1,""pcie_link_gen_max"":4,""pcie_link_width_current"":16,""pcie_link_width_max"":16},{""index"":3,""memory_total_mib"":23034,""name"":""NVIDIA L4"",""pci_bus_id"":""00000000:E1:00.0"",""pcie_link_gen_current"":1,""pcie_link_gen_max"":4,""pcie_link_width_current"":16,""pcie_link_width_max"":16}]","""\t\u001b[4mGPU0\tGPU1\tGPU2\tGPU3\tNIC0\tNIC1\tNIC2\tCPU Affinity\tNUMA Affinity\tGPU NUMA ID\u001b[0m\nGPU0\t X \tSYS\tSYS\tSYS\tNODE\tSYS\tSYS\t0-31,64-95\t0\t\tN/A\nGPU1\tSYS\t X \tNODE\tNODE\tSYS\tNODE\tNODE\t32-63,96-127\t1\t\tN/A\nGPU2\tSYS\tNODE\t X \tNODE\tSYS\tNODE\tNODE\t32-63,96-127\t1\t\tN/A\nGPU3\tSYS\tNODE\tNODE\t X \tSYS\tNODE\tNODE\t32-63,96-127\t1\t\tN/A\nNIC0\tNODE\tSYS\tSYS\tSYS\t X \tSYS\tSYS\t\t\t\t\nNIC1\tSYS\tNODE\tNODE\tNODE\tSYS\t X \tPIX\t\t\t\t\nNIC2\tSYS\tNODE\tNODE\tNODE\tSYS\tPIX\t X \t\t\t\t\n\nLegend:\n\n  X    = Self\n  SYS  = Connection traversing PCIe as well as the SMP interconnect between NUMA nodes (e.g., QPI/UPI)\n  NODE = Connection traversing PCIe as well as the interconnect between PCIe Host Bridges within a NUMA node\n  PHB  = Connection traversing PCIe as well as a PCIe Host Bridge (typically the CPU)\n  PXB  = Connection traversing multiple PCIe bridges (without traversing the PCIe Host Bridge)\n  PIX  = Connection traversing at most a single PCIe bridge\n  NV#  = Connection traversing a bonded set of # NVLinks\n\nNIC Legend:\n\n  NIC0: rocep35s0f0\n  NIC1: rocep194s0f0\n  NIC2: rocep194s0f1""","{""CUDA_HOME"":""/usr/local/cuda"",""NCCL_TESTS_DIR"":""/root/nccl-tests""}"
1,p5-dense-20260828T154940Z-21cf57f,phase5,2026-08-28T15:53:09Z,measured,21cf57fd902a607407505eb9d8dfad40a82dfd91,False,unknown,,c079194dceb5,Ubuntu 24.04.3 LTS,6.14.0-33-generic,AMD EPYC 7542 32-Core Processor,128,1,NVIDIA L4,4,NODE,none-single-node,False,,12.8,570.195.03,2.25.1+cuda12.8,NCCL_DEBUG=VERSION banner,,gcc (Ubuntu 13.3.0-6ubuntu2~24.04) 13.3.0,b4d5beebca8a76cf01335f724d154b9b9d394d96,ring-ll,Ring,LL,"NCCL_ALGO=Ring,NCCL_PROTO=LL",,,,,,,,,nccl-tests,all_reduce,float,sum,-1,131072,32768,in_place,20,50,1,full,102.92,1.27,1.91,0,True,True,True,0,env NCCL_DEBUG=VERSION NCCL_ALGO=Ring NCCL_PROTO=LL /root/nccl-tests/build/all_reduce_perf -b 16K -e 512K -f 2 -g 4 -w 20 -n 50 -c 1 -d float,results/raw/p5-dense-20260828T154940Z-21cf57f/all_reduce.ring-ll.full.r1.stdout.txt,,"[{""index"":0,""memory_total_mib"":23034,""name"":""NVIDIA L4"",""pci_bus_id"":""00000000:61:00.0"",""pcie_link_gen_current"":1,""pcie_link_gen_max"":4,""pcie_link_width_current"":16,""pcie_link_width_max"":16},{""index"":1,""memory_total_mib"":23034,""name"":""NVIDIA L4"",""pci_bus_id"":""00000000:81:00.0"",""pcie_link_gen_current"":1,""pcie_link_gen_max"":4,""pcie_link_width_current"":16,""pcie_link_width_max"":16},{""index"":2,""memory_total_mib"":23034,""name"":""NVIDIA L4"",""pci_bus_id"":""00000000:A1:00.0"",""pcie_link_gen_current"":1,""pcie_link_gen_max"":4,""pcie_link_width_current"":16,""pcie_link_width_max"":16},{""index"":3,""memory_total_mib"":23034,""name"":""NVIDIA L4"",""pci_bus_id"":""00000000:E1:00.0"",""pcie_link_gen_current"":1,""pcie_link_gen_max"":4,""pcie_link_width_current"":16,""pcie_link_width_max"":16}]","""\t\u001b[4mGPU0\tGPU1\tGPU2\tGPU3\tNIC0\tNIC1\tNIC2\tCPU Affinity\tNUMA Affinity\tGPU NUMA ID\u001b[0m\nGPU0\t X \tSYS\tSYS\tSYS\tNODE\tSYS\tSYS\t0-31,64-95\t0\t\tN/A\nGPU1\tSYS\t X \tNODE\tNODE\tSYS\tNODE\tNODE\t32-63,96-127\t1\t\tN/A\nGPU2\tSYS\tNODE\t X \tNODE\tSYS\tNODE\tNODE\t32-63,96-127\t1\t\tN/A\nGPU3\tSYS\tNODE\tNODE\t X \tSYS\tNODE\tNODE\t32-63,96-127\t1\t\tN/A\nNIC0\tNODE\tSYS\tSYS\tSYS\t X \tSYS\tSYS\t\t\t\t\nNIC1\tSYS\tNODE\tNODE\tNODE\tSYS\t X \tPIX\t\t\t\t\nNIC2\tSYS\tNODE\tNODE\tNODE\tSYS\tPIX\t X \t\t\t\t\n\nLegend:\n\n  X    = Self\n  SYS  = Connection traversing PCIe as well as the SMP interconnect between NUMA nodes (e.g., QPI/UPI)\n  NODE = Connection traversing PCIe as well as the interconnect between PCIe Host Bridges within a NUMA node\n  PHB  = Connection traversing PCIe as well as a PCIe Host Bridge (typically the CPU)\n  PXB  = Connection traversing multiple PCIe bridges (without traversing the PCIe Host Bridge)\n  PIX  = Connection traversing at most a single PCIe bridge\n  NV#  = Connection traversing a bonded set of # NVLinks\n\nNIC Legend:\n\n  NIC0: rocep35s0f0\n  NIC1: rocep194s0f0\n  NIC2: rocep194s0f1""","{""CUDA_HOME"":""/usr/local/cuda"",""NCCL_TESTS_DIR"":""/root/nccl-tests""}"
1,p5-dense-20260828T154940Z-21cf57f,phase5,2026-08-28T15:53:09Z,measured,21cf57fd902a607407505eb9d8dfad40a82dfd91,False,unknown,,c079194dceb5,Ubuntu 24.04.3 LTS,6.14.0-33-generic,AMD EPYC 7542 32-Core Processor,128,1,NVIDIA L4,4,NODE,none-single-node,False,,12.8,570.195.03,2.25.1+cuda12.8,NCCL_DEBUG=VERSION banner,,gcc (Ubuntu 13.3.0-6ubuntu2~24.04) 13.3.0,b4d5beebca8a76cf01335f724d154b9b9d394d96,ring-ll,Ring,LL,"NCCL_ALGO=Ring,NCCL_PROTO=LL",,,,,,,,,nccl-tests,all_reduce,float,sum,-1,262144,65536,out_of_place,20,50,1,full,199.79,1.31,1.97,0,True,True,True,0,env NCCL_DEBUG=VERSION NCCL_ALGO=Ring NCCL_PROTO=LL /root/nccl-tests/build/all_reduce_perf -b 16K -e 512K -f 2 -g 4 -w 20 -n 50 -c 1 -d float,results/raw/p5-dense-20260828T154940Z-21cf57f/all_reduce.ring-ll.full.r1.stdout.txt,,"[{""index"":0,""memory_total_mib"":23034,""name"":""NVIDIA L4"",""pci_bus_id"":""00000000:61:00.0"",""pcie_link_gen_current"":1,""pcie_link_gen_max"":4,""pcie_link_width_current"":16,""pcie_link_width_max"":16},{""index"":1,""memory_total_mib"":23034,""name"":""NVIDIA L4"",""pci_bus_id"":""00000000:81:00.0"",""pcie_link_gen_current"":1,""pcie_link_gen_max"":4,""pcie_link_width_current"":16,""pcie_link_width_max"":16},{""index"":2,""memory_total_mib"":23034,""name"":""NVIDIA L4"",""pci_bus_id"":""00000000:A1:00.0"",""pcie_link_gen_current"":1,""pcie_link_gen_max"":4,""pcie_link_width_current"":16,""pcie_link_width_max"":16},{""index"":3,""memory_total_mib"":23034,""name"":""NVIDIA L4"",""pci_bus_id"":""00000000:E1:00.0"",""pcie_link_gen_current"":1,""pcie_link_gen_max"":4,""pcie_link_width_current"":16,""pcie_link_width_max"":16}]","""\t\u001b[4mGPU0\tGPU1\tGPU2\tGPU3\tNIC0\tNIC1\tNIC2\tCPU Affinity\tNUMA Affinity\tGPU NUMA ID\u001b[0m\nGPU0\t X \tSYS\tSYS\tSYS\tNODE\tSYS\tSYS\t0-31,64-95\t0\t\tN/A\nGPU1\tSYS\t X \tNODE\tNODE\tSYS\tNODE\tNODE\t32-63,96-127\t1\t\tN/A\nGPU2\tSYS\tNODE\t X \tNODE\tSYS\tNODE\tNODE\t32-63,96-127\t1\t\tN/A\nGPU3\tSYS\tNODE\tNODE\t X \tSYS\tNODE\tNODE\t32-63,96-127\t1\t\tN/A\nNIC0\tNODE\tSYS\tSYS\tSYS\t X \tSYS\tSYS\t\t\t\t\nNIC1\tSYS\tNODE\tNODE\tNODE\tSYS\t X \tPIX\t\t\t\t\nNIC2\tSYS\tNODE\tNODE\tNODE\tSYS\tPIX\t X \t\t\t\t\n\nLegend:\n\n  X    = Self\n  SYS  = Connection traversing PCIe as well as the SMP interconnect between NUMA nodes (e.g., QPI/UPI)\n  NODE = Connection traversing PCIe as well as the interconnect between PCIe Host Bridges within a NUMA node\n  PHB  = Connection traversing PCIe as well as a PCIe Host Bridge (typically the CPU)\n  PXB  = Connection traversing multiple PCIe bridges (without traversing the PCIe Host Bridge)\n  PIX  = Connection traversing at most a single PCIe bridge\n  NV#  = Connection traversing a bonded set of # NVLinks\n\nNIC Legend:\n\n  NIC0: rocep35s0f0\n  NIC1: rocep194s0f0\n  NIC2: rocep194s0f1""","{""CUDA_HOME"":""/usr/local/cuda"",""NCCL_TESTS_DIR"":""/root/nccl-tests""}"
1,p5-dense-20260828T154940Z-21cf57f,phase5,2026-08-28T15:53:09Z,measured,21cf57fd902a607407505eb9d8dfad40a82dfd91,False,unknown,,c079194dceb5,Ubuntu 24.04.3 LTS,6.14.0-33-generic,AMD EPYC 7542 32-Core Processor,128,1,NVIDIA L4,4,NODE,none-single-node,False,,12.8,570.195.03,2.25.1+cuda12.8,NCCL_DEBUG=VERSION banner,,gcc (Ubuntu 13.3.0-6ubuntu2~24.04) 13.3.0,b4d5beebca8a76cf01335f724d154b9b9d394d96,ring-ll,Ring,LL,"NCCL_ALGO=Ring,NCCL_PROTO=LL",,,,,,,,,nccl-tests,all_reduce,float,sum,-1,262144,65536,in_place,20,50,1,full,190.93,1.37,2.06,0,True,True,True,0,env NCCL_DEBUG=VERSION NCCL_ALGO=Ring NCCL_PROTO=LL /root/nccl-tests/build/all_reduce_perf -b 16K -e 512K -f 2 -g 4 -w 20 -n 50 -c 1 -d float,results/raw/p5-dense-20260828T154940Z-21cf57f/all_reduce.ring-ll.full.r1.stdout.txt,,"[{""index"":0,""memory_total_mib"":23034,""name"":""NVIDIA L4"",""pci_bus_id"":""00000000:61:00.0"",""pcie_link_gen_current"":1,""pcie_link_gen_max"":4,""pcie_link_width_current"":16,""pcie_link_width_max"":16},{""index"":1,""memory_total_mib"":23034,""name"":""NVIDIA L4"",""pci_bus_id"":""00000000:81:00.0"",""pcie_link_gen_current"":1,""pcie_link_gen_max"":4,""pcie_link_width_current"":16,""pcie_link_width_max"":16},{""index"":2,""memory_total_mib"":23034,""name"":""NVIDIA L4"",""pci_bus_id"":""00000000:A1:00.0"",""pcie_link_gen_current"":1,""pcie_link_gen_max"":4,""pcie_link_width_current"":16,""pcie_link_width_max"":16},{""index"":3,""memory_total_mib"":23034,""name"":""NVIDIA L4"",""pci_bus_id"":""00000000:E1:00.0"",""pcie_link_gen_current"":1,""pcie_link_gen_max"":4,""pcie_link_width_current"":16,""pcie_link_width_max"":16}]","""\t\u001b[4mGPU0\tGPU1\tGPU2\tGPU3\tNIC0\tNIC1\tNIC2\tCPU Affinity\tNUMA Affinity\tGPU NUMA ID\u001b[0m\nGPU0\t X \tSYS\tSYS\tSYS\tNODE\tSYS\tSYS\t0-31,64-95\t0\t\tN/A\nGPU1\tSYS\t X \tNODE\tNODE\tSYS\tNODE\tNODE\t32-63,96-127\t1\t\tN/A\nGPU2\tSYS\tNODE\t X \tNODE\tSYS\tNODE\tNODE\t32-63,96-127\t1\t\tN/A\nGPU3\tSYS\tNODE\tNODE\t X \tSYS\tNODE\tNODE\t32-63,96-127\t1\t\tN/A\nNIC0\tNODE\tSYS\tSYS\tSYS\t X \tSYS\tSYS\t\t\t\t\nNIC1\tSYS\tNODE\tNODE\tNODE\tSYS\t X \tPIX\t\t\t\t\nNIC2\tSYS\tNODE\tNODE\tNODE\tSYS\tPIX\t X \t\t\t\t\n\nLegend:\n\n  X    = Self\n  SYS  = Connection traversing PCIe as well as the SMP interconnect between NUMA nodes (e.g., QPI/UPI)\n  NODE = Connection traversing PCIe as well as the interconnect between PCIe Host Bridges within a NUMA node\n  PHB  = Connection traversing PCIe as well as a PCIe Host Bridge (typically the CPU)\n  PXB  = Connection traversing multiple PCIe bridges (without traversing the PCIe Host Bridge)\n  PIX  = Connection traversing at most a single PCIe bridge\n  NV#  = Connection traversing a bonded set of # NVLinks\n\nNIC Legend:\n\n  NIC0: rocep35s0f0\n  NIC1: rocep194s0f0\n  NIC2: rocep194s0f1""","{""CUDA_HOME"":""/usr/local/cuda"",""NCCL_TESTS_DIR"":""/root/nccl-tests""}"
1,p5-dense-20260828T154940Z-21cf57f,phase5,2026-08-28T15:53:09Z,measured,21cf57fd902a607407505eb9d8dfad40a82dfd91,False,unknown,,c079194dceb5,Ubuntu 24.04.3 LTS,6.14.0-33-generic,AMD EPYC 7542 32-Core Processor,128,1,NVIDIA L4,4,NODE,none-single-node,False,,12.8,570.195.03,2.25.1+cuda12.8,NCCL_DEBUG=VERSION banner,,gcc (Ubuntu 13.3.0-6ubuntu2~24.04) 13.3.0,b4d5beebca8a76cf01335f724d154b9b9d394d96,ring-ll,Ring,LL,"NCCL_ALGO=Ring,NCCL_PROTO=LL",,,,,,,,,nccl-tests,all_reduce,float,sum,-1,524288,131072,out_of_place,20,50,1,full,362.14,1.45,2.17,0,True,True,True,0,env NCCL_DEBUG=VERSION NCCL_ALGO=Ring NCCL_PROTO=LL /root/nccl-tests/build/all_reduce_perf -b 16K -e 512K -f 2 -g 4 -w 20 -n 50 -c 1 -d float,results/raw/p5-dense-20260828T154940Z-21cf57f/all_reduce.ring-ll.full.r1.stdout.txt,,"[{""index"":0,""memory_total_mib"":23034,""name"":""NVIDIA L4"",""pci_bus_id"":""00000000:61:00.0"",""pcie_link_gen_current"":1,""pcie_link_gen_max"":4,""pcie_link_width_current"":16,""pcie_link_width_max"":16},{""index"":1,""memory_total_mib"":23034,""name"":""NVIDIA L4"",""pci_bus_id"":""00000000:81:00.0"",""pcie_link_gen_current"":1,""pcie_link_gen_max"":4,""pcie_link_width_current"":16,""pcie_link_width_max"":16},{""index"":2,""memory_total_mib"":23034,""name"":""NVIDIA L4"",""pci_bus_id"":""00000000:A1:00.0"",""pcie_link_gen_current"":1,""pcie_link_gen_max"":4,""pcie_link_width_current"":16,""pcie_link_width_max"":16},{""index"":3,""memory_total_mib"":23034,""name"":""NVIDIA L4"",""pci_bus_id"":""00000000:E1:00.0"",""pcie_link_gen_current"":1,""pcie_link_gen_max"":4,""pcie_link_width_current"":16,""pcie_link_width_max"":16}]","""\t\u001b[4mGPU0\tGPU1\tGPU2\tGPU3\tNIC0\tNIC1\tNIC2\tCPU Affinity\tNUMA Affinity\tGPU NUMA ID\u001b[0m\nGPU0\t X \tSYS\tSYS\tSYS\tNODE\tSYS\tSYS\t0-31,64-95\t0\t\tN/A\nGPU1\tSYS\t X \tNODE\tNODE\tSYS\tNODE\tNODE\t32-63,96-127\t1\t\tN/A\nGPU2\tSYS\tNODE\t X \tNODE\tSYS\tNODE\tNODE\t32-63,96-127\t1\t\tN/A\nGPU3\tSYS\tNODE\tNODE\t X \tSYS\tNODE\tNODE\t32-63,96-127\t1\t\tN/A\nNIC0\tNODE\tSYS\tSYS\tSYS\t X \tSYS\tSYS\t\t\t\t\nNIC1\tSYS\tNODE\tNODE\tNODE\tSYS\t X \tPIX\t\t\t\t\nNIC2\tSYS\tNODE\tNODE\tNODE\tSYS\tPIX\t X \t\t\t\t\n\nLegend:\n\n  X    = Self\n  SYS  = Connection traversing PCIe as well as the SMP interconnect between NUMA nodes (e.g., QPI/UPI)\n  NODE = Connection traversing PCIe as well as the interconnect between PCIe Host Bridges within a NUMA node\n  PHB  = Connection traversing PCIe as well as a PCIe Host Bridge (typically the CPU)\n  PXB  = Connection traversing multiple PCIe bridges (without traversing the PCIe Host Bridge)\n  PIX  = Connection traversing at most a single PCIe bridge\n  NV#  = Connection traversing a bonded set of # NVLinks\n\nNIC Legend:\n\n  NIC0: rocep35s0f0\n  NIC1: rocep194s0f0\n  NIC2: rocep194s0f1""","{""CUDA_HOME"":""/usr/local/cuda"",""NCCL_TESTS_DIR"":""/root/nccl-tests""}"
1,p5-dense-20260828T154940Z-21cf57f,phase5,2026-08-28T15:53:09Z,measured,21cf57fd902a607407505eb9d8dfad40a82dfd91,False,unknown,,c079194dceb5,Ubuntu 24.04.3 LTS,6.14.0-33-generic,AMD EPYC 7542 32-Core Processor,128,1,NVIDIA L4,4,NODE,none-single-node,False,,12.8,570.195.03,2.25.1+cuda12.8,NCCL_DEBUG=VERSION banner,,gcc (Ubuntu 13.3.0-6ubuntu2~24.04) 13.3.0,b4d5beebca8a76cf01335f724d154b9b9d394d96,ring-ll,Ring,LL,"NCCL_ALGO=Ring,NCCL_PROTO=LL",,,,,,,,,nccl-tests,all_reduce,float,sum,-1,524288,131072,in_place,20,50,1,full,359.31,1.46,2.19,0,True,True,True,0,env NCCL_DEBUG=VERSION NCCL_ALGO=Ring NCCL_PROTO=LL /root/nccl-tests/build/all_reduce_perf -b 16K -e 512K -f 2 -g 4 -w 20 -n 50 -c 1 -d float,results/raw/p5-dense-20260828T154940Z-21cf57f/all_reduce.ring-ll.full.r1.stdout.txt,,"[{""index"":0,""memory_total_mib"":23034,""name"":""NVIDIA L4"",""pci_bus_id"":""00000000:61:00.0"",""pcie_link_gen_current"":1,""pcie_link_gen_max"":4,""pcie_link_width_current"":16,""pcie_link_width_max"":16},{""index"":1,""memory_total_mib"":23034,""name"":""NVIDIA L4"",""pci_bus_id"":""00000000:81:00.0"",""pcie_link_gen_current"":1,""pcie_link_gen_max"":4,""pcie_link_width_current"":16,""pcie_link_width_max"":16},{""index"":2,""memory_total_mib"":23034,""name"":""NVIDIA L4"",""pci_bus_id"":""00000000:A1:00.0"",""pcie_link_gen_current"":1,""pcie_link_gen_max"":4,""pcie_link_width_current"":16,""pcie_link_width_max"":16},{""index"":3,""memory_total_mib"":23034,""name"":""NVIDIA L4"",""pci_bus_id"":""00000000:E1:00.0"",""pcie_link_gen_current"":1,""pcie_link_gen_max"":4,""pcie_link_width_current"":16,""pcie_link_width_max"":16}]","""\t\u001b[4mGPU0\tGPU1\tGPU2\tGPU3\tNIC0\tNIC1\tNIC2\tCPU Affinity\tNUMA Affinity\tGPU NUMA ID\u001b[0m\nGPU0\t X \tSYS\tSYS\tSYS\tNODE\tSYS\tSYS\t0-31,64-95\t0\t\tN/A\nGPU1\tSYS\t X \tNODE\tNODE\tSYS\tNODE\tNODE\t32-63,96-127\t1\t\tN/A\nGPU2\tSYS\tNODE\t X \tNODE\tSYS\tNODE\tNODE\t32-63,96-127\t1\t\tN/A\nGPU3\tSYS\tNODE\tNODE\t X \tSYS\tNODE\tNODE\t32-63,96-127\t1\t\tN/A\nNIC0\tNODE\tSYS\tSYS\tSYS\t X \tSYS\tSYS\t\t\t\t\nNIC1\tSYS\tNODE\tNODE\tNODE\tSYS\t X \tPIX\t\t\t\t\nNIC2\tSYS\tNODE\tNODE\tNODE\tSYS\tPIX\t X \t\t\t\t\n\nLegend:\n\n  X    = Self\n  SYS  = Connection traversing PCIe as well as the SMP interconnect between NUMA nodes (e.g., QPI/UPI)\n  NODE = Connection traversing PCIe as well as the interconnect between PCIe Host Bridges within a NUMA node\n  PHB  = Connection traversing PCIe as well as a PCIe Host Bridge (typically the CPU)\n  PXB  = Connection traversing multiple PCIe bridges (without traversing the PCIe Host Bridge)\n  PIX  = Connection traversing at most a single PCIe bridge\n  NV#  = Connection traversing a bonded set of # NVLinks\n\nNIC Legend:\n\n  NIC0: rocep35s0f0\n  NIC1: rocep194s0f0\n  NIC2: rocep194s0f1""","{""CUDA_HOME"":""/usr/local/cuda"",""NCCL_TESTS_DIR"":""/root/nccl-tests""}"
1,p5-dense-20260828T154940Z-21cf57f,phase5,2026-08-28T15:53:12Z,measured,21cf57fd902a607407505eb9d8dfad40a82dfd91,False,unknown,,c079194dceb5,Ubuntu 24.04.3 LTS,6.14.0-33-generic,AMD EPYC 7542 32-Core Processor,128,1,NVIDIA L4,4,NODE,none-single-node,False,,12.8,570.195.03,2.25.1+cuda12.8,NCCL_DEBUG=VERSION banner,,gcc (Ubuntu 13.3.0-6ubuntu2~24.04) 13.3.0,b4d5beebca8a76cf01335f724d154b9b9d394d96,ring-ll,Ring,LL,"NCCL_ALGO=Ring,NCCL_PROTO=LL",,,,,,,,,nccl-tests,all_reduce,float,sum,-1,16384,4096,out_of_place,20,50,2,full,29.15,0.56,0.84,0,True,True,True,0,env NCCL_DEBUG=VERSION NCCL_ALGO=Ring NCCL_PROTO=LL /root/nccl-tests/build/all_reduce_perf -b 16K -e 512K -f 2 -g 4 -w 20 -n 50 -c 1 -d float,results/raw/p5-dense-20260828T154940Z-21cf57f/all_reduce.ring-ll.full.r2.stdout.txt,,"[{""index"":0,""memory_total_mib"":23034,""name"":""NVIDIA L4"",""pci_bus_id"":""00000000:61:00.0"",""pcie_link_gen_current"":1,""pcie_link_gen_max"":4,""pcie_link_width_current"":16,""pcie_link_width_max"":16},{""index"":1,""memory_total_mib"":23034,""name"":""NVIDIA L4"",""pci_bus_id"":""00000000:81:00.0"",""pcie_link_gen_current"":1,""pcie_link_gen_max"":4,""pcie_link_width_current"":16,""pcie_link_width_max"":16},{""index"":2,""memory_total_mib"":23034,""name"":""NVIDIA L4"",""pci_bus_id"":""00000000:A1:00.0"",""pcie_link_gen_current"":1,""pcie_link_gen_max"":4,""pcie_link_width_current"":16,""pcie_link_width_max"":16},{""index"":3,""memory_total_mib"":23034,""name"":""NVIDIA L4"",""pci_bus_id"":""00000000:E1:00.0"",""pcie_link_gen_current"":1,""pcie_link_gen_max"":4,""pcie_link_width_current"":16,""pcie_link_width_max"":16}]","""\t\u001b[4mGPU0\tGPU1\tGPU2\tGPU3\tNIC0\tNIC1\tNIC2\tCPU Affinity\tNUMA Affinity\tGPU NUMA ID\u001b[0m\nGPU0\t X \tSYS\tSYS\tSYS\tNODE\tSYS\tSYS\t0-31,64-95\t0\t\tN/A\nGPU1\tSYS\t X \tNODE\tNODE\tSYS\tNODE\tNODE\t32-63,96-127\t1\t\tN/A\nGPU2\tSYS\tNODE\t X \tNODE\tSYS\tNODE\tNODE\t32-63,96-127\t1\t\tN/A\nGPU3\tSYS\tNODE\tNODE\t X \tSYS\tNODE\tNODE\t32-63,96-127\t1\t\tN/A\nNIC0\tNODE\tSYS\tSYS\tSYS\t X \tSYS\tSYS\t\t\t\t\nNIC1\tSYS\tNODE\tNODE\tNODE\tSYS\t X \tPIX\t\t\t\t\nNIC2\tSYS\tNODE\tNODE\tNODE\tSYS\tPIX\t X \t\t\t\t\n\nLegend:\n\n  X    = Self\n  SYS  = Connection traversing PCIe as well as the SMP interconnect between NUMA nodes (e.g., QPI/UPI)\n  NODE = Connection traversing PCIe as well as the interconnect between PCIe Host Bridges within a NUMA node\n  PHB  = Connection traversing PCIe as well as a PCIe Host Bridge (typically the CPU)\n  PXB  = Connection traversing multiple PCIe bridges (without traversing the PCIe Host Bridge)\n  PIX  = Connection traversing at most a single PCIe bridge\n  NV#  = Connection traversing a bonded set of # NVLinks\n\nNIC Legend:\n\n  NIC0: rocep35s0f0\n  NIC1: rocep194s0f0\n  NIC2: rocep194s0f1""","{""CUDA_HOME"":""/usr/local/cuda"",""NCCL_TESTS_DIR"":""/root/nccl-tests""}"
1,p5-dense-20260828T154940Z-21cf57f,phase5,2026-08-28T15:53:12Z,measured,21cf57fd902a607407505eb9d8dfad40a82dfd91,False,unknown,,c079194dceb5,Ubuntu 24.04.3 LTS,6.14.0-33-generic,AMD EPYC 7542 32-Core Processor,128,1,NVIDIA L4,4,NODE,none-single-node,False,,12.8,570.195.03,2.25.1+cuda12.8,NCCL_DEBUG=VERSION banner,,gcc (Ubuntu 13.3.0-6ubuntu2~24.04) 13.3.0,b4d5beebca8a76cf01335f724d154b9b9d394d96,ring-ll,Ring,LL,"NCCL_ALGO=Ring,NCCL_PROTO=LL",,,,,,,,,nccl-tests,all_reduce,float,sum,-1,16384,4096,in_place,20,50,2,full,30.01,0.55,0.82,0,True,True,True,0,env NCCL_DEBUG=VERSION NCCL_ALGO=Ring NCCL_PROTO=LL /root/nccl-tests/build/all_reduce_perf -b 16K -e 512K -f 2 -g 4 -w 20 -n 50 -c 1 -d float,results/raw/p5-dense-20260828T154940Z-21cf57f/all_reduce.ring-ll.full.r2.stdout.txt,,"[{""index"":0,""memory_total_mib"":23034,""name"":""NVIDIA L4"",""pci_bus_id"":""00000000:61:00.0"",""pcie_link_gen_current"":1,""pcie_link_gen_max"":4,""pcie_link_width_current"":16,""pcie_link_width_max"":16},{""index"":1,""memory_total_mib"":23034,""name"":""NVIDIA L4"",""pci_bus_id"":""00000000:81:00.0"",""pcie_link_gen_current"":1,""pcie_link_gen_max"":4,""pcie_link_width_current"":16,""pcie_link_width_max"":16},{""index"":2,""memory_total_mib"":23034,""name"":""NVIDIA L4"",""pci_bus_id"":""00000000:A1:00.0"",""pcie_link_gen_current"":1,""pcie_link_gen_max"":4,""pcie_link_width_current"":16,""pcie_link_width_max"":16},{""index"":3,""memory_total_mib"":23034,""name"":""NVIDIA L4"",""pci_bus_id"":""00000000:E1:00.0"",""pcie_link_gen_current"":1,""pcie_link_gen_max"":4,""pcie_link_width_current"":16,""pcie_link_width_max"":16}]","""\t\u001b[4mGPU0\tGPU1\tGPU2\tGPU3\tNIC0\tNIC1\tNIC2\tCPU Affinity\tNUMA Affinity\tGPU NUMA ID\u001b[0m\nGPU0\t X \tSYS\tSYS\tSYS\tNODE\tSYS\tSYS\t0-31,64-95\t0\t\tN/A\nGPU1\tSYS\t X \tNODE\tNODE\tSYS\tNODE\tNODE\t32-63,96-127\t1\t\tN/A\nGPU2\tSYS\tNODE\t X \tNODE\tSYS\tNODE\tNODE\t32-63,96-127\t1\t\tN/A\nGPU3\tSYS\tNODE\tNODE\t X \tSYS\tNODE\tNODE\t32-63,96-127\t1\t\tN/A\nNIC0\tNODE\tSYS\tSYS\tSYS\t X \tSYS\tSYS\t\t\t\t\nNIC1\tSYS\tNODE\tNODE\tNODE\tSYS\t X \tPIX\t\t\t\t\nNIC2\tSYS\tNODE\tNODE\tNODE\tSYS\tPIX\t X \t\t\t\t\n\nLegend:\n\n  X    = Self\n  SYS  = Connection traversing PCIe as well as the SMP interconnect between NUMA nodes (e.g., QPI/UPI)\n  NODE = Connection traversing PCIe as well as the interconnect between PCIe Host Bridges within a NUMA node\n  PHB  = Connection traversing PCIe as well as a PCIe Host Bridge (typically the CPU)\n  PXB  = Connection traversing multiple PCIe bridges (without traversing the PCIe Host Bridge)\n  PIX  = Connection traversing at most a single PCIe bridge\n  NV#  = Connection traversing a bonded set of # NVLinks\n\nNIC Legend:\n\n  NIC0: rocep35s0f0\n  NIC1: rocep194s0f0\n  NIC2: rocep194s0f1""","{""CUDA_HOME"":""/usr/local/cuda"",""NCCL_TESTS_DIR"":""/root/nccl-tests""}"
1,p5-dense-20260828T154940Z-21cf57f,phase5,2026-08-28T15:53:12Z,measured,21cf57fd902a607407505eb9d8dfad40a82dfd91,False,unknown,,c079194dceb5,Ubuntu 24.04.3 LTS,6.14.0-33-generic,AMD EPYC 7542 32-Core Processor,128,1,NVIDIA L4,4,NODE,none-single-node,False,,12.8,570.195.03,2.25.1+cuda12.8,NCCL_DEBUG=VERSION banner,,gcc (Ubuntu 13.3.0-6ubuntu2~24.04) 13.3.0,b4d5beebca8a76cf01335f724d154b9b9d394d96,ring-ll,Ring,LL,"NCCL_ALGO=Ring,NCCL_PROTO=LL",,,,,,,,,nccl-tests,all_reduce,float,sum,-1,32768,8192,out_of_place,20,50,2,full,39.14,0.84,1.26,0,True,True,True,0,env NCCL_DEBUG=VERSION NCCL_ALGO=Ring NCCL_PROTO=LL /root/nccl-tests/build/all_reduce_perf -b 16K -e 512K -f 2 -g 4 -w 20 -n 50 -c 1 -d float,results/raw/p5-dense-20260828T154940Z-21cf57f/all_reduce.ring-ll.full.r2.stdout.txt,,"[{""index"":0,""memory_total_mib"":23034,""name"":""NVIDIA L4"",""pci_bus_id"":""00000000:61:00.0"",""pcie_link_gen_current"":1,""pcie_link_gen_max"":4,""pcie_link_width_current"":16,""pcie_link_width_max"":16},{""index"":1,""memory_total_mib"":23034,""name"":""NVIDIA L4"",""pci_bus_id"":""00000000:81:00.0"",""pcie_link_gen_current"":1,""pcie_link_gen_max"":4,""pcie_link_width_current"":16,""pcie_link_width_max"":16},{""index"":2,""memory_total_mib"":23034,""name"":""NVIDIA L4"",""pci_bus_id"":""00000000:A1:00.0"",""pcie_link_gen_current"":1,""pcie_link_gen_max"":4,""pcie_link_width_current"":16,""pcie_link_width_max"":16},{""index"":3,""memory_total_mib"":23034,""name"":""NVIDIA L4"",""pci_bus_id"":""00000000:E1:00.0"",""pcie_link_gen_current"":1,""pcie_link_gen_max"":4,""pcie_link_width_current"":16,""pcie_link_width_max"":16}]","""\t\u001b[4mGPU0\tGPU1\tGPU2\tGPU3\tNIC0\tNIC1\tNIC2\tCPU Affinity\tNUMA Affinity\tGPU NUMA ID\u001b[0m\nGPU0\t X \tSYS\tSYS\tSYS\tNODE\tSYS\tSYS\t0-31,64-95\t0\t\tN/A\nGPU1\tSYS\t X \tNODE\tNODE\tSYS\tNODE\tNODE\t32-63,96-127\t1\t\tN/A\nGPU2\tSYS\tNODE\t X \tNODE\tSYS\tNODE\tNODE\t32-63,96-127\t1\t\tN/A\nGPU3\tSYS\tNODE\tNODE\t X \tSYS\tNODE\tNODE\t32-63,96-127\t1\t\tN/A\nNIC0\tNODE\tSYS\tSYS\tSYS\t X \tSYS\tSYS\t\t\t\t\nNIC1\tSYS\tNODE\tNODE\tNODE\tSYS\t X \tPIX\t\t\t\t\nNIC2\tSYS\tNODE\tNODE\tNODE\tSYS\tPIX\t X \t\t\t\t\n\nLegend:\n\n  X    = Self\n  SYS  = Connection traversing PCIe as well as the SMP interconnect between NUMA nodes (e.g., QPI/UPI)\n  NODE = Connection traversing PCIe as well as the interconnect between PCIe Host Bridges within a NUMA node\n  PHB  = Connection traversing PCIe as well as a PCIe Host Bridge (typically the CPU)\n  PXB  = Connection traversing multiple PCIe bridges (without traversing the PCIe Host Bridge)\n  PIX  = Connection traversing at most a single PCIe bridge\n  NV#  = Connection traversing a bonded set of # NVLinks\n\nNIC Legend:\n\n  NIC0: rocep35s0f0\n  NIC1: rocep194s0f0\n  NIC2: rocep194s0f1""","{""CUDA_HOME"":""/usr/local/cuda"",""NCCL_TESTS_DIR"":""/root/nccl-tests""}"
1,p5-dense-20260828T154940Z-21cf57f,phase5,2026-08-28T15:53:12Z,measured,21cf57fd902a607407505eb9d8dfad40a82dfd91,False,unknown,,c079194dceb5,Ubuntu 24.04.3 LTS,6.14.0-33-generic,AMD EPYC 7542 32-Core Processor,128,1,NVIDIA L4,4,NODE,none-single-node,False,,12.8,570.195.03,2.25.1+cuda12.8,NCCL_DEBUG=VERSION banner,,gcc (Ubuntu 13.3.0-6ubuntu2~24.04) 13.3.0,b4d5beebca8a76cf01335f724d154b9b9d394d96,ring-ll,Ring,LL,"NCCL_ALGO=Ring,NCCL_PROTO=LL",,,,,,,,,nccl-tests,all_reduce,float,sum,-1,32768,8192,in_place,20,50,2,full,38.53,0.85,1.28,0,True,True,True,0,env NCCL_DEBUG=VERSION NCCL_ALGO=Ring NCCL_PROTO=LL /root/nccl-tests/build/all_reduce_perf -b 16K -e 512K -f 2 -g 4 -w 20 -n 50 -c 1 -d float,results/raw/p5-dense-20260828T154940Z-21cf57f/all_reduce.ring-ll.full.r2.stdout.txt,,"[{""index"":0,""memory_total_mib"":23034,""name"":""NVIDIA L4"",""pci_bus_id"":""00000000:61:00.0"",""pcie_link_gen_current"":1,""pcie_link_gen_max"":4,""pcie_link_width_current"":16,""pcie_link_width_max"":16},{""index"":1,""memory_total_mib"":23034,""name"":""NVIDIA L4"",""pci_bus_id"":""00000000:81:00.0"",""pcie_link_gen_current"":1,""pcie_link_gen_max"":4,""pcie_link_width_current"":16,""pcie_link_width_max"":16},{""index"":2,""memory_total_mib"":23034,""name"":""NVIDIA L4"",""pci_bus_id"":""00000000:A1:00.0"",""pcie_link_gen_current"":1,""pcie_link_gen_max"":4,""pcie_link_width_current"":16,""pcie_link_width_max"":16},{""index"":3,""memory_total_mib"":23034,""name"":""NVIDIA L4"",""pci_bus_id"":""00000000:E1:00.0"",""pcie_link_gen_current"":1,""pcie_link_gen_max"":4,""pcie_link_width_current"":16,""pcie_link_width_max"":16}]","""\t\u001b[4mGPU0\tGPU1\tGPU2\tGPU3\tNIC0\tNIC1\tNIC2\tCPU Affinity\tNUMA Affinity\tGPU NUMA ID\u001b[0m\nGPU0\t X \tSYS\tSYS\tSYS\tNODE\tSYS\tSYS\t0-31,64-95\t0\t\tN/A\nGPU1\tSYS\t X \tNODE\tNODE\tSYS\tNODE\tNODE\t32-63,96-127\t1\t\tN/A\nGPU2\tSYS\tNODE\t X \tNODE\tSYS\tNODE\tNODE\t32-63,96-127\t1\t\tN/A\nGPU3\tSYS\tNODE\tNODE\t X \tSYS\tNODE\tNODE\t32-63,96-127\t1\t\tN/A\nNIC0\tNODE\tSYS\tSYS\tSYS\t X \tSYS\tSYS\t\t\t\t\nNIC1\tSYS\tNODE\tNODE\tNODE\tSYS\t X \tPIX\t\t\t\t\nNIC2\tSYS\tNODE\tNODE\tNODE\tSYS\tPIX\t X \t\t\t\t\n\nLegend:\n\n  X    = Self\n  SYS  = Connection traversing PCIe as well as the SMP interconnect between NUMA nodes (e.g., QPI/UPI)\n  NODE = Connection traversing PCIe as well as the interconnect between PCIe Host Bridges within a NUMA node\n  PHB  = Connection traversing PCIe as well as a PCIe Host Bridge (typically the CPU)\n  PXB  = Connection traversing multiple PCIe bridges (without traversing the PCIe Host Bridge)\n  PIX  = Connection traversing at most a single PCIe bridge\n  NV#  = Connection traversing a bonded set of # NVLinks\n\nNIC Legend:\n\n  NIC0: rocep35s0f0\n  NIC1: rocep194s0f0\n  NIC2: rocep194s0f1""","{""CUDA_HOME"":""/usr/local/cuda"",""NCCL_TESTS_DIR"":""/root/nccl-tests""}"
1,p5-dense-20260828T154940Z-21cf57f,phase5,2026-08-28T15:53:12Z,measured,21cf57fd902a607407505eb9d8dfad40a82dfd91,False,unknown,,c079194dceb5,Ubuntu 24.04.3 LTS,6.14.0-33-generic,AMD EPYC 7542 32-Core Processor,128,1,NVIDIA L4,4,NODE,none-single-node,False,,12.8,570.195.03,2.25.1+cuda12.8,NCCL_DEBUG=VERSION banner,,gcc (Ubuntu 13.3.0-6ubuntu2~24.04) 13.3.0,b4d5beebca8a76cf01335f724d154b9b9d394d96,ring-ll,Ring,LL,"NCCL_ALGO=Ring,NCCL_PROTO=LL",,,,,,,,,nccl-tests,all_reduce,float,sum,-1,65536,16384,out_of_place,20,50,2,full,58.4,1.12,1.68,0,True,True,True,0,env NCCL_DEBUG=VERSION NCCL_ALGO=Ring NCCL_PROTO=LL /root/nccl-tests/build/all_reduce_perf -b 16K -e 512K -f 2 -g 4 -w 20 -n 50 -c 1 -d float,results/raw/p5-dense-20260828T154940Z-21cf57f/all_reduce.ring-ll.full.r2.stdout.txt,,"[{""index"":0,""memory_total_mib"":23034,""name"":""NVIDIA L4"",""pci_bus_id"":""00000000:61:00.0"",""pcie_link_gen_current"":1,""pcie_link_gen_max"":4,""pcie_link_width_current"":16,""pcie_link_width_max"":16},{""index"":1,""memory_total_mib"":23034,""name"":""NVIDIA L4"",""pci_bus_id"":""00000000:81:00.0"",""pcie_link_gen_current"":1,""pcie_link_gen_max"":4,""pcie_link_width_current"":16,""pcie_link_width_max"":16},{""index"":2,""memory_total_mib"":23034,""name"":""NVIDIA L4"",""pci_bus_id"":""00000000:A1:00.0"",""pcie_link_gen_current"":1,""pcie_link_gen_max"":4,""pcie_link_width_current"":16,""pcie_link_width_max"":16},{""index"":3,""memory_total_mib"":23034,""name"":""NVIDIA L4"",""pci_bus_id"":""00000000:E1:00.0"",""pcie_link_gen_current"":1,""pcie_link_gen_max"":4,""pcie_link_width_current"":16,""pcie_link_width_max"":16}]","""\t\u001b[4mGPU0\tGPU1\tGPU2\tGPU3\tNIC0\tNIC1\tNIC2\tCPU Affinity\tNUMA Affinity\tGPU NUMA ID\u001b[0m\nGPU0\t X \tSYS\tSYS\tSYS\tNODE\tSYS\tSYS\t0-31,64-95\t0\t\tN/A\nGPU1\tSYS\t X \tNODE\tNODE\tSYS\tNODE\tNODE\t32-63,96-127\t1\t\tN/A\nGPU2\tSYS\tNODE\t X \tNODE\tSYS\tNODE\tNODE\t32-63,96-127\t1\t\tN/A\nGPU3\tSYS\tNODE\tNODE\t X \tSYS\tNODE\tNODE\t32-63,96-127\t1\t\tN/A\nNIC0\tNODE\tSYS\tSYS\tSYS\t X \tSYS\tSYS\t\t\t\t\nNIC1\tSYS\tNODE\tNODE\tNODE\tSYS\t X \tPIX\t\t\t\t\nNIC2\tSYS\tNODE\tNODE\tNODE\tSYS\tPIX\t X \t\t\t\t\n\nLegend:\n\n  X    = Self\n  SYS  = Connection traversing PCIe as well as the SMP interconnect between NUMA nodes (e.g., QPI/UPI)\n  NODE = Connection traversing PCIe as well as the interconnect between PCIe Host Bridges within a NUMA node\n  PHB  = Connection traversing PCIe as well as a PCIe Host Bridge (typically the CPU)\n  PXB  = Connection traversing multiple PCIe bridges (without traversing the PCIe Host Bridge)\n  PIX  = Connection traversing at most a single PCIe bridge\n  NV#  = Connection traversing a bonded set of # NVLinks\n\nNIC Legend:\n\n  NIC0: rocep35s0f0\n  NIC1: rocep194s0f0\n  NIC2: rocep194s0f1""","{""CUDA_HOME"":""/usr/local/cuda"",""NCCL_TESTS_DIR"":""/root/nccl-tests""}"
1,p5-dense-20260828T154940Z-21cf57f,phase5,2026-08-28T15:53:12Z,measured,21cf57fd902a607407505eb9d8dfad40a82dfd91,False,unknown,,c079194dceb5,Ubuntu 24.04.3 LTS,6.14.0-33-generic,AMD EPYC 7542 32-Core Processor,128,1,NVIDIA L4,4,NODE,none-single-node,False,,12.8,570.195.03,2.25.1+cuda12.8,NCCL_DEBUG=VERSION banner,,gcc (Ubuntu 13.3.0-6ubuntu2~24.04) 13.3.0,b4d5beebca8a76cf01335f724d154b9b9d394d96,ring-ll,Ring,LL,"NCCL_ALGO=Ring,NCCL_PROTO=LL",,,,,,,,,nccl-tests,all_reduce,float,sum,-1,65536,16384,in_place,20,50,2,full,58.73,1.12,1.67,0,True,True,True,0,env NCCL_DEBUG=VERSION NCCL_ALGO=Ring NCCL_PROTO=LL /root/nccl-tests/build/all_reduce_perf -b 16K -e 512K -f 2 -g 4 -w 20 -n 50 -c 1 -d float,results/raw/p5-dense-20260828T154940Z-21cf57f/all_reduce.ring-ll.full.r2.stdout.txt,,"[{""index"":0,""memory_total_mib"":23034,""name"":""NVIDIA L4"",""pci_bus_id"":""00000000:61:00.0"",""pcie_link_gen_current"":1,""pcie_link_gen_max"":4,""pcie_link_width_current"":16,""pcie_link_width_max"":16},{""index"":1,""memory_total_mib"":23034,""name"":""NVIDIA L4"",""pci_bus_id"":""00000000:81:00.0"",""pcie_link_gen_current"":1,""pcie_link_gen_max"":4,""pcie_link_width_current"":16,""pcie_link_width_max"":16},{""index"":2,""memory_total_mib"":23034,""name"":""NVIDIA L4"",""pci_bus_id"":""00000000:A1:00.0"",""pcie_link_gen_current"":1,""pcie_link_gen_max"":4,""pcie_link_width_current"":16,""pcie_link_width_max"":16},{""index"":3,""memory_total_mib"":23034,""name"":""NVIDIA L4"",""pci_bus_id"":""00000000:E1:00.0"",""pcie_link_gen_current"":1,""pcie_link_gen_max"":4,""pcie_link_width_current"":16,""pcie_link_width_max"":16}]","""\t\u001b[4mGPU0\tGPU1\tGPU2\tGPU3\tNIC0\tNIC1\tNIC2\tCPU Affinity\tNUMA Affinity\tGPU NUMA ID\u001b[0m\nGPU0\t X \tSYS\tSYS\tSYS\tNODE\tSYS\tSYS\t0-31,64-95\t0\t\tN/A\nGPU1\tSYS\t X \tNODE\tNODE\tSYS\tNODE\tNODE\t32-63,96-127\t1\t\tN/A\nGPU2\tSYS\tNODE\t X \tNODE\tSYS\tNODE\tNODE\t32-63,96-127\t1\t\tN/A\nGPU3\tSYS\tNODE\tNODE\t X \tSYS\tNODE\tNODE\t32-63,96-127\t1\t\tN/A\nNIC0\tNODE\tSYS\tSYS\tSYS\t X \tSYS\tSYS\t\t\t\t\nNIC1\tSYS\tNODE\tNODE\tNODE\tSYS\t X \tPIX\t\t\t\t\nNIC2\tSYS\tNODE\tNODE\tNODE\tSYS\tPIX\t X \t\t\t\t\n\nLegend:\n\n  X    = Self\n  SYS  = Connection traversing PCIe as well as the SMP interconnect between NUMA nodes (e.g., QPI/UPI)\n  NODE = Connection traversing PCIe as well as the interconnect between PCIe Host Bridges within a NUMA node\n  PHB  = Connection traversing PCIe as well as a PCIe Host Bridge (typically the CPU)\n  PXB  = Connection traversing multiple PCIe bridges (without traversing the PCIe Host Bridge)\n  PIX  = Connection traversing at most a single PCIe bridge\n  NV#  = Connection traversing a bonded set of # NVLinks\n\nNIC Legend:\n\n  NIC0: rocep35s0f0\n  NIC1: rocep194s0f0\n  NIC2: rocep194s0f1""","{""CUDA_HOME"":""/usr/local/cuda"",""NCCL_TESTS_DIR"":""/root/nccl-tests""}"
1,p5-dense-20260828T154940Z-21cf57f,phase5,2026-08-28T15:53:12Z,measured,21cf57fd902a607407505eb9d8dfad40a82dfd91,False,unknown,,c079194dceb5,Ubuntu 24.04.3 LTS,6.14.0-33-generic,AMD EPYC 7542 32-Core Processor,128,1,NVIDIA L4,4,NODE,none-single-node,False,,12.8,570.195.03,2.25.1+cuda12.8,NCCL_DEBUG=VERSION banner,,gcc (Ubuntu 13.3.0-6ubuntu2~24.04) 13.3.0,b4d5beebca8a76cf01335f724d154b9b9d394d96,ring-ll,Ring,LL,"NCCL_ALGO=Ring,NCCL_PROTO=LL",,,,,,,,,nccl-tests,all_reduce,float,sum,-1,131072,32768,out_of_place,20,50,2,full,113.73,1.15,1.73,0,True,True,True,0,env NCCL_DEBUG=VERSION NCCL_ALGO=Ring NCCL_PROTO=LL /root/nccl-tests/build/all_reduce_perf -b 16K -e 512K -f 2 -g 4 -w 20 -n 50 -c 1 -d float,results/raw/p5-dense-20260828T154940Z-21cf57f/all_reduce.ring-ll.full.r2.stdout.txt,,"[{""index"":0,""memory_total_mib"":23034,""name"":""NVIDIA L4"",""pci_bus_id"":""00000000:61:00.0"",""pcie_link_gen_current"":1,""pcie_link_gen_max"":4,""pcie_link_width_current"":16,""pcie_link_width_max"":16},{""index"":1,""memory_total_mib"":23034,""name"":""NVIDIA L4"",""pci_bus_id"":""00000000:81:00.0"",""pcie_link_gen_current"":1,""pcie_link_gen_max"":4,""pcie_link_width_current"":16,""pcie_link_width_max"":16},{""index"":2,""memory_total_mib"":23034,""name"":""NVIDIA L4"",""pci_bus_id"":""00000000:A1:00.0"",""pcie_link_gen_current"":1,""pcie_link_gen_max"":4,""pcie_link_width_current"":16,""pcie_link_width_max"":16},{""index"":3,""memory_total_mib"":23034,""name"":""NVIDIA L4"",""pci_bus_id"":""00000000:E1:00.0"",""pcie_link_gen_current"":1,""pcie_link_gen_max"":4,""pcie_link_width_current"":16,""pcie_link_width_max"":16}]","""\t\u001b[4mGPU0\tGPU1\tGPU2\tGPU3\tNIC0\tNIC1\tNIC2\tCPU Affinity\tNUMA Affinity\tGPU NUMA ID\u001b[0m\nGPU0\t X \tSYS\tSYS\tSYS\tNODE\tSYS\tSYS\t0-31,64-95\t0\t\tN/A\nGPU1\tSYS\t X \tNODE\tNODE\tSYS\tNODE\tNODE\t32-63,96-127\t1\t\tN/A\nGPU2\tSYS\tNODE\t X \tNODE\tSYS\tNODE\tNODE\t32-63,96-127\t1\t\tN/A\nGPU3\tSYS\tNODE\tNODE\t X \tSYS\tNODE\tNODE\t32-63,96-127\t1\t\tN/A\nNIC0\tNODE\tSYS\tSYS\tSYS\t X \tSYS\tSYS\t\t\t\t\nNIC1\tSYS\tNODE\tNODE\tNODE\tSYS\t X \tPIX\t\t\t\t\nNIC2\tSYS\tNODE\tNODE\tNODE\tSYS\tPIX\t X \t\t\t\t\n\nLegend:\n\n  X    = Self\n  SYS  = Connection traversing PCIe as well as the SMP interconnect between NUMA nodes (e.g., QPI/UPI)\n  NODE = Connection traversing PCIe as well as the interconnect between PCIe Host Bridges within a NUMA node\n  PHB  = Connection traversing PCIe as well as a PCIe Host Bridge (typically the CPU)\n  PXB  = Connection traversing multiple PCIe bridges (without traversing the PCIe Host Bridge)\n  PIX  = Connection traversing at most a single PCIe bridge\n  NV#  = Connection traversing a bonded set of # NVLinks\n\nNIC Legend:\n\n  NIC0: rocep35s0f0\n  NIC1: rocep194s0f0\n  NIC2: rocep194s0f1""","{""CUDA_HOME"":""/usr/local/cuda"",""NCCL_TESTS_DIR"":""/root/nccl-tests""}"
1,p5-dense-20260828T154940Z-21cf57f,phase5,2026-08-28T15:53:12Z,measured,21cf57fd902a607407505eb9d8dfad40a82dfd91,False,unknown,,c079194dceb5,Ubuntu 24.04.3 LTS,6.14.0-33-generic,AMD EPYC 7542 32-Core Processor,128,1,NVIDIA L4,4,NODE,none-single-node,False,,12.8,570.195.03,2.25.1+cuda12.8,NCCL_DEBUG=VERSION banner,,gcc (Ubuntu 13.3.0-6ubuntu2~24.04) 13.3.0,b4d5beebca8a76cf01335f724d154b9b9d394d96,ring-ll,Ring,LL,"NCCL_ALGO=Ring,NCCL_PROTO=LL",,,,,,,,,nccl-tests,all_reduce,float,sum,-1,131072,32768,in_place,20,50,2,full,104.73,1.25,1.88,0,True,True,True,0,env NCCL_DEBUG=VERSION NCCL_ALGO=Ring NCCL_PROTO=LL /root/nccl-tests/build/all_reduce_perf -b 16K -e 512K -f 2 -g 4 -w 20 -n 50 -c 1 -d float,results/raw/p5-dense-20260828T154940Z-21cf57f/all_reduce.ring-ll.full.r2.stdout.txt,,"[{""index"":0,""memory_total_mib"":23034,""name"":""NVIDIA L4"",""pci_bus_id"":""00000000:61:00.0"",""pcie_link_gen_current"":1,""pcie_link_gen_max"":4,""pcie_link_width_current"":16,""pcie_link_width_max"":16},{""index"":1,""memory_total_mib"":23034,""name"":""NVIDIA L4"",""pci_bus_id"":""00000000:81:00.0"",""pcie_link_gen_current"":1,""pcie_link_gen_max"":4,""pcie_link_width_current"":16,""pcie_link_width_max"":16},{""index"":2,""memory_total_mib"":23034,""name"":""NVIDIA L4"",""pci_bus_id"":""00000000:A1:00.0"",""pcie_link_gen_current"":1,""pcie_link_gen_max"":4,""pcie_link_width_current"":16,""pcie_link_width_max"":16},{""index"":3,""memory_total_mib"":23034,""name"":""NVIDIA L4"",""pci_bus_id"":""00000000:E1:00.0"",""pcie_link_gen_current"":1,""pcie_link_gen_max"":4,""pcie_link_width_current"":16,""pcie_link_width_max"":16}]","""\t\u001b[4mGPU0\tGPU1\tGPU2\tGPU3\tNIC0\tNIC1\tNIC2\tCPU Affinity\tNUMA Affinity\tGPU NUMA ID\u001b[0m\nGPU0\t X \tSYS\tSYS\tSYS\tNODE\tSYS\tSYS\t0-31,64-95\t0\t\tN/A\nGPU1\tSYS\t X \tNODE\tNODE\tSYS\tNODE\tNODE\t32-63,96-127\t1\t\tN/A\nGPU2\tSYS\tNODE\t X \tNODE\tSYS\tNODE\tNODE\t32-63,96-127\t1\t\tN/A\nGPU3\tSYS\tNODE\tNODE\t X \tSYS\tNODE\tNODE\t32-63,96-127\t1\t\tN/A\nNIC0\tNODE\tSYS\tSYS\tSYS\t X \tSYS\tSYS\t\t\t\t\nNIC1\tSYS\tNODE\tNODE\tNODE\tSYS\t X \tPIX\t\t\t\t\nNIC2\tSYS\tNODE\tNODE\tNODE\tSYS\tPIX\t X \t\t\t\t\n\nLegend:\n\n  X    = Self\n  SYS  = Connection traversing PCIe as well as the SMP interconnect between NUMA nodes (e.g., QPI/UPI)\n  NODE = Connection traversing PCIe as well as the interconnect between PCIe Host Bridges within a NUMA node\n  PHB  = Connection traversing PCIe as well as a PCIe Host Bridge (typically the CPU)\n  PXB  = Connection traversing multiple PCIe bridges (without traversing the PCIe Host Bridge)\n  PIX  = Connection traversing at most a single PCIe bridge\n  NV#  = Connection traversing a bonded set of # NVLinks\n\nNIC Legend:\n\n  NIC0: rocep35s0f0\n  NIC1: rocep194s0f0\n  NIC2: rocep194s0f1""","{""CUDA_HOME"":""/usr/local/cuda"",""NCCL_TESTS_DIR"":""/root/nccl-tests""}"
1,p5-dense-20260828T154940Z-21cf57f,phase5,2026-08-28T15:53:12Z,measured,21cf57fd902a607407505eb9d8dfad40a82dfd91,False,unknown,,c079194dceb5,Ubuntu 24.04.3 LTS,6.14.0-33-generic,AMD EPYC 7542 32-Core Processor,128,1,NVIDIA L4,4,NODE,none-single-node,False,,12.8,570.195.03,2.25.1+cuda12.8,NCCL_DEBUG=VERSION banner,,gcc (Ubuntu 13.3.0-6ubuntu2~24.04) 13.3.0,b4d5beebca8a76cf01335f724d154b9b9d394d96,ring-ll,Ring,LL,"NCCL_ALGO=Ring,NCCL_PROTO=LL",,,,,,,,,nccl-tests,all_reduce,float,sum,-1,262144,65536,out_of_place,20,50,2,full,208.58,1.26,1.89,0,True,True,True,0,env NCCL_DEBUG=VERSION NCCL_ALGO=Ring NCCL_PROTO=LL /root/nccl-tests/build/all_reduce_perf -b 16K -e 512K -f 2 -g 4 -w 20 -n 50 -c 1 -d float,results/raw/p5-dense-20260828T154940Z-21cf57f/all_reduce.ring-ll.full.r2.stdout.txt,,"[{""index"":0,""memory_total_mib"":23034,""name"":""NVIDIA L4"",""pci_bus_id"":""00000000:61:00.0"",""pcie_link_gen_current"":1,""pcie_link_gen_max"":4,""pcie_link_width_current"":16,""pcie_link_width_max"":16},{""index"":1,""memory_total_mib"":23034,""name"":""NVIDIA L4"",""pci_bus_id"":""00000000:81:00.0"",""pcie_link_gen_current"":1,""pcie_link_gen_max"":4,""pcie_link_width_current"":16,""pcie_link_width_max"":16},{""index"":2,""memory_total_mib"":23034,""name"":""NVIDIA L4"",""pci_bus_id"":""00000000:A1:00.0"",""pcie_link_gen_current"":1,""pcie_link_gen_max"":4,""pcie_link_width_current"":16,""pcie_link_width_max"":16},{""index"":3,""memory_total_mib"":23034,""name"":""NVIDIA L4"",""pci_bus_id"":""00000000:E1:00.0"",""pcie_link_gen_current"":1,""pcie_link_gen_max"":4,""pcie_link_width_current"":16,""pcie_link_width_max"":16}]","""\t\u001b[4mGPU0\tGPU1\tGPU2\tGPU3\tNIC0\tNIC1\tNIC2\tCPU Affinity\tNUMA Affinity\tGPU NUMA ID\u001b[0m\nGPU0\t X \tSYS\tSYS\tSYS\tNODE\tSYS\tSYS\t0-31,64-95\t0\t\tN/A\nGPU1\tSYS\t X \tNODE\tNODE\tSYS\tNODE\tNODE\t32-63,96-127\t1\t\tN/A\nGPU2\tSYS\tNODE\t X \tNODE\tSYS\tNODE\tNODE\t32-63,96-127\t1\t\tN/A\nGPU3\tSYS\tNODE\tNODE\t X \tSYS\tNODE\tNODE\t32-63,96-127\t1\t\tN/A\nNIC0\tNODE\tSYS\tSYS\tSYS\t X \tSYS\tSYS\t\t\t\t\nNIC1\tSYS\tNODE\tNODE\tNODE\tSYS\t X \tPIX\t\t\t\t\nNIC2\tSYS\tNODE\tNODE\tNODE\tSYS\tPIX\t X \t\t\t\t\n\nLegend:\n\n  X    = Self\n  SYS  = Connection traversing PCIe as well as the SMP interconnect between NUMA nodes (e.g., QPI/UPI)\n  NODE = Connection traversing PCIe as well as the interconnect between PCIe Host Bridges within a NUMA node\n  PHB  = Connection traversing PCIe as well as a PCIe Host Bridge (typically the CPU)\n  PXB  = Connection traversing multiple PCIe bridges (without traversing the PCIe Host Bridge)\n  PIX  = Connection traversing at most a single PCIe bridge\n  NV#  = Connection traversing a bonded set of # NVLinks\n\nNIC Legend:\n\n  NIC0: rocep35s0f0\n  NIC1: rocep194s0f0\n  NIC2: rocep194s0f1""","{""CUDA_HOME"":""/usr/local/cuda"",""NCCL_TESTS_DIR"":""/root/nccl-tests""}"
1,p5-dense-20260828T154940Z-21cf57f,phase5,2026-08-28T15:53:12Z,measured,21cf57fd902a607407505eb9d8dfad40a82dfd91,False,unknown,,c079194dceb5,Ubuntu 24.04.3 LTS,6.14.0-33-generic,AMD EPYC 7542 32-Core Processor,128,1,NVIDIA L4,4,NODE,none-single-node,False,,12.8,570.195.03,2.25.1+cuda12.8,NCCL_DEBUG=VERSION banner,,gcc (Ubuntu 13.3.0-6ubuntu2~24.04) 13.3.0,b4d5beebca8a76cf01335f724d154b9b9d394d96,ring-ll,Ring,LL,"NCCL_ALGO=Ring,NCCL_PROTO=LL",,,,,,,,,nccl-tests,all_reduce,float,sum,-1,262144,65536,in_place,20,50,2,full,199.78,1.31,1.97,0,True,True,True,0,env NCCL_DEBUG=VERSION NCCL_ALGO=Ring NCCL_PROTO=LL /root/nccl-tests/build/all_reduce_perf -b 16K -e 512K -f 2 -g 4 -w 20 -n 50 -c 1 -d float,results/raw/p5-dense-20260828T154940Z-21cf57f/all_reduce.ring-ll.full.r2.stdout.txt,,"[{""index"":0,""memory_total_mib"":23034,""name"":""NVIDIA L4"",""pci_bus_id"":""00000000:61:00.0"",""pcie_link_gen_current"":1,""pcie_link_gen_max"":4,""pcie_link_width_current"":16,""pcie_link_width_max"":16},{""index"":1,""memory_total_mib"":23034,""name"":""NVIDIA L4"",""pci_bus_id"":""00000000:81:00.0"",""pcie_link_gen_current"":1,""pcie_link_gen_max"":4,""pcie_link_width_current"":16,""pcie_link_width_max"":16},{""index"":2,""memory_total_mib"":23034,""name"":""NVIDIA L4"",""pci_bus_id"":""00000000:A1:00.0"",""pcie_link_gen_current"":1,""pcie_link_gen_max"":4,""pcie_link_width_current"":16,""pcie_link_width_max"":16},{""index"":3,""memory_total_mib"":23034,""name"":""NVIDIA L4"",""pci_bus_id"":""00000000:E1:00.0"",""pcie_link_gen_current"":1,""pcie_link_gen_max"":4,""pcie_link_width_current"":16,""pcie_link_width_max"":16}]","""\t\u001b[4mGPU0\tGPU1\tGPU2\tGPU3\tNIC0\tNIC1\tNIC2\tCPU Affinity\tNUMA Affinity\tGPU NUMA ID\u001b[0m\nGPU0\t X \tSYS\tSYS\tSYS\tNODE\tSYS\tSYS\t0-31,64-95\t0\t\tN/A\nGPU1\tSYS\t X \tNODE\tNODE\tSYS\tNODE\tNODE\t32-63,96-127\t1\t\tN/A\nGPU2\tSYS\tNODE\t X \tNODE\tSYS\tNODE\tNODE\t32-63,96-127\t1\t\tN/A\nGPU3\tSYS\tNODE\tNODE\t X \tSYS\tNODE\tNODE\t32-63,96-127\t1\t\tN/A\nNIC0\tNODE\tSYS\tSYS\tSYS\t X \tSYS\tSYS\t\t\t\t\nNIC1\tSYS\tNODE\tNODE\tNODE\tSYS\t X \tPIX\t\t\t\t\nNIC2\tSYS\tNODE\tNODE\tNODE\tSYS\tPIX\t X \t\t\t\t\n\nLegend:\n\n  X    = Self\n  SYS  = Connection traversing PCIe as well as the SMP interconnect between NUMA nodes (e.g., QPI/UPI)\n  NODE = Connection traversing PCIe as well as the interconnect between PCIe Host Bridges within a NUMA node\n  PHB  = Connection traversing PCIe as well as a PCIe Host Bridge (typically the CPU)\n  PXB  = Connection traversing multiple PCIe bridges (without traversing the PCIe Host Bridge)\n  PIX  = Connection traversing at most a single PCIe bridge\n  NV#  = Connection traversing a bonded set of # NVLinks\n\nNIC Legend:\n\n  NIC0: rocep35s0f0\n  NIC1: rocep194s0f0\n  NIC2: rocep194s0f1""","{""CUDA_HOME"":""/usr/local/cuda"",""NCCL_TESTS_DIR"":""/root/nccl-tests""}"
1,p5-dense-20260828T154940Z-21cf57f,phase5,2026-08-28T15:53:12Z,measured,21cf57fd902a607407505eb9d8dfad40a82dfd91,False,unknown,,c079194dceb5,Ubuntu 24.04.3 LTS,6.14.0-33-generic,AMD EPYC 7542 32-Core Processor,128,1,NVIDIA L4,4,NODE,none-single-node,False,,12.8,570.195.03,2.25.1+cuda12.8,NCCL_DEBUG=VERSION banner,,gcc (Ubuntu 13.3.0-6ubuntu2~24.04) 13.3.0,b4d5beebca8a76cf01335f724d154b9b9d394d96,ring-ll,Ring,LL,"NCCL_ALGO=Ring,NCCL_PROTO=LL",,,,,,,,,nccl-tests,all_reduce,float,sum,-1,524288,131072,out_of_place,20,50,2,full,395.14,1.33,1.99,0,True,True,True,0,env NCCL_DEBUG=VERSION NCCL_ALGO=Ring NCCL_PROTO=LL /root/nccl-tests/build/all_reduce_perf -b 16K -e 512K -f 2 -g 4 -w 20 -n 50 -c 1 -d float,results/raw/p5-dense-20260828T154940Z-21cf57f/all_reduce.ring-ll.full.r2.stdout.txt,,"[{""index"":0,""memory_total_mib"":23034,""name"":""NVIDIA L4"",""pci_bus_id"":""00000000:61:00.0"",""pcie_link_gen_current"":1,""pcie_link_gen_max"":4,""pcie_link_width_current"":16,""pcie_link_width_max"":16},{""index"":1,""memory_total_mib"":23034,""name"":""NVIDIA L4"",""pci_bus_id"":""00000000:81:00.0"",""pcie_link_gen_current"":1,""pcie_link_gen_max"":4,""pcie_link_width_current"":16,""pcie_link_width_max"":16},{""index"":2,""memory_total_mib"":23034,""name"":""NVIDIA L4"",""pci_bus_id"":""00000000:A1:00.0"",""pcie_link_gen_current"":1,""pcie_link_gen_max"":4,""pcie_link_width_current"":16,""pcie_link_width_max"":16},{""index"":3,""memory_total_mib"":23034,""name"":""NVIDIA L4"",""pci_bus_id"":""00000000:E1:00.0"",""pcie_link_gen_current"":1,""pcie_link_gen_max"":4,""pcie_link_width_current"":16,""pcie_link_width_max"":16}]","""\t\u001b[4mGPU0\tGPU1\tGPU2\tGPU3\tNIC0\tNIC1\tNIC2\tCPU Affinity\tNUMA Affinity\tGPU NUMA ID\u001b[0m\nGPU0\t X \tSYS\tSYS\tSYS\tNODE\tSYS\tSYS\t0-31,64-95\t0\t\tN/A\nGPU1\tSYS\t X \tNODE\tNODE\tSYS\tNODE\tNODE\t32-63,96-127\t1\t\tN/A\nGPU2\tSYS\tNODE\t X \tNODE\tSYS\tNODE\tNODE\t32-63,96-127\t1\t\tN/A\nGPU3\tSYS\tNODE\tNODE\t X \tSYS\tNODE\tNODE\t32-63,96-127\t1\t\tN/A\nNIC0\tNODE\tSYS\tSYS\tSYS\t X \tSYS\tSYS\t\t\t\t\nNIC1\tSYS\tNODE\tNODE\tNODE\tSYS\t X \tPIX\t\t\t\t\nNIC2\tSYS\tNODE\tNODE\tNODE\tSYS\tPIX\t X \t\t\t\t\n\nLegend:\n\n  X    = Self\n  SYS  = Connection traversing PCIe as well as the SMP interconnect between NUMA nodes (e.g., QPI/UPI)\n  NODE = Connection traversing PCIe as well as the interconnect between PCIe Host Bridges within a NUMA node\n  PHB  = Connection traversing PCIe as well as a PCIe Host Bridge (typically the CPU)\n  PXB  = Connection traversing multiple PCIe bridges (without traversing the PCIe Host Bridge)\n  PIX  = Connection traversing at most a single PCIe bridge\n  NV#  = Connection traversing a bonded set of # NVLinks\n\nNIC Legend:\n\n  NIC0: rocep35s0f0\n  NIC1: rocep194s0f0\n  NIC2: rocep194s0f1""","{""CUDA_HOME"":""/usr/local/cuda"",""NCCL_TESTS_DIR"":""/root/nccl-tests""}"
1,p5-dense-20260828T154940Z-21cf57f,phase5,2026-08-28T15:53:12Z,measured,21cf57fd902a607407505eb9d8dfad40a82dfd91,False,unknown,,c079194dceb5,Ubuntu 24.04.3 LTS,6.14.0-33-generic,AMD EPYC 7542 32-Core Processor,128,1,NVIDIA L4,4,NODE,none-single-node,False,,12.8,570.195.03,2.25.1+cuda12.8,NCCL_DEBUG=VERSION banner,,gcc (Ubuntu 13.3.0-6ubuntu2~24.04) 13.3.0,b4d5beebca8a76cf01335f724d154b9b9d394d96,ring-ll,Ring,LL,"NCCL_ALGO=Ring,NCCL_PROTO=LL",,,,,,,,,nccl-tests,all_reduce,float,sum,-1,524288,131072,in_place,20,50,2,full,386.73,1.36,2.03,0,True,True,True,0,env NCCL_DEBUG=VERSION NCCL_ALGO=Ring NCCL_PROTO=LL /root/nccl-tests/build/all_reduce_perf -b 16K -e 512K -f 2 -g 4 -w 20 -n 50 -c 1 -d float,results/raw/p5-dense-20260828T154940Z-21cf57f/all_reduce.ring-ll.full.r2.stdout.txt,,"[{""index"":0,""memory_total_mib"":23034,""name"":""NVIDIA L4"",""pci_bus_id"":""00000000:61:00.0"",""pcie_link_gen_current"":1,""pcie_link_gen_max"":4,""pcie_link_width_current"":16,""pcie_link_width_max"":16},{""index"":1,""memory_total_mib"":23034,""name"":""NVIDIA L4"",""pci_bus_id"":""00000000:81:00.0"",""pcie_link_gen_current"":1,""pcie_link_gen_max"":4,""pcie_link_width_current"":16,""pcie_link_width_max"":16},{""index"":2,""memory_total_mib"":23034,""name"":""NVIDIA L4"",""pci_bus_id"":""00000000:A1:00.0"",""pcie_link_gen_current"":1,""pcie_link_gen_max"":4,""pcie_link_width_current"":16,""pcie_link_width_max"":16},{""index"":3,""memory_total_mib"":23034,""name"":""NVIDIA L4"",""pci_bus_id"":""00000000:E1:00.0"",""pcie_link_gen_current"":1,""pcie_link_gen_max"":4,""pcie_link_width_current"":16,""pcie_link_width_max"":16}]","""\t\u001b[4mGPU0\tGPU1\tGPU2\tGPU3\tNIC0\tNIC1\tNIC2\tCPU Affinity\tNUMA Affinity\tGPU NUMA ID\u001b[0m\nGPU0\t X \tSYS\tSYS\tSYS\tNODE\tSYS\tSYS\t0-31,64-95\t0\t\tN/A\nGPU1\tSYS\t X \tNODE\tNODE\tSYS\tNODE\tNODE\t32-63,96-127\t1\t\tN/A\nGPU2\tSYS\tNODE\t X \tNODE\tSYS\tNODE\tNODE\t32-63,96-127\t1\t\tN/A\nGPU3\tSYS\tNODE\tNODE\t X \tSYS\tNODE\tNODE\t32-63,96-127\t1\t\tN/A\nNIC0\tNODE\tSYS\tSYS\tSYS\t X \tSYS\tSYS\t\t\t\t\nNIC1\tSYS\tNODE\tNODE\tNODE\tSYS\t X \tPIX\t\t\t\t\nNIC2\tSYS\tNODE\tNODE\tNODE\tSYS\tPIX\t X \t\t\t\t\n\nLegend:\n\n  X    = Self\n  SYS  = Connection traversing PCIe as well as the SMP interconnect between NUMA nodes (e.g., QPI/UPI)\n  NODE = Connection traversing PCIe as well as the interconnect between PCIe Host Bridges within a NUMA node\n  PHB  = Connection traversing PCIe as well as a PCIe Host Bridge (typically the CPU)\n  PXB  = Connection traversing multiple PCIe bridges (without traversing the PCIe Host Bridge)\n  PIX  = Connection traversing at most a single PCIe bridge\n  NV#  = Connection traversing a bonded set of # NVLinks\n\nNIC Legend:\n\n  NIC0: rocep35s0f0\n  NIC1: rocep194s0f0\n  NIC2: rocep194s0f1""","{""CUDA_HOME"":""/usr/local/cuda"",""NCCL_TESTS_DIR"":""/root/nccl-tests""}"
1,p5-dense-20260828T154940Z-21cf57f,phase5,2026-08-28T15:53:18Z,measured,21cf57fd902a607407505eb9d8dfad40a82dfd91,False,unknown,,c079194dceb5,Ubuntu 24.04.3 LTS,6.14.0-33-generic,AMD EPYC 7542 32-Core Processor,128,1,NVIDIA L4,4,NODE,none-single-node,False,,12.8,570.195.03,2.25.1+cuda12.8,NCCL_DEBUG=VERSION banner,,gcc (Ubuntu 13.3.0-6ubuntu2~24.04) 13.3.0,b4d5beebca8a76cf01335f724d154b9b9d394d96,ring-ll128,Ring,LL128,"NCCL_ALGO=Ring,NCCL_PROTO=LL128",,,,,,,,,nccl-tests,all_reduce,float,sum,-1,16384,4096,out_of_place,20,50,0,full,37.79,0.43,0.65,0,True,True,True,0,env NCCL_DEBUG=VERSION NCCL_ALGO=Ring NCCL_PROTO=LL128 /root/nccl-tests/build/all_reduce_perf -b 16K -e 512K -f 2 -g 4 -w 20 -n 50 -c 1 -d float,results/raw/p5-dense-20260828T154940Z-21cf57f/all_reduce.ring-ll128.full.r0.stdout.txt,,"[{""index"":0,""memory_total_mib"":23034,""name"":""NVIDIA L4"",""pci_bus_id"":""00000000:61:00.0"",""pcie_link_gen_current"":1,""pcie_link_gen_max"":4,""pcie_link_width_current"":16,""pcie_link_width_max"":16},{""index"":1,""memory_total_mib"":23034,""name"":""NVIDIA L4"",""pci_bus_id"":""00000000:81:00.0"",""pcie_link_gen_current"":1,""pcie_link_gen_max"":4,""pcie_link_width_current"":16,""pcie_link_width_max"":16},{""index"":2,""memory_total_mib"":23034,""name"":""NVIDIA L4"",""pci_bus_id"":""00000000:A1:00.0"",""pcie_link_gen_current"":1,""pcie_link_gen_max"":4,""pcie_link_width_current"":16,""pcie_link_width_max"":16},{""index"":3,""memory_total_mib"":23034,""name"":""NVIDIA L4"",""pci_bus_id"":""00000000:E1:00.0"",""pcie_link_gen_current"":1,""pcie_link_gen_max"":4,""pcie_link_width_current"":16,""pcie_link_width_max"":16}]","""\t\u001b[4mGPU0\tGPU1\tGPU2\tGPU3\tNIC0\tNIC1\tNIC2\tCPU Affinity\tNUMA Affinity\tGPU NUMA ID\u001b[0m\nGPU0\t X \tSYS\tSYS\tSYS\tNODE\tSYS\tSYS\t0-31,64-95\t0\t\tN/A\nGPU1\tSYS\t X \tNODE\tNODE\tSYS\tNODE\tNODE\t32-63,96-127\t1\t\tN/A\nGPU2\tSYS\tNODE\t X \tNODE\tSYS\tNODE\tNODE\t32-63,96-127\t1\t\tN/A\nGPU3\tSYS\tNODE\tNODE\t X \tSYS\tNODE\tNODE\t32-63,96-127\t1\t\tN/A\nNIC0\tNODE\tSYS\tSYS\tSYS\t X \tSYS\tSYS\t\t\t\t\nNIC1\tSYS\tNODE\tNODE\tNODE\tSYS\t X \tPIX\t\t\t\t\nNIC2\tSYS\tNODE\tNODE\tNODE\tSYS\tPIX\t X \t\t\t\t\n\nLegend:\n\n  X    = Self\n  SYS  = Connection traversing PCIe as well as the SMP interconnect between NUMA nodes (e.g., QPI/UPI)\n  NODE = Connection traversing PCIe as well as the interconnect between PCIe Host Bridges within a NUMA node\n  PHB  = Connection traversing PCIe as well as a PCIe Host Bridge (typically the CPU)\n  PXB  = Connection traversing multiple PCIe bridges (without traversing the PCIe Host Bridge)\n  PIX  = Connection traversing at most a single PCIe bridge\n  NV#  = Connection traversing a bonded set of # NVLinks\n\nNIC Legend:\n\n  NIC0: rocep35s0f0\n  NIC1: rocep194s0f0\n  NIC2: rocep194s0f1""","{""CUDA_HOME"":""/usr/local/cuda"",""NCCL_TESTS_DIR"":""/root/nccl-tests""}"
1,p5-dense-20260828T154940Z-21cf57f,phase5,2026-08-28T15:53:18Z,measured,21cf57fd902a607407505eb9d8dfad40a82dfd91,False,unknown,,c079194dceb5,Ubuntu 24.04.3 LTS,6.14.0-33-generic,AMD EPYC 7542 32-Core Processor,128,1,NVIDIA L4,4,NODE,none-single-node,False,,12.8,570.195.03,2.25.1+cuda12.8,NCCL_DEBUG=VERSION banner,,gcc (Ubuntu 13.3.0-6ubuntu2~24.04) 13.3.0,b4d5beebca8a76cf01335f724d154b9b9d394d96,ring-ll128,Ring,LL128,"NCCL_ALGO=Ring,NCCL_PROTO=LL128",,,,,,,,,nccl-tests,all_reduce,float,sum,-1,16384,4096,in_place,20,50,0,full,37.47,0.44,0.66,0,True,True,True,0,env NCCL_DEBUG=VERSION NCCL_ALGO=Ring NCCL_PROTO=LL128 /root/nccl-tests/build/all_reduce_perf -b 16K -e 512K -f 2 -g 4 -w 20 -n 50 -c 1 -d float,results/raw/p5-dense-20260828T154940Z-21cf57f/all_reduce.ring-ll128.full.r0.stdout.txt,,"[{""index"":0,""memory_total_mib"":23034,""name"":""NVIDIA L4"",""pci_bus_id"":""00000000:61:00.0"",""pcie_link_gen_current"":1,""pcie_link_gen_max"":4,""pcie_link_width_current"":16,""pcie_link_width_max"":16},{""index"":1,""memory_total_mib"":23034,""name"":""NVIDIA L4"",""pci_bus_id"":""00000000:81:00.0"",""pcie_link_gen_current"":1,""pcie_link_gen_max"":4,""pcie_link_width_current"":16,""pcie_link_width_max"":16},{""index"":2,""memory_total_mib"":23034,""name"":""NVIDIA L4"",""pci_bus_id"":""00000000:A1:00.0"",""pcie_link_gen_current"":1,""pcie_link_gen_max"":4,""pcie_link_width_current"":16,""pcie_link_width_max"":16},{""index"":3,""memory_total_mib"":23034,""name"":""NVIDIA L4"",""pci_bus_id"":""00000000:E1:00.0"",""pcie_link_gen_current"":1,""pcie_link_gen_max"":4,""pcie_link_width_current"":16,""pcie_link_width_max"":16}]","""\t\u001b[4mGPU0\tGPU1\tGPU2\tGPU3\tNIC0\tNIC1\tNIC2\tCPU Affinity\tNUMA Affinity\tGPU NUMA ID\u001b[0m\nGPU0\t X \tSYS\tSYS\tSYS\tNODE\tSYS\tSYS\t0-31,64-95\t0\t\tN/A\nGPU1\tSYS\t X \tNODE\tNODE\tSYS\tNODE\tNODE\t32-63,96-127\t1\t\tN/A\nGPU2\tSYS\tNODE\t X \tNODE\tSYS\tNODE\tNODE\t32-63,96-127\t1\t\tN/A\nGPU3\tSYS\tNODE\tNODE\t X \tSYS\tNODE\tNODE\t32-63,96-127\t1\t\tN/A\nNIC0\tNODE\tSYS\tSYS\tSYS\t X \tSYS\tSYS\t\t\t\t\nNIC1\tSYS\tNODE\tNODE\tNODE\tSYS\t X \tPIX\t\t\t\t\nNIC2\tSYS\tNODE\tNODE\tNODE\tSYS\tPIX\t X \t\t\t\t\n\nLegend:\n\n  X    = Self\n  SYS  = Connection traversing PCIe as well as the SMP interconnect between NUMA nodes (e.g., QPI/UPI)\n  NODE = Connection traversing PCIe as well as the interconnect between PCIe Host Bridges within a NUMA node\n  PHB  = Connection traversing PCIe as well as a PCIe Host Bridge (typically the CPU)\n  PXB  = Connection traversing multiple PCIe bridges (without traversing the PCIe Host Bridge)\n  PIX  = Connection traversing at most a single PCIe bridge\n  NV#  = Connection traversing a bonded set of # NVLinks\n\nNIC Legend:\n\n  NIC0: rocep35s0f0\n  NIC1: rocep194s0f0\n  NIC2: rocep194s0f1""","{""CUDA_HOME"":""/usr/local/cuda"",""NCCL_TESTS_DIR"":""/root/nccl-tests""}"
1,p5-dense-20260828T154940Z-21cf57f,phase5,2026-08-28T15:53:18Z,measured,21cf57fd902a607407505eb9d8dfad40a82dfd91,False,unknown,,c079194dceb5,Ubuntu 24.04.3 LTS,6.14.0-33-generic,AMD EPYC 7542 32-Core Processor,128,1,NVIDIA L4,4,NODE,none-single-node,False,,12.8,570.195.03,2.25.1+cuda12.8,NCCL_DEBUG=VERSION banner,,gcc (Ubuntu 13.3.0-6ubuntu2~24.04) 13.3.0,b4d5beebca8a76cf01335f724d154b9b9d394d96,ring-ll128,Ring,LL128,"NCCL_ALGO=Ring,NCCL_PROTO=LL128",,,,,,,,,nccl-tests,all_reduce,float,sum,-1,32768,8192,out_of_place,20,50,0,full,39.04,0.84,1.26,0,True,True,True,0,env NCCL_DEBUG=VERSION NCCL_ALGO=Ring NCCL_PROTO=LL128 /root/nccl-tests/build/all_reduce_perf -b 16K -e 512K -f 2 -g 4 -w 20 -n 50 -c 1 -d float,results/raw/p5-dense-20260828T154940Z-21cf57f/all_reduce.ring-ll128.full.r0.stdout.txt,,"[{""index"":0,""memory_total_mib"":23034,""name"":""NVIDIA L4"",""pci_bus_id"":""00000000:61:00.0"",""pcie_link_gen_current"":1,""pcie_link_gen_max"":4,""pcie_link_width_current"":16,""pcie_link_width_max"":16},{""index"":1,""memory_total_mib"":23034,""name"":""NVIDIA L4"",""pci_bus_id"":""00000000:81:00.0"",""pcie_link_gen_current"":1,""pcie_link_gen_max"":4,""pcie_link_width_current"":16,""pcie_link_width_max"":16},{""index"":2,""memory_total_mib"":23034,""name"":""NVIDIA L4"",""pci_bus_id"":""00000000:A1:00.0"",""pcie_link_gen_current"":1,""pcie_link_gen_max"":4,""pcie_link_width_current"":16,""pcie_link_width_max"":16},{""index"":3,""memory_total_mib"":23034,""name"":""NVIDIA L4"",""pci_bus_id"":""00000000:E1:00.0"",""pcie_link_gen_current"":1,""pcie_link_gen_max"":4,""pcie_link_width_current"":16,""pcie_link_width_max"":16}]","""\t\u001b[4mGPU0\tGPU1\tGPU2\tGPU3\tNIC0\tNIC1\tNIC2\tCPU Affinity\tNUMA Affinity\tGPU NUMA ID\u001b[0m\nGPU0\t X \tSYS\tSYS\tSYS\tNODE\tSYS\tSYS\t0-31,64-95\t0\t\tN/A\nGPU1\tSYS\t X \tNODE\tNODE\tSYS\tNODE\tNODE\t32-63,96-127\t1\t\tN/A\nGPU2\tSYS\tNODE\t X \tNODE\tSYS\tNODE\tNODE\t32-63,96-127\t1\t\tN/A\nGPU3\tSYS\tNODE\tNODE\t X \tSYS\tNODE\tNODE\t32-63,96-127\t1\t\tN/A\nNIC0\tNODE\tSYS\tSYS\tSYS\t X \tSYS\tSYS\t\t\t\t\nNIC1\tSYS\tNODE\tNODE\tNODE\tSYS\t X \tPIX\t\t\t\t\nNIC2\tSYS\tNODE\tNODE\tNODE\tSYS\tPIX\t X \t\t\t\t\n\nLegend:\n\n  X    = Self\n  SYS  = Connection traversing PCIe as well as the SMP interconnect between NUMA nodes (e.g., QPI/UPI)\n  NODE = Connection traversing PCIe as well as the interconnect between PCIe Host Bridges within a NUMA node\n  PHB  = Connection traversing PCIe as well as a PCIe Host Bridge (typically the CPU)\n  PXB  = Connection traversing multiple PCIe bridges (without traversing the PCIe Host Bridge)\n  PIX  = Connection traversing at most a single PCIe bridge\n  NV#  = Connection traversing a bonded set of # NVLinks\n\nNIC Legend:\n\n  NIC0: rocep35s0f0\n  NIC1: rocep194s0f0\n  NIC2: rocep194s0f1""","{""CUDA_HOME"":""/usr/local/cuda"",""NCCL_TESTS_DIR"":""/root/nccl-tests""}"
1,p5-dense-20260828T154940Z-21cf57f,phase5,2026-08-28T15:53:18Z,measured,21cf57fd902a607407505eb9d8dfad40a82dfd91,False,unknown,,c079194dceb5,Ubuntu 24.04.3 LTS,6.14.0-33-generic,AMD EPYC 7542 32-Core Processor,128,1,NVIDIA L4,4,NODE,none-single-node,False,,12.8,570.195.03,2.25.1+cuda12.8,NCCL_DEBUG=VERSION banner,,gcc (Ubuntu 13.3.0-6ubuntu2~24.04) 13.3.0,b4d5beebca8a76cf01335f724d154b9b9d394d96,ring-ll128,Ring,LL128,"NCCL_ALGO=Ring,NCCL_PROTO=LL128",,,,,,,,,nccl-tests,all_reduce,float,sum,-1,32768,8192,in_place,20,50,0,full,39.33,0.83,1.25,0,True,True,True,0,env NCCL_DEBUG=VERSION NCCL_ALGO=Ring NCCL_PROTO=LL128 /root/nccl-tests/build/all_reduce_perf -b 16K -e 512K -f 2 -g 4 -w 20 -n 50 -c 1 -d float,results/raw/p5-dense-20260828T154940Z-21cf57f/all_reduce.ring-ll128.full.r0.stdout.txt,,"[{""index"":0,""memory_total_mib"":23034,""name"":""NVIDIA L4"",""pci_bus_id"":""00000000:61:00.0"",""pcie_link_gen_current"":1,""pcie_link_gen_max"":4,""pcie_link_width_current"":16,""pcie_link_width_max"":16},{""index"":1,""memory_total_mib"":23034,""name"":""NVIDIA L4"",""pci_bus_id"":""00000000:81:00.0"",""pcie_link_gen_current"":1,""pcie_link_gen_max"":4,""pcie_link_width_current"":16,""pcie_link_width_max"":16},{""index"":2,""memory_total_mib"":23034,""name"":""NVIDIA L4"",""pci_bus_id"":""00000000:A1:00.0"",""pcie_link_gen_current"":1,""pcie_link_gen_max"":4,""pcie_link_width_current"":16,""pcie_link_width_max"":16},{""index"":3,""memory_total_mib"":23034,""name"":""NVIDIA L4"",""pci_bus_id"":""00000000:E1:00.0"",""pcie_link_gen_current"":1,""pcie_link_gen_max"":4,""pcie_link_width_current"":16,""pcie_link_width_max"":16}]","""\t\u001b[4mGPU0\tGPU1\tGPU2\tGPU3\tNIC0\tNIC1\tNIC2\tCPU Affinity\tNUMA Affinity\tGPU NUMA ID\u001b[0m\nGPU0\t X \tSYS\tSYS\tSYS\tNODE\tSYS\tSYS\t0-31,64-95\t0\t\tN/A\nGPU1\tSYS\t X \tNODE\tNODE\tSYS\tNODE\tNODE\t32-63,96-127\t1\t\tN/A\nGPU2\tSYS\tNODE\t X \tNODE\tSYS\tNODE\tNODE\t32-63,96-127\t1\t\tN/A\nGPU3\tSYS\tNODE\tNODE\t X \tSYS\tNODE\tNODE\t32-63,96-127\t1\t\tN/A\nNIC0\tNODE\tSYS\tSYS\tSYS\t X \tSYS\tSYS\t\t\t\t\nNIC1\tSYS\tNODE\tNODE\tNODE\tSYS\t X \tPIX\t\t\t\t\nNIC2\tSYS\tNODE\tNODE\tNODE\tSYS\tPIX\t X \t\t\t\t\n\nLegend:\n\n  X    = Self\n  SYS  = Connection traversing PCIe as well as the SMP interconnect between NUMA nodes (e.g., QPI/UPI)\n  NODE = Connection traversing PCIe as well as the interconnect between PCIe Host Bridges within a NUMA node\n  PHB  = Connection traversing PCIe as well as a PCIe Host Bridge (typically the CPU)\n  PXB  = Connection traversing multiple PCIe bridges (without traversing the PCIe Host Bridge)\n  PIX  = Connection traversing at most a single PCIe bridge\n  NV#  = Connection traversing a bonded set of # NVLinks\n\nNIC Legend:\n\n  NIC0: rocep35s0f0\n  NIC1: rocep194s0f0\n  NIC2: rocep194s0f1""","{""CUDA_HOME"":""/usr/local/cuda"",""NCCL_TESTS_DIR"":""/root/nccl-tests""}"
1,p5-dense-20260828T154940Z-21cf57f,phase5,2026-08-28T15:53:18Z,measured,21cf57fd902a607407505eb9d8dfad40a82dfd91,False,unknown,,c079194dceb5,Ubuntu 24.04.3 LTS,6.14.0-33-generic,AMD EPYC 7542 32-Core Processor,128,1,NVIDIA L4,4,NODE,none-single-node,False,,12.8,570.195.03,2.25.1+cuda12.8,NCCL_DEBUG=VERSION banner,,gcc (Ubuntu 13.3.0-6ubuntu2~24.04) 13.3.0,b4d5beebca8a76cf01335f724d154b9b9d394d96,ring-ll128,Ring,LL128,"NCCL_ALGO=Ring,NCCL_PROTO=LL128",,,,,,,,,nccl-tests,all_reduce,float,sum,-1,65536,16384,out_of_place,20,50,0,full,48.47,1.35,2.03,0,True,True,True,0,env NCCL_DEBUG=VERSION NCCL_ALGO=Ring NCCL_PROTO=LL128 /root/nccl-tests/build/all_reduce_perf -b 16K -e 512K -f 2 -g 4 -w 20 -n 50 -c 1 -d float,results/raw/p5-dense-20260828T154940Z-21cf57f/all_reduce.ring-ll128.full.r0.stdout.txt,,"[{""index"":0,""memory_total_mib"":23034,""name"":""NVIDIA L4"",""pci_bus_id"":""00000000:61:00.0"",""pcie_link_gen_current"":1,""pcie_link_gen_max"":4,""pcie_link_width_current"":16,""pcie_link_width_max"":16},{""index"":1,""memory_total_mib"":23034,""name"":""NVIDIA L4"",""pci_bus_id"":""00000000:81:00.0"",""pcie_link_gen_current"":1,""pcie_link_gen_max"":4,""pcie_link_width_current"":16,""pcie_link_width_max"":16},{""index"":2,""memory_total_mib"":23034,""name"":""NVIDIA L4"",""pci_bus_id"":""00000000:A1:00.0"",""pcie_link_gen_current"":1,""pcie_link_gen_max"":4,""pcie_link_width_current"":16,""pcie_link_width_max"":16},{""index"":3,""memory_total_mib"":23034,""name"":""NVIDIA L4"",""pci_bus_id"":""00000000:E1:00.0"",""pcie_link_gen_current"":1,""pcie_link_gen_max"":4,""pcie_link_width_current"":16,""pcie_link_width_max"":16}]","""\t\u001b[4mGPU0\tGPU1\tGPU2\tGPU3\tNIC0\tNIC1\tNIC2\tCPU Affinity\tNUMA Affinity\tGPU NUMA ID\u001b[0m\nGPU0\t X \tSYS\tSYS\tSYS\tNODE\tSYS\tSYS\t0-31,64-95\t0\t\tN/A\nGPU1\tSYS\t X \tNODE\tNODE\tSYS\tNODE\tNODE\t32-63,96-127\t1\t\tN/A\nGPU2\tSYS\tNODE\t X \tNODE\tSYS\tNODE\tNODE\t32-63,96-127\t1\t\tN/A\nGPU3\tSYS\tNODE\tNODE\t X \tSYS\tNODE\tNODE\t32-63,96-127\t1\t\tN/A\nNIC0\tNODE\tSYS\tSYS\tSYS\t X \tSYS\tSYS\t\t\t\t\nNIC1\tSYS\tNODE\tNODE\tNODE\tSYS\t X \tPIX\t\t\t\t\nNIC2\tSYS\tNODE\tNODE\tNODE\tSYS\tPIX\t X \t\t\t\t\n\nLegend:\n\n  X    = Self\n  SYS  = Connection traversing PCIe as well as the SMP interconnect between NUMA nodes (e.g., QPI/UPI)\n  NODE = Connection traversing PCIe as well as the interconnect between PCIe Host Bridges within a NUMA node\n  PHB  = Connection traversing PCIe as well as a PCIe Host Bridge (typically the CPU)\n  PXB  = Connection traversing multiple PCIe bridges (without traversing the PCIe Host Bridge)\n  PIX  = Connection traversing at most a single PCIe bridge\n  NV#  = Connection traversing a bonded set of # NVLinks\n\nNIC Legend:\n\n  NIC0: rocep35s0f0\n  NIC1: rocep194s0f0\n  NIC2: rocep194s0f1""","{""CUDA_HOME"":""/usr/local/cuda"",""NCCL_TESTS_DIR"":""/root/nccl-tests""}"
1,p5-dense-20260828T154940Z-21cf57f,phase5,2026-08-28T15:53:18Z,measured,21cf57fd902a607407505eb9d8dfad40a82dfd91,False,unknown,,c079194dceb5,Ubuntu 24.04.3 LTS,6.14.0-33-generic,AMD EPYC 7542 32-Core Processor,128,1,NVIDIA L4,4,NODE,none-single-node,False,,12.8,570.195.03,2.25.1+cuda12.8,NCCL_DEBUG=VERSION banner,,gcc (Ubuntu 13.3.0-6ubuntu2~24.04) 13.3.0,b4d5beebca8a76cf01335f724d154b9b9d394d96,ring-ll128,Ring,LL128,"NCCL_ALGO=Ring,NCCL_PROTO=LL128",,,,,,,,,nccl-tests,all_reduce,float,sum,-1,65536,16384,in_place,20,50,0,full,50.66,1.29,1.94,0,True,True,True,0,env NCCL_DEBUG=VERSION NCCL_ALGO=Ring NCCL_PROTO=LL128 /root/nccl-tests/build/all_reduce_perf -b 16K -e 512K -f 2 -g 4 -w 20 -n 50 -c 1 -d float,results/raw/p5-dense-20260828T154940Z-21cf57f/all_reduce.ring-ll128.full.r0.stdout.txt,,"[{""index"":0,""memory_total_mib"":23034,""name"":""NVIDIA L4"",""pci_bus_id"":""00000000:61:00.0"",""pcie_link_gen_current"":1,""pcie_link_gen_max"":4,""pcie_link_width_current"":16,""pcie_link_width_max"":16},{""index"":1,""memory_total_mib"":23034,""name"":""NVIDIA L4"",""pci_bus_id"":""00000000:81:00.0"",""pcie_link_gen_current"":1,""pcie_link_gen_max"":4,""pcie_link_width_current"":16,""pcie_link_width_max"":16},{""index"":2,""memory_total_mib"":23034,""name"":""NVIDIA L4"",""pci_bus_id"":""00000000:A1:00.0"",""pcie_link_gen_current"":1,""pcie_link_gen_max"":4,""pcie_link_width_current"":16,""pcie_link_width_max"":16},{""index"":3,""memory_total_mib"":23034,""name"":""NVIDIA L4"",""pci_bus_id"":""00000000:E1:00.0"",""pcie_link_gen_current"":1,""pcie_link_gen_max"":4,""pcie_link_width_current"":16,""pcie_link_width_max"":16}]","""\t\u001b[4mGPU0\tGPU1\tGPU2\tGPU3\tNIC0\tNIC1\tNIC2\tCPU Affinity\tNUMA Affinity\tGPU NUMA ID\u001b[0m\nGPU0\t X \tSYS\tSYS\tSYS\tNODE\tSYS\tSYS\t0-31,64-95\t0\t\tN/A\nGPU1\tSYS\t X \tNODE\tNODE\tSYS\tNODE\tNODE\t32-63,96-127\t1\t\tN/A\nGPU2\tSYS\tNODE\t X \tNODE\tSYS\tNODE\tNODE\t32-63,96-127\t1\t\tN/A\nGPU3\tSYS\tNODE\tNODE\t X \tSYS\tNODE\tNODE\t32-63,96-127\t1\t\tN/A\nNIC0\tNODE\tSYS\tSYS\tSYS\t X \tSYS\tSYS\t\t\t\t\nNIC1\tSYS\tNODE\tNODE\tNODE\tSYS\t X \tPIX\t\t\t\t\nNIC2\tSYS\tNODE\tNODE\tNODE\tSYS\tPIX\t X \t\t\t\t\n\nLegend:\n\n  X    = Self\n  SYS  = Connection traversing PCIe as well as the SMP interconnect between NUMA nodes (e.g., QPI/UPI)\n  NODE = Connection traversing PCIe as well as the interconnect between PCIe Host Bridges within a NUMA node\n  PHB  = Connection traversing PCIe as well as a PCIe Host Bridge (typically the CPU)\n  PXB  = Connection traversing multiple PCIe bridges (without traversing the PCIe Host Bridge)\n  PIX  = Connection traversing at most a single PCIe bridge\n  NV#  = Connection traversing a bonded set of # NVLinks\n\nNIC Legend:\n\n  NIC0: rocep35s0f0\n  NIC1: rocep194s0f0\n  NIC2: rocep194s0f1""","{""CUDA_HOME"":""/usr/local/cuda"",""NCCL_TESTS_DIR"":""/root/nccl-tests""}"
1,p5-dense-20260828T154940Z-21cf57f,phase5,2026-08-28T15:53:18Z,measured,21cf57fd902a607407505eb9d8dfad40a82dfd91,False,unknown,,c079194dceb5,Ubuntu 24.04.3 LTS,6.14.0-33-generic,AMD EPYC 7542 32-Core Processor,128,1,NVIDIA L4,4,NODE,none-single-node,False,,12.8,570.195.03,2.25.1+cuda12.8,NCCL_DEBUG=VERSION banner,,gcc (Ubuntu 13.3.0-6ubuntu2~24.04) 13.3.0,b4d5beebca8a76cf01335f724d154b9b9d394d96,ring-ll128,Ring,LL128,"NCCL_ALGO=Ring,NCCL_PROTO=LL128",,,,,,,,,nccl-tests,all_reduce,float,sum,-1,131072,32768,out_of_place,20,50,0,full,82.74,1.58,2.38,0,True,True,True,0,env NCCL_DEBUG=VERSION NCCL_ALGO=Ring NCCL_PROTO=LL128 /root/nccl-tests/build/all_reduce_perf -b 16K -e 512K -f 2 -g 4 -w 20 -n 50 -c 1 -d float,results/raw/p5-dense-20260828T154940Z-21cf57f/all_reduce.ring-ll128.full.r0.stdout.txt,,"[{""index"":0,""memory_total_mib"":23034,""name"":""NVIDIA L4"",""pci_bus_id"":""00000000:61:00.0"",""pcie_link_gen_current"":1,""pcie_link_gen_max"":4,""pcie_link_width_current"":16,""pcie_link_width_max"":16},{""index"":1,""memory_total_mib"":23034,""name"":""NVIDIA L4"",""pci_bus_id"":""00000000:81:00.0"",""pcie_link_gen_current"":1,""pcie_link_gen_max"":4,""pcie_link_width_current"":16,""pcie_link_width_max"":16},{""index"":2,""memory_total_mib"":23034,""name"":""NVIDIA L4"",""pci_bus_id"":""00000000:A1:00.0"",""pcie_link_gen_current"":1,""pcie_link_gen_max"":4,""pcie_link_width_current"":16,""pcie_link_width_max"":16},{""index"":3,""memory_total_mib"":23034,""name"":""NVIDIA L4"",""pci_bus_id"":""00000000:E1:00.0"",""pcie_link_gen_current"":1,""pcie_link_gen_max"":4,""pcie_link_width_current"":16,""pcie_link_width_max"":16}]","""\t\u001b[4mGPU0\tGPU1\tGPU2\tGPU3\tNIC0\tNIC1\tNIC2\tCPU Affinity\tNUMA Affinity\tGPU NUMA ID\u001b[0m\nGPU0\t X \tSYS\tSYS\tSYS\tNODE\tSYS\tSYS\t0-31,64-95\t0\t\tN/A\nGPU1\tSYS\t X \tNODE\tNODE\tSYS\tNODE\tNODE\t32-63,96-127\t1\t\tN/A\nGPU2\tSYS\tNODE\t X \tNODE\tSYS\tNODE\tNODE\t32-63,96-127\t1\t\tN/A\nGPU3\tSYS\tNODE\tNODE\t X \tSYS\tNODE\tNODE\t32-63,96-127\t1\t\tN/A\nNIC0\tNODE\tSYS\tSYS\tSYS\t X \tSYS\tSYS\t\t\t\t\nNIC1\tSYS\tNODE\tNODE\tNODE\tSYS\t X \tPIX\t\t\t\t\nNIC2\tSYS\tNODE\tNODE\tNODE\tSYS\tPIX\t X \t\t\t\t\n\nLegend:\n\n  X    = Self\n  SYS  = Connection traversing PCIe as well as the SMP interconnect between NUMA nodes (e.g., QPI/UPI)\n  NODE = Connection traversing PCIe as well as the interconnect between PCIe Host Bridges within a NUMA node\n  PHB  = Connection traversing PCIe as well as a PCIe Host Bridge (typically the CPU)\n  PXB  = Connection traversing multiple PCIe bridges (without traversing the PCIe Host Bridge)\n  PIX  = Connection traversing at most a single PCIe bridge\n  NV#  = Connection traversing a bonded set of # NVLinks\n\nNIC Legend:\n\n  NIC0: rocep35s0f0\n  NIC1: rocep194s0f0\n  NIC2: rocep194s0f1""","{""CUDA_HOME"":""/usr/local/cuda"",""NCCL_TESTS_DIR"":""/root/nccl-tests""}"
1,p5-dense-20260828T154940Z-21cf57f,phase5,2026-08-28T15:53:18Z,measured,21cf57fd902a607407505eb9d8dfad40a82dfd91,False,unknown,,c079194dceb5,Ubuntu 24.04.3 LTS,6.14.0-33-generic,AMD EPYC 7542 32-Core Processor,128,1,NVIDIA L4,4,NODE,none-single-node,False,,12.8,570.195.03,2.25.1+cuda12.8,NCCL_DEBUG=VERSION banner,,gcc (Ubuntu 13.3.0-6ubuntu2~24.04) 13.3.0,b4d5beebca8a76cf01335f724d154b9b9d394d96,ring-ll128,Ring,LL128,"NCCL_ALGO=Ring,NCCL_PROTO=LL128",,,,,,,,,nccl-tests,all_reduce,float,sum,-1,131072,32768,in_place,20,50,0,full,82.43,1.59,2.39,0,True,True,True,0,env NCCL_DEBUG=VERSION NCCL_ALGO=Ring NCCL_PROTO=LL128 /root/nccl-tests/build/all_reduce_perf -b 16K -e 512K -f 2 -g 4 -w 20 -n 50 -c 1 -d float,results/raw/p5-dense-20260828T154940Z-21cf57f/all_reduce.ring-ll128.full.r0.stdout.txt,,"[{""index"":0,""memory_total_mib"":23034,""name"":""NVIDIA L4"",""pci_bus_id"":""00000000:61:00.0"",""pcie_link_gen_current"":1,""pcie_link_gen_max"":4,""pcie_link_width_current"":16,""pcie_link_width_max"":16},{""index"":1,""memory_total_mib"":23034,""name"":""NVIDIA L4"",""pci_bus_id"":""00000000:81:00.0"",""pcie_link_gen_current"":1,""pcie_link_gen_max"":4,""pcie_link_width_current"":16,""pcie_link_width_max"":16},{""index"":2,""memory_total_mib"":23034,""name"":""NVIDIA L4"",""pci_bus_id"":""00000000:A1:00.0"",""pcie_link_gen_current"":1,""pcie_link_gen_max"":4,""pcie_link_width_current"":16,""pcie_link_width_max"":16},{""index"":3,""memory_total_mib"":23034,""name"":""NVIDIA L4"",""pci_bus_id"":""00000000:E1:00.0"",""pcie_link_gen_current"":1,""pcie_link_gen_max"":4,""pcie_link_width_current"":16,""pcie_link_width_max"":16}]","""\t\u001b[4mGPU0\tGPU1\tGPU2\tGPU3\tNIC0\tNIC1\tNIC2\tCPU Affinity\tNUMA Affinity\tGPU NUMA ID\u001b[0m\nGPU0\t X \tSYS\tSYS\tSYS\tNODE\tSYS\tSYS\t0-31,64-95\t0\t\tN/A\nGPU1\tSYS\t X \tNODE\tNODE\tSYS\tNODE\tNODE\t32-63,96-127\t1\t\tN/A\nGPU2\tSYS\tNODE\t X \tNODE\tSYS\tNODE\tNODE\t32-63,96-127\t1\t\tN/A\nGPU3\tSYS\tNODE\tNODE\t X \tSYS\tNODE\tNODE\t32-63,96-127\t1\t\tN/A\nNIC0\tNODE\tSYS\tSYS\tSYS\t X \tSYS\tSYS\t\t\t\t\nNIC1\tSYS\tNODE\tNODE\tNODE\tSYS\t X \tPIX\t\t\t\t\nNIC2\tSYS\tNODE\tNODE\tNODE\tSYS\tPIX\t X \t\t\t\t\n\nLegend:\n\n  X    = Self\n  SYS  = Connection traversing PCIe as well as the SMP interconnect between NUMA nodes (e.g., QPI/UPI)\n  NODE = Connection traversing PCIe as well as the interconnect between PCIe Host Bridges within a NUMA node\n  PHB  = Connection traversing PCIe as well as a PCIe Host Bridge (typically the CPU)\n  PXB  = Connection traversing multiple PCIe bridges (without traversing the PCIe Host Bridge)\n  PIX  = Connection traversing at most a single PCIe bridge\n  NV#  = Connection traversing a bonded set of # NVLinks\n\nNIC Legend:\n\n  NIC0: rocep35s0f0\n  NIC1: rocep194s0f0\n  NIC2: rocep194s0f1""","{""CUDA_HOME"":""/usr/local/cuda"",""NCCL_TESTS_DIR"":""/root/nccl-tests""}"
1,p5-dense-20260828T154940Z-21cf57f,phase5,2026-08-28T15:53:18Z,measured,21cf57fd902a607407505eb9d8dfad40a82dfd91,False,unknown,,c079194dceb5,Ubuntu 24.04.3 LTS,6.14.0-33-generic,AMD EPYC 7542 32-Core Processor,128,1,NVIDIA L4,4,NODE,none-single-node,False,,12.8,570.195.03,2.25.1+cuda12.8,NCCL_DEBUG=VERSION banner,,gcc (Ubuntu 13.3.0-6ubuntu2~24.04) 13.3.0,b4d5beebca8a76cf01335f724d154b9b9d394d96,ring-ll128,Ring,LL128,"NCCL_ALGO=Ring,NCCL_PROTO=LL128",,,,,,,,,nccl-tests,all_reduce,float,sum,-1,262144,65536,out_of_place,20,50,0,full,219.69,1.19,1.79,0,True,True,True,0,env NCCL_DEBUG=VERSION NCCL_ALGO=Ring NCCL_PROTO=LL128 /root/nccl-tests/build/all_reduce_perf -b 16K -e 512K -f 2 -g 4 -w 20 -n 50 -c 1 -d float,results/raw/p5-dense-20260828T154940Z-21cf57f/all_reduce.ring-ll128.full.r0.stdout.txt,,"[{""index"":0,""memory_total_mib"":23034,""name"":""NVIDIA L4"",""pci_bus_id"":""00000000:61:00.0"",""pcie_link_gen_current"":1,""pcie_link_gen_max"":4,""pcie_link_width_current"":16,""pcie_link_width_max"":16},{""index"":1,""memory_total_mib"":23034,""name"":""NVIDIA L4"",""pci_bus_id"":""00000000:81:00.0"",""pcie_link_gen_current"":1,""pcie_link_gen_max"":4,""pcie_link_width_current"":16,""pcie_link_width_max"":16},{""index"":2,""memory_total_mib"":23034,""name"":""NVIDIA L4"",""pci_bus_id"":""00000000:A1:00.0"",""pcie_link_gen_current"":1,""pcie_link_gen_max"":4,""pcie_link_width_current"":16,""pcie_link_width_max"":16},{""index"":3,""memory_total_mib"":23034,""name"":""NVIDIA L4"",""pci_bus_id"":""00000000:E1:00.0"",""pcie_link_gen_current"":1,""pcie_link_gen_max"":4,""pcie_link_width_current"":16,""pcie_link_width_max"":16}]","""\t\u001b[4mGPU0\tGPU1\tGPU2\tGPU3\tNIC0\tNIC1\tNIC2\tCPU Affinity\tNUMA Affinity\tGPU NUMA ID\u001b[0m\nGPU0\t X \tSYS\tSYS\tSYS\tNODE\tSYS\tSYS\t0-31,64-95\t0\t\tN/A\nGPU1\tSYS\t X \tNODE\tNODE\tSYS\tNODE\tNODE\t32-63,96-127\t1\t\tN/A\nGPU2\tSYS\tNODE\t X \tNODE\tSYS\tNODE\tNODE\t32-63,96-127\t1\t\tN/A\nGPU3\tSYS\tNODE\tNODE\t X \tSYS\tNODE\tNODE\t32-63,96-127\t1\t\tN/A\nNIC0\tNODE\tSYS\tSYS\tSYS\t X \tSYS\tSYS\t\t\t\t\nNIC1\tSYS\tNODE\tNODE\tNODE\tSYS\t X \tPIX\t\t\t\t\nNIC2\tSYS\tNODE\tNODE\tNODE\tSYS\tPIX\t X \t\t\t\t\n\nLegend:\n\n  X    = Self\n  SYS  = Connection traversing PCIe as well as the SMP interconnect between NUMA nodes (e.g., QPI/UPI)\n  NODE = Connection traversing PCIe as well as the interconnect between PCIe Host Bridges within a NUMA node\n  PHB  = Connection traversing PCIe as well as a PCIe Host Bridge (typically the CPU)\n  PXB  = Connection traversing multiple PCIe bridges (without traversing the PCIe Host Bridge)\n  PIX  = Connection traversing at most a single PCIe bridge\n  NV#  = Connection traversing a bonded set of # NVLinks\n\nNIC Legend:\n\n  NIC0: rocep35s0f0\n  NIC1: rocep194s0f0\n  NIC2: rocep194s0f1""","{""CUDA_HOME"":""/usr/local/cuda"",""NCCL_TESTS_DIR"":""/root/nccl-tests""}"
1,p5-dense-20260828T154940Z-21cf57f,phase5,2026-08-28T15:53:18Z,measured,21cf57fd902a607407505eb9d8dfad40a82dfd91,False,unknown,,c079194dceb5,Ubuntu 24.04.3 LTS,6.14.0-33-generic,AMD EPYC 7542 32-Core Processor,128,1,NVIDIA L4,4,NODE,none-single-node,False,,12.8,570.195.03,2.25.1+cuda12.8,NCCL_DEBUG=VERSION banner,,gcc (Ubuntu 13.3.0-6ubuntu2~24.04) 13.3.0,b4d5beebca8a76cf01335f724d154b9b9d394d96,ring-ll128,Ring,LL128,"NCCL_ALGO=Ring,NCCL_PROTO=LL128",,,,,,,,,nccl-tests,all_reduce,float,sum,-1,262144,65536,in_place,20,50,0,full,193.69,1.35,2.03,0,True,True,True,0,env NCCL_DEBUG=VERSION NCCL_ALGO=Ring NCCL_PROTO=LL128 /root/nccl-tests/build/all_reduce_perf -b 16K -e 512K -f 2 -g 4 -w 20 -n 50 -c 1 -d float,results/raw/p5-dense-20260828T154940Z-21cf57f/all_reduce.ring-ll128.full.r0.stdout.txt,,"[{""index"":0,""memory_total_mib"":23034,""name"":""NVIDIA L4"",""pci_bus_id"":""00000000:61:00.0"",""pcie_link_gen_current"":1,""pcie_link_gen_max"":4,""pcie_link_width_current"":16,""pcie_link_width_max"":16},{""index"":1,""memory_total_mib"":23034,""name"":""NVIDIA L4"",""pci_bus_id"":""00000000:81:00.0"",""pcie_link_gen_current"":1,""pcie_link_gen_max"":4,""pcie_link_width_current"":16,""pcie_link_width_max"":16},{""index"":2,""memory_total_mib"":23034,""name"":""NVIDIA L4"",""pci_bus_id"":""00000000:A1:00.0"",""pcie_link_gen_current"":1,""pcie_link_gen_max"":4,""pcie_link_width_current"":16,""pcie_link_width_max"":16},{""index"":3,""memory_total_mib"":23034,""name"":""NVIDIA L4"",""pci_bus_id"":""00000000:E1:00.0"",""pcie_link_gen_current"":1,""pcie_link_gen_max"":4,""pcie_link_width_current"":16,""pcie_link_width_max"":16}]","""\t\u001b[4mGPU0\tGPU1\tGPU2\tGPU3\tNIC0\tNIC1\tNIC2\tCPU Affinity\tNUMA Affinity\tGPU NUMA ID\u001b[0m\nGPU0\t X \tSYS\tSYS\tSYS\tNODE\tSYS\tSYS\t0-31,64-95\t0\t\tN/A\nGPU1\tSYS\t X \tNODE\tNODE\tSYS\tNODE\tNODE\t32-63,96-127\t1\t\tN/A\nGPU2\tSYS\tNODE\t X \tNODE\tSYS\tNODE\tNODE\t32-63,96-127\t1\t\tN/A\nGPU3\tSYS\tNODE\tNODE\t X \tSYS\tNODE\tNODE\t32-63,96-127\t1\t\tN/A\nNIC0\tNODE\tSYS\tSYS\tSYS\t X \tSYS\tSYS\t\t\t\t\nNIC1\tSYS\tNODE\tNODE\tNODE\tSYS\t X \tPIX\t\t\t\t\nNIC2\tSYS\tNODE\tNODE\tNODE\tSYS\tPIX\t X \t\t\t\t\n\nLegend:\n\n  X    = Self\n  SYS  = Connection traversing PCIe as well as the SMP interconnect between NUMA nodes (e.g., QPI/UPI)\n  NODE = Connection traversing PCIe as well as the interconnect between PCIe Host Bridges within a NUMA node\n  PHB  = Connection traversing PCIe as well as a PCIe Host Bridge (typically the CPU)\n  PXB  = Connection traversing multiple PCIe bridges (without traversing the PCIe Host Bridge)\n  PIX  = Connection traversing at most a single PCIe bridge\n  NV#  = Connection traversing a bonded set of # NVLinks\n\nNIC Legend:\n\n  NIC0: rocep35s0f0\n  NIC1: rocep194s0f0\n  NIC2: rocep194s0f1""","{""CUDA_HOME"":""/usr/local/cuda"",""NCCL_TESTS_DIR"":""/root/nccl-tests""}"
1,p5-dense-20260828T154940Z-21cf57f,phase5,2026-08-28T15:53:18Z,measured,21cf57fd902a607407505eb9d8dfad40a82dfd91,False,unknown,,c079194dceb5,Ubuntu 24.04.3 LTS,6.14.0-33-generic,AMD EPYC 7542 32-Core Processor,128,1,NVIDIA L4,4,NODE,none-single-node,False,,12.8,570.195.03,2.25.1+cuda12.8,NCCL_DEBUG=VERSION banner,,gcc (Ubuntu 13.3.0-6ubuntu2~24.04) 13.3.0,b4d5beebca8a76cf01335f724d154b9b9d394d96,ring-ll128,Ring,LL128,"NCCL_ALGO=Ring,NCCL_PROTO=LL128",,,,,,,,,nccl-tests,all_reduce,float,sum,-1,524288,131072,out_of_place,20,50,0,full,387.59,1.35,2.03,0,True,True,True,0,env NCCL_DEBUG=VERSION NCCL_ALGO=Ring NCCL_PROTO=LL128 /root/nccl-tests/build/all_reduce_perf -b 16K -e 512K -f 2 -g 4 -w 20 -n 50 -c 1 -d float,results/raw/p5-dense-20260828T154940Z-21cf57f/all_reduce.ring-ll128.full.r0.stdout.txt,,"[{""index"":0,""memory_total_mib"":23034,""name"":""NVIDIA L4"",""pci_bus_id"":""00000000:61:00.0"",""pcie_link_gen_current"":1,""pcie_link_gen_max"":4,""pcie_link_width_current"":16,""pcie_link_width_max"":16},{""index"":1,""memory_total_mib"":23034,""name"":""NVIDIA L4"",""pci_bus_id"":""00000000:81:00.0"",""pcie_link_gen_current"":1,""pcie_link_gen_max"":4,""pcie_link_width_current"":16,""pcie_link_width_max"":16},{""index"":2,""memory_total_mib"":23034,""name"":""NVIDIA L4"",""pci_bus_id"":""00000000:A1:00.0"",""pcie_link_gen_current"":1,""pcie_link_gen_max"":4,""pcie_link_width_current"":16,""pcie_link_width_max"":16},{""index"":3,""memory_total_mib"":23034,""name"":""NVIDIA L4"",""pci_bus_id"":""00000000:E1:00.0"",""pcie_link_gen_current"":1,""pcie_link_gen_max"":4,""pcie_link_width_current"":16,""pcie_link_width_max"":16}]","""\t\u001b[4mGPU0\tGPU1\tGPU2\tGPU3\tNIC0\tNIC1\tNIC2\tCPU Affinity\tNUMA Affinity\tGPU NUMA ID\u001b[0m\nGPU0\t X \tSYS\tSYS\tSYS\tNODE\tSYS\tSYS\t0-31,64-95\t0\t\tN/A\nGPU1\tSYS\t X \tNODE\tNODE\tSYS\tNODE\tNODE\t32-63,96-127\t1\t\tN/A\nGPU2\tSYS\tNODE\t X \tNODE\tSYS\tNODE\tNODE\t32-63,96-127\t1\t\tN/A\nGPU3\tSYS\tNODE\tNODE\t X \tSYS\tNODE\tNODE\t32-63,96-127\t1\t\tN/A\nNIC0\tNODE\tSYS\tSYS\tSYS\t X \tSYS\tSYS\t\t\t\t\nNIC1\tSYS\tNODE\tNODE\tNODE\tSYS\t X \tPIX\t\t\t\t\nNIC2\tSYS\tNODE\tNODE\tNODE\tSYS\tPIX\t X \t\t\t\t\n\nLegend:\n\n  X    = Self\n  SYS  = Connection traversing PCIe as well as the SMP interconnect between NUMA nodes (e.g., QPI/UPI)\n  NODE = Connection traversing PCIe as well as the interconnect between PCIe Host Bridges within a NUMA node\n  PHB  = Connection traversing PCIe as well as a PCIe Host Bridge (typically the CPU)\n  PXB  = Connection traversing multiple PCIe bridges (without traversing the PCIe Host Bridge)\n  PIX  = Connection traversing at most a single PCIe bridge\n  NV#  = Connection traversing a bonded set of # NVLinks\n\nNIC Legend:\n\n  NIC0: rocep35s0f0\n  NIC1: rocep194s0f0\n  NIC2: rocep194s0f1""","{""CUDA_HOME"":""/usr/local/cuda"",""NCCL_TESTS_DIR"":""/root/nccl-tests""}"
1,p5-dense-20260828T154940Z-21cf57f,phase5,2026-08-28T15:53:18Z,measured,21cf57fd902a607407505eb9d8dfad40a82dfd91,False,unknown,,c079194dceb5,Ubuntu 24.04.3 LTS,6.14.0-33-generic,AMD EPYC 7542 32-Core Processor,128,1,NVIDIA L4,4,NODE,none-single-node,False,,12.8,570.195.03,2.25.1+cuda12.8,NCCL_DEBUG=VERSION banner,,gcc (Ubuntu 13.3.0-6ubuntu2~24.04) 13.3.0,b4d5beebca8a76cf01335f724d154b9b9d394d96,ring-ll128,Ring,LL128,"NCCL_ALGO=Ring,NCCL_PROTO=LL128",,,,,,,,,nccl-tests,all_reduce,float,sum,-1,524288,131072,in_place,20,50,0,full,391.58,1.34,2.01,0,True,True,True,0,env NCCL_DEBUG=VERSION NCCL_ALGO=Ring NCCL_PROTO=LL128 /root/nccl-tests/build/all_reduce_perf -b 16K -e 512K -f 2 -g 4 -w 20 -n 50 -c 1 -d float,results/raw/p5-dense-20260828T154940Z-21cf57f/all_reduce.ring-ll128.full.r0.stdout.txt,,"[{""index"":0,""memory_total_mib"":23034,""name"":""NVIDIA L4"",""pci_bus_id"":""00000000:61:00.0"",""pcie_link_gen_current"":1,""pcie_link_gen_max"":4,""pcie_link_width_current"":16,""pcie_link_width_max"":16},{""index"":1,""memory_total_mib"":23034,""name"":""NVIDIA L4"",""pci_bus_id"":""00000000:81:00.0"",""pcie_link_gen_current"":1,""pcie_link_gen_max"":4,""pcie_link_width_current"":16,""pcie_link_width_max"":16},{""index"":2,""memory_total_mib"":23034,""name"":""NVIDIA L4"",""pci_bus_id"":""00000000:A1:00.0"",""pcie_link_gen_current"":1,""pcie_link_gen_max"":4,""pcie_link_width_current"":16,""pcie_link_width_max"":16},{""index"":3,""memory_total_mib"":23034,""name"":""NVIDIA L4"",""pci_bus_id"":""00000000:E1:00.0"",""pcie_link_gen_current"":1,""pcie_link_gen_max"":4,""pcie_link_width_current"":16,""pcie_link_width_max"":16}]","""\t\u001b[4mGPU0\tGPU1\tGPU2\tGPU3\tNIC0\tNIC1\tNIC2\tCPU Affinity\tNUMA Affinity\tGPU NUMA ID\u001b[0m\nGPU0\t X \tSYS\tSYS\tSYS\tNODE\tSYS\tSYS\t0-31,64-95\t0\t\tN/A\nGPU1\tSYS\t X \tNODE\tNODE\tSYS\tNODE\tNODE\t32-63,96-127\t1\t\tN/A\nGPU2\tSYS\tNODE\t X \tNODE\tSYS\tNODE\tNODE\t32-63,96-127\t1\t\tN/A\nGPU3\tSYS\tNODE\tNODE\t X \tSYS\tNODE\tNODE\t32-63,96-127\t1\t\tN/A\nNIC0\tNODE\tSYS\tSYS\tSYS\t X \tSYS\tSYS\t\t\t\t\nNIC1\tSYS\tNODE\tNODE\tNODE\tSYS\t X \tPIX\t\t\t\t\nNIC2\tSYS\tNODE\tNODE\tNODE\tSYS\tPIX\t X \t\t\t\t\n\nLegend:\n\n  X    = Self\n  SYS  = Connection traversing PCIe as well as the SMP interconnect between NUMA nodes (e.g., QPI/UPI)\n  NODE = Connection traversing PCIe as well as the interconnect between PCIe Host Bridges within a NUMA node\n  PHB  = Connection traversing PCIe as well as a PCIe Host Bridge (typically the CPU)\n  PXB  = Connection traversing multiple PCIe bridges (without traversing the PCIe Host Bridge)\n  PIX  = Connection traversing at most a single PCIe bridge\n  NV#  = Connection traversing a bonded set of # NVLinks\n\nNIC Legend:\n\n  NIC0: rocep35s0f0\n  NIC1: rocep194s0f0\n  NIC2: rocep194s0f1""","{""CUDA_HOME"":""/usr/local/cuda"",""NCCL_TESTS_DIR"":""/root/nccl-tests""}"
1,p5-dense-20260828T154940Z-21cf57f,phase5,2026-08-28T15:53:21Z,measured,21cf57fd902a607407505eb9d8dfad40a82dfd91,False,unknown,,c079194dceb5,Ubuntu 24.04.3 LTS,6.14.0-33-generic,AMD EPYC 7542 32-Core Processor,128,1,NVIDIA L4,4,NODE,none-single-node,False,,12.8,570.195.03,2.25.1+cuda12.8,NCCL_DEBUG=VERSION banner,,gcc (Ubuntu 13.3.0-6ubuntu2~24.04) 13.3.0,b4d5beebca8a76cf01335f724d154b9b9d394d96,ring-ll128,Ring,LL128,"NCCL_ALGO=Ring,NCCL_PROTO=LL128",,,,,,,,,nccl-tests,all_reduce,float,sum,-1,16384,4096,out_of_place,20,50,1,full,38.51,0.43,0.64,0,True,True,True,0,env NCCL_DEBUG=VERSION NCCL_ALGO=Ring NCCL_PROTO=LL128 /root/nccl-tests/build/all_reduce_perf -b 16K -e 512K -f 2 -g 4 -w 20 -n 50 -c 1 -d float,results/raw/p5-dense-20260828T154940Z-21cf57f/all_reduce.ring-ll128.full.r1.stdout.txt,,"[{""index"":0,""memory_total_mib"":23034,""name"":""NVIDIA L4"",""pci_bus_id"":""00000000:61:00.0"",""pcie_link_gen_current"":1,""pcie_link_gen_max"":4,""pcie_link_width_current"":16,""pcie_link_width_max"":16},{""index"":1,""memory_total_mib"":23034,""name"":""NVIDIA L4"",""pci_bus_id"":""00000000:81:00.0"",""pcie_link_gen_current"":1,""pcie_link_gen_max"":4,""pcie_link_width_current"":16,""pcie_link_width_max"":16},{""index"":2,""memory_total_mib"":23034,""name"":""NVIDIA L4"",""pci_bus_id"":""00000000:A1:00.0"",""pcie_link_gen_current"":1,""pcie_link_gen_max"":4,""pcie_link_width_current"":16,""pcie_link_width_max"":16},{""index"":3,""memory_total_mib"":23034,""name"":""NVIDIA L4"",""pci_bus_id"":""00000000:E1:00.0"",""pcie_link_gen_current"":1,""pcie_link_gen_max"":4,""pcie_link_width_current"":16,""pcie_link_width_max"":16}]","""\t\u001b[4mGPU0\tGPU1\tGPU2\tGPU3\tNIC0\tNIC1\tNIC2\tCPU Affinity\tNUMA Affinity\tGPU NUMA ID\u001b[0m\nGPU0\t X \tSYS\tSYS\tSYS\tNODE\tSYS\tSYS\t0-31,64-95\t0\t\tN/A\nGPU1\tSYS\t X \tNODE\tNODE\tSYS\tNODE\tNODE\t32-63,96-127\t1\t\tN/A\nGPU2\tSYS\tNODE\t X \tNODE\tSYS\tNODE\tNODE\t32-63,96-127\t1\t\tN/A\nGPU3\tSYS\tNODE\tNODE\t X \tSYS\tNODE\tNODE\t32-63,96-127\t1\t\tN/A\nNIC0\tNODE\tSYS\tSYS\tSYS\t X \tSYS\tSYS\t\t\t\t\nNIC1\tSYS\tNODE\tNODE\tNODE\tSYS\t X \tPIX\t\t\t\t\nNIC2\tSYS\tNODE\tNODE\tNODE\tSYS\tPIX\t X \t\t\t\t\n\nLegend:\n\n  X    = Self\n  SYS  = Connection traversing PCIe as well as the SMP interconnect between NUMA nodes (e.g., QPI/UPI)\n  NODE = Connection traversing PCIe as well as the interconnect between PCIe Host Bridges within a NUMA node\n  PHB  = Connection traversing PCIe as well as a PCIe Host Bridge (typically the CPU)\n  PXB  = Connection traversing multiple PCIe bridges (without traversing the PCIe Host Bridge)\n  PIX  = Connection traversing at most a single PCIe bridge\n  NV#  = Connection traversing a bonded set of # NVLinks\n\nNIC Legend:\n\n  NIC0: rocep35s0f0\n  NIC1: rocep194s0f0\n  NIC2: rocep194s0f1""","{""CUDA_HOME"":""/usr/local/cuda"",""NCCL_TESTS_DIR"":""/root/nccl-tests""}"
1,p5-dense-20260828T154940Z-21cf57f,phase5,2026-08-28T15:53:21Z,measured,21cf57fd902a607407505eb9d8dfad40a82dfd91,False,unknown,,c079194dceb5,Ubuntu 24.04.3 LTS,6.14.0-33-generic,AMD EPYC 7542 32-Core Processor,128,1,NVIDIA L4,4,NODE,none-single-node,False,,12.8,570.195.03,2.25.1+cuda12.8,NCCL_DEBUG=VERSION banner,,gcc (Ubuntu 13.3.0-6ubuntu2~24.04) 13.3.0,b4d5beebca8a76cf01335f724d154b9b9d394d96,ring-ll128,Ring,LL128,"NCCL_ALGO=Ring,NCCL_PROTO=LL128",,,,,,,,,nccl-tests,all_reduce,float,sum,-1,16384,4096,in_place,20,50,1,full,37.34,0.44,0.66,0,True,True,True,0,env NCCL_DEBUG=VERSION NCCL_ALGO=Ring NCCL_PROTO=LL128 /root/nccl-tests/build/all_reduce_perf -b 16K -e 512K -f 2 -g 4 -w 20 -n 50 -c 1 -d float,results/raw/p5-dense-20260828T154940Z-21cf57f/all_reduce.ring-ll128.full.r1.stdout.txt,,"[{""index"":0,""memory_total_mib"":23034,""name"":""NVIDIA L4"",""pci_bus_id"":""00000000:61:00.0"",""pcie_link_gen_current"":1,""pcie_link_gen_max"":4,""pcie_link_width_current"":16,""pcie_link_width_max"":16},{""index"":1,""memory_total_mib"":23034,""name"":""NVIDIA L4"",""pci_bus_id"":""00000000:81:00.0"",""pcie_link_gen_current"":1,""pcie_link_gen_max"":4,""pcie_link_width_current"":16,""pcie_link_width_max"":16},{""index"":2,""memory_total_mib"":23034,""name"":""NVIDIA L4"",""pci_bus_id"":""00000000:A1:00.0"",""pcie_link_gen_current"":1,""pcie_link_gen_max"":4,""pcie_link_width_current"":16,""pcie_link_width_max"":16},{""index"":3,""memory_total_mib"":23034,""name"":""NVIDIA L4"",""pci_bus_id"":""00000000:E1:00.0"",""pcie_link_gen_current"":1,""pcie_link_gen_max"":4,""pcie_link_width_current"":16,""pcie_link_width_max"":16}]","""\t\u001b[4mGPU0\tGPU1\tGPU2\tGPU3\tNIC0\tNIC1\tNIC2\tCPU Affinity\tNUMA Affinity\tGPU NUMA ID\u001b[0m\nGPU0\t X \tSYS\tSYS\tSYS\tNODE\tSYS\tSYS\t0-31,64-95\t0\t\tN/A\nGPU1\tSYS\t X \tNODE\tNODE\tSYS\tNODE\tNODE\t32-63,96-127\t1\t\tN/A\nGPU2\tSYS\tNODE\t X \tNODE\tSYS\tNODE\tNODE\t32-63,96-127\t1\t\tN/A\nGPU3\tSYS\tNODE\tNODE\t X \tSYS\tNODE\tNODE\t32-63,96-127\t1\t\tN/A\nNIC0\tNODE\tSYS\tSYS\tSYS\t X \tSYS\tSYS\t\t\t\t\nNIC1\tSYS\tNODE\tNODE\tNODE\tSYS\t X \tPIX\t\t\t\t\nNIC2\tSYS\tNODE\tNODE\tNODE\tSYS\tPIX\t X \t\t\t\t\n\nLegend:\n\n  X    = Self\n  SYS  = Connection traversing PCIe as well as the SMP interconnect between NUMA nodes (e.g., QPI/UPI)\n  NODE = Connection traversing PCIe as well as the interconnect between PCIe Host Bridges within a NUMA node\n  PHB  = Connection traversing PCIe as well as a PCIe Host Bridge (typically the CPU)\n  PXB  = Connection traversing multiple PCIe bridges (without traversing the PCIe Host Bridge)\n  PIX  = Connection traversing at most a single PCIe bridge\n  NV#  = Connection traversing a bonded set of # NVLinks\n\nNIC Legend:\n\n  NIC0: rocep35s0f0\n  NIC1: rocep194s0f0\n  NIC2: rocep194s0f1""","{""CUDA_HOME"":""/usr/local/cuda"",""NCCL_TESTS_DIR"":""/root/nccl-tests""}"
1,p5-dense-20260828T154940Z-21cf57f,phase5,2026-08-28T15:53:21Z,measured,21cf57fd902a607407505eb9d8dfad40a82dfd91,False,unknown,,c079194dceb5,Ubuntu 24.04.3 LTS,6.14.0-33-generic,AMD EPYC 7542 32-Core Processor,128,1,NVIDIA L4,4,NODE,none-single-node,False,,12.8,570.195.03,2.25.1+cuda12.8,NCCL_DEBUG=VERSION banner,,gcc (Ubuntu 13.3.0-6ubuntu2~24.04) 13.3.0,b4d5beebca8a76cf01335f724d154b9b9d394d96,ring-ll128,Ring,LL128,"NCCL_ALGO=Ring,NCCL_PROTO=LL128",,,,,,,,,nccl-tests,all_reduce,float,sum,-1,32768,8192,out_of_place,20,50,1,full,39.42,0.83,1.25,0,True,True,True,0,env NCCL_DEBUG=VERSION NCCL_ALGO=Ring NCCL_PROTO=LL128 /root/nccl-tests/build/all_reduce_perf -b 16K -e 512K -f 2 -g 4 -w 20 -n 50 -c 1 -d float,results/raw/p5-dense-20260828T154940Z-21cf57f/all_reduce.ring-ll128.full.r1.stdout.txt,,"[{""index"":0,""memory_total_mib"":23034,""name"":""NVIDIA L4"",""pci_bus_id"":""00000000:61:00.0"",""pcie_link_gen_current"":1,""pcie_link_gen_max"":4,""pcie_link_width_current"":16,""pcie_link_width_max"":16},{""index"":1,""memory_total_mib"":23034,""name"":""NVIDIA L4"",""pci_bus_id"":""00000000:81:00.0"",""pcie_link_gen_current"":1,""pcie_link_gen_max"":4,""pcie_link_width_current"":16,""pcie_link_width_max"":16},{""index"":2,""memory_total_mib"":23034,""name"":""NVIDIA L4"",""pci_bus_id"":""00000000:A1:00.0"",""pcie_link_gen_current"":1,""pcie_link_gen_max"":4,""pcie_link_width_current"":16,""pcie_link_width_max"":16},{""index"":3,""memory_total_mib"":23034,""name"":""NVIDIA L4"",""pci_bus_id"":""00000000:E1:00.0"",""pcie_link_gen_current"":1,""pcie_link_gen_max"":4,""pcie_link_width_current"":16,""pcie_link_width_max"":16}]","""\t\u001b[4mGPU0\tGPU1\tGPU2\tGPU3\tNIC0\tNIC1\tNIC2\tCPU Affinity\tNUMA Affinity\tGPU NUMA ID\u001b[0m\nGPU0\t X \tSYS\tSYS\tSYS\tNODE\tSYS\tSYS\t0-31,64-95\t0\t\tN/A\nGPU1\tSYS\t X \tNODE\tNODE\tSYS\tNODE\tNODE\t32-63,96-127\t1\t\tN/A\nGPU2\tSYS\tNODE\t X \tNODE\tSYS\tNODE\tNODE\t32-63,96-127\t1\t\tN/A\nGPU3\tSYS\tNODE\tNODE\t X \tSYS\tNODE\tNODE\t32-63,96-127\t1\t\tN/A\nNIC0\tNODE\tSYS\tSYS\tSYS\t X \tSYS\tSYS\t\t\t\t\nNIC1\tSYS\tNODE\tNODE\tNODE\tSYS\t X \tPIX\t\t\t\t\nNIC2\tSYS\tNODE\tNODE\tNODE\tSYS\tPIX\t X \t\t\t\t\n\nLegend:\n\n  X    = Self\n  SYS  = Connection traversing PCIe as well as the SMP interconnect between NUMA nodes (e.g., QPI/UPI)\n  NODE = Connection traversing PCIe as well as the interconnect between PCIe Host Bridges within a NUMA node\n  PHB  = Connection traversing PCIe as well as a PCIe Host Bridge (typically the CPU)\n  PXB  = Connection traversing multiple PCIe bridges (without traversing the PCIe Host Bridge)\n  PIX  = Connection traversing at most a single PCIe bridge\n  NV#  = Connection traversing a bonded set of # NVLinks\n\nNIC Legend:\n\n  NIC0: rocep35s0f0\n  NIC1: rocep194s0f0\n  NIC2: rocep194s0f1""","{""CUDA_HOME"":""/usr/local/cuda"",""NCCL_TESTS_DIR"":""/root/nccl-tests""}"
1,p5-dense-20260828T154940Z-21cf57f,phase5,2026-08-28T15:53:21Z,measured,21cf57fd902a607407505eb9d8dfad40a82dfd91,False,unknown,,c079194dceb5,Ubuntu 24.04.3 LTS,6.14.0-33-generic,AMD EPYC 7542 32-Core Processor,128,1,NVIDIA L4,4,NODE,none-single-node,False,,12.8,570.195.03,2.25.1+cuda12.8,NCCL_DEBUG=VERSION banner,,gcc (Ubuntu 13.3.0-6ubuntu2~24.04) 13.3.0,b4d5beebca8a76cf01335f724d154b9b9d394d96,ring-ll128,Ring,LL128,"NCCL_ALGO=Ring,NCCL_PROTO=LL128",,,,,,,,,nccl-tests,all_reduce,float,sum,-1,32768,8192,in_place,20,50,1,full,40.18,0.82,1.22,0,True,True,True,0,env NCCL_DEBUG=VERSION NCCL_ALGO=Ring NCCL_PROTO=LL128 /root/nccl-tests/build/all_reduce_perf -b 16K -e 512K -f 2 -g 4 -w 20 -n 50 -c 1 -d float,results/raw/p5-dense-20260828T154940Z-21cf57f/all_reduce.ring-ll128.full.r1.stdout.txt,,"[{""index"":0,""memory_total_mib"":23034,""name"":""NVIDIA L4"",""pci_bus_id"":""00000000:61:00.0"",""pcie_link_gen_current"":1,""pcie_link_gen_max"":4,""pcie_link_width_current"":16,""pcie_link_width_max"":16},{""index"":1,""memory_total_mib"":23034,""name"":""NVIDIA L4"",""pci_bus_id"":""00000000:81:00.0"",""pcie_link_gen_current"":1,""pcie_link_gen_max"":4,""pcie_link_width_current"":16,""pcie_link_width_max"":16},{""index"":2,""memory_total_mib"":23034,""name"":""NVIDIA L4"",""pci_bus_id"":""00000000:A1:00.0"",""pcie_link_gen_current"":1,""pcie_link_gen_max"":4,""pcie_link_width_current"":16,""pcie_link_width_max"":16},{""index"":3,""memory_total_mib"":23034,""name"":""NVIDIA L4"",""pci_bus_id"":""00000000:E1:00.0"",""pcie_link_gen_current"":1,""pcie_link_gen_max"":4,""pcie_link_width_current"":16,""pcie_link_width_max"":16}]","""\t\u001b[4mGPU0\tGPU1\tGPU2\tGPU3\tNIC0\tNIC1\tNIC2\tCPU Affinity\tNUMA Affinity\tGPU NUMA ID\u001b[0m\nGPU0\t X \tSYS\tSYS\tSYS\tNODE\tSYS\tSYS\t0-31,64-95\t0\t\tN/A\nGPU1\tSYS\t X \tNODE\tNODE\tSYS\tNODE\tNODE\t32-63,96-127\t1\t\tN/A\nGPU2\tSYS\tNODE\t X \tNODE\tSYS\tNODE\tNODE\t32-63,96-127\t1\t\tN/A\nGPU3\tSYS\tNODE\tNODE\t X \tSYS\tNODE\tNODE\t32-63,96-127\t1\t\tN/A\nNIC0\tNODE\tSYS\tSYS\tSYS\t X \tSYS\tSYS\t\t\t\t\nNIC1\tSYS\tNODE\tNODE\tNODE\tSYS\t X \tPIX\t\t\t\t\nNIC2\tSYS\tNODE\tNODE\tNODE\tSYS\tPIX\t X \t\t\t\t\n\nLegend:\n\n  X    = Self\n  SYS  = Connection traversing PCIe as well as the SMP interconnect between NUMA nodes (e.g., QPI/UPI)\n  NODE = Connection traversing PCIe as well as the interconnect between PCIe Host Bridges within a NUMA node\n  PHB  = Connection traversing PCIe as well as a PCIe Host Bridge (typically the CPU)\n  PXB  = Connection traversing multiple PCIe bridges (without traversing the PCIe Host Bridge)\n  PIX  = Connection traversing at most a single PCIe bridge\n  NV#  = Connection traversing a bonded set of # NVLinks\n\nNIC Legend:\n\n  NIC0: rocep35s0f0\n  NIC1: rocep194s0f0\n  NIC2: rocep194s0f1""","{""CUDA_HOME"":""/usr/local/cuda"",""NCCL_TESTS_DIR"":""/root/nccl-tests""}"
1,p5-dense-20260828T154940Z-21cf57f,phase5,2026-08-28T15:53:21Z,measured,21cf57fd902a607407505eb9d8dfad40a82dfd91,False,unknown,,c079194dceb5,Ubuntu 24.04.3 LTS,6.14.0-33-generic,AMD EPYC 7542 32-Core Processor,128,1,NVIDIA L4,4,NODE,none-single-node,False,,12.8,570.195.03,2.25.1+cuda12.8,NCCL_DEBUG=VERSION banner,,gcc (Ubuntu 13.3.0-6ubuntu2~24.04) 13.3.0,b4d5beebca8a76cf01335f724d154b9b9d394d96,ring-ll128,Ring,LL128,"NCCL_ALGO=Ring,NCCL_PROTO=LL128",,,,,,,,,nccl-tests,all_reduce,float,sum,-1,65536,16384,out_of_place,20,50,1,full,51.26,1.28,1.92,0,True,True,True,0,env NCCL_DEBUG=VERSION NCCL_ALGO=Ring NCCL_PROTO=LL128 /root/nccl-tests/build/all_reduce_perf -b 16K -e 512K -f 2 -g 4 -w 20 -n 50 -c 1 -d float,results/raw/p5-dense-20260828T154940Z-21cf57f/all_reduce.ring-ll128.full.r1.stdout.txt,,"[{""index"":0,""memory_total_mib"":23034,""name"":""NVIDIA L4"",""pci_bus_id"":""00000000:61:00.0"",""pcie_link_gen_current"":1,""pcie_link_gen_max"":4,""pcie_link_width_current"":16,""pcie_link_width_max"":16},{""index"":1,""memory_total_mib"":23034,""name"":""NVIDIA L4"",""pci_bus_id"":""00000000:81:00.0"",""pcie_link_gen_current"":1,""pcie_link_gen_max"":4,""pcie_link_width_current"":16,""pcie_link_width_max"":16},{""index"":2,""memory_total_mib"":23034,""name"":""NVIDIA L4"",""pci_bus_id"":""00000000:A1:00.0"",""pcie_link_gen_current"":1,""pcie_link_gen_max"":4,""pcie_link_width_current"":16,""pcie_link_width_max"":16},{""index"":3,""memory_total_mib"":23034,""name"":""NVIDIA L4"",""pci_bus_id"":""00000000:E1:00.0"",""pcie_link_gen_current"":1,""pcie_link_gen_max"":4,""pcie_link_width_current"":16,""pcie_link_width_max"":16}]","""\t\u001b[4mGPU0\tGPU1\tGPU2\tGPU3\tNIC0\tNIC1\tNIC2\tCPU Affinity\tNUMA Affinity\tGPU NUMA ID\u001b[0m\nGPU0\t X \tSYS\tSYS\tSYS\tNODE\tSYS\tSYS\t0-31,64-95\t0\t\tN/A\nGPU1\tSYS\t X \tNODE\tNODE\tSYS\tNODE\tNODE\t32-63,96-127\t1\t\tN/A\nGPU2\tSYS\tNODE\t X \tNODE\tSYS\tNODE\tNODE\t32-63,96-127\t1\t\tN/A\nGPU3\tSYS\tNODE\tNODE\t X \tSYS\tNODE\tNODE\t32-63,96-127\t1\t\tN/A\nNIC0\tNODE\tSYS\tSYS\tSYS\t X \tSYS\tSYS\t\t\t\t\nNIC1\tSYS\tNODE\tNODE\tNODE\tSYS\t X \tPIX\t\t\t\t\nNIC2\tSYS\tNODE\tNODE\tNODE\tSYS\tPIX\t X \t\t\t\t\n\nLegend:\n\n  X    = Self\n  SYS  = Connection traversing PCIe as well as the SMP interconnect between NUMA nodes (e.g., QPI/UPI)\n  NODE = Connection traversing PCIe as well as the interconnect between PCIe Host Bridges within a NUMA node\n  PHB  = Connection traversing PCIe as well as a PCIe Host Bridge (typically the CPU)\n  PXB  = Connection traversing multiple PCIe bridges (without traversing the PCIe Host Bridge)\n  PIX  = Connection traversing at most a single PCIe bridge\n  NV#  = Connection traversing a bonded set of # NVLinks\n\nNIC Legend:\n\n  NIC0: rocep35s0f0\n  NIC1: rocep194s0f0\n  NIC2: rocep194s0f1""","{""CUDA_HOME"":""/usr/local/cuda"",""NCCL_TESTS_DIR"":""/root/nccl-tests""}"
1,p5-dense-20260828T154940Z-21cf57f,phase5,2026-08-28T15:53:21Z,measured,21cf57fd902a607407505eb9d8dfad40a82dfd91,False,unknown,,c079194dceb5,Ubuntu 24.04.3 LTS,6.14.0-33-generic,AMD EPYC 7542 32-Core Processor,128,1,NVIDIA L4,4,NODE,none-single-node,False,,12.8,570.195.03,2.25.1+cuda12.8,NCCL_DEBUG=VERSION banner,,gcc (Ubuntu 13.3.0-6ubuntu2~24.04) 13.3.0,b4d5beebca8a76cf01335f724d154b9b9d394d96,ring-ll128,Ring,LL128,"NCCL_ALGO=Ring,NCCL_PROTO=LL128",,,,,,,,,nccl-tests,all_reduce,float,sum,-1,65536,16384,in_place,20,50,1,full,51.86,1.26,1.9,0,True,True,True,0,env NCCL_DEBUG=VERSION NCCL_ALGO=Ring NCCL_PROTO=LL128 /root/nccl-tests/build/all_reduce_perf -b 16K -e 512K -f 2 -g 4 -w 20 -n 50 -c 1 -d float,results/raw/p5-dense-20260828T154940Z-21cf57f/all_reduce.ring-ll128.full.r1.stdout.txt,,"[{""index"":0,""memory_total_mib"":23034,""name"":""NVIDIA L4"",""pci_bus_id"":""00000000:61:00.0"",""pcie_link_gen_current"":1,""pcie_link_gen_max"":4,""pcie_link_width_current"":16,""pcie_link_width_max"":16},{""index"":1,""memory_total_mib"":23034,""name"":""NVIDIA L4"",""pci_bus_id"":""00000000:81:00.0"",""pcie_link_gen_current"":1,""pcie_link_gen_max"":4,""pcie_link_width_current"":16,""pcie_link_width_max"":16},{""index"":2,""memory_total_mib"":23034,""name"":""NVIDIA L4"",""pci_bus_id"":""00000000:A1:00.0"",""pcie_link_gen_current"":1,""pcie_link_gen_max"":4,""pcie_link_width_current"":16,""pcie_link_width_max"":16},{""index"":3,""memory_total_mib"":23034,""name"":""NVIDIA L4"",""pci_bus_id"":""00000000:E1:00.0"",""pcie_link_gen_current"":1,""pcie_link_gen_max"":4,""pcie_link_width_current"":16,""pcie_link_width_max"":16}]","""\t\u001b[4mGPU0\tGPU1\tGPU2\tGPU3\tNIC0\tNIC1\tNIC2\tCPU Affinity\tNUMA Affinity\tGPU NUMA ID\u001b[0m\nGPU0\t X \tSYS\tSYS\tSYS\tNODE\tSYS\tSYS\t0-31,64-95\t0\t\tN/A\nGPU1\tSYS\t X \tNODE\tNODE\tSYS\tNODE\tNODE\t32-63,96-127\t1\t\tN/A\nGPU2\tSYS\tNODE\t X \tNODE\tSYS\tNODE\tNODE\t32-63,96-127\t1\t\tN/A\nGPU3\tSYS\tNODE\tNODE\t X \tSYS\tNODE\tNODE\t32-63,96-127\t1\t\tN/A\nNIC0\tNODE\tSYS\tSYS\tSYS\t X \tSYS\tSYS\t\t\t\t\nNIC1\tSYS\tNODE\tNODE\tNODE\tSYS\t X \tPIX\t\t\t\t\nNIC2\tSYS\tNODE\tNODE\tNODE\tSYS\tPIX\t X \t\t\t\t\n\nLegend:\n\n  X    = Self\n  SYS  = Connection traversing PCIe as well as the SMP interconnect between NUMA nodes (e.g., QPI/UPI)\n  NODE = Connection traversing PCIe as well as the interconnect between PCIe Host Bridges within a NUMA node\n  PHB  = Connection traversing PCIe as well as a PCIe Host Bridge (typically the CPU)\n  PXB  = Connection traversing multiple PCIe bridges (without traversing the PCIe Host Bridge)\n  PIX  = Connection traversing at most a single PCIe bridge\n  NV#  = Connection traversing a bonded set of # NVLinks\n\nNIC Legend:\n\n  NIC0: rocep35s0f0\n  NIC1: rocep194s0f0\n  NIC2: rocep194s0f1""","{""CUDA_HOME"":""/usr/local/cuda"",""NCCL_TESTS_DIR"":""/root/nccl-tests""}"
1,p5-dense-20260828T154940Z-21cf57f,phase5,2026-08-28T15:53:21Z,measured,21cf57fd902a607407505eb9d8dfad40a82dfd91,False,unknown,,c079194dceb5,Ubuntu 24.04.3 LTS,6.14.0-33-generic,AMD EPYC 7542 32-Core Processor,128,1,NVIDIA L4,4,NODE,none-single-node,False,,12.8,570.195.03,2.25.1+cuda12.8,NCCL_DEBUG=VERSION banner,,gcc (Ubuntu 13.3.0-6ubuntu2~24.04) 13.3.0,b4d5beebca8a76cf01335f724d154b9b9d394d96,ring-ll128,Ring,LL128,"NCCL_ALGO=Ring,NCCL_PROTO=LL128",,,,,,,,,nccl-tests,all_reduce,float,sum,-1,131072,32768,out_of_place,20,50,1,full,86.72,1.51,2.27,0,True,True,True,0,env NCCL_DEBUG=VERSION NCCL_ALGO=Ring NCCL_PROTO=LL128 /root/nccl-tests/build/all_reduce_perf -b 16K -e 512K -f 2 -g 4 -w 20 -n 50 -c 1 -d float,results/raw/p5-dense-20260828T154940Z-21cf57f/all_reduce.ring-ll128.full.r1.stdout.txt,,"[{""index"":0,""memory_total_mib"":23034,""name"":""NVIDIA L4"",""pci_bus_id"":""00000000:61:00.0"",""pcie_link_gen_current"":1,""pcie_link_gen_max"":4,""pcie_link_width_current"":16,""pcie_link_width_max"":16},{""index"":1,""memory_total_mib"":23034,""name"":""NVIDIA L4"",""pci_bus_id"":""00000000:81:00.0"",""pcie_link_gen_current"":1,""pcie_link_gen_max"":4,""pcie_link_width_current"":16,""pcie_link_width_max"":16},{""index"":2,""memory_total_mib"":23034,""name"":""NVIDIA L4"",""pci_bus_id"":""00000000:A1:00.0"",""pcie_link_gen_current"":1,""pcie_link_gen_max"":4,""pcie_link_width_current"":16,""pcie_link_width_max"":16},{""index"":3,""memory_total_mib"":23034,""name"":""NVIDIA L4"",""pci_bus_id"":""00000000:E1:00.0"",""pcie_link_gen_current"":1,""pcie_link_gen_max"":4,""pcie_link_width_current"":16,""pcie_link_width_max"":16}]","""\t\u001b[4mGPU0\tGPU1\tGPU2\tGPU3\tNIC0\tNIC1\tNIC2\tCPU Affinity\tNUMA Affinity\tGPU NUMA ID\u001b[0m\nGPU0\t X \tSYS\tSYS\tSYS\tNODE\tSYS\tSYS\t0-31,64-95\t0\t\tN/A\nGPU1\tSYS\t X \tNODE\tNODE\tSYS\tNODE\tNODE\t32-63,96-127\t1\t\tN/A\nGPU2\tSYS\tNODE\t X \tNODE\tSYS\tNODE\tNODE\t32-63,96-127\t1\t\tN/A\nGPU3\tSYS\tNODE\tNODE\t X \tSYS\tNODE\tNODE\t32-63,96-127\t1\t\tN/A\nNIC0\tNODE\tSYS\tSYS\tSYS\t X \tSYS\tSYS\t\t\t\t\nNIC1\tSYS\tNODE\tNODE\tNODE\tSYS\t X \tPIX\t\t\t\t\nNIC2\tSYS\tNODE\tNODE\tNODE\tSYS\tPIX\t X \t\t\t\t\n\nLegend:\n\n  X    = Self\n  SYS  = Connection traversing PCIe as well as the SMP interconnect between NUMA nodes (e.g., QPI/UPI)\n  NODE = Connection traversing PCIe as well as the interconnect between PCIe Host Bridges within a NUMA node\n  PHB  = Connection traversing PCIe as well as a PCIe Host Bridge (typically the CPU)\n  PXB  = Connection traversing multiple PCIe bridges (without traversing the PCIe Host Bridge)\n  PIX  = Connection traversing at most a single PCIe bridge\n  NV#  = Connection traversing a bonded set of # NVLinks\n\nNIC Legend:\n\n  NIC0: rocep35s0f0\n  NIC1: rocep194s0f0\n  NIC2: rocep194s0f1""","{""CUDA_HOME"":""/usr/local/cuda"",""NCCL_TESTS_DIR"":""/root/nccl-tests""}"
1,p5-dense-20260828T154940Z-21cf57f,phase5,2026-08-28T15:53:21Z,measured,21cf57fd902a607407505eb9d8dfad40a82dfd91,False,unknown,,c079194dceb5,Ubuntu 24.04.3 LTS,6.14.0-33-generic,AMD EPYC 7542 32-Core Processor,128,1,NVIDIA L4,4,NODE,none-single-node,False,,12.8,570.195.03,2.25.1+cuda12.8,NCCL_DEBUG=VERSION banner,,gcc (Ubuntu 13.3.0-6ubuntu2~24.04) 13.3.0,b4d5beebca8a76cf01335f724d154b9b9d394d96,ring-ll128,Ring,LL128,"NCCL_ALGO=Ring,NCCL_PROTO=LL128",,,,,,,,,nccl-tests,all_reduce,float,sum,-1,131072,32768,in_place,20,50,1,full,86.62,1.51,2.27,0,True,True,True,0,env NCCL_DEBUG=VERSION NCCL_ALGO=Ring NCCL_PROTO=LL128 /root/nccl-tests/build/all_reduce_perf -b 16K -e 512K -f 2 -g 4 -w 20 -n 50 -c 1 -d float,results/raw/p5-dense-20260828T154940Z-21cf57f/all_reduce.ring-ll128.full.r1.stdout.txt,,"[{""index"":0,""memory_total_mib"":23034,""name"":""NVIDIA L4"",""pci_bus_id"":""00000000:61:00.0"",""pcie_link_gen_current"":1,""pcie_link_gen_max"":4,""pcie_link_width_current"":16,""pcie_link_width_max"":16},{""index"":1,""memory_total_mib"":23034,""name"":""NVIDIA L4"",""pci_bus_id"":""00000000:81:00.0"",""pcie_link_gen_current"":1,""pcie_link_gen_max"":4,""pcie_link_width_current"":16,""pcie_link_width_max"":16},{""index"":2,""memory_total_mib"":23034,""name"":""NVIDIA L4"",""pci_bus_id"":""00000000:A1:00.0"",""pcie_link_gen_current"":1,""pcie_link_gen_max"":4,""pcie_link_width_current"":16,""pcie_link_width_max"":16},{""index"":3,""memory_total_mib"":23034,""name"":""NVIDIA L4"",""pci_bus_id"":""00000000:E1:00.0"",""pcie_link_gen_current"":1,""pcie_link_gen_max"":4,""pcie_link_width_current"":16,""pcie_link_width_max"":16}]","""\t\u001b[4mGPU0\tGPU1\tGPU2\tGPU3\tNIC0\tNIC1\tNIC2\tCPU Affinity\tNUMA Affinity\tGPU NUMA ID\u001b[0m\nGPU0\t X \tSYS\tSYS\tSYS\tNODE\tSYS\tSYS\t0-31,64-95\t0\t\tN/A\nGPU1\tSYS\t X \tNODE\tNODE\tSYS\tNODE\tNODE\t32-63,96-127\t1\t\tN/A\nGPU2\tSYS\tNODE\t X \tNODE\tSYS\tNODE\tNODE\t32-63,96-127\t1\t\tN/A\nGPU3\tSYS\tNODE\tNODE\t X \tSYS\tNODE\tNODE\t32-63,96-127\t1\t\tN/A\nNIC0\tNODE\tSYS\tSYS\tSYS\t X \tSYS\tSYS\t\t\t\t\nNIC1\tSYS\tNODE\tNODE\tNODE\tSYS\t X \tPIX\t\t\t\t\nNIC2\tSYS\tNODE\tNODE\tNODE\tSYS\tPIX\t X \t\t\t\t\n\nLegend:\n\n  X    = Self\n  SYS  = Connection traversing PCIe as well as the SMP interconnect between NUMA nodes (e.g., QPI/UPI)\n  NODE = Connection traversing PCIe as well as the interconnect between PCIe Host Bridges within a NUMA node\n  PHB  = Connection traversing PCIe as well as a PCIe Host Bridge (typically the CPU)\n  PXB  = Connection traversing multiple PCIe bridges (without traversing the PCIe Host Bridge)\n  PIX  = Connection traversing at most a single PCIe bridge\n  NV#  = Connection traversing a bonded set of # NVLinks\n\nNIC Legend:\n\n  NIC0: rocep35s0f0\n  NIC1: rocep194s0f0\n  NIC2: rocep194s0f1""","{""CUDA_HOME"":""/usr/local/cuda"",""NCCL_TESTS_DIR"":""/root/nccl-tests""}"
1,p5-dense-20260828T154940Z-21cf57f,phase5,2026-08-28T15:53:21Z,measured,21cf57fd902a607407505eb9d8dfad40a82dfd91,False,unknown,,c079194dceb5,Ubuntu 24.04.3 LTS,6.14.0-33-generic,AMD EPYC 7542 32-Core Processor,128,1,NVIDIA L4,4,NODE,none-single-node,False,,12.8,570.195.03,2.25.1+cuda12.8,NCCL_DEBUG=VERSION banner,,gcc (Ubuntu 13.3.0-6ubuntu2~24.04) 13.3.0,b4d5beebca8a76cf01335f724d154b9b9d394d96,ring-ll128,Ring,LL128,"NCCL_ALGO=Ring,NCCL_PROTO=LL128",,,,,,,,,nccl-tests,all_reduce,float,sum,-1,262144,65536,out_of_place,20,50,1,full,211.71,1.24,1.86,0,True,True,True,0,env NCCL_DEBUG=VERSION NCCL_ALGO=Ring NCCL_PROTO=LL128 /root/nccl-tests/build/all_reduce_perf -b 16K -e 512K -f 2 -g 4 -w 20 -n 50 -c 1 -d float,results/raw/p5-dense-20260828T154940Z-21cf57f/all_reduce.ring-ll128.full.r1.stdout.txt,,"[{""index"":0,""memory_total_mib"":23034,""name"":""NVIDIA L4"",""pci_bus_id"":""00000000:61:00.0"",""pcie_link_gen_current"":1,""pcie_link_gen_max"":4,""pcie_link_width_current"":16,""pcie_link_width_max"":16},{""index"":1,""memory_total_mib"":23034,""name"":""NVIDIA L4"",""pci_bus_id"":""00000000:81:00.0"",""pcie_link_gen_current"":1,""pcie_link_gen_max"":4,""pcie_link_width_current"":16,""pcie_link_width_max"":16},{""index"":2,""memory_total_mib"":23034,""name"":""NVIDIA L4"",""pci_bus_id"":""00000000:A1:00.0"",""pcie_link_gen_current"":1,""pcie_link_gen_max"":4,""pcie_link_width_current"":16,""pcie_link_width_max"":16},{""index"":3,""memory_total_mib"":23034,""name"":""NVIDIA L4"",""pci_bus_id"":""00000000:E1:00.0"",""pcie_link_gen_current"":1,""pcie_link_gen_max"":4,""pcie_link_width_current"":16,""pcie_link_width_max"":16}]","""\t\u001b[4mGPU0\tGPU1\tGPU2\tGPU3\tNIC0\tNIC1\tNIC2\tCPU Affinity\tNUMA Affinity\tGPU NUMA ID\u001b[0m\nGPU0\t X \tSYS\tSYS\tSYS\tNODE\tSYS\tSYS\t0-31,64-95\t0\t\tN/A\nGPU1\tSYS\t X \tNODE\tNODE\tSYS\tNODE\tNODE\t32-63,96-127\t1\t\tN/A\nGPU2\tSYS\tNODE\t X \tNODE\tSYS\tNODE\tNODE\t32-63,96-127\t1\t\tN/A\nGPU3\tSYS\tNODE\tNODE\t X \tSYS\tNODE\tNODE\t32-63,96-127\t1\t\tN/A\nNIC0\tNODE\tSYS\tSYS\tSYS\t X \tSYS\tSYS\t\t\t\t\nNIC1\tSYS\tNODE\tNODE\tNODE\tSYS\t X \tPIX\t\t\t\t\nNIC2\tSYS\tNODE\tNODE\tNODE\tSYS\tPIX\t X \t\t\t\t\n\nLegend:\n\n  X    = Self\n  SYS  = Connection traversing PCIe as well as the SMP interconnect between NUMA nodes (e.g., QPI/UPI)\n  NODE = Connection traversing PCIe as well as the interconnect between PCIe Host Bridges within a NUMA node\n  PHB  = Connection traversing PCIe as well as a PCIe Host Bridge (typically the CPU)\n  PXB  = Connection traversing multiple PCIe bridges (without traversing the PCIe Host Bridge)\n  PIX  = Connection traversing at most a single PCIe bridge\n  NV#  = Connection traversing a bonded set of # NVLinks\n\nNIC Legend:\n\n  NIC0: rocep35s0f0\n  NIC1: rocep194s0f0\n  NIC2: rocep194s0f1""","{""CUDA_HOME"":""/usr/local/cuda"",""NCCL_TESTS_DIR"":""/root/nccl-tests""}"
1,p5-dense-20260828T154940Z-21cf57f,phase5,2026-08-28T15:53:21Z,measured,21cf57fd902a607407505eb9d8dfad40a82dfd91,False,unknown,,c079194dceb5,Ubuntu 24.04.3 LTS,6.14.0-33-generic,AMD EPYC 7542 32-Core Processor,128,1,NVIDIA L4,4,NODE,none-single-node,False,,12.8,570.195.03,2.25.1+cuda12.8,NCCL_DEBUG=VERSION banner,,gcc (Ubuntu 13.3.0-6ubuntu2~24.04) 13.3.0,b4d5beebca8a76cf01335f724d154b9b9d394d96,ring-ll128,Ring,LL128,"NCCL_ALGO=Ring,NCCL_PROTO=LL128",,,,,,,,,nccl-tests,all_reduce,float,sum,-1,262144,65536,in_place,20,50,1,full,201.04,1.3,1.96,0,True,True,True,0,env NCCL_DEBUG=VERSION NCCL_ALGO=Ring NCCL_PROTO=LL128 /root/nccl-tests/build/all_reduce_perf -b 16K -e 512K -f 2 -g 4 -w 20 -n 50 -c 1 -d float,results/raw/p5-dense-20260828T154940Z-21cf57f/all_reduce.ring-ll128.full.r1.stdout.txt,,"[{""index"":0,""memory_total_mib"":23034,""name"":""NVIDIA L4"",""pci_bus_id"":""00000000:61:00.0"",""pcie_link_gen_current"":1,""pcie_link_gen_max"":4,""pcie_link_width_current"":16,""pcie_link_width_max"":16},{""index"":1,""memory_total_mib"":23034,""name"":""NVIDIA L4"",""pci_bus_id"":""00000000:81:00.0"",""pcie_link_gen_current"":1,""pcie_link_gen_max"":4,""pcie_link_width_current"":16,""pcie_link_width_max"":16},{""index"":2,""memory_total_mib"":23034,""name"":""NVIDIA L4"",""pci_bus_id"":""00000000:A1:00.0"",""pcie_link_gen_current"":1,""pcie_link_gen_max"":4,""pcie_link_width_current"":16,""pcie_link_width_max"":16},{""index"":3,""memory_total_mib"":23034,""name"":""NVIDIA L4"",""pci_bus_id"":""00000000:E1:00.0"",""pcie_link_gen_current"":1,""pcie_link_gen_max"":4,""pcie_link_width_current"":16,""pcie_link_width_max"":16}]","""\t\u001b[4mGPU0\tGPU1\tGPU2\tGPU3\tNIC0\tNIC1\tNIC2\tCPU Affinity\tNUMA Affinity\tGPU NUMA ID\u001b[0m\nGPU0\t X \tSYS\tSYS\tSYS\tNODE\tSYS\tSYS\t0-31,64-95\t0\t\tN/A\nGPU1\tSYS\t X \tNODE\tNODE\tSYS\tNODE\tNODE\t32-63,96-127\t1\t\tN/A\nGPU2\tSYS\tNODE\t X \tNODE\tSYS\tNODE\tNODE\t32-63,96-127\t1\t\tN/A\nGPU3\tSYS\tNODE\tNODE\t X \tSYS\tNODE\tNODE\t32-63,96-127\t1\t\tN/A\nNIC0\tNODE\tSYS\tSYS\tSYS\t X \tSYS\tSYS\t\t\t\t\nNIC1\tSYS\tNODE\tNODE\tNODE\tSYS\t X \tPIX\t\t\t\t\nNIC2\tSYS\tNODE\tNODE\tNODE\tSYS\tPIX\t X \t\t\t\t\n\nLegend:\n\n  X    = Self\n  SYS  = Connection traversing PCIe as well as the SMP interconnect between NUMA nodes (e.g., QPI/UPI)\n  NODE = Connection traversing PCIe as well as the interconnect between PCIe Host Bridges within a NUMA node\n  PHB  = Connection traversing PCIe as well as a PCIe Host Bridge (typically the CPU)\n  PXB  = Connection traversing multiple PCIe bridges (without traversing the PCIe Host Bridge)\n  PIX  = Connection traversing at most a single PCIe bridge\n  NV#  = Connection traversing a bonded set of # NVLinks\n\nNIC Legend:\n\n  NIC0: rocep35s0f0\n  NIC1: rocep194s0f0\n  NIC2: rocep194s0f1""","{""CUDA_HOME"":""/usr/local/cuda"",""NCCL_TESTS_DIR"":""/root/nccl-tests""}"
1,p5-dense-20260828T154940Z-21cf57f,phase5,2026-08-28T15:53:21Z,measured,21cf57fd902a607407505eb9d8dfad40a82dfd91,False,unknown,,c079194dceb5,Ubuntu 24.04.3 LTS,6.14.0-33-generic,AMD EPYC 7542 32-Core Processor,128,1,NVIDIA L4,4,NODE,none-single-node,False,,12.8,570.195.03,2.25.1+cuda12.8,NCCL_DEBUG=VERSION banner,,gcc (Ubuntu 13.3.0-6ubuntu2~24.04) 13.3.0,b4d5beebca8a76cf01335f724d154b9b9d394d96,ring-ll128,Ring,LL128,"NCCL_ALGO=Ring,NCCL_PROTO=LL128",,,,,,,,,nccl-tests,all_reduce,float,sum,-1,524288,131072,out_of_place,20,50,1,full,378.85,1.38,2.08,0,True,True,True,0,env NCCL_DEBUG=VERSION NCCL_ALGO=Ring NCCL_PROTO=LL128 /root/nccl-tests/build/all_reduce_perf -b 16K -e 512K -f 2 -g 4 -w 20 -n 50 -c 1 -d float,results/raw/p5-dense-20260828T154940Z-21cf57f/all_reduce.ring-ll128.full.r1.stdout.txt,,"[{""index"":0,""memory_total_mib"":23034,""name"":""NVIDIA L4"",""pci_bus_id"":""00000000:61:00.0"",""pcie_link_gen_current"":1,""pcie_link_gen_max"":4,""pcie_link_width_current"":16,""pcie_link_width_max"":16},{""index"":1,""memory_total_mib"":23034,""name"":""NVIDIA L4"",""pci_bus_id"":""00000000:81:00.0"",""pcie_link_gen_current"":1,""pcie_link_gen_max"":4,""pcie_link_width_current"":16,""pcie_link_width_max"":16},{""index"":2,""memory_total_mib"":23034,""name"":""NVIDIA L4"",""pci_bus_id"":""00000000:A1:00.0"",""pcie_link_gen_current"":1,""pcie_link_gen_max"":4,""pcie_link_width_current"":16,""pcie_link_width_max"":16},{""index"":3,""memory_total_mib"":23034,""name"":""NVIDIA L4"",""pci_bus_id"":""00000000:E1:00.0"",""pcie_link_gen_current"":1,""pcie_link_gen_max"":4,""pcie_link_width_current"":16,""pcie_link_width_max"":16}]","""\t\u001b[4mGPU0\tGPU1\tGPU2\tGPU3\tNIC0\tNIC1\tNIC2\tCPU Affinity\tNUMA Affinity\tGPU NUMA ID\u001b[0m\nGPU0\t X \tSYS\tSYS\tSYS\tNODE\tSYS\tSYS\t0-31,64-95\t0\t\tN/A\nGPU1\tSYS\t X \tNODE\tNODE\tSYS\tNODE\tNODE\t32-63,96-127\t1\t\tN/A\nGPU2\tSYS\tNODE\t X \tNODE\tSYS\tNODE\tNODE\t32-63,96-127\t1\t\tN/A\nGPU3\tSYS\tNODE\tNODE\t X \tSYS\tNODE\tNODE\t32-63,96-127\t1\t\tN/A\nNIC0\tNODE\tSYS\tSYS\tSYS\t X \tSYS\tSYS\t\t\t\t\nNIC1\tSYS\tNODE\tNODE\tNODE\tSYS\t X \tPIX\t\t\t\t\nNIC2\tSYS\tNODE\tNODE\tNODE\tSYS\tPIX\t X \t\t\t\t\n\nLegend:\n\n  X    = Self\n  SYS  = Connection traversing PCIe as well as the SMP interconnect between NUMA nodes (e.g., QPI/UPI)\n  NODE = Connection traversing PCIe as well as the interconnect between PCIe Host Bridges within a NUMA node\n  PHB  = Connection traversing PCIe as well as a PCIe Host Bridge (typically the CPU)\n  PXB  = Connection traversing multiple PCIe bridges (without traversing the PCIe Host Bridge)\n  PIX  = Connection traversing at most a single PCIe bridge\n  NV#  = Connection traversing a bonded set of # NVLinks\n\nNIC Legend:\n\n  NIC0: rocep35s0f0\n  NIC1: rocep194s0f0\n  NIC2: rocep194s0f1""","{""CUDA_HOME"":""/usr/local/cuda"",""NCCL_TESTS_DIR"":""/root/nccl-tests""}"
1,p5-dense-20260828T154940Z-21cf57f,phase5,2026-08-28T15:53:21Z,measured,21cf57fd902a607407505eb9d8dfad40a82dfd91,False,unknown,,c079194dceb5,Ubuntu 24.04.3 LTS,6.14.0-33-generic,AMD EPYC 7542 32-Core Processor,128,1,NVIDIA L4,4,NODE,none-single-node,False,,12.8,570.195.03,2.25.1+cuda12.8,NCCL_DEBUG=VERSION banner,,gcc (Ubuntu 13.3.0-6ubuntu2~24.04) 13.3.0,b4d5beebca8a76cf01335f724d154b9b9d394d96,ring-ll128,Ring,LL128,"NCCL_ALGO=Ring,NCCL_PROTO=LL128",,,,,,,,,nccl-tests,all_reduce,float,sum,-1,524288,131072,in_place,20,50,1,full,367.64,1.43,2.14,0,True,True,True,0,env NCCL_DEBUG=VERSION NCCL_ALGO=Ring NCCL_PROTO=LL128 /root/nccl-tests/build/all_reduce_perf -b 16K -e 512K -f 2 -g 4 -w 20 -n 50 -c 1 -d float,results/raw/p5-dense-20260828T154940Z-21cf57f/all_reduce.ring-ll128.full.r1.stdout.txt,,"[{""index"":0,""memory_total_mib"":23034,""name"":""NVIDIA L4"",""pci_bus_id"":""00000000:61:00.0"",""pcie_link_gen_current"":1,""pcie_link_gen_max"":4,""pcie_link_width_current"":16,""pcie_link_width_max"":16},{""index"":1,""memory_total_mib"":23034,""name"":""NVIDIA L4"",""pci_bus_id"":""00000000:81:00.0"",""pcie_link_gen_current"":1,""pcie_link_gen_max"":4,""pcie_link_width_current"":16,""pcie_link_width_max"":16},{""index"":2,""memory_total_mib"":23034,""name"":""NVIDIA L4"",""pci_bus_id"":""00000000:A1:00.0"",""pcie_link_gen_current"":1,""pcie_link_gen_max"":4,""pcie_link_width_current"":16,""pcie_link_width_max"":16},{""index"":3,""memory_total_mib"":23034,""name"":""NVIDIA L4"",""pci_bus_id"":""00000000:E1:00.0"",""pcie_link_gen_current"":1,""pcie_link_gen_max"":4,""pcie_link_width_current"":16,""pcie_link_width_max"":16}]","""\t\u001b[4mGPU0\tGPU1\tGPU2\tGPU3\tNIC0\tNIC1\tNIC2\tCPU Affinity\tNUMA Affinity\tGPU NUMA ID\u001b[0m\nGPU0\t X \tSYS\tSYS\tSYS\tNODE\tSYS\tSYS\t0-31,64-95\t0\t\tN/A\nGPU1\tSYS\t X \tNODE\tNODE\tSYS\tNODE\tNODE\t32-63,96-127\t1\t\tN/A\nGPU2\tSYS\tNODE\t X \tNODE\tSYS\tNODE\tNODE\t32-63,96-127\t1\t\tN/A\nGPU3\tSYS\tNODE\tNODE\t X \tSYS\tNODE\tNODE\t32-63,96-127\t1\t\tN/A\nNIC0\tNODE\tSYS\tSYS\tSYS\t X \tSYS\tSYS\t\t\t\t\nNIC1\tSYS\tNODE\tNODE\tNODE\tSYS\t X \tPIX\t\t\t\t\nNIC2\tSYS\tNODE\tNODE\tNODE\tSYS\tPIX\t X \t\t\t\t\n\nLegend:\n\n  X    = Self\n  SYS  = Connection traversing PCIe as well as the SMP interconnect between NUMA nodes (e.g., QPI/UPI)\n  NODE = Connection traversing PCIe as well as the interconnect between PCIe Host Bridges within a NUMA node\n  PHB  = Connection traversing PCIe as well as a PCIe Host Bridge (typically the CPU)\n  PXB  = Connection traversing multiple PCIe bridges (without traversing the PCIe Host Bridge)\n  PIX  = Connection traversing at most a single PCIe bridge\n  NV#  = Connection traversing a bonded set of # NVLinks\n\nNIC Legend:\n\n  NIC0: rocep35s0f0\n  NIC1: rocep194s0f0\n  NIC2: rocep194s0f1""","{""CUDA_HOME"":""/usr/local/cuda"",""NCCL_TESTS_DIR"":""/root/nccl-tests""}"
1,p5-dense-20260828T154940Z-21cf57f,phase5,2026-08-28T15:53:24Z,measured,21cf57fd902a607407505eb9d8dfad40a82dfd91,False,unknown,,c079194dceb5,Ubuntu 24.04.3 LTS,6.14.0-33-generic,AMD EPYC 7542 32-Core Processor,128,1,NVIDIA L4,4,NODE,none-single-node,False,,12.8,570.195.03,2.25.1+cuda12.8,NCCL_DEBUG=VERSION banner,,gcc (Ubuntu 13.3.0-6ubuntu2~24.04) 13.3.0,b4d5beebca8a76cf01335f724d154b9b9d394d96,ring-ll128,Ring,LL128,"NCCL_ALGO=Ring,NCCL_PROTO=LL128",,,,,,,,,nccl-tests,all_reduce,float,sum,-1,16384,4096,out_of_place,20,50,2,full,38.13,0.43,0.64,0,True,True,True,0,env NCCL_DEBUG=VERSION NCCL_ALGO=Ring NCCL_PROTO=LL128 /root/nccl-tests/build/all_reduce_perf -b 16K -e 512K -f 2 -g 4 -w 20 -n 50 -c 1 -d float,results/raw/p5-dense-20260828T154940Z-21cf57f/all_reduce.ring-ll128.full.r2.stdout.txt,,"[{""index"":0,""memory_total_mib"":23034,""name"":""NVIDIA L4"",""pci_bus_id"":""00000000:61:00.0"",""pcie_link_gen_current"":1,""pcie_link_gen_max"":4,""pcie_link_width_current"":16,""pcie_link_width_max"":16},{""index"":1,""memory_total_mib"":23034,""name"":""NVIDIA L4"",""pci_bus_id"":""00000000:81:00.0"",""pcie_link_gen_current"":1,""pcie_link_gen_max"":4,""pcie_link_width_current"":16,""pcie_link_width_max"":16},{""index"":2,""memory_total_mib"":23034,""name"":""NVIDIA L4"",""pci_bus_id"":""00000000:A1:00.0"",""pcie_link_gen_current"":1,""pcie_link_gen_max"":4,""pcie_link_width_current"":16,""pcie_link_width_max"":16},{""index"":3,""memory_total_mib"":23034,""name"":""NVIDIA L4"",""pci_bus_id"":""00000000:E1:00.0"",""pcie_link_gen_current"":1,""pcie_link_gen_max"":4,""pcie_link_width_current"":16,""pcie_link_width_max"":16}]","""\t\u001b[4mGPU0\tGPU1\tGPU2\tGPU3\tNIC0\tNIC1\tNIC2\tCPU Affinity\tNUMA Affinity\tGPU NUMA ID\u001b[0m\nGPU0\t X \tSYS\tSYS\tSYS\tNODE\tSYS\tSYS\t0-31,64-95\t0\t\tN/A\nGPU1\tSYS\t X \tNODE\tNODE\tSYS\tNODE\tNODE\t32-63,96-127\t1\t\tN/A\nGPU2\tSYS\tNODE\t X \tNODE\tSYS\tNODE\tNODE\t32-63,96-127\t1\t\tN/A\nGPU3\tSYS\tNODE\tNODE\t X \tSYS\tNODE\tNODE\t32-63,96-127\t1\t\tN/A\nNIC0\tNODE\tSYS\tSYS\tSYS\t X \tSYS\tSYS\t\t\t\t\nNIC1\tSYS\tNODE\tNODE\tNODE\tSYS\t X \tPIX\t\t\t\t\nNIC2\tSYS\tNODE\tNODE\tNODE\tSYS\tPIX\t X \t\t\t\t\n\nLegend:\n\n  X    = Self\n  SYS  = Connection traversing PCIe as well as the SMP interconnect between NUMA nodes (e.g., QPI/UPI)\n  NODE = Connection traversing PCIe as well as the interconnect between PCIe Host Bridges within a NUMA node\n  PHB  = Connection traversing PCIe as well as a PCIe Host Bridge (typically the CPU)\n  PXB  = Connection traversing multiple PCIe bridges (without traversing the PCIe Host Bridge)\n  PIX  = Connection traversing at most a single PCIe bridge\n  NV#  = Connection traversing a bonded set of # NVLinks\n\nNIC Legend:\n\n  NIC0: rocep35s0f0\n  NIC1: rocep194s0f0\n  NIC2: rocep194s0f1""","{""CUDA_HOME"":""/usr/local/cuda"",""NCCL_TESTS_DIR"":""/root/nccl-tests""}"
1,p5-dense-20260828T154940Z-21cf57f,phase5,2026-08-28T15:53:24Z,measured,21cf57fd902a607407505eb9d8dfad40a82dfd91,False,unknown,,c079194dceb5,Ubuntu 24.04.3 LTS,6.14.0-33-generic,AMD EPYC 7542 32-Core Processor,128,1,NVIDIA L4,4,NODE,none-single-node,False,,12.8,570.195.03,2.25.1+cuda12.8,NCCL_DEBUG=VERSION banner,,gcc (Ubuntu 13.3.0-6ubuntu2~24.04) 13.3.0,b4d5beebca8a76cf01335f724d154b9b9d394d96,ring-ll128,Ring,LL128,"NCCL_ALGO=Ring,NCCL_PROTO=LL128",,,,,,,,,nccl-tests,all_reduce,float,sum,-1,16384,4096,in_place,20,50,2,full,38.17,0.43,0.64,0,True,True,True,0,env NCCL_DEBUG=VERSION NCCL_ALGO=Ring NCCL_PROTO=LL128 /root/nccl-tests/build/all_reduce_perf -b 16K -e 512K -f 2 -g 4 -w 20 -n 50 -c 1 -d float,results/raw/p5-dense-20260828T154940Z-21cf57f/all_reduce.ring-ll128.full.r2.stdout.txt,,"[{""index"":0,""memory_total_mib"":23034,""name"":""NVIDIA L4"",""pci_bus_id"":""00000000:61:00.0"",""pcie_link_gen_current"":1,""pcie_link_gen_max"":4,""pcie_link_width_current"":16,""pcie_link_width_max"":16},{""index"":1,""memory_total_mib"":23034,""name"":""NVIDIA L4"",""pci_bus_id"":""00000000:81:00.0"",""pcie_link_gen_current"":1,""pcie_link_gen_max"":4,""pcie_link_width_current"":16,""pcie_link_width_max"":16},{""index"":2,""memory_total_mib"":23034,""name"":""NVIDIA L4"",""pci_bus_id"":""00000000:A1:00.0"",""pcie_link_gen_current"":1,""pcie_link_gen_max"":4,""pcie_link_width_current"":16,""pcie_link_width_max"":16},{""index"":3,""memory_total_mib"":23034,""name"":""NVIDIA L4"",""pci_bus_id"":""00000000:E1:00.0"",""pcie_link_gen_current"":1,""pcie_link_gen_max"":4,""pcie_link_width_current"":16,""pcie_link_width_max"":16}]","""\t\u001b[4mGPU0\tGPU1\tGPU2\tGPU3\tNIC0\tNIC1\tNIC2\tCPU Affinity\tNUMA Affinity\tGPU NUMA ID\u001b[0m\nGPU0\t X \tSYS\tSYS\tSYS\tNODE\tSYS\tSYS\t0-31,64-95\t0\t\tN/A\nGPU1\tSYS\t X \tNODE\tNODE\tSYS\tNODE\tNODE\t32-63,96-127\t1\t\tN/A\nGPU2\tSYS\tNODE\t X \tNODE\tSYS\tNODE\tNODE\t32-63,96-127\t1\t\tN/A\nGPU3\tSYS\tNODE\tNODE\t X \tSYS\tNODE\tNODE\t32-63,96-127\t1\t\tN/A\nNIC0\tNODE\tSYS\tSYS\tSYS\t X \tSYS\tSYS\t\t\t\t\nNIC1\tSYS\tNODE\tNODE\tNODE\tSYS\t X \tPIX\t\t\t\t\nNIC2\tSYS\tNODE\tNODE\tNODE\tSYS\tPIX\t X \t\t\t\t\n\nLegend:\n\n  X    = Self\n  SYS  = Connection traversing PCIe as well as the SMP interconnect between NUMA nodes (e.g., QPI/UPI)\n  NODE = Connection traversing PCIe as well as the interconnect between PCIe Host Bridges within a NUMA node\n  PHB  = Connection traversing PCIe as well as a PCIe Host Bridge (typically the CPU)\n  PXB  = Connection traversing multiple PCIe bridges (without traversing the PCIe Host Bridge)\n  PIX  = Connection traversing at most a single PCIe bridge\n  NV#  = Connection traversing a bonded set of # NVLinks\n\nNIC Legend:\n\n  NIC0: rocep35s0f0\n  NIC1: rocep194s0f0\n  NIC2: rocep194s0f1""","{""CUDA_HOME"":""/usr/local/cuda"",""NCCL_TESTS_DIR"":""/root/nccl-tests""}"
1,p5-dense-20260828T154940Z-21cf57f,phase5,2026-08-28T15:53:24Z,measured,21cf57fd902a607407505eb9d8dfad40a82dfd91,False,unknown,,c079194dceb5,Ubuntu 24.04.3 LTS,6.14.0-33-generic,AMD EPYC 7542 32-Core Processor,128,1,NVIDIA L4,4,NODE,none-single-node,False,,12.8,570.195.03,2.25.1+cuda12.8,NCCL_DEBUG=VERSION banner,,gcc (Ubuntu 13.3.0-6ubuntu2~24.04) 13.3.0,b4d5beebca8a76cf01335f724d154b9b9d394d96,ring-ll128,Ring,LL128,"NCCL_ALGO=Ring,NCCL_PROTO=LL128",,,,,,,,,nccl-tests,all_reduce,float,sum,-1,32768,8192,out_of_place,20,50,2,full,39.88,0.82,1.23,0,True,True,True,0,env NCCL_DEBUG=VERSION NCCL_ALGO=Ring NCCL_PROTO=LL128 /root/nccl-tests/build/all_reduce_perf -b 16K -e 512K -f 2 -g 4 -w 20 -n 50 -c 1 -d float,results/raw/p5-dense-20260828T154940Z-21cf57f/all_reduce.ring-ll128.full.r2.stdout.txt,,"[{""index"":0,""memory_total_mib"":23034,""name"":""NVIDIA L4"",""pci_bus_id"":""00000000:61:00.0"",""pcie_link_gen_current"":1,""pcie_link_gen_max"":4,""pcie_link_width_current"":16,""pcie_link_width_max"":16},{""index"":1,""memory_total_mib"":23034,""name"":""NVIDIA L4"",""pci_bus_id"":""00000000:81:00.0"",""pcie_link_gen_current"":1,""pcie_link_gen_max"":4,""pcie_link_width_current"":16,""pcie_link_width_max"":16},{""index"":2,""memory_total_mib"":23034,""name"":""NVIDIA L4"",""pci_bus_id"":""00000000:A1:00.0"",""pcie_link_gen_current"":1,""pcie_link_gen_max"":4,""pcie_link_width_current"":16,""pcie_link_width_max"":16},{""index"":3,""memory_total_mib"":23034,""name"":""NVIDIA L4"",""pci_bus_id"":""00000000:E1:00.0"",""pcie_link_gen_current"":1,""pcie_link_gen_max"":4,""pcie_link_width_current"":16,""pcie_link_width_max"":16}]","""\t\u001b[4mGPU0\tGPU1\tGPU2\tGPU3\tNIC0\tNIC1\tNIC2\tCPU Affinity\tNUMA Affinity\tGPU NUMA ID\u001b[0m\nGPU0\t X \tSYS\tSYS\tSYS\tNODE\tSYS\tSYS\t0-31,64-95\t0\t\tN/A\nGPU1\tSYS\t X \tNODE\tNODE\tSYS\tNODE\tNODE\t32-63,96-127\t1\t\tN/A\nGPU2\tSYS\tNODE\t X \tNODE\tSYS\tNODE\tNODE\t32-63,96-127\t1\t\tN/A\nGPU3\tSYS\tNODE\tNODE\t X \tSYS\tNODE\tNODE\t32-63,96-127\t1\t\tN/A\nNIC0\tNODE\tSYS\tSYS\tSYS\t X \tSYS\tSYS\t\t\t\t\nNIC1\tSYS\tNODE\tNODE\tNODE\tSYS\t X \tPIX\t\t\t\t\nNIC2\tSYS\tNODE\tNODE\tNODE\tSYS\tPIX\t X \t\t\t\t\n\nLegend:\n\n  X    = Self\n  SYS  = Connection traversing PCIe as well as the SMP interconnect between NUMA nodes (e.g., QPI/UPI)\n  NODE = Connection traversing PCIe as well as the interconnect between PCIe Host Bridges within a NUMA node\n  PHB  = Connection traversing PCIe as well as a PCIe Host Bridge (typically the CPU)\n  PXB  = Connection traversing multiple PCIe bridges (without traversing the PCIe Host Bridge)\n  PIX  = Connection traversing at most a single PCIe bridge\n  NV#  = Connection traversing a bonded set of # NVLinks\n\nNIC Legend:\n\n  NIC0: rocep35s0f0\n  NIC1: rocep194s0f0\n  NIC2: rocep194s0f1""","{""CUDA_HOME"":""/usr/local/cuda"",""NCCL_TESTS_DIR"":""/root/nccl-tests""}"
1,p5-dense-20260828T154940Z-21cf57f,phase5,2026-08-28T15:53:24Z,measured,21cf57fd902a607407505eb9d8dfad40a82dfd91,False,unknown,,c079194dceb5,Ubuntu 24.04.3 LTS,6.14.0-33-generic,AMD EPYC 7542 32-Core Processor,128,1,NVIDIA L4,4,NODE,none-single-node,False,,12.8,570.195.03,2.25.1+cuda12.8,NCCL_DEBUG=VERSION banner,,gcc (Ubuntu 13.3.0-6ubuntu2~24.04) 13.3.0,b4d5beebca8a76cf01335f724d154b9b9d394d96,ring-ll128,Ring,LL128,"NCCL_ALGO=Ring,NCCL_PROTO=LL128",,,,,,,,,nccl-tests,all_reduce,float,sum,-1,32768,8192,in_place,20,50,2,full,40.4,0.81,1.22,0,True,True,True,0,env NCCL_DEBUG=VERSION NCCL_ALGO=Ring NCCL_PROTO=LL128 /root/nccl-tests/build/all_reduce_perf -b 16K -e 512K -f 2 -g 4 -w 20 -n 50 -c 1 -d float,results/raw/p5-dense-20260828T154940Z-21cf57f/all_reduce.ring-ll128.full.r2.stdout.txt,,"[{""index"":0,""memory_total_mib"":23034,""name"":""NVIDIA L4"",""pci_bus_id"":""00000000:61:00.0"",""pcie_link_gen_current"":1,""pcie_link_gen_max"":4,""pcie_link_width_current"":16,""pcie_link_width_max"":16},{""index"":1,""memory_total_mib"":23034,""name"":""NVIDIA L4"",""pci_bus_id"":""00000000:81:00.0"",""pcie_link_gen_current"":1,""pcie_link_gen_max"":4,""pcie_link_width_current"":16,""pcie_link_width_max"":16},{""index"":2,""memory_total_mib"":23034,""name"":""NVIDIA L4"",""pci_bus_id"":""00000000:A1:00.0"",""pcie_link_gen_current"":1,""pcie_link_gen_max"":4,""pcie_link_width_current"":16,""pcie_link_width_max"":16},{""index"":3,""memory_total_mib"":23034,""name"":""NVIDIA L4"",""pci_bus_id"":""00000000:E1:00.0"",""pcie_link_gen_current"":1,""pcie_link_gen_max"":4,""pcie_link_width_current"":16,""pcie_link_width_max"":16}]","""\t\u001b[4mGPU0\tGPU1\tGPU2\tGPU3\tNIC0\tNIC1\tNIC2\tCPU Affinity\tNUMA Affinity\tGPU NUMA ID\u001b[0m\nGPU0\t X \tSYS\tSYS\tSYS\tNODE\tSYS\tSYS\t0-31,64-95\t0\t\tN/A\nGPU1\tSYS\t X \tNODE\tNODE\tSYS\tNODE\tNODE\t32-63,96-127\t1\t\tN/A\nGPU2\tSYS\tNODE\t X \tNODE\tSYS\tNODE\tNODE\t32-63,96-127\t1\t\tN/A\nGPU3\tSYS\tNODE\tNODE\t X \tSYS\tNODE\tNODE\t32-63,96-127\t1\t\tN/A\nNIC0\tNODE\tSYS\tSYS\tSYS\t X \tSYS\tSYS\t\t\t\t\nNIC1\tSYS\tNODE\tNODE\tNODE\tSYS\t X \tPIX\t\t\t\t\nNIC2\tSYS\tNODE\tNODE\tNODE\tSYS\tPIX\t X \t\t\t\t\n\nLegend:\n\n  X    = Self\n  SYS  = Connection traversing PCIe as well as the SMP interconnect between NUMA nodes (e.g., QPI/UPI)\n  NODE = Connection traversing PCIe as well as the interconnect between PCIe Host Bridges within a NUMA node\n  PHB  = Connection traversing PCIe as well as a PCIe Host Bridge (typically the CPU)\n  PXB  = Connection traversing multiple PCIe bridges (without traversing the PCIe Host Bridge)\n  PIX  = Connection traversing at most a single PCIe bridge\n  NV#  = Connection traversing a bonded set of # NVLinks\n\nNIC Legend:\n\n  NIC0: rocep35s0f0\n  NIC1: rocep194s0f0\n  NIC2: rocep194s0f1""","{""CUDA_HOME"":""/usr/local/cuda"",""NCCL_TESTS_DIR"":""/root/nccl-tests""}"
1,p5-dense-20260828T154940Z-21cf57f,phase5,2026-08-28T15:53:24Z,measured,21cf57fd902a607407505eb9d8dfad40a82dfd91,False,unknown,,c079194dceb5,Ubuntu 24.04.3 LTS,6.14.0-33-generic,AMD EPYC 7542 32-Core Processor,128,1,NVIDIA L4,4,NODE,none-single-node,False,,12.8,570.195.03,2.25.1+cuda12.8,NCCL_DEBUG=VERSION banner,,gcc (Ubuntu 13.3.0-6ubuntu2~24.04) 13.3.0,b4d5beebca8a76cf01335f724d154b9b9d394d96,ring-ll128,Ring,LL128,"NCCL_ALGO=Ring,NCCL_PROTO=LL128",,,,,,,,,nccl-tests,all_reduce,float,sum,-1,65536,16384,out_of_place,20,50,2,full,53.27,1.23,1.85,0,True,True,True,0,env NCCL_DEBUG=VERSION NCCL_ALGO=Ring NCCL_PROTO=LL128 /root/nccl-tests/build/all_reduce_perf -b 16K -e 512K -f 2 -g 4 -w 20 -n 50 -c 1 -d float,results/raw/p5-dense-20260828T154940Z-21cf57f/all_reduce.ring-ll128.full.r2.stdout.txt,,"[{""index"":0,""memory_total_mib"":23034,""name"":""NVIDIA L4"",""pci_bus_id"":""00000000:61:00.0"",""pcie_link_gen_current"":1,""pcie_link_gen_max"":4,""pcie_link_width_current"":16,""pcie_link_width_max"":16},{""index"":1,""memory_total_mib"":23034,""name"":""NVIDIA L4"",""pci_bus_id"":""00000000:81:00.0"",""pcie_link_gen_current"":1,""pcie_link_gen_max"":4,""pcie_link_width_current"":16,""pcie_link_width_max"":16},{""index"":2,""memory_total_mib"":23034,""name"":""NVIDIA L4"",""pci_bus_id"":""00000000:A1:00.0"",""pcie_link_gen_current"":1,""pcie_link_gen_max"":4,""pcie_link_width_current"":16,""pcie_link_width_max"":16},{""index"":3,""memory_total_mib"":23034,""name"":""NVIDIA L4"",""pci_bus_id"":""00000000:E1:00.0"",""pcie_link_gen_current"":1,""pcie_link_gen_max"":4,""pcie_link_width_current"":16,""pcie_link_width_max"":16}]","""\t\u001b[4mGPU0\tGPU1\tGPU2\tGPU3\tNIC0\tNIC1\tNIC2\tCPU Affinity\tNUMA Affinity\tGPU NUMA ID\u001b[0m\nGPU0\t X \tSYS\tSYS\tSYS\tNODE\tSYS\tSYS\t0-31,64-95\t0\t\tN/A\nGPU1\tSYS\t X \tNODE\tNODE\tSYS\tNODE\tNODE\t32-63,96-127\t1\t\tN/A\nGPU2\tSYS\tNODE\t X \tNODE\tSYS\tNODE\tNODE\t32-63,96-127\t1\t\tN/A\nGPU3\tSYS\tNODE\tNODE\t X \tSYS\tNODE\tNODE\t32-63,96-127\t1\t\tN/A\nNIC0\tNODE\tSYS\tSYS\tSYS\t X \tSYS\tSYS\t\t\t\t\nNIC1\tSYS\tNODE\tNODE\tNODE\tSYS\t X \tPIX\t\t\t\t\nNIC2\tSYS\tNODE\tNODE\tNODE\tSYS\tPIX\t X \t\t\t\t\n\nLegend:\n\n  X    = Self\n  SYS  = Connection traversing PCIe as well as the SMP interconnect between NUMA nodes (e.g., QPI/UPI)\n  NODE = Connection traversing PCIe as well as the interconnect between PCIe Host Bridges within a NUMA node\n  PHB  = Connection traversing PCIe as well as a PCIe Host Bridge (typically the CPU)\n  PXB  = Connection traversing multiple PCIe bridges (without traversing the PCIe Host Bridge)\n  PIX  = Connection traversing at most a single PCIe bridge\n  NV#  = Connection traversing a bonded set of # NVLinks\n\nNIC Legend:\n\n  NIC0: rocep35s0f0\n  NIC1: rocep194s0f0\n  NIC2: rocep194s0f1""","{""CUDA_HOME"":""/usr/local/cuda"",""NCCL_TESTS_DIR"":""/root/nccl-tests""}"
1,p5-dense-20260828T154940Z-21cf57f,phase5,2026-08-28T15:53:24Z,measured,21cf57fd902a607407505eb9d8dfad40a82dfd91,False,unknown,,c079194dceb5,Ubuntu 24.04.3 LTS,6.14.0-33-generic,AMD EPYC 7542 32-Core Processor,128,1,NVIDIA L4,4,NODE,none-single-node,False,,12.8,570.195.03,2.25.1+cuda12.8,NCCL_DEBUG=VERSION banner,,gcc (Ubuntu 13.3.0-6ubuntu2~24.04) 13.3.0,b4d5beebca8a76cf01335f724d154b9b9d394d96,ring-ll128,Ring,LL128,"NCCL_ALGO=Ring,NCCL_PROTO=LL128",,,,,,,,,nccl-tests,all_reduce,float,sum,-1,65536,16384,in_place,20,50,2,full,47.98,1.37,2.05,0,True,True,True,0,env NCCL_DEBUG=VERSION NCCL_ALGO=Ring NCCL_PROTO=LL128 /root/nccl-tests/build/all_reduce_perf -b 16K -e 512K -f 2 -g 4 -w 20 -n 50 -c 1 -d float,results/raw/p5-dense-20260828T154940Z-21cf57f/all_reduce.ring-ll128.full.r2.stdout.txt,,"[{""index"":0,""memory_total_mib"":23034,""name"":""NVIDIA L4"",""pci_bus_id"":""00000000:61:00.0"",""pcie_link_gen_current"":1,""pcie_link_gen_max"":4,""pcie_link_width_current"":16,""pcie_link_width_max"":16},{""index"":1,""memory_total_mib"":23034,""name"":""NVIDIA L4"",""pci_bus_id"":""00000000:81:00.0"",""pcie_link_gen_current"":1,""pcie_link_gen_max"":4,""pcie_link_width_current"":16,""pcie_link_width_max"":16},{""index"":2,""memory_total_mib"":23034,""name"":""NVIDIA L4"",""pci_bus_id"":""00000000:A1:00.0"",""pcie_link_gen_current"":1,""pcie_link_gen_max"":4,""pcie_link_width_current"":16,""pcie_link_width_max"":16},{""index"":3,""memory_total_mib"":23034,""name"":""NVIDIA L4"",""pci_bus_id"":""00000000:E1:00.0"",""pcie_link_gen_current"":1,""pcie_link_gen_max"":4,""pcie_link_width_current"":16,""pcie_link_width_max"":16}]","""\t\u001b[4mGPU0\tGPU1\tGPU2\tGPU3\tNIC0\tNIC1\tNIC2\tCPU Affinity\tNUMA Affinity\tGPU NUMA ID\u001b[0m\nGPU0\t X \tSYS\tSYS\tSYS\tNODE\tSYS\tSYS\t0-31,64-95\t0\t\tN/A\nGPU1\tSYS\t X \tNODE\tNODE\tSYS\tNODE\tNODE\t32-63,96-127\t1\t\tN/A\nGPU2\tSYS\tNODE\t X \tNODE\tSYS\tNODE\tNODE\t32-63,96-127\t1\t\tN/A\nGPU3\tSYS\tNODE\tNODE\t X \tSYS\tNODE\tNODE\t32-63,96-127\t1\t\tN/A\nNIC0\tNODE\tSYS\tSYS\tSYS\t X \tSYS\tSYS\t\t\t\t\nNIC1\tSYS\tNODE\tNODE\tNODE\tSYS\t X \tPIX\t\t\t\t\nNIC2\tSYS\tNODE\tNODE\tNODE\tSYS\tPIX\t X \t\t\t\t\n\nLegend:\n\n  X    = Self\n  SYS  = Connection traversing PCIe as well as the SMP interconnect between NUMA nodes (e.g., QPI/UPI)\n  NODE = Connection traversing PCIe as well as the interconnect between PCIe Host Bridges within a NUMA node\n  PHB  = Connection traversing PCIe as well as a PCIe Host Bridge (typically the CPU)\n  PXB  = Connection traversing multiple PCIe bridges (without traversing the PCIe Host Bridge)\n  PIX  = Connection traversing at most a single PCIe bridge\n  NV#  = Connection traversing a bonded set of # NVLinks\n\nNIC Legend:\n\n  NIC0: rocep35s0f0\n  NIC1: rocep194s0f0\n  NIC2: rocep194s0f1""","{""CUDA_HOME"":""/usr/local/cuda"",""NCCL_TESTS_DIR"":""/root/nccl-tests""}"
1,p5-dense-20260828T154940Z-21cf57f,phase5,2026-08-28T15:53:24Z,measured,21cf57fd902a607407505eb9d8dfad40a82dfd91,False,unknown,,c079194dceb5,Ubuntu 24.04.3 LTS,6.14.0-33-generic,AMD EPYC 7542 32-Core Processor,128,1,NVIDIA L4,4,NODE,none-single-node,False,,12.8,570.195.03,2.25.1+cuda12.8,NCCL_DEBUG=VERSION banner,,gcc (Ubuntu 13.3.0-6ubuntu2~24.04) 13.3.0,b4d5beebca8a76cf01335f724d154b9b9d394d96,ring-ll128,Ring,LL128,"NCCL_ALGO=Ring,NCCL_PROTO=LL128",,,,,,,,,nccl-tests,all_reduce,float,sum,-1,131072,32768,out_of_place,20,50,2,full,77.82,1.68,2.53,0,True,True,True,0,env NCCL_DEBUG=VERSION NCCL_ALGO=Ring NCCL_PROTO=LL128 /root/nccl-tests/build/all_reduce_perf -b 16K -e 512K -f 2 -g 4 -w 20 -n 50 -c 1 -d float,results/raw/p5-dense-20260828T154940Z-21cf57f/all_reduce.ring-ll128.full.r2.stdout.txt,,"[{""index"":0,""memory_total_mib"":23034,""name"":""NVIDIA L4"",""pci_bus_id"":""00000000:61:00.0"",""pcie_link_gen_current"":1,""pcie_link_gen_max"":4,""pcie_link_width_current"":16,""pcie_link_width_max"":16},{""index"":1,""memory_total_mib"":23034,""name"":""NVIDIA L4"",""pci_bus_id"":""00000000:81:00.0"",""pcie_link_gen_current"":1,""pcie_link_gen_max"":4,""pcie_link_width_current"":16,""pcie_link_width_max"":16},{""index"":2,""memory_total_mib"":23034,""name"":""NVIDIA L4"",""pci_bus_id"":""00000000:A1:00.0"",""pcie_link_gen_current"":1,""pcie_link_gen_max"":4,""pcie_link_width_current"":16,""pcie_link_width_max"":16},{""index"":3,""memory_total_mib"":23034,""name"":""NVIDIA L4"",""pci_bus_id"":""00000000:E1:00.0"",""pcie_link_gen_current"":1,""pcie_link_gen_max"":4,""pcie_link_width_current"":16,""pcie_link_width_max"":16}]","""\t\u001b[4mGPU0\tGPU1\tGPU2\tGPU3\tNIC0\tNIC1\tNIC2\tCPU Affinity\tNUMA Affinity\tGPU NUMA ID\u001b[0m\nGPU0\t X \tSYS\tSYS\tSYS\tNODE\tSYS\tSYS\t0-31,64-95\t0\t\tN/A\nGPU1\tSYS\t X \tNODE\tNODE\tSYS\tNODE\tNODE\t32-63,96-127\t1\t\tN/A\nGPU2\tSYS\tNODE\t X \tNODE\tSYS\tNODE\tNODE\t32-63,96-127\t1\t\tN/A\nGPU3\tSYS\tNODE\tNODE\t X \tSYS\tNODE\tNODE\t32-63,96-127\t1\t\tN/A\nNIC0\tNODE\tSYS\tSYS\tSYS\t X \tSYS\tSYS\t\t\t\t\nNIC1\tSYS\tNODE\tNODE\tNODE\tSYS\t X \tPIX\t\t\t\t\nNIC2\tSYS\tNODE\tNODE\tNODE\tSYS\tPIX\t X \t\t\t\t\n\nLegend:\n\n  X    = Self\n  SYS  = Connection traversing PCIe as well as the SMP interconnect between NUMA nodes (e.g., QPI/UPI)\n  NODE = Connection traversing PCIe as well as the interconnect between PCIe Host Bridges within a NUMA node\n  PHB  = Connection traversing PCIe as well as a PCIe Host Bridge (typically the CPU)\n  PXB  = Connection traversing multiple PCIe bridges (without traversing the PCIe Host Bridge)\n  PIX  = Connection traversing at most a single PCIe bridge\n  NV#  = Connection traversing a bonded set of # NVLinks\n\nNIC Legend:\n\n  NIC0: rocep35s0f0\n  NIC1: rocep194s0f0\n  NIC2: rocep194s0f1""","{""CUDA_HOME"":""/usr/local/cuda"",""NCCL_TESTS_DIR"":""/root/nccl-tests""}"
1,p5-dense-20260828T154940Z-21cf57f,phase5,2026-08-28T15:53:24Z,measured,21cf57fd902a607407505eb9d8dfad40a82dfd91,False,unknown,,c079194dceb5,Ubuntu 24.04.3 LTS,6.14.0-33-generic,AMD EPYC 7542 32-Core Processor,128,1,NVIDIA L4,4,NODE,none-single-node,False,,12.8,570.195.03,2.25.1+cuda12.8,NCCL_DEBUG=VERSION banner,,gcc (Ubuntu 13.3.0-6ubuntu2~24.04) 13.3.0,b4d5beebca8a76cf01335f724d154b9b9d394d96,ring-ll128,Ring,LL128,"NCCL_ALGO=Ring,NCCL_PROTO=LL128",,,,,,,,,nccl-tests,all_reduce,float,sum,-1,131072,32768,in_place,20,50,2,full,76.11,1.72,2.58,0,True,True,True,0,env NCCL_DEBUG=VERSION NCCL_ALGO=Ring NCCL_PROTO=LL128 /root/nccl-tests/build/all_reduce_perf -b 16K -e 512K -f 2 -g 4 -w 20 -n 50 -c 1 -d float,results/raw/p5-dense-20260828T154940Z-21cf57f/all_reduce.ring-ll128.full.r2.stdout.txt,,"[{""index"":0,""memory_total_mib"":23034,""name"":""NVIDIA L4"",""pci_bus_id"":""00000000:61:00.0"",""pcie_link_gen_current"":1,""pcie_link_gen_max"":4,""pcie_link_width_current"":16,""pcie_link_width_max"":16},{""index"":1,""memory_total_mib"":23034,""name"":""NVIDIA L4"",""pci_bus_id"":""00000000:81:00.0"",""pcie_link_gen_current"":1,""pcie_link_gen_max"":4,""pcie_link_width_current"":16,""pcie_link_width_max"":16},{""index"":2,""memory_total_mib"":23034,""name"":""NVIDIA L4"",""pci_bus_id"":""00000000:A1:00.0"",""pcie_link_gen_current"":1,""pcie_link_gen_max"":4,""pcie_link_width_current"":16,""pcie_link_width_max"":16},{""index"":3,""memory_total_mib"":23034,""name"":""NVIDIA L4"",""pci_bus_id"":""00000000:E1:00.0"",""pcie_link_gen_current"":1,""pcie_link_gen_max"":4,""pcie_link_width_current"":16,""pcie_link_width_max"":16}]","""\t\u001b[4mGPU0\tGPU1\tGPU2\tGPU3\tNIC0\tNIC1\tNIC2\tCPU Affinity\tNUMA Affinity\tGPU NUMA ID\u001b[0m\nGPU0\t X \tSYS\tSYS\tSYS\tNODE\tSYS\tSYS\t0-31,64-95\t0\t\tN/A\nGPU1\tSYS\t X \tNODE\tNODE\tSYS\tNODE\tNODE\t32-63,96-127\t1\t\tN/A\nGPU2\tSYS\tNODE\t X \tNODE\tSYS\tNODE\tNODE\t32-63,96-127\t1\t\tN/A\nGPU3\tSYS\tNODE\tNODE\t X \tSYS\tNODE\tNODE\t32-63,96-127\t1\t\tN/A\nNIC0\tNODE\tSYS\tSYS\tSYS\t X \tSYS\tSYS\t\t\t\t\nNIC1\tSYS\tNODE\tNODE\tNODE\tSYS\t X \tPIX\t\t\t\t\nNIC2\tSYS\tNODE\tNODE\tNODE\tSYS\tPIX\t X \t\t\t\t\n\nLegend:\n\n  X    = Self\n  SYS  = Connection traversing PCIe as well as the SMP interconnect between NUMA nodes (e.g., QPI/UPI)\n  NODE = Connection traversing PCIe as well as the interconnect between PCIe Host Bridges within a NUMA node\n  PHB  = Connection traversing PCIe as well as a PCIe Host Bridge (typically the CPU)\n  PXB  = Connection traversing multiple PCIe bridges (without traversing the PCIe Host Bridge)\n  PIX  = Connection traversing at most a single PCIe bridge\n  NV#  = Connection traversing a bonded set of # NVLinks\n\nNIC Legend:\n\n  NIC0: rocep35s0f0\n  NIC1: rocep194s0f0\n  NIC2: rocep194s0f1""","{""CUDA_HOME"":""/usr/local/cuda"",""NCCL_TESTS_DIR"":""/root/nccl-tests""}"
1,p5-dense-20260828T154940Z-21cf57f,phase5,2026-08-28T15:53:24Z,measured,21cf57fd902a607407505eb9d8dfad40a82dfd91,False,unknown,,c079194dceb5,Ubuntu 24.04.3 LTS,6.14.0-33-generic,AMD EPYC 7542 32-Core Processor,128,1,NVIDIA L4,4,NODE,none-single-node,False,,12.8,570.195.03,2.25.1+cuda12.8,NCCL_DEBUG=VERSION banner,,gcc (Ubuntu 13.3.0-6ubuntu2~24.04) 13.3.0,b4d5beebca8a76cf01335f724d154b9b9d394d96,ring-ll128,Ring,LL128,"NCCL_ALGO=Ring,NCCL_PROTO=LL128",,,,,,,,,nccl-tests,all_reduce,float,sum,-1,262144,65536,out_of_place,20,50,2,full,205.03,1.28,1.92,0,True,True,True,0,env NCCL_DEBUG=VERSION NCCL_ALGO=Ring NCCL_PROTO=LL128 /root/nccl-tests/build/all_reduce_perf -b 16K -e 512K -f 2 -g 4 -w 20 -n 50 -c 1 -d float,results/raw/p5-dense-20260828T154940Z-21cf57f/all_reduce.ring-ll128.full.r2.stdout.txt,,"[{""index"":0,""memory_total_mib"":23034,""name"":""NVIDIA L4"",""pci_bus_id"":""00000000:61:00.0"",""pcie_link_gen_current"":1,""pcie_link_gen_max"":4,""pcie_link_width_current"":16,""pcie_link_width_max"":16},{""index"":1,""memory_total_mib"":23034,""name"":""NVIDIA L4"",""pci_bus_id"":""00000000:81:00.0"",""pcie_link_gen_current"":1,""pcie_link_gen_max"":4,""pcie_link_width_current"":16,""pcie_link_width_max"":16},{""index"":2,""memory_total_mib"":23034,""name"":""NVIDIA L4"",""pci_bus_id"":""00000000:A1:00.0"",""pcie_link_gen_current"":1,""pcie_link_gen_max"":4,""pcie_link_width_current"":16,""pcie_link_width_max"":16},{""index"":3,""memory_total_mib"":23034,""name"":""NVIDIA L4"",""pci_bus_id"":""00000000:E1:00.0"",""pcie_link_gen_current"":1,""pcie_link_gen_max"":4,""pcie_link_width_current"":16,""pcie_link_width_max"":16}]","""\t\u001b[4mGPU0\tGPU1\tGPU2\tGPU3\tNIC0\tNIC1\tNIC2\tCPU Affinity\tNUMA Affinity\tGPU NUMA ID\u001b[0m\nGPU0\t X \tSYS\tSYS\tSYS\tNODE\tSYS\tSYS\t0-31,64-95\t0\t\tN/A\nGPU1\tSYS\t X \tNODE\tNODE\tSYS\tNODE\tNODE\t32-63,96-127\t1\t\tN/A\nGPU2\tSYS\tNODE\t X \tNODE\tSYS\tNODE\tNODE\t32-63,96-127\t1\t\tN/A\nGPU3\tSYS\tNODE\tNODE\t X \tSYS\tNODE\tNODE\t32-63,96-127\t1\t\tN/A\nNIC0\tNODE\tSYS\tSYS\tSYS\t X \tSYS\tSYS\t\t\t\t\nNIC1\tSYS\tNODE\tNODE\tNODE\tSYS\t X \tPIX\t\t\t\t\nNIC2\tSYS\tNODE\tNODE\tNODE\tSYS\tPIX\t X \t\t\t\t\n\nLegend:\n\n  X    = Self\n  SYS  = Connection traversing PCIe as well as the SMP interconnect between NUMA nodes (e.g., QPI/UPI)\n  NODE = Connection traversing PCIe as well as the interconnect between PCIe Host Bridges within a NUMA node\n  PHB  = Connection traversing PCIe as well as a PCIe Host Bridge (typically the CPU)\n  PXB  = Connection traversing multiple PCIe bridges (without traversing the PCIe Host Bridge)\n  PIX  = Connection traversing at most a single PCIe bridge\n  NV#  = Connection traversing a bonded set of # NVLinks\n\nNIC Legend:\n\n  NIC0: rocep35s0f0\n  NIC1: rocep194s0f0\n  NIC2: rocep194s0f1""","{""CUDA_HOME"":""/usr/local/cuda"",""NCCL_TESTS_DIR"":""/root/nccl-tests""}"
1,p5-dense-20260828T154940Z-21cf57f,phase5,2026-08-28T15:53:24Z,measured,21cf57fd902a607407505eb9d8dfad40a82dfd91,False,unknown,,c079194dceb5,Ubuntu 24.04.3 LTS,6.14.0-33-generic,AMD EPYC 7542 32-Core Processor,128,1,NVIDIA L4,4,NODE,none-single-node,False,,12.8,570.195.03,2.25.1+cuda12.8,NCCL_DEBUG=VERSION banner,,gcc (Ubuntu 13.3.0-6ubuntu2~24.04) 13.3.0,b4d5beebca8a76cf01335f724d154b9b9d394d96,ring-ll128,Ring,LL128,"NCCL_ALGO=Ring,NCCL_PROTO=LL128",,,,,,,,,nccl-tests,all_reduce,float,sum,-1,262144,65536,in_place,20,50,2,full,189.85,1.38,2.07,0,True,True,True,0,env NCCL_DEBUG=VERSION NCCL_ALGO=Ring NCCL_PROTO=LL128 /root/nccl-tests/build/all_reduce_perf -b 16K -e 512K -f 2 -g 4 -w 20 -n 50 -c 1 -d float,results/raw/p5-dense-20260828T154940Z-21cf57f/all_reduce.ring-ll128.full.r2.stdout.txt,,"[{""index"":0,""memory_total_mib"":23034,""name"":""NVIDIA L4"",""pci_bus_id"":""00000000:61:00.0"",""pcie_link_gen_current"":1,""pcie_link_gen_max"":4,""pcie_link_width_current"":16,""pcie_link_width_max"":16},{""index"":1,""memory_total_mib"":23034,""name"":""NVIDIA L4"",""pci_bus_id"":""00000000:81:00.0"",""pcie_link_gen_current"":1,""pcie_link_gen_max"":4,""pcie_link_width_current"":16,""pcie_link_width_max"":16},{""index"":2,""memory_total_mib"":23034,""name"":""NVIDIA L4"",""pci_bus_id"":""00000000:A1:00.0"",""pcie_link_gen_current"":1,""pcie_link_gen_max"":4,""pcie_link_width_current"":16,""pcie_link_width_max"":16},{""index"":3,""memory_total_mib"":23034,""name"":""NVIDIA L4"",""pci_bus_id"":""00000000:E1:00.0"",""pcie_link_gen_current"":1,""pcie_link_gen_max"":4,""pcie_link_width_current"":16,""pcie_link_width_max"":16}]","""\t\u001b[4mGPU0\tGPU1\tGPU2\tGPU3\tNIC0\tNIC1\tNIC2\tCPU Affinity\tNUMA Affinity\tGPU NUMA ID\u001b[0m\nGPU0\t X \tSYS\tSYS\tSYS\tNODE\tSYS\tSYS\t0-31,64-95\t0\t\tN/A\nGPU1\tSYS\t X \tNODE\tNODE\tSYS\tNODE\tNODE\t32-63,96-127\t1\t\tN/A\nGPU2\tSYS\tNODE\t X \tNODE\tSYS\tNODE\tNODE\t32-63,96-127\t1\t\tN/A\nGPU3\tSYS\tNODE\tNODE\t X \tSYS\tNODE\tNODE\t32-63,96-127\t1\t\tN/A\nNIC0\tNODE\tSYS\tSYS\tSYS\t X \tSYS\tSYS\t\t\t\t\nNIC1\tSYS\tNODE\tNODE\tNODE\tSYS\t X \tPIX\t\t\t\t\nNIC2\tSYS\tNODE\tNODE\tNODE\tSYS\tPIX\t X \t\t\t\t\n\nLegend:\n\n  X    = Self\n  SYS  = Connection traversing PCIe as well as the SMP interconnect between NUMA nodes (e.g., QPI/UPI)\n  NODE = Connection traversing PCIe as well as the interconnect between PCIe Host Bridges within a NUMA node\n  PHB  = Connection traversing PCIe as well as a PCIe Host Bridge (typically the CPU)\n  PXB  = Connection traversing multiple PCIe bridges (without traversing the PCIe Host Bridge)\n  PIX  = Connection traversing at most a single PCIe bridge\n  NV#  = Connection traversing a bonded set of # NVLinks\n\nNIC Legend:\n\n  NIC0: rocep35s0f0\n  NIC1: rocep194s0f0\n  NIC2: rocep194s0f1""","{""CUDA_HOME"":""/usr/local/cuda"",""NCCL_TESTS_DIR"":""/root/nccl-tests""}"
1,p5-dense-20260828T154940Z-21cf57f,phase5,2026-08-28T15:53:24Z,measured,21cf57fd902a607407505eb9d8dfad40a82dfd91,False,unknown,,c079194dceb5,Ubuntu 24.04.3 LTS,6.14.0-33-generic,AMD EPYC 7542 32-Core Processor,128,1,NVIDIA L4,4,NODE,none-single-node,False,,12.8,570.195.03,2.25.1+cuda12.8,NCCL_DEBUG=VERSION banner,,gcc (Ubuntu 13.3.0-6ubuntu2~24.04) 13.3.0,b4d5beebca8a76cf01335f724d154b9b9d394d96,ring-ll128,Ring,LL128,"NCCL_ALGO=Ring,NCCL_PROTO=LL128",,,,,,,,,nccl-tests,all_reduce,float,sum,-1,524288,131072,out_of_place,20,50,2,full,361.01,1.45,2.18,0,True,True,True,0,env NCCL_DEBUG=VERSION NCCL_ALGO=Ring NCCL_PROTO=LL128 /root/nccl-tests/build/all_reduce_perf -b 16K -e 512K -f 2 -g 4 -w 20 -n 50 -c 1 -d float,results/raw/p5-dense-20260828T154940Z-21cf57f/all_reduce.ring-ll128.full.r2.stdout.txt,,"[{""index"":0,""memory_total_mib"":23034,""name"":""NVIDIA L4"",""pci_bus_id"":""00000000:61:00.0"",""pcie_link_gen_current"":1,""pcie_link_gen_max"":4,""pcie_link_width_current"":16,""pcie_link_width_max"":16},{""index"":1,""memory_total_mib"":23034,""name"":""NVIDIA L4"",""pci_bus_id"":""00000000:81:00.0"",""pcie_link_gen_current"":1,""pcie_link_gen_max"":4,""pcie_link_width_current"":16,""pcie_link_width_max"":16},{""index"":2,""memory_total_mib"":23034,""name"":""NVIDIA L4"",""pci_bus_id"":""00000000:A1:00.0"",""pcie_link_gen_current"":1,""pcie_link_gen_max"":4,""pcie_link_width_current"":16,""pcie_link_width_max"":16},{""index"":3,""memory_total_mib"":23034,""name"":""NVIDIA L4"",""pci_bus_id"":""00000000:E1:00.0"",""pcie_link_gen_current"":1,""pcie_link_gen_max"":4,""pcie_link_width_current"":16,""pcie_link_width_max"":16}]","""\t\u001b[4mGPU0\tGPU1\tGPU2\tGPU3\tNIC0\tNIC1\tNIC2\tCPU Affinity\tNUMA Affinity\tGPU NUMA ID\u001b[0m\nGPU0\t X \tSYS\tSYS\tSYS\tNODE\tSYS\tSYS\t0-31,64-95\t0\t\tN/A\nGPU1\tSYS\t X \tNODE\tNODE\tSYS\tNODE\tNODE\t32-63,96-127\t1\t\tN/A\nGPU2\tSYS\tNODE\t X \tNODE\tSYS\tNODE\tNODE\t32-63,96-127\t1\t\tN/A\nGPU3\tSYS\tNODE\tNODE\t X \tSYS\tNODE\tNODE\t32-63,96-127\t1\t\tN/A\nNIC0\tNODE\tSYS\tSYS\tSYS\t X \tSYS\tSYS\t\t\t\t\nNIC1\tSYS\tNODE\tNODE\tNODE\tSYS\t X \tPIX\t\t\t\t\nNIC2\tSYS\tNODE\tNODE\tNODE\tSYS\tPIX\t X \t\t\t\t\n\nLegend:\n\n  X    = Self\n  SYS  = Connection traversing PCIe as well as the SMP interconnect between NUMA nodes (e.g., QPI/UPI)\n  NODE = Connection traversing PCIe as well as the interconnect between PCIe Host Bridges within a NUMA node\n  PHB  = Connection traversing PCIe as well as a PCIe Host Bridge (typically the CPU)\n  PXB  = Connection traversing multiple PCIe bridges (without traversing the PCIe Host Bridge)\n  PIX  = Connection traversing at most a single PCIe bridge\n  NV#  = Connection traversing a bonded set of # NVLinks\n\nNIC Legend:\n\n  NIC0: rocep35s0f0\n  NIC1: rocep194s0f0\n  NIC2: rocep194s0f1""","{""CUDA_HOME"":""/usr/local/cuda"",""NCCL_TESTS_DIR"":""/root/nccl-tests""}"
1,p5-dense-20260828T154940Z-21cf57f,phase5,2026-08-28T15:53:24Z,measured,21cf57fd902a607407505eb9d8dfad40a82dfd91,False,unknown,,c079194dceb5,Ubuntu 24.04.3 LTS,6.14.0-33-generic,AMD EPYC 7542 32-Core Processor,128,1,NVIDIA L4,4,NODE,none-single-node,False,,12.8,570.195.03,2.25.1+cuda12.8,NCCL_DEBUG=VERSION banner,,gcc (Ubuntu 13.3.0-6ubuntu2~24.04) 13.3.0,b4d5beebca8a76cf01335f724d154b9b9d394d96,ring-ll128,Ring,LL128,"NCCL_ALGO=Ring,NCCL_PROTO=LL128",,,,,,,,,nccl-tests,all_reduce,float,sum,-1,524288,131072,in_place,20,50,2,full,343.39,1.53,2.29,0,True,True,True,0,env NCCL_DEBUG=VERSION NCCL_ALGO=Ring NCCL_PROTO=LL128 /root/nccl-tests/build/all_reduce_perf -b 16K -e 512K -f 2 -g 4 -w 20 -n 50 -c 1 -d float,results/raw/p5-dense-20260828T154940Z-21cf57f/all_reduce.ring-ll128.full.r2.stdout.txt,,"[{""index"":0,""memory_total_mib"":23034,""name"":""NVIDIA L4"",""pci_bus_id"":""00000000:61:00.0"",""pcie_link_gen_current"":1,""pcie_link_gen_max"":4,""pcie_link_width_current"":16,""pcie_link_width_max"":16},{""index"":1,""memory_total_mib"":23034,""name"":""NVIDIA L4"",""pci_bus_id"":""00000000:81:00.0"",""pcie_link_gen_current"":1,""pcie_link_gen_max"":4,""pcie_link_width_current"":16,""pcie_link_width_max"":16},{""index"":2,""memory_total_mib"":23034,""name"":""NVIDIA L4"",""pci_bus_id"":""00000000:A1:00.0"",""pcie_link_gen_current"":1,""pcie_link_gen_max"":4,""pcie_link_width_current"":16,""pcie_link_width_max"":16},{""index"":3,""memory_total_mib"":23034,""name"":""NVIDIA L4"",""pci_bus_id"":""00000000:E1:00.0"",""pcie_link_gen_current"":1,""pcie_link_gen_max"":4,""pcie_link_width_current"":16,""pcie_link_width_max"":16}]","""\t\u001b[4mGPU0\tGPU1\tGPU2\tGPU3\tNIC0\tNIC1\tNIC2\tCPU Affinity\tNUMA Affinity\tGPU NUMA ID\u001b[0m\nGPU0\t X \tSYS\tSYS\tSYS\tNODE\tSYS\tSYS\t0-31,64-95\t0\t\tN/A\nGPU1\tSYS\t X \tNODE\tNODE\tSYS\tNODE\tNODE\t32-63,96-127\t1\t\tN/A\nGPU2\tSYS\tNODE\t X \tNODE\tSYS\tNODE\tNODE\t32-63,96-127\t1\t\tN/A\nGPU3\tSYS\tNODE\tNODE\t X \tSYS\tNODE\tNODE\t32-63,96-127\t1\t\tN/A\nNIC0\tNODE\tSYS\tSYS\tSYS\t X \tSYS\tSYS\t\t\t\t\nNIC1\tSYS\tNODE\tNODE\tNODE\tSYS\t X \tPIX\t\t\t\t\nNIC2\tSYS\tNODE\tNODE\tNODE\tSYS\tPIX\t X \t\t\t\t\n\nLegend:\n\n  X    = Self\n  SYS  = Connection traversing PCIe as well as the SMP interconnect between NUMA nodes (e.g., QPI/UPI)\n  NODE = Connection traversing PCIe as well as the interconnect between PCIe Host Bridges within a NUMA node\n  PHB  = Connection traversing PCIe as well as a PCIe Host Bridge (typically the CPU)\n  PXB  = Connection traversing multiple PCIe bridges (without traversing the PCIe Host Bridge)\n  PIX  = Connection traversing at most a single PCIe bridge\n  NV#  = Connection traversing a bonded set of # NVLinks\n\nNIC Legend:\n\n  NIC0: rocep35s0f0\n  NIC1: rocep194s0f0\n  NIC2: rocep194s0f1""","{""CUDA_HOME"":""/usr/local/cuda"",""NCCL_TESTS_DIR"":""/root/nccl-tests""}"
1,p5-dense-20260828T154940Z-21cf57f,phase5,2026-08-28T15:52:54Z,measured,21cf57fd902a607407505eb9d8dfad40a82dfd91,False,unknown,,c079194dceb5,Ubuntu 24.04.3 LTS,6.14.0-33-generic,AMD EPYC 7542 32-Core Processor,128,1,NVIDIA L4,4,NODE,none-single-node,False,,12.8,570.195.03,2.25.1+cuda12.8,NCCL_DEBUG=VERSION banner,,gcc (Ubuntu 13.3.0-6ubuntu2~24.04) 13.3.0,b4d5beebca8a76cf01335f724d154b9b9d394d96,ring-simple,Ring,Simple,"NCCL_ALGO=Ring,NCCL_PROTO=Simple",,,,,,,,,nccl-tests,all_reduce,float,sum,-1,16384,4096,out_of_place,20,50,0,full,55.44,0.3,0.44,0,True,True,True,0,env NCCL_DEBUG=VERSION NCCL_ALGO=Ring NCCL_PROTO=Simple /root/nccl-tests/build/all_reduce_perf -b 16K -e 512K -f 2 -g 4 -w 20 -n 50 -c 1 -d float,results/raw/p5-dense-20260828T154940Z-21cf57f/all_reduce.ring-simple.full.r0.stdout.txt,,"[{""index"":0,""memory_total_mib"":23034,""name"":""NVIDIA L4"",""pci_bus_id"":""00000000:61:00.0"",""pcie_link_gen_current"":1,""pcie_link_gen_max"":4,""pcie_link_width_current"":16,""pcie_link_width_max"":16},{""index"":1,""memory_total_mib"":23034,""name"":""NVIDIA L4"",""pci_bus_id"":""00000000:81:00.0"",""pcie_link_gen_current"":1,""pcie_link_gen_max"":4,""pcie_link_width_current"":16,""pcie_link_width_max"":16},{""index"":2,""memory_total_mib"":23034,""name"":""NVIDIA L4"",""pci_bus_id"":""00000000:A1:00.0"",""pcie_link_gen_current"":1,""pcie_link_gen_max"":4,""pcie_link_width_current"":16,""pcie_link_width_max"":16},{""index"":3,""memory_total_mib"":23034,""name"":""NVIDIA L4"",""pci_bus_id"":""00000000:E1:00.0"",""pcie_link_gen_current"":1,""pcie_link_gen_max"":4,""pcie_link_width_current"":16,""pcie_link_width_max"":16}]","""\t\u001b[4mGPU0\tGPU1\tGPU2\tGPU3\tNIC0\tNIC1\tNIC2\tCPU Affinity\tNUMA Affinity\tGPU NUMA ID\u001b[0m\nGPU0\t X \tSYS\tSYS\tSYS\tNODE\tSYS\tSYS\t0-31,64-95\t0\t\tN/A\nGPU1\tSYS\t X \tNODE\tNODE\tSYS\tNODE\tNODE\t32-63,96-127\t1\t\tN/A\nGPU2\tSYS\tNODE\t X \tNODE\tSYS\tNODE\tNODE\t32-63,96-127\t1\t\tN/A\nGPU3\tSYS\tNODE\tNODE\t X \tSYS\tNODE\tNODE\t32-63,96-127\t1\t\tN/A\nNIC0\tNODE\tSYS\tSYS\tSYS\t X \tSYS\tSYS\t\t\t\t\nNIC1\tSYS\tNODE\tNODE\tNODE\tSYS\t X \tPIX\t\t\t\t\nNIC2\tSYS\tNODE\tNODE\tNODE\tSYS\tPIX\t X \t\t\t\t\n\nLegend:\n\n  X    = Self\n  SYS  = Connection traversing PCIe as well as the SMP interconnect between NUMA nodes (e.g., QPI/UPI)\n  NODE = Connection traversing PCIe as well as the interconnect between PCIe Host Bridges within a NUMA node\n  PHB  = Connection traversing PCIe as well as a PCIe Host Bridge (typically the CPU)\n  PXB  = Connection traversing multiple PCIe bridges (without traversing the PCIe Host Bridge)\n  PIX  = Connection traversing at most a single PCIe bridge\n  NV#  = Connection traversing a bonded set of # NVLinks\n\nNIC Legend:\n\n  NIC0: rocep35s0f0\n  NIC1: rocep194s0f0\n  NIC2: rocep194s0f1""","{""CUDA_HOME"":""/usr/local/cuda"",""NCCL_TESTS_DIR"":""/root/nccl-tests""}"
1,p5-dense-20260828T154940Z-21cf57f,phase5,2026-08-28T15:52:54Z,measured,21cf57fd902a607407505eb9d8dfad40a82dfd91,False,unknown,,c079194dceb5,Ubuntu 24.04.3 LTS,6.14.0-33-generic,AMD EPYC 7542 32-Core Processor,128,1,NVIDIA L4,4,NODE,none-single-node,False,,12.8,570.195.03,2.25.1+cuda12.8,NCCL_DEBUG=VERSION banner,,gcc (Ubuntu 13.3.0-6ubuntu2~24.04) 13.3.0,b4d5beebca8a76cf01335f724d154b9b9d394d96,ring-simple,Ring,Simple,"NCCL_ALGO=Ring,NCCL_PROTO=Simple",,,,,,,,,nccl-tests,all_reduce,float,sum,-1,16384,4096,in_place,20,50,0,full,55.18,0.3,0.45,0,True,True,True,0,env NCCL_DEBUG=VERSION NCCL_ALGO=Ring NCCL_PROTO=Simple /root/nccl-tests/build/all_reduce_perf -b 16K -e 512K -f 2 -g 4 -w 20 -n 50 -c 1 -d float,results/raw/p5-dense-20260828T154940Z-21cf57f/all_reduce.ring-simple.full.r0.stdout.txt,,"[{""index"":0,""memory_total_mib"":23034,""name"":""NVIDIA L4"",""pci_bus_id"":""00000000:61:00.0"",""pcie_link_gen_current"":1,""pcie_link_gen_max"":4,""pcie_link_width_current"":16,""pcie_link_width_max"":16},{""index"":1,""memory_total_mib"":23034,""name"":""NVIDIA L4"",""pci_bus_id"":""00000000:81:00.0"",""pcie_link_gen_current"":1,""pcie_link_gen_max"":4,""pcie_link_width_current"":16,""pcie_link_width_max"":16},{""index"":2,""memory_total_mib"":23034,""name"":""NVIDIA L4"",""pci_bus_id"":""00000000:A1:00.0"",""pcie_link_gen_current"":1,""pcie_link_gen_max"":4,""pcie_link_width_current"":16,""pcie_link_width_max"":16},{""index"":3,""memory_total_mib"":23034,""name"":""NVIDIA L4"",""pci_bus_id"":""00000000:E1:00.0"",""pcie_link_gen_current"":1,""pcie_link_gen_max"":4,""pcie_link_width_current"":16,""pcie_link_width_max"":16}]","""\t\u001b[4mGPU0\tGPU1\tGPU2\tGPU3\tNIC0\tNIC1\tNIC2\tCPU Affinity\tNUMA Affinity\tGPU NUMA ID\u001b[0m\nGPU0\t X \tSYS\tSYS\tSYS\tNODE\tSYS\tSYS\t0-31,64-95\t0\t\tN/A\nGPU1\tSYS\t X \tNODE\tNODE\tSYS\tNODE\tNODE\t32-63,96-127\t1\t\tN/A\nGPU2\tSYS\tNODE\t X \tNODE\tSYS\tNODE\tNODE\t32-63,96-127\t1\t\tN/A\nGPU3\tSYS\tNODE\tNODE\t X \tSYS\tNODE\tNODE\t32-63,96-127\t1\t\tN/A\nNIC0\tNODE\tSYS\tSYS\tSYS\t X \tSYS\tSYS\t\t\t\t\nNIC1\tSYS\tNODE\tNODE\tNODE\tSYS\t X \tPIX\t\t\t\t\nNIC2\tSYS\tNODE\tNODE\tNODE\tSYS\tPIX\t X \t\t\t\t\n\nLegend:\n\n  X    = Self\n  SYS  = Connection traversing PCIe as well as the SMP interconnect between NUMA nodes (e.g., QPI/UPI)\n  NODE = Connection traversing PCIe as well as the interconnect between PCIe Host Bridges within a NUMA node\n  PHB  = Connection traversing PCIe as well as a PCIe Host Bridge (typically the CPU)\n  PXB  = Connection traversing multiple PCIe bridges (without traversing the PCIe Host Bridge)\n  PIX  = Connection traversing at most a single PCIe bridge\n  NV#  = Connection traversing a bonded set of # NVLinks\n\nNIC Legend:\n\n  NIC0: rocep35s0f0\n  NIC1: rocep194s0f0\n  NIC2: rocep194s0f1""","{""CUDA_HOME"":""/usr/local/cuda"",""NCCL_TESTS_DIR"":""/root/nccl-tests""}"
1,p5-dense-20260828T154940Z-21cf57f,phase5,2026-08-28T15:52:54Z,measured,21cf57fd902a607407505eb9d8dfad40a82dfd91,False,unknown,,c079194dceb5,Ubuntu 24.04.3 LTS,6.14.0-33-generic,AMD EPYC 7542 32-Core Processor,128,1,NVIDIA L4,4,NODE,none-single-node,False,,12.8,570.195.03,2.25.1+cuda12.8,NCCL_DEBUG=VERSION banner,,gcc (Ubuntu 13.3.0-6ubuntu2~24.04) 13.3.0,b4d5beebca8a76cf01335f724d154b9b9d394d96,ring-simple,Ring,Simple,"NCCL_ALGO=Ring,NCCL_PROTO=Simple",,,,,,,,,nccl-tests,all_reduce,float,sum,-1,32768,8192,out_of_place,20,50,0,full,63.05,0.52,0.78,0,True,True,True,0,env NCCL_DEBUG=VERSION NCCL_ALGO=Ring NCCL_PROTO=Simple /root/nccl-tests/build/all_reduce_perf -b 16K -e 512K -f 2 -g 4 -w 20 -n 50 -c 1 -d float,results/raw/p5-dense-20260828T154940Z-21cf57f/all_reduce.ring-simple.full.r0.stdout.txt,,"[{""index"":0,""memory_total_mib"":23034,""name"":""NVIDIA L4"",""pci_bus_id"":""00000000:61:00.0"",""pcie_link_gen_current"":1,""pcie_link_gen_max"":4,""pcie_link_width_current"":16,""pcie_link_width_max"":16},{""index"":1,""memory_total_mib"":23034,""name"":""NVIDIA L4"",""pci_bus_id"":""00000000:81:00.0"",""pcie_link_gen_current"":1,""pcie_link_gen_max"":4,""pcie_link_width_current"":16,""pcie_link_width_max"":16},{""index"":2,""memory_total_mib"":23034,""name"":""NVIDIA L4"",""pci_bus_id"":""00000000:A1:00.0"",""pcie_link_gen_current"":1,""pcie_link_gen_max"":4,""pcie_link_width_current"":16,""pcie_link_width_max"":16},{""index"":3,""memory_total_mib"":23034,""name"":""NVIDIA L4"",""pci_bus_id"":""00000000:E1:00.0"",""pcie_link_gen_current"":1,""pcie_link_gen_max"":4,""pcie_link_width_current"":16,""pcie_link_width_max"":16}]","""\t\u001b[4mGPU0\tGPU1\tGPU2\tGPU3\tNIC0\tNIC1\tNIC2\tCPU Affinity\tNUMA Affinity\tGPU NUMA ID\u001b[0m\nGPU0\t X \tSYS\tSYS\tSYS\tNODE\tSYS\tSYS\t0-31,64-95\t0\t\tN/A\nGPU1\tSYS\t X \tNODE\tNODE\tSYS\tNODE\tNODE\t32-63,96-127\t1\t\tN/A\nGPU2\tSYS\tNODE\t X \tNODE\tSYS\tNODE\tNODE\t32-63,96-127\t1\t\tN/A\nGPU3\tSYS\tNODE\tNODE\t X \tSYS\tNODE\tNODE\t32-63,96-127\t1\t\tN/A\nNIC0\tNODE\tSYS\tSYS\tSYS\t X \tSYS\tSYS\t\t\t\t\nNIC1\tSYS\tNODE\tNODE\tNODE\tSYS\t X \tPIX\t\t\t\t\nNIC2\tSYS\tNODE\tNODE\tNODE\tSYS\tPIX\t X \t\t\t\t\n\nLegend:\n\n  X    = Self\n  SYS  = Connection traversing PCIe as well as the SMP interconnect between NUMA nodes (e.g., QPI/UPI)\n  NODE = Connection traversing PCIe as well as the interconnect between PCIe Host Bridges within a NUMA node\n  PHB  = Connection traversing PCIe as well as a PCIe Host Bridge (typically the CPU)\n  PXB  = Connection traversing multiple PCIe bridges (without traversing the PCIe Host Bridge)\n  PIX  = Connection traversing at most a single PCIe bridge\n  NV#  = Connection traversing a bonded set of # NVLinks\n\nNIC Legend:\n\n  NIC0: rocep35s0f0\n  NIC1: rocep194s0f0\n  NIC2: rocep194s0f1""","{""CUDA_HOME"":""/usr/local/cuda"",""NCCL_TESTS_DIR"":""/root/nccl-tests""}"
1,p5-dense-20260828T154940Z-21cf57f,phase5,2026-08-28T15:52:54Z,measured,21cf57fd902a607407505eb9d8dfad40a82dfd91,False,unknown,,c079194dceb5,Ubuntu 24.04.3 LTS,6.14.0-33-generic,AMD EPYC 7542 32-Core Processor,128,1,NVIDIA L4,4,NODE,none-single-node,False,,12.8,570.195.03,2.25.1+cuda12.8,NCCL_DEBUG=VERSION banner,,gcc (Ubuntu 13.3.0-6ubuntu2~24.04) 13.3.0,b4d5beebca8a76cf01335f724d154b9b9d394d96,ring-simple,Ring,Simple,"NCCL_ALGO=Ring,NCCL_PROTO=Simple",,,,,,,,,nccl-tests,all_reduce,float,sum,-1,32768,8192,in_place,20,50,0,full,62.68,0.52,0.78,0,True,True,True,0,env NCCL_DEBUG=VERSION NCCL_ALGO=Ring NCCL_PROTO=Simple /root/nccl-tests/build/all_reduce_perf -b 16K -e 512K -f 2 -g 4 -w 20 -n 50 -c 1 -d float,results/raw/p5-dense-20260828T154940Z-21cf57f/all_reduce.ring-simple.full.r0.stdout.txt,,"[{""index"":0,""memory_total_mib"":23034,""name"":""NVIDIA L4"",""pci_bus_id"":""00000000:61:00.0"",""pcie_link_gen_current"":1,""pcie_link_gen_max"":4,""pcie_link_width_current"":16,""pcie_link_width_max"":16},{""index"":1,""memory_total_mib"":23034,""name"":""NVIDIA L4"",""pci_bus_id"":""00000000:81:00.0"",""pcie_link_gen_current"":1,""pcie_link_gen_max"":4,""pcie_link_width_current"":16,""pcie_link_width_max"":16},{""index"":2,""memory_total_mib"":23034,""name"":""NVIDIA L4"",""pci_bus_id"":""00000000:A1:00.0"",""pcie_link_gen_current"":1,""pcie_link_gen_max"":4,""pcie_link_width_current"":16,""pcie_link_width_max"":16},{""index"":3,""memory_total_mib"":23034,""name"":""NVIDIA L4"",""pci_bus_id"":""00000000:E1:00.0"",""pcie_link_gen_current"":1,""pcie_link_gen_max"":4,""pcie_link_width_current"":16,""pcie_link_width_max"":16}]","""\t\u001b[4mGPU0\tGPU1\tGPU2\tGPU3\tNIC0\tNIC1\tNIC2\tCPU Affinity\tNUMA Affinity\tGPU NUMA ID\u001b[0m\nGPU0\t X \tSYS\tSYS\tSYS\tNODE\tSYS\tSYS\t0-31,64-95\t0\t\tN/A\nGPU1\tSYS\t X \tNODE\tNODE\tSYS\tNODE\tNODE\t32-63,96-127\t1\t\tN/A\nGPU2\tSYS\tNODE\t X \tNODE\tSYS\tNODE\tNODE\t32-63,96-127\t1\t\tN/A\nGPU3\tSYS\tNODE\tNODE\t X \tSYS\tNODE\tNODE\t32-63,96-127\t1\t\tN/A\nNIC0\tNODE\tSYS\tSYS\tSYS\t X \tSYS\tSYS\t\t\t\t\nNIC1\tSYS\tNODE\tNODE\tNODE\tSYS\t X \tPIX\t\t\t\t\nNIC2\tSYS\tNODE\tNODE\tNODE\tSYS\tPIX\t X \t\t\t\t\n\nLegend:\n\n  X    = Self\n  SYS  = Connection traversing PCIe as well as the SMP interconnect between NUMA nodes (e.g., QPI/UPI)\n  NODE = Connection traversing PCIe as well as the interconnect between PCIe Host Bridges within a NUMA node\n  PHB  = Connection traversing PCIe as well as a PCIe Host Bridge (typically the CPU)\n  PXB  = Connection traversing multiple PCIe bridges (without traversing the PCIe Host Bridge)\n  PIX  = Connection traversing at most a single PCIe bridge\n  NV#  = Connection traversing a bonded set of # NVLinks\n\nNIC Legend:\n\n  NIC0: rocep35s0f0\n  NIC1: rocep194s0f0\n  NIC2: rocep194s0f1""","{""CUDA_HOME"":""/usr/local/cuda"",""NCCL_TESTS_DIR"":""/root/nccl-tests""}"
1,p5-dense-20260828T154940Z-21cf57f,phase5,2026-08-28T15:52:54Z,measured,21cf57fd902a607407505eb9d8dfad40a82dfd91,False,unknown,,c079194dceb5,Ubuntu 24.04.3 LTS,6.14.0-33-generic,AMD EPYC 7542 32-Core Processor,128,1,NVIDIA L4,4,NODE,none-single-node,False,,12.8,570.195.03,2.25.1+cuda12.8,NCCL_DEBUG=VERSION banner,,gcc (Ubuntu 13.3.0-6ubuntu2~24.04) 13.3.0,b4d5beebca8a76cf01335f724d154b9b9d394d96,ring-simple,Ring,Simple,"NCCL_ALGO=Ring,NCCL_PROTO=Simple",,,,,,,,,nccl-tests,all_reduce,float,sum,-1,65536,16384,out_of_place,20,50,0,full,67.15,0.98,1.46,0,True,True,True,0,env NCCL_DEBUG=VERSION NCCL_ALGO=Ring NCCL_PROTO=Simple /root/nccl-tests/build/all_reduce_perf -b 16K -e 512K -f 2 -g 4 -w 20 -n 50 -c 1 -d float,results/raw/p5-dense-20260828T154940Z-21cf57f/all_reduce.ring-simple.full.r0.stdout.txt,,"[{""index"":0,""memory_total_mib"":23034,""name"":""NVIDIA L4"",""pci_bus_id"":""00000000:61:00.0"",""pcie_link_gen_current"":1,""pcie_link_gen_max"":4,""pcie_link_width_current"":16,""pcie_link_width_max"":16},{""index"":1,""memory_total_mib"":23034,""name"":""NVIDIA L4"",""pci_bus_id"":""00000000:81:00.0"",""pcie_link_gen_current"":1,""pcie_link_gen_max"":4,""pcie_link_width_current"":16,""pcie_link_width_max"":16},{""index"":2,""memory_total_mib"":23034,""name"":""NVIDIA L4"",""pci_bus_id"":""00000000:A1:00.0"",""pcie_link_gen_current"":1,""pcie_link_gen_max"":4,""pcie_link_width_current"":16,""pcie_link_width_max"":16},{""index"":3,""memory_total_mib"":23034,""name"":""NVIDIA L4"",""pci_bus_id"":""00000000:E1:00.0"",""pcie_link_gen_current"":1,""pcie_link_gen_max"":4,""pcie_link_width_current"":16,""pcie_link_width_max"":16}]","""\t\u001b[4mGPU0\tGPU1\tGPU2\tGPU3\tNIC0\tNIC1\tNIC2\tCPU Affinity\tNUMA Affinity\tGPU NUMA ID\u001b[0m\nGPU0\t X \tSYS\tSYS\tSYS\tNODE\tSYS\tSYS\t0-31,64-95\t0\t\tN/A\nGPU1\tSYS\t X \tNODE\tNODE\tSYS\tNODE\tNODE\t32-63,96-127\t1\t\tN/A\nGPU2\tSYS\tNODE\t X \tNODE\tSYS\tNODE\tNODE\t32-63,96-127\t1\t\tN/A\nGPU3\tSYS\tNODE\tNODE\t X \tSYS\tNODE\tNODE\t32-63,96-127\t1\t\tN/A\nNIC0\tNODE\tSYS\tSYS\tSYS\t X \tSYS\tSYS\t\t\t\t\nNIC1\tSYS\tNODE\tNODE\tNODE\tSYS\t X \tPIX\t\t\t\t\nNIC2\tSYS\tNODE\tNODE\tNODE\tSYS\tPIX\t X \t\t\t\t\n\nLegend:\n\n  X    = Self\n  SYS  = Connection traversing PCIe as well as the SMP interconnect between NUMA nodes (e.g., QPI/UPI)\n  NODE = Connection traversing PCIe as well as the interconnect between PCIe Host Bridges within a NUMA node\n  PHB  = Connection traversing PCIe as well as a PCIe Host Bridge (typically the CPU)\n  PXB  = Connection traversing multiple PCIe bridges (without traversing the PCIe Host Bridge)\n  PIX  = Connection traversing at most a single PCIe bridge\n  NV#  = Connection traversing a bonded set of # NVLinks\n\nNIC Legend:\n\n  NIC0: rocep35s0f0\n  NIC1: rocep194s0f0\n  NIC2: rocep194s0f1""","{""CUDA_HOME"":""/usr/local/cuda"",""NCCL_TESTS_DIR"":""/root/nccl-tests""}"
1,p5-dense-20260828T154940Z-21cf57f,phase5,2026-08-28T15:52:54Z,measured,21cf57fd902a607407505eb9d8dfad40a82dfd91,False,unknown,,c079194dceb5,Ubuntu 24.04.3 LTS,6.14.0-33-generic,AMD EPYC 7542 32-Core Processor,128,1,NVIDIA L4,4,NODE,none-single-node,False,,12.8,570.195.03,2.25.1+cuda12.8,NCCL_DEBUG=VERSION banner,,gcc (Ubuntu 13.3.0-6ubuntu2~24.04) 13.3.0,b4d5beebca8a76cf01335f724d154b9b9d394d96,ring-simple,Ring,Simple,"NCCL_ALGO=Ring,NCCL_PROTO=Simple",,,,,,,,,nccl-tests,all_reduce,float,sum,-1,65536,16384,in_place,20,50,0,full,68.1,0.96,1.44,0,True,True,True,0,env NCCL_DEBUG=VERSION NCCL_ALGO=Ring NCCL_PROTO=Simple /root/nccl-tests/build/all_reduce_perf -b 16K -e 512K -f 2 -g 4 -w 20 -n 50 -c 1 -d float,results/raw/p5-dense-20260828T154940Z-21cf57f/all_reduce.ring-simple.full.r0.stdout.txt,,"[{""index"":0,""memory_total_mib"":23034,""name"":""NVIDIA L4"",""pci_bus_id"":""00000000:61:00.0"",""pcie_link_gen_current"":1,""pcie_link_gen_max"":4,""pcie_link_width_current"":16,""pcie_link_width_max"":16},{""index"":1,""memory_total_mib"":23034,""name"":""NVIDIA L4"",""pci_bus_id"":""00000000:81:00.0"",""pcie_link_gen_current"":1,""pcie_link_gen_max"":4,""pcie_link_width_current"":16,""pcie_link_width_max"":16},{""index"":2,""memory_total_mib"":23034,""name"":""NVIDIA L4"",""pci_bus_id"":""00000000:A1:00.0"",""pcie_link_gen_current"":1,""pcie_link_gen_max"":4,""pcie_link_width_current"":16,""pcie_link_width_max"":16},{""index"":3,""memory_total_mib"":23034,""name"":""NVIDIA L4"",""pci_bus_id"":""00000000:E1:00.0"",""pcie_link_gen_current"":1,""pcie_link_gen_max"":4,""pcie_link_width_current"":16,""pcie_link_width_max"":16}]","""\t\u001b[4mGPU0\tGPU1\tGPU2\tGPU3\tNIC0\tNIC1\tNIC2\tCPU Affinity\tNUMA Affinity\tGPU NUMA ID\u001b[0m\nGPU0\t X \tSYS\tSYS\tSYS\tNODE\tSYS\tSYS\t0-31,64-95\t0\t\tN/A\nGPU1\tSYS\t X \tNODE\tNODE\tSYS\tNODE\tNODE\t32-63,96-127\t1\t\tN/A\nGPU2\tSYS\tNODE\t X \tNODE\tSYS\tNODE\tNODE\t32-63,96-127\t1\t\tN/A\nGPU3\tSYS\tNODE\tNODE\t X \tSYS\tNODE\tNODE\t32-63,96-127\t1\t\tN/A\nNIC0\tNODE\tSYS\tSYS\tSYS\t X \tSYS\tSYS\t\t\t\t\nNIC1\tSYS\tNODE\tNODE\tNODE\tSYS\t X \tPIX\t\t\t\t\nNIC2\tSYS\tNODE\tNODE\tNODE\tSYS\tPIX\t X \t\t\t\t\n\nLegend:\n\n  X    = Self\n  SYS  = Connection traversing PCIe as well as the SMP interconnect between NUMA nodes (e.g., QPI/UPI)\n  NODE = Connection traversing PCIe as well as the interconnect between PCIe Host Bridges within a NUMA node\n  PHB  = Connection traversing PCIe as well as a PCIe Host Bridge (typically the CPU)\n  PXB  = Connection traversing multiple PCIe bridges (without traversing the PCIe Host Bridge)\n  PIX  = Connection traversing at most a single PCIe bridge\n  NV#  = Connection traversing a bonded set of # NVLinks\n\nNIC Legend:\n\n  NIC0: rocep35s0f0\n  NIC1: rocep194s0f0\n  NIC2: rocep194s0f1""","{""CUDA_HOME"":""/usr/local/cuda"",""NCCL_TESTS_DIR"":""/root/nccl-tests""}"
1,p5-dense-20260828T154940Z-21cf57f,phase5,2026-08-28T15:52:54Z,measured,21cf57fd902a607407505eb9d8dfad40a82dfd91,False,unknown,,c079194dceb5,Ubuntu 24.04.3 LTS,6.14.0-33-generic,AMD EPYC 7542 32-Core Processor,128,1,NVIDIA L4,4,NODE,none-single-node,False,,12.8,570.195.03,2.25.1+cuda12.8,NCCL_DEBUG=VERSION banner,,gcc (Ubuntu 13.3.0-6ubuntu2~24.04) 13.3.0,b4d5beebca8a76cf01335f724d154b9b9d394d96,ring-simple,Ring,Simple,"NCCL_ALGO=Ring,NCCL_PROTO=Simple",,,,,,,,,nccl-tests,all_reduce,float,sum,-1,131072,32768,out_of_place,20,50,0,full,98.14,1.34,2.0,0,True,True,True,0,env NCCL_DEBUG=VERSION NCCL_ALGO=Ring NCCL_PROTO=Simple /root/nccl-tests/build/all_reduce_perf -b 16K -e 512K -f 2 -g 4 -w 20 -n 50 -c 1 -d float,results/raw/p5-dense-20260828T154940Z-21cf57f/all_reduce.ring-simple.full.r0.stdout.txt,,"[{""index"":0,""memory_total_mib"":23034,""name"":""NVIDIA L4"",""pci_bus_id"":""00000000:61:00.0"",""pcie_link_gen_current"":1,""pcie_link_gen_max"":4,""pcie_link_width_current"":16,""pcie_link_width_max"":16},{""index"":1,""memory_total_mib"":23034,""name"":""NVIDIA L4"",""pci_bus_id"":""00000000:81:00.0"",""pcie_link_gen_current"":1,""pcie_link_gen_max"":4,""pcie_link_width_current"":16,""pcie_link_width_max"":16},{""index"":2,""memory_total_mib"":23034,""name"":""NVIDIA L4"",""pci_bus_id"":""00000000:A1:00.0"",""pcie_link_gen_current"":1,""pcie_link_gen_max"":4,""pcie_link_width_current"":16,""pcie_link_width_max"":16},{""index"":3,""memory_total_mib"":23034,""name"":""NVIDIA L4"",""pci_bus_id"":""00000000:E1:00.0"",""pcie_link_gen_current"":1,""pcie_link_gen_max"":4,""pcie_link_width_current"":16,""pcie_link_width_max"":16}]","""\t\u001b[4mGPU0\tGPU1\tGPU2\tGPU3\tNIC0\tNIC1\tNIC2\tCPU Affinity\tNUMA Affinity\tGPU NUMA ID\u001b[0m\nGPU0\t X \tSYS\tSYS\tSYS\tNODE\tSYS\tSYS\t0-31,64-95\t0\t\tN/A\nGPU1\tSYS\t X \tNODE\tNODE\tSYS\tNODE\tNODE\t32-63,96-127\t1\t\tN/A\nGPU2\tSYS\tNODE\t X \tNODE\tSYS\tNODE\tNODE\t32-63,96-127\t1\t\tN/A\nGPU3\tSYS\tNODE\tNODE\t X \tSYS\tNODE\tNODE\t32-63,96-127\t1\t\tN/A\nNIC0\tNODE\tSYS\tSYS\tSYS\t X \tSYS\tSYS\t\t\t\t\nNIC1\tSYS\tNODE\tNODE\tNODE\tSYS\t X \tPIX\t\t\t\t\nNIC2\tSYS\tNODE\tNODE\tNODE\tSYS\tPIX\t X \t\t\t\t\n\nLegend:\n\n  X    = Self\n  SYS  = Connection traversing PCIe as well as the SMP interconnect between NUMA nodes (e.g., QPI/UPI)\n  NODE = Connection traversing PCIe as well as the interconnect between PCIe Host Bridges within a NUMA node\n  PHB  = Connection traversing PCIe as well as a PCIe Host Bridge (typically the CPU)\n  PXB  = Connection traversing multiple PCIe bridges (without traversing the PCIe Host Bridge)\n  PIX  = Connection traversing at most a single PCIe bridge\n  NV#  = Connection traversing a bonded set of # NVLinks\n\nNIC Legend:\n\n  NIC0: rocep35s0f0\n  NIC1: rocep194s0f0\n  NIC2: rocep194s0f1""","{""CUDA_HOME"":""/usr/local/cuda"",""NCCL_TESTS_DIR"":""/root/nccl-tests""}"
1,p5-dense-20260828T154940Z-21cf57f,phase5,2026-08-28T15:52:54Z,measured,21cf57fd902a607407505eb9d8dfad40a82dfd91,False,unknown,,c079194dceb5,Ubuntu 24.04.3 LTS,6.14.0-33-generic,AMD EPYC 7542 32-Core Processor,128,1,NVIDIA L4,4,NODE,none-single-node,False,,12.8,570.195.03,2.25.1+cuda12.8,NCCL_DEBUG=VERSION banner,,gcc (Ubuntu 13.3.0-6ubuntu2~24.04) 13.3.0,b4d5beebca8a76cf01335f724d154b9b9d394d96,ring-simple,Ring,Simple,"NCCL_ALGO=Ring,NCCL_PROTO=Simple",,,,,,,,,nccl-tests,all_reduce,float,sum,-1,131072,32768,in_place,20,50,0,full,96.86,1.35,2.03,0,True,True,True,0,env NCCL_DEBUG=VERSION NCCL_ALGO=Ring NCCL_PROTO=Simple /root/nccl-tests/build/all_reduce_perf -b 16K -e 512K -f 2 -g 4 -w 20 -n 50 -c 1 -d float,results/raw/p5-dense-20260828T154940Z-21cf57f/all_reduce.ring-simple.full.r0.stdout.txt,,"[{""index"":0,""memory_total_mib"":23034,""name"":""NVIDIA L4"",""pci_bus_id"":""00000000:61:00.0"",""pcie_link_gen_current"":1,""pcie_link_gen_max"":4,""pcie_link_width_current"":16,""pcie_link_width_max"":16},{""index"":1,""memory_total_mib"":23034,""name"":""NVIDIA L4"",""pci_bus_id"":""00000000:81:00.0"",""pcie_link_gen_current"":1,""pcie_link_gen_max"":4,""pcie_link_width_current"":16,""pcie_link_width_max"":16},{""index"":2,""memory_total_mib"":23034,""name"":""NVIDIA L4"",""pci_bus_id"":""00000000:A1:00.0"",""pcie_link_gen_current"":1,""pcie_link_gen_max"":4,""pcie_link_width_current"":16,""pcie_link_width_max"":16},{""index"":3,""memory_total_mib"":23034,""name"":""NVIDIA L4"",""pci_bus_id"":""00000000:E1:00.0"",""pcie_link_gen_current"":1,""pcie_link_gen_max"":4,""pcie_link_width_current"":16,""pcie_link_width_max"":16}]","""\t\u001b[4mGPU0\tGPU1\tGPU2\tGPU3\tNIC0\tNIC1\tNIC2\tCPU Affinity\tNUMA Affinity\tGPU NUMA ID\u001b[0m\nGPU0\t X \tSYS\tSYS\tSYS\tNODE\tSYS\tSYS\t0-31,64-95\t0\t\tN/A\nGPU1\tSYS\t X \tNODE\tNODE\tSYS\tNODE\tNODE\t32-63,96-127\t1\t\tN/A\nGPU2\tSYS\tNODE\t X \tNODE\tSYS\tNODE\tNODE\t32-63,96-127\t1\t\tN/A\nGPU3\tSYS\tNODE\tNODE\t X \tSYS\tNODE\tNODE\t32-63,96-127\t1\t\tN/A\nNIC0\tNODE\tSYS\tSYS\tSYS\t X \tSYS\tSYS\t\t\t\t\nNIC1\tSYS\tNODE\tNODE\tNODE\tSYS\t X \tPIX\t\t\t\t\nNIC2\tSYS\tNODE\tNODE\tNODE\tSYS\tPIX\t X \t\t\t\t\n\nLegend:\n\n  X    = Self\n  SYS  = Connection traversing PCIe as well as the SMP interconnect between NUMA nodes (e.g., QPI/UPI)\n  NODE = Connection traversing PCIe as well as the interconnect between PCIe Host Bridges within a NUMA node\n  PHB  = Connection traversing PCIe as well as a PCIe Host Bridge (typically the CPU)\n  PXB  = Connection traversing multiple PCIe bridges (without traversing the PCIe Host Bridge)\n  PIX  = Connection traversing at most a single PCIe bridge\n  NV#  = Connection traversing a bonded set of # NVLinks\n\nNIC Legend:\n\n  NIC0: rocep35s0f0\n  NIC1: rocep194s0f0\n  NIC2: rocep194s0f1""","{""CUDA_HOME"":""/usr/local/cuda"",""NCCL_TESTS_DIR"":""/root/nccl-tests""}"
1,p5-dense-20260828T154940Z-21cf57f,phase5,2026-08-28T15:52:54Z,measured,21cf57fd902a607407505eb9d8dfad40a82dfd91,False,unknown,,c079194dceb5,Ubuntu 24.04.3 LTS,6.14.0-33-generic,AMD EPYC 7542 32-Core Processor,128,1,NVIDIA L4,4,NODE,none-single-node,False,,12.8,570.195.03,2.25.1+cuda12.8,NCCL_DEBUG=VERSION banner,,gcc (Ubuntu 13.3.0-6ubuntu2~24.04) 13.3.0,b4d5beebca8a76cf01335f724d154b9b9d394d96,ring-simple,Ring,Simple,"NCCL_ALGO=Ring,NCCL_PROTO=Simple",,,,,,,,,nccl-tests,all_reduce,float,sum,-1,262144,65536,out_of_place,20,50,0,full,171.31,1.53,2.3,0,True,True,True,0,env NCCL_DEBUG=VERSION NCCL_ALGO=Ring NCCL_PROTO=Simple /root/nccl-tests/build/all_reduce_perf -b 16K -e 512K -f 2 -g 4 -w 20 -n 50 -c 1 -d float,results/raw/p5-dense-20260828T154940Z-21cf57f/all_reduce.ring-simple.full.r0.stdout.txt,,"[{""index"":0,""memory_total_mib"":23034,""name"":""NVIDIA L4"",""pci_bus_id"":""00000000:61:00.0"",""pcie_link_gen_current"":1,""pcie_link_gen_max"":4,""pcie_link_width_current"":16,""pcie_link_width_max"":16},{""index"":1,""memory_total_mib"":23034,""name"":""NVIDIA L4"",""pci_bus_id"":""00000000:81:00.0"",""pcie_link_gen_current"":1,""pcie_link_gen_max"":4,""pcie_link_width_current"":16,""pcie_link_width_max"":16},{""index"":2,""memory_total_mib"":23034,""name"":""NVIDIA L4"",""pci_bus_id"":""00000000:A1:00.0"",""pcie_link_gen_current"":1,""pcie_link_gen_max"":4,""pcie_link_width_current"":16,""pcie_link_width_max"":16},{""index"":3,""memory_total_mib"":23034,""name"":""NVIDIA L4"",""pci_bus_id"":""00000000:E1:00.0"",""pcie_link_gen_current"":1,""pcie_link_gen_max"":4,""pcie_link_width_current"":16,""pcie_link_width_max"":16}]","""\t\u001b[4mGPU0\tGPU1\tGPU2\tGPU3\tNIC0\tNIC1\tNIC2\tCPU Affinity\tNUMA Affinity\tGPU NUMA ID\u001b[0m\nGPU0\t X \tSYS\tSYS\tSYS\tNODE\tSYS\tSYS\t0-31,64-95\t0\t\tN/A\nGPU1\tSYS\t X \tNODE\tNODE\tSYS\tNODE\tNODE\t32-63,96-127\t1\t\tN/A\nGPU2\tSYS\tNODE\t X \tNODE\tSYS\tNODE\tNODE\t32-63,96-127\t1\t\tN/A\nGPU3\tSYS\tNODE\tNODE\t X \tSYS\tNODE\tNODE\t32-63,96-127\t1\t\tN/A\nNIC0\tNODE\tSYS\tSYS\tSYS\t X \tSYS\tSYS\t\t\t\t\nNIC1\tSYS\tNODE\tNODE\tNODE\tSYS\t X \tPIX\t\t\t\t\nNIC2\tSYS\tNODE\tNODE\tNODE\tSYS\tPIX\t X \t\t\t\t\n\nLegend:\n\n  X    = Self\n  SYS  = Connection traversing PCIe as well as the SMP interconnect between NUMA nodes (e.g., QPI/UPI)\n  NODE = Connection traversing PCIe as well as the interconnect between PCIe Host Bridges within a NUMA node\n  PHB  = Connection traversing PCIe as well as a PCIe Host Bridge (typically the CPU)\n  PXB  = Connection traversing multiple PCIe bridges (without traversing the PCIe Host Bridge)\n  PIX  = Connection traversing at most a single PCIe bridge\n  NV#  = Connection traversing a bonded set of # NVLinks\n\nNIC Legend:\n\n  NIC0: rocep35s0f0\n  NIC1: rocep194s0f0\n  NIC2: rocep194s0f1""","{""CUDA_HOME"":""/usr/local/cuda"",""NCCL_TESTS_DIR"":""/root/nccl-tests""}"
1,p5-dense-20260828T154940Z-21cf57f,phase5,2026-08-28T15:52:54Z,measured,21cf57fd902a607407505eb9d8dfad40a82dfd91,False,unknown,,c079194dceb5,Ubuntu 24.04.3 LTS,6.14.0-33-generic,AMD EPYC 7542 32-Core Processor,128,1,NVIDIA L4,4,NODE,none-single-node,False,,12.8,570.195.03,2.25.1+cuda12.8,NCCL_DEBUG=VERSION banner,,gcc (Ubuntu 13.3.0-6ubuntu2~24.04) 13.3.0,b4d5beebca8a76cf01335f724d154b9b9d394d96,ring-simple,Ring,Simple,"NCCL_ALGO=Ring,NCCL_PROTO=Simple",,,,,,,,,nccl-tests,all_reduce,float,sum,-1,262144,65536,in_place,20,50,0,full,161.18,1.63,2.44,0,True,True,True,0,env NCCL_DEBUG=VERSION NCCL_ALGO=Ring NCCL_PROTO=Simple /root/nccl-tests/build/all_reduce_perf -b 16K -e 512K -f 2 -g 4 -w 20 -n 50 -c 1 -d float,results/raw/p5-dense-20260828T154940Z-21cf57f/all_reduce.ring-simple.full.r0.stdout.txt,,"[{""index"":0,""memory_total_mib"":23034,""name"":""NVIDIA L4"",""pci_bus_id"":""00000000:61:00.0"",""pcie_link_gen_current"":1,""pcie_link_gen_max"":4,""pcie_link_width_current"":16,""pcie_link_width_max"":16},{""index"":1,""memory_total_mib"":23034,""name"":""NVIDIA L4"",""pci_bus_id"":""00000000:81:00.0"",""pcie_link_gen_current"":1,""pcie_link_gen_max"":4,""pcie_link_width_current"":16,""pcie_link_width_max"":16},{""index"":2,""memory_total_mib"":23034,""name"":""NVIDIA L4"",""pci_bus_id"":""00000000:A1:00.0"",""pcie_link_gen_current"":1,""pcie_link_gen_max"":4,""pcie_link_width_current"":16,""pcie_link_width_max"":16},{""index"":3,""memory_total_mib"":23034,""name"":""NVIDIA L4"",""pci_bus_id"":""00000000:E1:00.0"",""pcie_link_gen_current"":1,""pcie_link_gen_max"":4,""pcie_link_width_current"":16,""pcie_link_width_max"":16}]","""\t\u001b[4mGPU0\tGPU1\tGPU2\tGPU3\tNIC0\tNIC1\tNIC2\tCPU Affinity\tNUMA Affinity\tGPU NUMA ID\u001b[0m\nGPU0\t X \tSYS\tSYS\tSYS\tNODE\tSYS\tSYS\t0-31,64-95\t0\t\tN/A\nGPU1\tSYS\t X \tNODE\tNODE\tSYS\tNODE\tNODE\t32-63,96-127\t1\t\tN/A\nGPU2\tSYS\tNODE\t X \tNODE\tSYS\tNODE\tNODE\t32-63,96-127\t1\t\tN/A\nGPU3\tSYS\tNODE\tNODE\t X \tSYS\tNODE\tNODE\t32-63,96-127\t1\t\tN/A\nNIC0\tNODE\tSYS\tSYS\tSYS\t X \tSYS\tSYS\t\t\t\t\nNIC1\tSYS\tNODE\tNODE\tNODE\tSYS\t X \tPIX\t\t\t\t\nNIC2\tSYS\tNODE\tNODE\tNODE\tSYS\tPIX\t X \t\t\t\t\n\nLegend:\n\n  X    = Self\n  SYS  = Connection traversing PCIe as well as the SMP interconnect between NUMA nodes (e.g., QPI/UPI)\n  NODE = Connection traversing PCIe as well as the interconnect between PCIe Host Bridges within a NUMA node\n  PHB  = Connection traversing PCIe as well as a PCIe Host Bridge (typically the CPU)\n  PXB  = Connection traversing multiple PCIe bridges (without traversing the PCIe Host Bridge)\n  PIX  = Connection traversing at most a single PCIe bridge\n  NV#  = Connection traversing a bonded set of # NVLinks\n\nNIC Legend:\n\n  NIC0: rocep35s0f0\n  NIC1: rocep194s0f0\n  NIC2: rocep194s0f1""","{""CUDA_HOME"":""/usr/local/cuda"",""NCCL_TESTS_DIR"":""/root/nccl-tests""}"
1,p5-dense-20260828T154940Z-21cf57f,phase5,2026-08-28T15:52:54Z,measured,21cf57fd902a607407505eb9d8dfad40a82dfd91,False,unknown,,c079194dceb5,Ubuntu 24.04.3 LTS,6.14.0-33-generic,AMD EPYC 7542 32-Core Processor,128,1,NVIDIA L4,4,NODE,none-single-node,False,,12.8,570.195.03,2.25.1+cuda12.8,NCCL_DEBUG=VERSION banner,,gcc (Ubuntu 13.3.0-6ubuntu2~24.04) 13.3.0,b4d5beebca8a76cf01335f724d154b9b9d394d96,ring-simple,Ring,Simple,"NCCL_ALGO=Ring,NCCL_PROTO=Simple",,,,,,,,,nccl-tests,all_reduce,float,sum,-1,524288,131072,out_of_place,20,50,0,full,288.64,1.82,2.72,0,True,True,True,0,env NCCL_DEBUG=VERSION NCCL_ALGO=Ring NCCL_PROTO=Simple /root/nccl-tests/build/all_reduce_perf -b 16K -e 512K -f 2 -g 4 -w 20 -n 50 -c 1 -d float,results/raw/p5-dense-20260828T154940Z-21cf57f/all_reduce.ring-simple.full.r0.stdout.txt,,"[{""index"":0,""memory_total_mib"":23034,""name"":""NVIDIA L4"",""pci_bus_id"":""00000000:61:00.0"",""pcie_link_gen_current"":1,""pcie_link_gen_max"":4,""pcie_link_width_current"":16,""pcie_link_width_max"":16},{""index"":1,""memory_total_mib"":23034,""name"":""NVIDIA L4"",""pci_bus_id"":""00000000:81:00.0"",""pcie_link_gen_current"":1,""pcie_link_gen_max"":4,""pcie_link_width_current"":16,""pcie_link_width_max"":16},{""index"":2,""memory_total_mib"":23034,""name"":""NVIDIA L4"",""pci_bus_id"":""00000000:A1:00.0"",""pcie_link_gen_current"":1,""pcie_link_gen_max"":4,""pcie_link_width_current"":16,""pcie_link_width_max"":16},{""index"":3,""memory_total_mib"":23034,""name"":""NVIDIA L4"",""pci_bus_id"":""00000000:E1:00.0"",""pcie_link_gen_current"":1,""pcie_link_gen_max"":4,""pcie_link_width_current"":16,""pcie_link_width_max"":16}]","""\t\u001b[4mGPU0\tGPU1\tGPU2\tGPU3\tNIC0\tNIC1\tNIC2\tCPU Affinity\tNUMA Affinity\tGPU NUMA ID\u001b[0m\nGPU0\t X \tSYS\tSYS\tSYS\tNODE\tSYS\tSYS\t0-31,64-95\t0\t\tN/A\nGPU1\tSYS\t X \tNODE\tNODE\tSYS\tNODE\tNODE\t32-63,96-127\t1\t\tN/A\nGPU2\tSYS\tNODE\t X \tNODE\tSYS\tNODE\tNODE\t32-63,96-127\t1\t\tN/A\nGPU3\tSYS\tNODE\tNODE\t X \tSYS\tNODE\tNODE\t32-63,96-127\t1\t\tN/A\nNIC0\tNODE\tSYS\tSYS\tSYS\t X \tSYS\tSYS\t\t\t\t\nNIC1\tSYS\tNODE\tNODE\tNODE\tSYS\t X \tPIX\t\t\t\t\nNIC2\tSYS\tNODE\tNODE\tNODE\tSYS\tPIX\t X \t\t\t\t\n\nLegend:\n\n  X    = Self\n  SYS  = Connection traversing PCIe as well as the SMP interconnect between NUMA nodes (e.g., QPI/UPI)\n  NODE = Connection traversing PCIe as well as the interconnect between PCIe Host Bridges within a NUMA node\n  PHB  = Connection traversing PCIe as well as a PCIe Host Bridge (typically the CPU)\n  PXB  = Connection traversing multiple PCIe bridges (without traversing the PCIe Host Bridge)\n  PIX  = Connection traversing at most a single PCIe bridge\n  NV#  = Connection traversing a bonded set of # NVLinks\n\nNIC Legend:\n\n  NIC0: rocep35s0f0\n  NIC1: rocep194s0f0\n  NIC2: rocep194s0f1""","{""CUDA_HOME"":""/usr/local/cuda"",""NCCL_TESTS_DIR"":""/root/nccl-tests""}"
1,p5-dense-20260828T154940Z-21cf57f,phase5,2026-08-28T15:52:54Z,measured,21cf57fd902a607407505eb9d8dfad40a82dfd91,False,unknown,,c079194dceb5,Ubuntu 24.04.3 LTS,6.14.0-33-generic,AMD EPYC 7542 32-Core Processor,128,1,NVIDIA L4,4,NODE,none-single-node,False,,12.8,570.195.03,2.25.1+cuda12.8,NCCL_DEBUG=VERSION banner,,gcc (Ubuntu 13.3.0-6ubuntu2~24.04) 13.3.0,b4d5beebca8a76cf01335f724d154b9b9d394d96,ring-simple,Ring,Simple,"NCCL_ALGO=Ring,NCCL_PROTO=Simple",,,,,,,,,nccl-tests,all_reduce,float,sum,-1,524288,131072,in_place,20,50,0,full,288.48,1.82,2.73,0,True,True,True,0,env NCCL_DEBUG=VERSION NCCL_ALGO=Ring NCCL_PROTO=Simple /root/nccl-tests/build/all_reduce_perf -b 16K -e 512K -f 2 -g 4 -w 20 -n 50 -c 1 -d float,results/raw/p5-dense-20260828T154940Z-21cf57f/all_reduce.ring-simple.full.r0.stdout.txt,,"[{""index"":0,""memory_total_mib"":23034,""name"":""NVIDIA L4"",""pci_bus_id"":""00000000:61:00.0"",""pcie_link_gen_current"":1,""pcie_link_gen_max"":4,""pcie_link_width_current"":16,""pcie_link_width_max"":16},{""index"":1,""memory_total_mib"":23034,""name"":""NVIDIA L4"",""pci_bus_id"":""00000000:81:00.0"",""pcie_link_gen_current"":1,""pcie_link_gen_max"":4,""pcie_link_width_current"":16,""pcie_link_width_max"":16},{""index"":2,""memory_total_mib"":23034,""name"":""NVIDIA L4"",""pci_bus_id"":""00000000:A1:00.0"",""pcie_link_gen_current"":1,""pcie_link_gen_max"":4,""pcie_link_width_current"":16,""pcie_link_width_max"":16},{""index"":3,""memory_total_mib"":23034,""name"":""NVIDIA L4"",""pci_bus_id"":""00000000:E1:00.0"",""pcie_link_gen_current"":1,""pcie_link_gen_max"":4,""pcie_link_width_current"":16,""pcie_link_width_max"":16}]","""\t\u001b[4mGPU0\tGPU1\tGPU2\tGPU3\tNIC0\tNIC1\tNIC2\tCPU Affinity\tNUMA Affinity\tGPU NUMA ID\u001b[0m\nGPU0\t X \tSYS\tSYS\tSYS\tNODE\tSYS\tSYS\t0-31,64-95\t0\t\tN/A\nGPU1\tSYS\t X \tNODE\tNODE\tSYS\tNODE\tNODE\t32-63,96-127\t1\t\tN/A\nGPU2\tSYS\tNODE\t X \tNODE\tSYS\tNODE\tNODE\t32-63,96-127\t1\t\tN/A\nGPU3\tSYS\tNODE\tNODE\t X \tSYS\tNODE\tNODE\t32-63,96-127\t1\t\tN/A\nNIC0\tNODE\tSYS\tSYS\tSYS\t X \tSYS\tSYS\t\t\t\t\nNIC1\tSYS\tNODE\tNODE\tNODE\tSYS\t X \tPIX\t\t\t\t\nNIC2\tSYS\tNODE\tNODE\tNODE\tSYS\tPIX\t X \t\t\t\t\n\nLegend:\n\n  X    = Self\n  SYS  = Connection traversing PCIe as well as the SMP interconnect between NUMA nodes (e.g., QPI/UPI)\n  NODE = Connection traversing PCIe as well as the interconnect between PCIe Host Bridges within a NUMA node\n  PHB  = Connection traversing PCIe as well as a PCIe Host Bridge (typically the CPU)\n  PXB  = Connection traversing multiple PCIe bridges (without traversing the PCIe Host Bridge)\n  PIX  = Connection traversing at most a single PCIe bridge\n  NV#  = Connection traversing a bonded set of # NVLinks\n\nNIC Legend:\n\n  NIC0: rocep35s0f0\n  NIC1: rocep194s0f0\n  NIC2: rocep194s0f1""","{""CUDA_HOME"":""/usr/local/cuda"",""NCCL_TESTS_DIR"":""/root/nccl-tests""}"
1,p5-dense-20260828T154940Z-21cf57f,phase5,2026-08-28T15:52:57Z,measured,21cf57fd902a607407505eb9d8dfad40a82dfd91,False,unknown,,c079194dceb5,Ubuntu 24.04.3 LTS,6.14.0-33-generic,AMD EPYC 7542 32-Core Processor,128,1,NVIDIA L4,4,NODE,none-single-node,False,,12.8,570.195.03,2.25.1+cuda12.8,NCCL_DEBUG=VERSION banner,,gcc (Ubuntu 13.3.0-6ubuntu2~24.04) 13.3.0,b4d5beebca8a76cf01335f724d154b9b9d394d96,ring-simple,Ring,Simple,"NCCL_ALGO=Ring,NCCL_PROTO=Simple",,,,,,,,,nccl-tests,all_reduce,float,sum,-1,16384,4096,out_of_place,20,50,1,full,55.49,0.3,0.44,0,True,True,True,0,env NCCL_DEBUG=VERSION NCCL_ALGO=Ring NCCL_PROTO=Simple /root/nccl-tests/build/all_reduce_perf -b 16K -e 512K -f 2 -g 4 -w 20 -n 50 -c 1 -d float,results/raw/p5-dense-20260828T154940Z-21cf57f/all_reduce.ring-simple.full.r1.stdout.txt,,"[{""index"":0,""memory_total_mib"":23034,""name"":""NVIDIA L4"",""pci_bus_id"":""00000000:61:00.0"",""pcie_link_gen_current"":1,""pcie_link_gen_max"":4,""pcie_link_width_current"":16,""pcie_link_width_max"":16},{""index"":1,""memory_total_mib"":23034,""name"":""NVIDIA L4"",""pci_bus_id"":""00000000:81:00.0"",""pcie_link_gen_current"":1,""pcie_link_gen_max"":4,""pcie_link_width_current"":16,""pcie_link_width_max"":16},{""index"":2,""memory_total_mib"":23034,""name"":""NVIDIA L4"",""pci_bus_id"":""00000000:A1:00.0"",""pcie_link_gen_current"":1,""pcie_link_gen_max"":4,""pcie_link_width_current"":16,""pcie_link_width_max"":16},{""index"":3,""memory_total_mib"":23034,""name"":""NVIDIA L4"",""pci_bus_id"":""00000000:E1:00.0"",""pcie_link_gen_current"":1,""pcie_link_gen_max"":4,""pcie_link_width_current"":16,""pcie_link_width_max"":16}]","""\t\u001b[4mGPU0\tGPU1\tGPU2\tGPU3\tNIC0\tNIC1\tNIC2\tCPU Affinity\tNUMA Affinity\tGPU NUMA ID\u001b[0m\nGPU0\t X \tSYS\tSYS\tSYS\tNODE\tSYS\tSYS\t0-31,64-95\t0\t\tN/A\nGPU1\tSYS\t X \tNODE\tNODE\tSYS\tNODE\tNODE\t32-63,96-127\t1\t\tN/A\nGPU2\tSYS\tNODE\t X \tNODE\tSYS\tNODE\tNODE\t32-63,96-127\t1\t\tN/A\nGPU3\tSYS\tNODE\tNODE\t X \tSYS\tNODE\tNODE\t32-63,96-127\t1\t\tN/A\nNIC0\tNODE\tSYS\tSYS\tSYS\t X \tSYS\tSYS\t\t\t\t\nNIC1\tSYS\tNODE\tNODE\tNODE\tSYS\t X \tPIX\t\t\t\t\nNIC2\tSYS\tNODE\tNODE\tNODE\tSYS\tPIX\t X \t\t\t\t\n\nLegend:\n\n  X    = Self\n  SYS  = Connection traversing PCIe as well as the SMP interconnect between NUMA nodes (e.g., QPI/UPI)\n  NODE = Connection traversing PCIe as well as the interconnect between PCIe Host Bridges within a NUMA node\n  PHB  = Connection traversing PCIe as well as a PCIe Host Bridge (typically the CPU)\n  PXB  = Connection traversing multiple PCIe bridges (without traversing the PCIe Host Bridge)\n  PIX  = Connection traversing at most a single PCIe bridge\n  NV#  = Connection traversing a bonded set of # NVLinks\n\nNIC Legend:\n\n  NIC0: rocep35s0f0\n  NIC1: rocep194s0f0\n  NIC2: rocep194s0f1""","{""CUDA_HOME"":""/usr/local/cuda"",""NCCL_TESTS_DIR"":""/root/nccl-tests""}"
1,p5-dense-20260828T154940Z-21cf57f,phase5,2026-08-28T15:52:57Z,measured,21cf57fd902a607407505eb9d8dfad40a82dfd91,False,unknown,,c079194dceb5,Ubuntu 24.04.3 LTS,6.14.0-33-generic,AMD EPYC 7542 32-Core Processor,128,1,NVIDIA L4,4,NODE,none-single-node,False,,12.8,570.195.03,2.25.1+cuda12.8,NCCL_DEBUG=VERSION banner,,gcc (Ubuntu 13.3.0-6ubuntu2~24.04) 13.3.0,b4d5beebca8a76cf01335f724d154b9b9d394d96,ring-simple,Ring,Simple,"NCCL_ALGO=Ring,NCCL_PROTO=Simple",,,,,,,,,nccl-tests,all_reduce,float,sum,-1,16384,4096,in_place,20,50,1,full,55.25,0.3,0.44,0,True,True,True,0,env NCCL_DEBUG=VERSION NCCL_ALGO=Ring NCCL_PROTO=Simple /root/nccl-tests/build/all_reduce_perf -b 16K -e 512K -f 2 -g 4 -w 20 -n 50 -c 1 -d float,results/raw/p5-dense-20260828T154940Z-21cf57f/all_reduce.ring-simple.full.r1.stdout.txt,,"[{""index"":0,""memory_total_mib"":23034,""name"":""NVIDIA L4"",""pci_bus_id"":""00000000:61:00.0"",""pcie_link_gen_current"":1,""pcie_link_gen_max"":4,""pcie_link_width_current"":16,""pcie_link_width_max"":16},{""index"":1,""memory_total_mib"":23034,""name"":""NVIDIA L4"",""pci_bus_id"":""00000000:81:00.0"",""pcie_link_gen_current"":1,""pcie_link_gen_max"":4,""pcie_link_width_current"":16,""pcie_link_width_max"":16},{""index"":2,""memory_total_mib"":23034,""name"":""NVIDIA L4"",""pci_bus_id"":""00000000:A1:00.0"",""pcie_link_gen_current"":1,""pcie_link_gen_max"":4,""pcie_link_width_current"":16,""pcie_link_width_max"":16},{""index"":3,""memory_total_mib"":23034,""name"":""NVIDIA L4"",""pci_bus_id"":""00000000:E1:00.0"",""pcie_link_gen_current"":1,""pcie_link_gen_max"":4,""pcie_link_width_current"":16,""pcie_link_width_max"":16}]","""\t\u001b[4mGPU0\tGPU1\tGPU2\tGPU3\tNIC0\tNIC1\tNIC2\tCPU Affinity\tNUMA Affinity\tGPU NUMA ID\u001b[0m\nGPU0\t X \tSYS\tSYS\tSYS\tNODE\tSYS\tSYS\t0-31,64-95\t0\t\tN/A\nGPU1\tSYS\t X \tNODE\tNODE\tSYS\tNODE\tNODE\t32-63,96-127\t1\t\tN/A\nGPU2\tSYS\tNODE\t X \tNODE\tSYS\tNODE\tNODE\t32-63,96-127\t1\t\tN/A\nGPU3\tSYS\tNODE\tNODE\t X \tSYS\tNODE\tNODE\t32-63,96-127\t1\t\tN/A\nNIC0\tNODE\tSYS\tSYS\tSYS\t X \tSYS\tSYS\t\t\t\t\nNIC1\tSYS\tNODE\tNODE\tNODE\tSYS\t X \tPIX\t\t\t\t\nNIC2\tSYS\tNODE\tNODE\tNODE\tSYS\tPIX\t X \t\t\t\t\n\nLegend:\n\n  X    = Self\n  SYS  = Connection traversing PCIe as well as the SMP interconnect between NUMA nodes (e.g., QPI/UPI)\n  NODE = Connection traversing PCIe as well as the interconnect between PCIe Host Bridges within a NUMA node\n  PHB  = Connection traversing PCIe as well as a PCIe Host Bridge (typically the CPU)\n  PXB  = Connection traversing multiple PCIe bridges (without traversing the PCIe Host Bridge)\n  PIX  = Connection traversing at most a single PCIe bridge\n  NV#  = Connection traversing a bonded set of # NVLinks\n\nNIC Legend:\n\n  NIC0: rocep35s0f0\n  NIC1: rocep194s0f0\n  NIC2: rocep194s0f1""","{""CUDA_HOME"":""/usr/local/cuda"",""NCCL_TESTS_DIR"":""/root/nccl-tests""}"
1,p5-dense-20260828T154940Z-21cf57f,phase5,2026-08-28T15:52:57Z,measured,21cf57fd902a607407505eb9d8dfad40a82dfd91,False,unknown,,c079194dceb5,Ubuntu 24.04.3 LTS,6.14.0-33-generic,AMD EPYC 7542 32-Core Processor,128,1,NVIDIA L4,4,NODE,none-single-node,False,,12.8,570.195.03,2.25.1+cuda12.8,NCCL_DEBUG=VERSION banner,,gcc (Ubuntu 13.3.0-6ubuntu2~24.04) 13.3.0,b4d5beebca8a76cf01335f724d154b9b9d394d96,ring-simple,Ring,Simple,"NCCL_ALGO=Ring,NCCL_PROTO=Simple",,,,,,,,,nccl-tests,all_reduce,float,sum,-1,32768,8192,out_of_place,20,50,1,full,65.35,0.5,0.75,0,True,True,True,0,env NCCL_DEBUG=VERSION NCCL_ALGO=Ring NCCL_PROTO=Simple /root/nccl-tests/build/all_reduce_perf -b 16K -e 512K -f 2 -g 4 -w 20 -n 50 -c 1 -d float,results/raw/p5-dense-20260828T154940Z-21cf57f/all_reduce.ring-simple.full.r1.stdout.txt,,"[{""index"":0,""memory_total_mib"":23034,""name"":""NVIDIA L4"",""pci_bus_id"":""00000000:61:00.0"",""pcie_link_gen_current"":1,""pcie_link_gen_max"":4,""pcie_link_width_current"":16,""pcie_link_width_max"":16},{""index"":1,""memory_total_mib"":23034,""name"":""NVIDIA L4"",""pci_bus_id"":""00000000:81:00.0"",""pcie_link_gen_current"":1,""pcie_link_gen_max"":4,""pcie_link_width_current"":16,""pcie_link_width_max"":16},{""index"":2,""memory_total_mib"":23034,""name"":""NVIDIA L4"",""pci_bus_id"":""00000000:A1:00.0"",""pcie_link_gen_current"":1,""pcie_link_gen_max"":4,""pcie_link_width_current"":16,""pcie_link_width_max"":16},{""index"":3,""memory_total_mib"":23034,""name"":""NVIDIA L4"",""pci_bus_id"":""00000000:E1:00.0"",""pcie_link_gen_current"":1,""pcie_link_gen_max"":4,""pcie_link_width_current"":16,""pcie_link_width_max"":16}]","""\t\u001b[4mGPU0\tGPU1\tGPU2\tGPU3\tNIC0\tNIC1\tNIC2\tCPU Affinity\tNUMA Affinity\tGPU NUMA ID\u001b[0m\nGPU0\t X \tSYS\tSYS\tSYS\tNODE\tSYS\tSYS\t0-31,64-95\t0\t\tN/A\nGPU1\tSYS\t X \tNODE\tNODE\tSYS\tNODE\tNODE\t32-63,96-127\t1\t\tN/A\nGPU2\tSYS\tNODE\t X \tNODE\tSYS\tNODE\tNODE\t32-63,96-127\t1\t\tN/A\nGPU3\tSYS\tNODE\tNODE\t X \tSYS\tNODE\tNODE\t32-63,96-127\t1\t\tN/A\nNIC0\tNODE\tSYS\tSYS\tSYS\t X \tSYS\tSYS\t\t\t\t\nNIC1\tSYS\tNODE\tNODE\tNODE\tSYS\t X \tPIX\t\t\t\t\nNIC2\tSYS\tNODE\tNODE\tNODE\tSYS\tPIX\t X \t\t\t\t\n\nLegend:\n\n  X    = Self\n  SYS  = Connection traversing PCIe as well as the SMP interconnect between NUMA nodes (e.g., QPI/UPI)\n  NODE = Connection traversing PCIe as well as the interconnect between PCIe Host Bridges within a NUMA node\n  PHB  = Connection traversing PCIe as well as a PCIe Host Bridge (typically the CPU)\n  PXB  = Connection traversing multiple PCIe bridges (without traversing the PCIe Host Bridge)\n  PIX  = Connection traversing at most a single PCIe bridge\n  NV#  = Connection traversing a bonded set of # NVLinks\n\nNIC Legend:\n\n  NIC0: rocep35s0f0\n  NIC1: rocep194s0f0\n  NIC2: rocep194s0f1""","{""CUDA_HOME"":""/usr/local/cuda"",""NCCL_TESTS_DIR"":""/root/nccl-tests""}"
1,p5-dense-20260828T154940Z-21cf57f,phase5,2026-08-28T15:52:57Z,measured,21cf57fd902a607407505eb9d8dfad40a82dfd91,False,unknown,,c079194dceb5,Ubuntu 24.04.3 LTS,6.14.0-33-generic,AMD EPYC 7542 32-Core Processor,128,1,NVIDIA L4,4,NODE,none-single-node,False,,12.8,570.195.03,2.25.1+cuda12.8,NCCL_DEBUG=VERSION banner,,gcc (Ubuntu 13.3.0-6ubuntu2~24.04) 13.3.0,b4d5beebca8a76cf01335f724d154b9b9d394d96,ring-simple,Ring,Simple,"NCCL_ALGO=Ring,NCCL_PROTO=Simple",,,,,,,,,nccl-tests,all_reduce,float,sum,-1,32768,8192,in_place,20,50,1,full,65.44,0.5,0.75,0,True,True,True,0,env NCCL_DEBUG=VERSION NCCL_ALGO=Ring NCCL_PROTO=Simple /root/nccl-tests/build/all_reduce_perf -b 16K -e 512K -f 2 -g 4 -w 20 -n 50 -c 1 -d float,results/raw/p5-dense-20260828T154940Z-21cf57f/all_reduce.ring-simple.full.r1.stdout.txt,,"[{""index"":0,""memory_total_mib"":23034,""name"":""NVIDIA L4"",""pci_bus_id"":""00000000:61:00.0"",""pcie_link_gen_current"":1,""pcie_link_gen_max"":4,""pcie_link_width_current"":16,""pcie_link_width_max"":16},{""index"":1,""memory_total_mib"":23034,""name"":""NVIDIA L4"",""pci_bus_id"":""00000000:81:00.0"",""pcie_link_gen_current"":1,""pcie_link_gen_max"":4,""pcie_link_width_current"":16,""pcie_link_width_max"":16},{""index"":2,""memory_total_mib"":23034,""name"":""NVIDIA L4"",""pci_bus_id"":""00000000:A1:00.0"",""pcie_link_gen_current"":1,""pcie_link_gen_max"":4,""pcie_link_width_current"":16,""pcie_link_width_max"":16},{""index"":3,""memory_total_mib"":23034,""name"":""NVIDIA L4"",""pci_bus_id"":""00000000:E1:00.0"",""pcie_link_gen_current"":1,""pcie_link_gen_max"":4,""pcie_link_width_current"":16,""pcie_link_width_max"":16}]","""\t\u001b[4mGPU0\tGPU1\tGPU2\tGPU3\tNIC0\tNIC1\tNIC2\tCPU Affinity\tNUMA Affinity\tGPU NUMA ID\u001b[0m\nGPU0\t X \tSYS\tSYS\tSYS\tNODE\tSYS\tSYS\t0-31,64-95\t0\t\tN/A\nGPU1\tSYS\t X \tNODE\tNODE\tSYS\tNODE\tNODE\t32-63,96-127\t1\t\tN/A\nGPU2\tSYS\tNODE\t X \tNODE\tSYS\tNODE\tNODE\t32-63,96-127\t1\t\tN/A\nGPU3\tSYS\tNODE\tNODE\t X \tSYS\tNODE\tNODE\t32-63,96-127\t1\t\tN/A\nNIC0\tNODE\tSYS\tSYS\tSYS\t X \tSYS\tSYS\t\t\t\t\nNIC1\tSYS\tNODE\tNODE\tNODE\tSYS\t X \tPIX\t\t\t\t\nNIC2\tSYS\tNODE\tNODE\tNODE\tSYS\tPIX\t X \t\t\t\t\n\nLegend:\n\n  X    = Self\n  SYS  = Connection traversing PCIe as well as the SMP interconnect between NUMA nodes (e.g., QPI/UPI)\n  NODE = Connection traversing PCIe as well as the interconnect between PCIe Host Bridges within a NUMA node\n  PHB  = Connection traversing PCIe as well as a PCIe Host Bridge (typically the CPU)\n  PXB  = Connection traversing multiple PCIe bridges (without traversing the PCIe Host Bridge)\n  PIX  = Connection traversing at most a single PCIe bridge\n  NV#  = Connection traversing a bonded set of # NVLinks\n\nNIC Legend:\n\n  NIC0: rocep35s0f0\n  NIC1: rocep194s0f0\n  NIC2: rocep194s0f1""","{""CUDA_HOME"":""/usr/local/cuda"",""NCCL_TESTS_DIR"":""/root/nccl-tests""}"
1,p5-dense-20260828T154940Z-21cf57f,phase5,2026-08-28T15:52:57Z,measured,21cf57fd902a607407505eb9d8dfad40a82dfd91,False,unknown,,c079194dceb5,Ubuntu 24.04.3 LTS,6.14.0-33-generic,AMD EPYC 7542 32-Core Processor,128,1,NVIDIA L4,4,NODE,none-single-node,False,,12.8,570.195.03,2.25.1+cuda12.8,NCCL_DEBUG=VERSION banner,,gcc (Ubuntu 13.3.0-6ubuntu2~24.04) 13.3.0,b4d5beebca8a76cf01335f724d154b9b9d394d96,ring-simple,Ring,Simple,"NCCL_ALGO=Ring,NCCL_PROTO=Simple",,,,,,,,,nccl-tests,all_reduce,float,sum,-1,65536,16384,out_of_place,20,50,1,full,72.43,0.9,1.36,0,True,True,True,0,env NCCL_DEBUG=VERSION NCCL_ALGO=Ring NCCL_PROTO=Simple /root/nccl-tests/build/all_reduce_perf -b 16K -e 512K -f 2 -g 4 -w 20 -n 50 -c 1 -d float,results/raw/p5-dense-20260828T154940Z-21cf57f/all_reduce.ring-simple.full.r1.stdout.txt,,"[{""index"":0,""memory_total_mib"":23034,""name"":""NVIDIA L4"",""pci_bus_id"":""00000000:61:00.0"",""pcie_link_gen_current"":1,""pcie_link_gen_max"":4,""pcie_link_width_current"":16,""pcie_link_width_max"":16},{""index"":1,""memory_total_mib"":23034,""name"":""NVIDIA L4"",""pci_bus_id"":""00000000:81:00.0"",""pcie_link_gen_current"":1,""pcie_link_gen_max"":4,""pcie_link_width_current"":16,""pcie_link_width_max"":16},{""index"":2,""memory_total_mib"":23034,""name"":""NVIDIA L4"",""pci_bus_id"":""00000000:A1:00.0"",""pcie_link_gen_current"":1,""pcie_link_gen_max"":4,""pcie_link_width_current"":16,""pcie_link_width_max"":16},{""index"":3,""memory_total_mib"":23034,""name"":""NVIDIA L4"",""pci_bus_id"":""00000000:E1:00.0"",""pcie_link_gen_current"":1,""pcie_link_gen_max"":4,""pcie_link_width_current"":16,""pcie_link_width_max"":16}]","""\t\u001b[4mGPU0\tGPU1\tGPU2\tGPU3\tNIC0\tNIC1\tNIC2\tCPU Affinity\tNUMA Affinity\tGPU NUMA ID\u001b[0m\nGPU0\t X \tSYS\tSYS\tSYS\tNODE\tSYS\tSYS\t0-31,64-95\t0\t\tN/A\nGPU1\tSYS\t X \tNODE\tNODE\tSYS\tNODE\tNODE\t32-63,96-127\t1\t\tN/A\nGPU2\tSYS\tNODE\t X \tNODE\tSYS\tNODE\tNODE\t32-63,96-127\t1\t\tN/A\nGPU3\tSYS\tNODE\tNODE\t X \tSYS\tNODE\tNODE\t32-63,96-127\t1\t\tN/A\nNIC0\tNODE\tSYS\tSYS\tSYS\t X \tSYS\tSYS\t\t\t\t\nNIC1\tSYS\tNODE\tNODE\tNODE\tSYS\t X \tPIX\t\t\t\t\nNIC2\tSYS\tNODE\tNODE\tNODE\tSYS\tPIX\t X \t\t\t\t\n\nLegend:\n\n  X    = Self\n  SYS  = Connection traversing PCIe as well as the SMP interconnect between NUMA nodes (e.g., QPI/UPI)\n  NODE = Connection traversing PCIe as well as the interconnect between PCIe Host Bridges within a NUMA node\n  PHB  = Connection traversing PCIe as well as a PCIe Host Bridge (typically the CPU)\n  PXB  = Connection traversing multiple PCIe bridges (without traversing the PCIe Host Bridge)\n  PIX  = Connection traversing at most a single PCIe bridge\n  NV#  = Connection traversing a bonded set of # NVLinks\n\nNIC Legend:\n\n  NIC0: rocep35s0f0\n  NIC1: rocep194s0f0\n  NIC2: rocep194s0f1""","{""CUDA_HOME"":""/usr/local/cuda"",""NCCL_TESTS_DIR"":""/root/nccl-tests""}"
1,p5-dense-20260828T154940Z-21cf57f,phase5,2026-08-28T15:52:57Z,measured,21cf57fd902a607407505eb9d8dfad40a82dfd91,False,unknown,,c079194dceb5,Ubuntu 24.04.3 LTS,6.14.0-33-generic,AMD EPYC 7542 32-Core Processor,128,1,NVIDIA L4,4,NODE,none-single-node,False,,12.8,570.195.03,2.25.1+cuda12.8,NCCL_DEBUG=VERSION banner,,gcc (Ubuntu 13.3.0-6ubuntu2~24.04) 13.3.0,b4d5beebca8a76cf01335f724d154b9b9d394d96,ring-simple,Ring,Simple,"NCCL_ALGO=Ring,NCCL_PROTO=Simple",,,,,,,,,nccl-tests,all_reduce,float,sum,-1,65536,16384,in_place,20,50,1,full,73.21,0.9,1.34,0,True,True,True,0,env NCCL_DEBUG=VERSION NCCL_ALGO=Ring NCCL_PROTO=Simple /root/nccl-tests/build/all_reduce_perf -b 16K -e 512K -f 2 -g 4 -w 20 -n 50 -c 1 -d float,results/raw/p5-dense-20260828T154940Z-21cf57f/all_reduce.ring-simple.full.r1.stdout.txt,,"[{""index"":0,""memory_total_mib"":23034,""name"":""NVIDIA L4"",""pci_bus_id"":""00000000:61:00.0"",""pcie_link_gen_current"":1,""pcie_link_gen_max"":4,""pcie_link_width_current"":16,""pcie_link_width_max"":16},{""index"":1,""memory_total_mib"":23034,""name"":""NVIDIA L4"",""pci_bus_id"":""00000000:81:00.0"",""pcie_link_gen_current"":1,""pcie_link_gen_max"":4,""pcie_link_width_current"":16,""pcie_link_width_max"":16},{""index"":2,""memory_total_mib"":23034,""name"":""NVIDIA L4"",""pci_bus_id"":""00000000:A1:00.0"",""pcie_link_gen_current"":1,""pcie_link_gen_max"":4,""pcie_link_width_current"":16,""pcie_link_width_max"":16},{""index"":3,""memory_total_mib"":23034,""name"":""NVIDIA L4"",""pci_bus_id"":""00000000:E1:00.0"",""pcie_link_gen_current"":1,""pcie_link_gen_max"":4,""pcie_link_width_current"":16,""pcie_link_width_max"":16}]","""\t\u001b[4mGPU0\tGPU1\tGPU2\tGPU3\tNIC0\tNIC1\tNIC2\tCPU Affinity\tNUMA Affinity\tGPU NUMA ID\u001b[0m\nGPU0\t X \tSYS\tSYS\tSYS\tNODE\tSYS\tSYS\t0-31,64-95\t0\t\tN/A\nGPU1\tSYS\t X \tNODE\tNODE\tSYS\tNODE\tNODE\t32-63,96-127\t1\t\tN/A\nGPU2\tSYS\tNODE\t X \tNODE\tSYS\tNODE\tNODE\t32-63,96-127\t1\t\tN/A\nGPU3\tSYS\tNODE\tNODE\t X \tSYS\tNODE\tNODE\t32-63,96-127\t1\t\tN/A\nNIC0\tNODE\tSYS\tSYS\tSYS\t X \tSYS\tSYS\t\t\t\t\nNIC1\tSYS\tNODE\tNODE\tNODE\tSYS\t X \tPIX\t\t\t\t\nNIC2\tSYS\tNODE\tNODE\tNODE\tSYS\tPIX\t X \t\t\t\t\n\nLegend:\n\n  X    = Self\n  SYS  = Connection traversing PCIe as well as the SMP interconnect between NUMA nodes (e.g., QPI/UPI)\n  NODE = Connection traversing PCIe as well as the interconnect between PCIe Host Bridges within a NUMA node\n  PHB  = Connection traversing PCIe as well as a PCIe Host Bridge (typically the CPU)\n  PXB  = Connection traversing multiple PCIe bridges (without traversing the PCIe Host Bridge)\n  PIX  = Connection traversing at most a single PCIe bridge\n  NV#  = Connection traversing a bonded set of # NVLinks\n\nNIC Legend:\n\n  NIC0: rocep35s0f0\n  NIC1: rocep194s0f0\n  NIC2: rocep194s0f1""","{""CUDA_HOME"":""/usr/local/cuda"",""NCCL_TESTS_DIR"":""/root/nccl-tests""}"
1,p5-dense-20260828T154940Z-21cf57f,phase5,2026-08-28T15:52:57Z,measured,21cf57fd902a607407505eb9d8dfad40a82dfd91,False,unknown,,c079194dceb5,Ubuntu 24.04.3 LTS,6.14.0-33-generic,AMD EPYC 7542 32-Core Processor,128,1,NVIDIA L4,4,NODE,none-single-node,False,,12.8,570.195.03,2.25.1+cuda12.8,NCCL_DEBUG=VERSION banner,,gcc (Ubuntu 13.3.0-6ubuntu2~24.04) 13.3.0,b4d5beebca8a76cf01335f724d154b9b9d394d96,ring-simple,Ring,Simple,"NCCL_ALGO=Ring,NCCL_PROTO=Simple",,,,,,,,,nccl-tests,all_reduce,float,sum,-1,131072,32768,out_of_place,20,50,1,full,97.73,1.34,2.01,0,True,True,True,0,env NCCL_DEBUG=VERSION NCCL_ALGO=Ring NCCL_PROTO=Simple /root/nccl-tests/build/all_reduce_perf -b 16K -e 512K -f 2 -g 4 -w 20 -n 50 -c 1 -d float,results/raw/p5-dense-20260828T154940Z-21cf57f/all_reduce.ring-simple.full.r1.stdout.txt,,"[{""index"":0,""memory_total_mib"":23034,""name"":""NVIDIA L4"",""pci_bus_id"":""00000000:61:00.0"",""pcie_link_gen_current"":1,""pcie_link_gen_max"":4,""pcie_link_width_current"":16,""pcie_link_width_max"":16},{""index"":1,""memory_total_mib"":23034,""name"":""NVIDIA L4"",""pci_bus_id"":""00000000:81:00.0"",""pcie_link_gen_current"":1,""pcie_link_gen_max"":4,""pcie_link_width_current"":16,""pcie_link_width_max"":16},{""index"":2,""memory_total_mib"":23034,""name"":""NVIDIA L4"",""pci_bus_id"":""00000000:A1:00.0"",""pcie_link_gen_current"":1,""pcie_link_gen_max"":4,""pcie_link_width_current"":16,""pcie_link_width_max"":16},{""index"":3,""memory_total_mib"":23034,""name"":""NVIDIA L4"",""pci_bus_id"":""00000000:E1:00.0"",""pcie_link_gen_current"":1,""pcie_link_gen_max"":4,""pcie_link_width_current"":16,""pcie_link_width_max"":16}]","""\t\u001b[4mGPU0\tGPU1\tGPU2\tGPU3\tNIC0\tNIC1\tNIC2\tCPU Affinity\tNUMA Affinity\tGPU NUMA ID\u001b[0m\nGPU0\t X \tSYS\tSYS\tSYS\tNODE\tSYS\tSYS\t0-31,64-95\t0\t\tN/A\nGPU1\tSYS\t X \tNODE\tNODE\tSYS\tNODE\tNODE\t32-63,96-127\t1\t\tN/A\nGPU2\tSYS\tNODE\t X \tNODE\tSYS\tNODE\tNODE\t32-63,96-127\t1\t\tN/A\nGPU3\tSYS\tNODE\tNODE\t X \tSYS\tNODE\tNODE\t32-63,96-127\t1\t\tN/A\nNIC0\tNODE\tSYS\tSYS\tSYS\t X \tSYS\tSYS\t\t\t\t\nNIC1\tSYS\tNODE\tNODE\tNODE\tSYS\t X \tPIX\t\t\t\t\nNIC2\tSYS\tNODE\tNODE\tNODE\tSYS\tPIX\t X \t\t\t\t\n\nLegend:\n\n  X    = Self\n  SYS  = Connection traversing PCIe as well as the SMP interconnect between NUMA nodes (e.g., QPI/UPI)\n  NODE = Connection traversing PCIe as well as the interconnect between PCIe Host Bridges within a NUMA node\n  PHB  = Connection traversing PCIe as well as a PCIe Host Bridge (typically the CPU)\n  PXB  = Connection traversing multiple PCIe bridges (without traversing the PCIe Host Bridge)\n  PIX  = Connection traversing at most a single PCIe bridge\n  NV#  = Connection traversing a bonded set of # NVLinks\n\nNIC Legend:\n\n  NIC0: rocep35s0f0\n  NIC1: rocep194s0f0\n  NIC2: rocep194s0f1""","{""CUDA_HOME"":""/usr/local/cuda"",""NCCL_TESTS_DIR"":""/root/nccl-tests""}"
1,p5-dense-20260828T154940Z-21cf57f,phase5,2026-08-28T15:52:57Z,measured,21cf57fd902a607407505eb9d8dfad40a82dfd91,False,unknown,,c079194dceb5,Ubuntu 24.04.3 LTS,6.14.0-33-generic,AMD EPYC 7542 32-Core Processor,128,1,NVIDIA L4,4,NODE,none-single-node,False,,12.8,570.195.03,2.25.1+cuda12.8,NCCL_DEBUG=VERSION banner,,gcc (Ubuntu 13.3.0-6ubuntu2~24.04) 13.3.0,b4d5beebca8a76cf01335f724d154b9b9d394d96,ring-simple,Ring,Simple,"NCCL_ALGO=Ring,NCCL_PROTO=Simple",,,,,,,,,nccl-tests,all_reduce,float,sum,-1,131072,32768,in_place,20,50,1,full,91.95,1.43,2.14,0,True,True,True,0,env NCCL_DEBUG=VERSION NCCL_ALGO=Ring NCCL_PROTO=Simple /root/nccl-tests/build/all_reduce_perf -b 16K -e 512K -f 2 -g 4 -w 20 -n 50 -c 1 -d float,results/raw/p5-dense-20260828T154940Z-21cf57f/all_reduce.ring-simple.full.r1.stdout.txt,,"[{""index"":0,""memory_total_mib"":23034,""name"":""NVIDIA L4"",""pci_bus_id"":""00000000:61:00.0"",""pcie_link_gen_current"":1,""pcie_link_gen_max"":4,""pcie_link_width_current"":16,""pcie_link_width_max"":16},{""index"":1,""memory_total_mib"":23034,""name"":""NVIDIA L4"",""pci_bus_id"":""00000000:81:00.0"",""pcie_link_gen_current"":1,""pcie_link_gen_max"":4,""pcie_link_width_current"":16,""pcie_link_width_max"":16},{""index"":2,""memory_total_mib"":23034,""name"":""NVIDIA L4"",""pci_bus_id"":""00000000:A1:00.0"",""pcie_link_gen_current"":1,""pcie_link_gen_max"":4,""pcie_link_width_current"":16,""pcie_link_width_max"":16},{""index"":3,""memory_total_mib"":23034,""name"":""NVIDIA L4"",""pci_bus_id"":""00000000:E1:00.0"",""pcie_link_gen_current"":1,""pcie_link_gen_max"":4,""pcie_link_width_current"":16,""pcie_link_width_max"":16}]","""\t\u001b[4mGPU0\tGPU1\tGPU2\tGPU3\tNIC0\tNIC1\tNIC2\tCPU Affinity\tNUMA Affinity\tGPU NUMA ID\u001b[0m\nGPU0\t X \tSYS\tSYS\tSYS\tNODE\tSYS\tSYS\t0-31,64-95\t0\t\tN/A\nGPU1\tSYS\t X \tNODE\tNODE\tSYS\tNODE\tNODE\t32-63,96-127\t1\t\tN/A\nGPU2\tSYS\tNODE\t X \tNODE\tSYS\tNODE\tNODE\t32-63,96-127\t1\t\tN/A\nGPU3\tSYS\tNODE\tNODE\t X \tSYS\tNODE\tNODE\t32-63,96-127\t1\t\tN/A\nNIC0\tNODE\tSYS\tSYS\tSYS\t X \tSYS\tSYS\t\t\t\t\nNIC1\tSYS\tNODE\tNODE\tNODE\tSYS\t X \tPIX\t\t\t\t\nNIC2\tSYS\tNODE\tNODE\tNODE\tSYS\tPIX\t X \t\t\t\t\n\nLegend:\n\n  X    = Self\n  SYS  = Connection traversing PCIe as well as the SMP interconnect between NUMA nodes (e.g., QPI/UPI)\n  NODE = Connection traversing PCIe as well as the interconnect between PCIe Host Bridges within a NUMA node\n  PHB  = Connection traversing PCIe as well as a PCIe Host Bridge (typically the CPU)\n  PXB  = Connection traversing multiple PCIe bridges (without traversing the PCIe Host Bridge)\n  PIX  = Connection traversing at most a single PCIe bridge\n  NV#  = Connection traversing a bonded set of # NVLinks\n\nNIC Legend:\n\n  NIC0: rocep35s0f0\n  NIC1: rocep194s0f0\n  NIC2: rocep194s0f1""","{""CUDA_HOME"":""/usr/local/cuda"",""NCCL_TESTS_DIR"":""/root/nccl-tests""}"
1,p5-dense-20260828T154940Z-21cf57f,phase5,2026-08-28T15:52:57Z,measured,21cf57fd902a607407505eb9d8dfad40a82dfd91,False,unknown,,c079194dceb5,Ubuntu 24.04.3 LTS,6.14.0-33-generic,AMD EPYC 7542 32-Core Processor,128,1,NVIDIA L4,4,NODE,none-single-node,False,,12.8,570.195.03,2.25.1+cuda12.8,NCCL_DEBUG=VERSION banner,,gcc (Ubuntu 13.3.0-6ubuntu2~24.04) 13.3.0,b4d5beebca8a76cf01335f724d154b9b9d394d96,ring-simple,Ring,Simple,"NCCL_ALGO=Ring,NCCL_PROTO=Simple",,,,,,,,,nccl-tests,all_reduce,float,sum,-1,262144,65536,out_of_place,20,50,1,full,148.72,1.76,2.64,0,True,True,True,0,env NCCL_DEBUG=VERSION NCCL_ALGO=Ring NCCL_PROTO=Simple /root/nccl-tests/build/all_reduce_perf -b 16K -e 512K -f 2 -g 4 -w 20 -n 50 -c 1 -d float,results/raw/p5-dense-20260828T154940Z-21cf57f/all_reduce.ring-simple.full.r1.stdout.txt,,"[{""index"":0,""memory_total_mib"":23034,""name"":""NVIDIA L4"",""pci_bus_id"":""00000000:61:00.0"",""pcie_link_gen_current"":1,""pcie_link_gen_max"":4,""pcie_link_width_current"":16,""pcie_link_width_max"":16},{""index"":1,""memory_total_mib"":23034,""name"":""NVIDIA L4"",""pci_bus_id"":""00000000:81:00.0"",""pcie_link_gen_current"":1,""pcie_link_gen_max"":4,""pcie_link_width_current"":16,""pcie_link_width_max"":16},{""index"":2,""memory_total_mib"":23034,""name"":""NVIDIA L4"",""pci_bus_id"":""00000000:A1:00.0"",""pcie_link_gen_current"":1,""pcie_link_gen_max"":4,""pcie_link_width_current"":16,""pcie_link_width_max"":16},{""index"":3,""memory_total_mib"":23034,""name"":""NVIDIA L4"",""pci_bus_id"":""00000000:E1:00.0"",""pcie_link_gen_current"":1,""pcie_link_gen_max"":4,""pcie_link_width_current"":16,""pcie_link_width_max"":16}]","""\t\u001b[4mGPU0\tGPU1\tGPU2\tGPU3\tNIC0\tNIC1\tNIC2\tCPU Affinity\tNUMA Affinity\tGPU NUMA ID\u001b[0m\nGPU0\t X \tSYS\tSYS\tSYS\tNODE\tSYS\tSYS\t0-31,64-95\t0\t\tN/A\nGPU1\tSYS\t X \tNODE\tNODE\tSYS\tNODE\tNODE\t32-63,96-127\t1\t\tN/A\nGPU2\tSYS\tNODE\t X \tNODE\tSYS\tNODE\tNODE\t32-63,96-127\t1\t\tN/A\nGPU3\tSYS\tNODE\tNODE\t X \tSYS\tNODE\tNODE\t32-63,96-127\t1\t\tN/A\nNIC0\tNODE\tSYS\tSYS\tSYS\t X \tSYS\tSYS\t\t\t\t\nNIC1\tSYS\tNODE\tNODE\tNODE\tSYS\t X \tPIX\t\t\t\t\nNIC2\tSYS\tNODE\tNODE\tNODE\tSYS\tPIX\t X \t\t\t\t\n\nLegend:\n\n  X    = Self\n  SYS  = Connection traversing PCIe as well as the SMP interconnect between NUMA nodes (e.g., QPI/UPI)\n  NODE = Connection traversing PCIe as well as the interconnect between PCIe Host Bridges within a NUMA node\n  PHB  = Connection traversing PCIe as well as a PCIe Host Bridge (typically the CPU)\n  PXB  = Connection traversing multiple PCIe bridges (without traversing the PCIe Host Bridge)\n  PIX  = Connection traversing at most a single PCIe bridge\n  NV#  = Connection traversing a bonded set of # NVLinks\n\nNIC Legend:\n\n  NIC0: rocep35s0f0\n  NIC1: rocep194s0f0\n  NIC2: rocep194s0f1""","{""CUDA_HOME"":""/usr/local/cuda"",""NCCL_TESTS_DIR"":""/root/nccl-tests""}"
1,p5-dense-20260828T154940Z-21cf57f,phase5,2026-08-28T15:52:57Z,measured,21cf57fd902a607407505eb9d8dfad40a82dfd91,False,unknown,,c079194dceb5,Ubuntu 24.04.3 LTS,6.14.0-33-generic,AMD EPYC 7542 32-Core Processor,128,1,NVIDIA L4,4,NODE,none-single-node,False,,12.8,570.195.03,2.25.1+cuda12.8,NCCL_DEBUG=VERSION banner,,gcc (Ubuntu 13.3.0-6ubuntu2~24.04) 13.3.0,b4d5beebca8a76cf01335f724d154b9b9d394d96,ring-simple,Ring,Simple,"NCCL_ALGO=Ring,NCCL_PROTO=Simple",,,,,,,,,nccl-tests,all_reduce,float,sum,-1,262144,65536,in_place,20,50,1,full,155.82,1.68,2.52,0,True,True,True,0,env NCCL_DEBUG=VERSION NCCL_ALGO=Ring NCCL_PROTO=Simple /root/nccl-tests/build/all_reduce_perf -b 16K -e 512K -f 2 -g 4 -w 20 -n 50 -c 1 -d float,results/raw/p5-dense-20260828T154940Z-21cf57f/all_reduce.ring-simple.full.r1.stdout.txt,,"[{""index"":0,""memory_total_mib"":23034,""name"":""NVIDIA L4"",""pci_bus_id"":""00000000:61:00.0"",""pcie_link_gen_current"":1,""pcie_link_gen_max"":4,""pcie_link_width_current"":16,""pcie_link_width_max"":16},{""index"":1,""memory_total_mib"":23034,""name"":""NVIDIA L4"",""pci_bus_id"":""00000000:81:00.0"",""pcie_link_gen_current"":1,""pcie_link_gen_max"":4,""pcie_link_width_current"":16,""pcie_link_width_max"":16},{""index"":2,""memory_total_mib"":23034,""name"":""NVIDIA L4"",""pci_bus_id"":""00000000:A1:00.0"",""pcie_link_gen_current"":1,""pcie_link_gen_max"":4,""pcie_link_width_current"":16,""pcie_link_width_max"":16},{""index"":3,""memory_total_mib"":23034,""name"":""NVIDIA L4"",""pci_bus_id"":""00000000:E1:00.0"",""pcie_link_gen_current"":1,""pcie_link_gen_max"":4,""pcie_link_width_current"":16,""pcie_link_width_max"":16}]","""\t\u001b[4mGPU0\tGPU1\tGPU2\tGPU3\tNIC0\tNIC1\tNIC2\tCPU Affinity\tNUMA Affinity\tGPU NUMA ID\u001b[0m\nGPU0\t X \tSYS\tSYS\tSYS\tNODE\tSYS\tSYS\t0-31,64-95\t0\t\tN/A\nGPU1\tSYS\t X \tNODE\tNODE\tSYS\tNODE\tNODE\t32-63,96-127\t1\t\tN/A\nGPU2\tSYS\tNODE\t X \tNODE\tSYS\tNODE\tNODE\t32-63,96-127\t1\t\tN/A\nGPU3\tSYS\tNODE\tNODE\t X \tSYS\tNODE\tNODE\t32-63,96-127\t1\t\tN/A\nNIC0\tNODE\tSYS\tSYS\tSYS\t X \tSYS\tSYS\t\t\t\t\nNIC1\tSYS\tNODE\tNODE\tNODE\tSYS\t X \tPIX\t\t\t\t\nNIC2\tSYS\tNODE\tNODE\tNODE\tSYS\tPIX\t X \t\t\t\t\n\nLegend:\n\n  X    = Self\n  SYS  = Connection traversing PCIe as well as the SMP interconnect between NUMA nodes (e.g., QPI/UPI)\n  NODE = Connection traversing PCIe as well as the interconnect between PCIe Host Bridges within a NUMA node\n  PHB  = Connection traversing PCIe as well as a PCIe Host Bridge (typically the CPU)\n  PXB  = Connection traversing multiple PCIe bridges (without traversing the PCIe Host Bridge)\n  PIX  = Connection traversing at most a single PCIe bridge\n  NV#  = Connection traversing a bonded set of # NVLinks\n\nNIC Legend:\n\n  NIC0: rocep35s0f0\n  NIC1: rocep194s0f0\n  NIC2: rocep194s0f1""","{""CUDA_HOME"":""/usr/local/cuda"",""NCCL_TESTS_DIR"":""/root/nccl-tests""}"
1,p5-dense-20260828T154940Z-21cf57f,phase5,2026-08-28T15:52:57Z,measured,21cf57fd902a607407505eb9d8dfad40a82dfd91,False,unknown,,c079194dceb5,Ubuntu 24.04.3 LTS,6.14.0-33-generic,AMD EPYC 7542 32-Core Processor,128,1,NVIDIA L4,4,NODE,none-single-node,False,,12.8,570.195.03,2.25.1+cuda12.8,NCCL_DEBUG=VERSION banner,,gcc (Ubuntu 13.3.0-6ubuntu2~24.04) 13.3.0,b4d5beebca8a76cf01335f724d154b9b9d394d96,ring-simple,Ring,Simple,"NCCL_ALGO=Ring,NCCL_PROTO=Simple",,,,,,,,,nccl-tests,all_reduce,float,sum,-1,524288,131072,out_of_place,20,50,1,full,279.98,1.87,2.81,0,True,True,True,0,env NCCL_DEBUG=VERSION NCCL_ALGO=Ring NCCL_PROTO=Simple /root/nccl-tests/build/all_reduce_perf -b 16K -e 512K -f 2 -g 4 -w 20 -n 50 -c 1 -d float,results/raw/p5-dense-20260828T154940Z-21cf57f/all_reduce.ring-simple.full.r1.stdout.txt,,"[{""index"":0,""memory_total_mib"":23034,""name"":""NVIDIA L4"",""pci_bus_id"":""00000000:61:00.0"",""pcie_link_gen_current"":1,""pcie_link_gen_max"":4,""pcie_link_width_current"":16,""pcie_link_width_max"":16},{""index"":1,""memory_total_mib"":23034,""name"":""NVIDIA L4"",""pci_bus_id"":""00000000:81:00.0"",""pcie_link_gen_current"":1,""pcie_link_gen_max"":4,""pcie_link_width_current"":16,""pcie_link_width_max"":16},{""index"":2,""memory_total_mib"":23034,""name"":""NVIDIA L4"",""pci_bus_id"":""00000000:A1:00.0"",""pcie_link_gen_current"":1,""pcie_link_gen_max"":4,""pcie_link_width_current"":16,""pcie_link_width_max"":16},{""index"":3,""memory_total_mib"":23034,""name"":""NVIDIA L4"",""pci_bus_id"":""00000000:E1:00.0"",""pcie_link_gen_current"":1,""pcie_link_gen_max"":4,""pcie_link_width_current"":16,""pcie_link_width_max"":16}]","""\t\u001b[4mGPU0\tGPU1\tGPU2\tGPU3\tNIC0\tNIC1\tNIC2\tCPU Affinity\tNUMA Affinity\tGPU NUMA ID\u001b[0m\nGPU0\t X \tSYS\tSYS\tSYS\tNODE\tSYS\tSYS\t0-31,64-95\t0\t\tN/A\nGPU1\tSYS\t X \tNODE\tNODE\tSYS\tNODE\tNODE\t32-63,96-127\t1\t\tN/A\nGPU2\tSYS\tNODE\t X \tNODE\tSYS\tNODE\tNODE\t32-63,96-127\t1\t\tN/A\nGPU3\tSYS\tNODE\tNODE\t X \tSYS\tNODE\tNODE\t32-63,96-127\t1\t\tN/A\nNIC0\tNODE\tSYS\tSYS\tSYS\t X \tSYS\tSYS\t\t\t\t\nNIC1\tSYS\tNODE\tNODE\tNODE\tSYS\t X \tPIX\t\t\t\t\nNIC2\tSYS\tNODE\tNODE\tNODE\tSYS\tPIX\t X \t\t\t\t\n\nLegend:\n\n  X    = Self\n  SYS  = Connection traversing PCIe as well as the SMP interconnect between NUMA nodes (e.g., QPI/UPI)\n  NODE = Connection traversing PCIe as well as the interconnect between PCIe Host Bridges within a NUMA node\n  PHB  = Connection traversing PCIe as well as a PCIe Host Bridge (typically the CPU)\n  PXB  = Connection traversing multiple PCIe bridges (without traversing the PCIe Host Bridge)\n  PIX  = Connection traversing at most a single PCIe bridge\n  NV#  = Connection traversing a bonded set of # NVLinks\n\nNIC Legend:\n\n  NIC0: rocep35s0f0\n  NIC1: rocep194s0f0\n  NIC2: rocep194s0f1""","{""CUDA_HOME"":""/usr/local/cuda"",""NCCL_TESTS_DIR"":""/root/nccl-tests""}"
1,p5-dense-20260828T154940Z-21cf57f,phase5,2026-08-28T15:52:57Z,measured,21cf57fd902a607407505eb9d8dfad40a82dfd91,False,unknown,,c079194dceb5,Ubuntu 24.04.3 LTS,6.14.0-33-generic,AMD EPYC 7542 32-Core Processor,128,1,NVIDIA L4,4,NODE,none-single-node,False,,12.8,570.195.03,2.25.1+cuda12.8,NCCL_DEBUG=VERSION banner,,gcc (Ubuntu 13.3.0-6ubuntu2~24.04) 13.3.0,b4d5beebca8a76cf01335f724d154b9b9d394d96,ring-simple,Ring,Simple,"NCCL_ALGO=Ring,NCCL_PROTO=Simple",,,,,,,,,nccl-tests,all_reduce,float,sum,-1,524288,131072,in_place,20,50,1,full,282.44,1.86,2.78,0,True,True,True,0,env NCCL_DEBUG=VERSION NCCL_ALGO=Ring NCCL_PROTO=Simple /root/nccl-tests/build/all_reduce_perf -b 16K -e 512K -f 2 -g 4 -w 20 -n 50 -c 1 -d float,results/raw/p5-dense-20260828T154940Z-21cf57f/all_reduce.ring-simple.full.r1.stdout.txt,,"[{""index"":0,""memory_total_mib"":23034,""name"":""NVIDIA L4"",""pci_bus_id"":""00000000:61:00.0"",""pcie_link_gen_current"":1,""pcie_link_gen_max"":4,""pcie_link_width_current"":16,""pcie_link_width_max"":16},{""index"":1,""memory_total_mib"":23034,""name"":""NVIDIA L4"",""pci_bus_id"":""00000000:81:00.0"",""pcie_link_gen_current"":1,""pcie_link_gen_max"":4,""pcie_link_width_current"":16,""pcie_link_width_max"":16},{""index"":2,""memory_total_mib"":23034,""name"":""NVIDIA L4"",""pci_bus_id"":""00000000:A1:00.0"",""pcie_link_gen_current"":1,""pcie_link_gen_max"":4,""pcie_link_width_current"":16,""pcie_link_width_max"":16},{""index"":3,""memory_total_mib"":23034,""name"":""NVIDIA L4"",""pci_bus_id"":""00000000:E1:00.0"",""pcie_link_gen_current"":1,""pcie_link_gen_max"":4,""pcie_link_width_current"":16,""pcie_link_width_max"":16}]","""\t\u001b[4mGPU0\tGPU1\tGPU2\tGPU3\tNIC0\tNIC1\tNIC2\tCPU Affinity\tNUMA Affinity\tGPU NUMA ID\u001b[0m\nGPU0\t X \tSYS\tSYS\tSYS\tNODE\tSYS\tSYS\t0-31,64-95\t0\t\tN/A\nGPU1\tSYS\t X \tNODE\tNODE\tSYS\tNODE\tNODE\t32-63,96-127\t1\t\tN/A\nGPU2\tSYS\tNODE\t X \tNODE\tSYS\tNODE\tNODE\t32-63,96-127\t1\t\tN/A\nGPU3\tSYS\tNODE\tNODE\t X \tSYS\tNODE\tNODE\t32-63,96-127\t1\t\tN/A\nNIC0\tNODE\tSYS\tSYS\tSYS\t X \tSYS\tSYS\t\t\t\t\nNIC1\tSYS\tNODE\tNODE\tNODE\tSYS\t X \tPIX\t\t\t\t\nNIC2\tSYS\tNODE\tNODE\tNODE\tSYS\tPIX\t X \t\t\t\t\n\nLegend:\n\n  X    = Self\n  SYS  = Connection traversing PCIe as well as the SMP interconnect between NUMA nodes (e.g., QPI/UPI)\n  NODE = Connection traversing PCIe as well as the interconnect between PCIe Host Bridges within a NUMA node\n  PHB  = Connection traversing PCIe as well as a PCIe Host Bridge (typically the CPU)\n  PXB  = Connection traversing multiple PCIe bridges (without traversing the PCIe Host Bridge)\n  PIX  = Connection traversing at most a single PCIe bridge\n  NV#  = Connection traversing a bonded set of # NVLinks\n\nNIC Legend:\n\n  NIC0: rocep35s0f0\n  NIC1: rocep194s0f0\n  NIC2: rocep194s0f1""","{""CUDA_HOME"":""/usr/local/cuda"",""NCCL_TESTS_DIR"":""/root/nccl-tests""}"
1,p5-dense-20260828T154940Z-21cf57f,phase5,2026-08-28T15:53:00Z,measured,21cf57fd902a607407505eb9d8dfad40a82dfd91,False,unknown,,c079194dceb5,Ubuntu 24.04.3 LTS,6.14.0-33-generic,AMD EPYC 7542 32-Core Processor,128,1,NVIDIA L4,4,NODE,none-single-node,False,,12.8,570.195.03,2.25.1+cuda12.8,NCCL_DEBUG=VERSION banner,,gcc (Ubuntu 13.3.0-6ubuntu2~24.04) 13.3.0,b4d5beebca8a76cf01335f724d154b9b9d394d96,ring-simple,Ring,Simple,"NCCL_ALGO=Ring,NCCL_PROTO=Simple",,,,,,,,,nccl-tests,all_reduce,float,sum,-1,16384,4096,out_of_place,20,50,2,full,55.26,0.3,0.44,0,True,True,True,0,env NCCL_DEBUG=VERSION NCCL_ALGO=Ring NCCL_PROTO=Simple /root/nccl-tests/build/all_reduce_perf -b 16K -e 512K -f 2 -g 4 -w 20 -n 50 -c 1 -d float,results/raw/p5-dense-20260828T154940Z-21cf57f/all_reduce.ring-simple.full.r2.stdout.txt,,"[{""index"":0,""memory_total_mib"":23034,""name"":""NVIDIA L4"",""pci_bus_id"":""00000000:61:00.0"",""pcie_link_gen_current"":1,""pcie_link_gen_max"":4,""pcie_link_width_current"":16,""pcie_link_width_max"":16},{""index"":1,""memory_total_mib"":23034,""name"":""NVIDIA L4"",""pci_bus_id"":""00000000:81:00.0"",""pcie_link_gen_current"":1,""pcie_link_gen_max"":4,""pcie_link_width_current"":16,""pcie_link_width_max"":16},{""index"":2,""memory_total_mib"":23034,""name"":""NVIDIA L4"",""pci_bus_id"":""00000000:A1:00.0"",""pcie_link_gen_current"":1,""pcie_link_gen_max"":4,""pcie_link_width_current"":16,""pcie_link_width_max"":16},{""index"":3,""memory_total_mib"":23034,""name"":""NVIDIA L4"",""pci_bus_id"":""00000000:E1:00.0"",""pcie_link_gen_current"":1,""pcie_link_gen_max"":4,""pcie_link_width_current"":16,""pcie_link_width_max"":16}]","""\t\u001b[4mGPU0\tGPU1\tGPU2\tGPU3\tNIC0\tNIC1\tNIC2\tCPU Affinity\tNUMA Affinity\tGPU NUMA ID\u001b[0m\nGPU0\t X \tSYS\tSYS\tSYS\tNODE\tSYS\tSYS\t0-31,64-95\t0\t\tN/A\nGPU1\tSYS\t X \tNODE\tNODE\tSYS\tNODE\tNODE\t32-63,96-127\t1\t\tN/A\nGPU2\tSYS\tNODE\t X \tNODE\tSYS\tNODE\tNODE\t32-63,96-127\t1\t\tN/A\nGPU3\tSYS\tNODE\tNODE\t X \tSYS\tNODE\tNODE\t32-63,96-127\t1\t\tN/A\nNIC0\tNODE\tSYS\tSYS\tSYS\t X \tSYS\tSYS\t\t\t\t\nNIC1\tSYS\tNODE\tNODE\tNODE\tSYS\t X \tPIX\t\t\t\t\nNIC2\tSYS\tNODE\tNODE\tNODE\tSYS\tPIX\t X \t\t\t\t\n\nLegend:\n\n  X    = Self\n  SYS  = Connection traversing PCIe as well as the SMP interconnect between NUMA nodes (e.g., QPI/UPI)\n  NODE = Connection traversing PCIe as well as the interconnect between PCIe Host Bridges within a NUMA node\n  PHB  = Connection traversing PCIe as well as a PCIe Host Bridge (typically the CPU)\n  PXB  = Connection traversing multiple PCIe bridges (without traversing the PCIe Host Bridge)\n  PIX  = Connection traversing at most a single PCIe bridge\n  NV#  = Connection traversing a bonded set of # NVLinks\n\nNIC Legend:\n\n  NIC0: rocep35s0f0\n  NIC1: rocep194s0f0\n  NIC2: rocep194s0f1""","{""CUDA_HOME"":""/usr/local/cuda"",""NCCL_TESTS_DIR"":""/root/nccl-tests""}"
1,p5-dense-20260828T154940Z-21cf57f,phase5,2026-08-28T15:53:00Z,measured,21cf57fd902a607407505eb9d8dfad40a82dfd91,False,unknown,,c079194dceb5,Ubuntu 24.04.3 LTS,6.14.0-33-generic,AMD EPYC 7542 32-Core Processor,128,1,NVIDIA L4,4,NODE,none-single-node,False,,12.8,570.195.03,2.25.1+cuda12.8,NCCL_DEBUG=VERSION banner,,gcc (Ubuntu 13.3.0-6ubuntu2~24.04) 13.3.0,b4d5beebca8a76cf01335f724d154b9b9d394d96,ring-simple,Ring,Simple,"NCCL_ALGO=Ring,NCCL_PROTO=Simple",,,,,,,,,nccl-tests,all_reduce,float,sum,-1,16384,4096,in_place,20,50,2,full,55.04,0.3,0.45,0,True,True,True,0,env NCCL_DEBUG=VERSION NCCL_ALGO=Ring NCCL_PROTO=Simple /root/nccl-tests/build/all_reduce_perf -b 16K -e 512K -f 2 -g 4 -w 20 -n 50 -c 1 -d float,results/raw/p5-dense-20260828T154940Z-21cf57f/all_reduce.ring-simple.full.r2.stdout.txt,,"[{""index"":0,""memory_total_mib"":23034,""name"":""NVIDIA L4"",""pci_bus_id"":""00000000:61:00.0"",""pcie_link_gen_current"":1,""pcie_link_gen_max"":4,""pcie_link_width_current"":16,""pcie_link_width_max"":16},{""index"":1,""memory_total_mib"":23034,""name"":""NVIDIA L4"",""pci_bus_id"":""00000000:81:00.0"",""pcie_link_gen_current"":1,""pcie_link_gen_max"":4,""pcie_link_width_current"":16,""pcie_link_width_max"":16},{""index"":2,""memory_total_mib"":23034,""name"":""NVIDIA L4"",""pci_bus_id"":""00000000:A1:00.0"",""pcie_link_gen_current"":1,""pcie_link_gen_max"":4,""pcie_link_width_current"":16,""pcie_link_width_max"":16},{""index"":3,""memory_total_mib"":23034,""name"":""NVIDIA L4"",""pci_bus_id"":""00000000:E1:00.0"",""pcie_link_gen_current"":1,""pcie_link_gen_max"":4,""pcie_link_width_current"":16,""pcie_link_width_max"":16}]","""\t\u001b[4mGPU0\tGPU1\tGPU2\tGPU3\tNIC0\tNIC1\tNIC2\tCPU Affinity\tNUMA Affinity\tGPU NUMA ID\u001b[0m\nGPU0\t X \tSYS\tSYS\tSYS\tNODE\tSYS\tSYS\t0-31,64-95\t0\t\tN/A\nGPU1\tSYS\t X \tNODE\tNODE\tSYS\tNODE\tNODE\t32-63,96-127\t1\t\tN/A\nGPU2\tSYS\tNODE\t X \tNODE\tSYS\tNODE\tNODE\t32-63,96-127\t1\t\tN/A\nGPU3\tSYS\tNODE\tNODE\t X \tSYS\tNODE\tNODE\t32-63,96-127\t1\t\tN/A\nNIC0\tNODE\tSYS\tSYS\tSYS\t X \tSYS\tSYS\t\t\t\t\nNIC1\tSYS\tNODE\tNODE\tNODE\tSYS\t X \tPIX\t\t\t\t\nNIC2\tSYS\tNODE\tNODE\tNODE\tSYS\tPIX\t X \t\t\t\t\n\nLegend:\n\n  X    = Self\n  SYS  = Connection traversing PCIe as well as the SMP interconnect between NUMA nodes (e.g., QPI/UPI)\n  NODE = Connection traversing PCIe as well as the interconnect between PCIe Host Bridges within a NUMA node\n  PHB  = Connection traversing PCIe as well as a PCIe Host Bridge (typically the CPU)\n  PXB  = Connection traversing multiple PCIe bridges (without traversing the PCIe Host Bridge)\n  PIX  = Connection traversing at most a single PCIe bridge\n  NV#  = Connection traversing a bonded set of # NVLinks\n\nNIC Legend:\n\n  NIC0: rocep35s0f0\n  NIC1: rocep194s0f0\n  NIC2: rocep194s0f1""","{""CUDA_HOME"":""/usr/local/cuda"",""NCCL_TESTS_DIR"":""/root/nccl-tests""}"
1,p5-dense-20260828T154940Z-21cf57f,phase5,2026-08-28T15:53:00Z,measured,21cf57fd902a607407505eb9d8dfad40a82dfd91,False,unknown,,c079194dceb5,Ubuntu 24.04.3 LTS,6.14.0-33-generic,AMD EPYC 7542 32-Core Processor,128,1,NVIDIA L4,4,NODE,none-single-node,False,,12.8,570.195.03,2.25.1+cuda12.8,NCCL_DEBUG=VERSION banner,,gcc (Ubuntu 13.3.0-6ubuntu2~24.04) 13.3.0,b4d5beebca8a76cf01335f724d154b9b9d394d96,ring-simple,Ring,Simple,"NCCL_ALGO=Ring,NCCL_PROTO=Simple",,,,,,,,,nccl-tests,all_reduce,float,sum,-1,32768,8192,out_of_place,20,50,2,full,63.25,0.52,0.78,0,True,True,True,0,env NCCL_DEBUG=VERSION NCCL_ALGO=Ring NCCL_PROTO=Simple /root/nccl-tests/build/all_reduce_perf -b 16K -e 512K -f 2 -g 4 -w 20 -n 50 -c 1 -d float,results/raw/p5-dense-20260828T154940Z-21cf57f/all_reduce.ring-simple.full.r2.stdout.txt,,"[{""index"":0,""memory_total_mib"":23034,""name"":""NVIDIA L4"",""pci_bus_id"":""00000000:61:00.0"",""pcie_link_gen_current"":1,""pcie_link_gen_max"":4,""pcie_link_width_current"":16,""pcie_link_width_max"":16},{""index"":1,""memory_total_mib"":23034,""name"":""NVIDIA L4"",""pci_bus_id"":""00000000:81:00.0"",""pcie_link_gen_current"":1,""pcie_link_gen_max"":4,""pcie_link_width_current"":16,""pcie_link_width_max"":16},{""index"":2,""memory_total_mib"":23034,""name"":""NVIDIA L4"",""pci_bus_id"":""00000000:A1:00.0"",""pcie_link_gen_current"":1,""pcie_link_gen_max"":4,""pcie_link_width_current"":16,""pcie_link_width_max"":16},{""index"":3,""memory_total_mib"":23034,""name"":""NVIDIA L4"",""pci_bus_id"":""00000000:E1:00.0"",""pcie_link_gen_current"":1,""pcie_link_gen_max"":4,""pcie_link_width_current"":16,""pcie_link_width_max"":16}]","""\t\u001b[4mGPU0\tGPU1\tGPU2\tGPU3\tNIC0\tNIC1\tNIC2\tCPU Affinity\tNUMA Affinity\tGPU NUMA ID\u001b[0m\nGPU0\t X \tSYS\tSYS\tSYS\tNODE\tSYS\tSYS\t0-31,64-95\t0\t\tN/A\nGPU1\tSYS\t X \tNODE\tNODE\tSYS\tNODE\tNODE\t32-63,96-127\t1\t\tN/A\nGPU2\tSYS\tNODE\t X \tNODE\tSYS\tNODE\tNODE\t32-63,96-127\t1\t\tN/A\nGPU3\tSYS\tNODE\tNODE\t X \tSYS\tNODE\tNODE\t32-63,96-127\t1\t\tN/A\nNIC0\tNODE\tSYS\tSYS\tSYS\t X \tSYS\tSYS\t\t\t\t\nNIC1\tSYS\tNODE\tNODE\tNODE\tSYS\t X \tPIX\t\t\t\t\nNIC2\tSYS\tNODE\tNODE\tNODE\tSYS\tPIX\t X \t\t\t\t\n\nLegend:\n\n  X    = Self\n  SYS  = Connection traversing PCIe as well as the SMP interconnect between NUMA nodes (e.g., QPI/UPI)\n  NODE = Connection traversing PCIe as well as the interconnect between PCIe Host Bridges within a NUMA node\n  PHB  = Connection traversing PCIe as well as a PCIe Host Bridge (typically the CPU)\n  PXB  = Connection traversing multiple PCIe bridges (without traversing the PCIe Host Bridge)\n  PIX  = Connection traversing at most a single PCIe bridge\n  NV#  = Connection traversing a bonded set of # NVLinks\n\nNIC Legend:\n\n  NIC0: rocep35s0f0\n  NIC1: rocep194s0f0\n  NIC2: rocep194s0f1""","{""CUDA_HOME"":""/usr/local/cuda"",""NCCL_TESTS_DIR"":""/root/nccl-tests""}"
1,p5-dense-20260828T154940Z-21cf57f,phase5,2026-08-28T15:53:00Z,measured,21cf57fd902a607407505eb9d8dfad40a82dfd91,False,unknown,,c079194dceb5,Ubuntu 24.04.3 LTS,6.14.0-33-generic,AMD EPYC 7542 32-Core Processor,128,1,NVIDIA L4,4,NODE,none-single-node,False,,12.8,570.195.03,2.25.1+cuda12.8,NCCL_DEBUG=VERSION banner,,gcc (Ubuntu 13.3.0-6ubuntu2~24.04) 13.3.0,b4d5beebca8a76cf01335f724d154b9b9d394d96,ring-simple,Ring,Simple,"NCCL_ALGO=Ring,NCCL_PROTO=Simple",,,,,,,,,nccl-tests,all_reduce,float,sum,-1,32768,8192,in_place,20,50,2,full,63.46,0.52,0.77,0,True,True,True,0,env NCCL_DEBUG=VERSION NCCL_ALGO=Ring NCCL_PROTO=Simple /root/nccl-tests/build/all_reduce_perf -b 16K -e 512K -f 2 -g 4 -w 20 -n 50 -c 1 -d float,results/raw/p5-dense-20260828T154940Z-21cf57f/all_reduce.ring-simple.full.r2.stdout.txt,,"[{""index"":0,""memory_total_mib"":23034,""name"":""NVIDIA L4"",""pci_bus_id"":""00000000:61:00.0"",""pcie_link_gen_current"":1,""pcie_link_gen_max"":4,""pcie_link_width_current"":16,""pcie_link_width_max"":16},{""index"":1,""memory_total_mib"":23034,""name"":""NVIDIA L4"",""pci_bus_id"":""00000000:81:00.0"",""pcie_link_gen_current"":1,""pcie_link_gen_max"":4,""pcie_link_width_current"":16,""pcie_link_width_max"":16},{""index"":2,""memory_total_mib"":23034,""name"":""NVIDIA L4"",""pci_bus_id"":""00000000:A1:00.0"",""pcie_link_gen_current"":1,""pcie_link_gen_max"":4,""pcie_link_width_current"":16,""pcie_link_width_max"":16},{""index"":3,""memory_total_mib"":23034,""name"":""NVIDIA L4"",""pci_bus_id"":""00000000:E1:00.0"",""pcie_link_gen_current"":1,""pcie_link_gen_max"":4,""pcie_link_width_current"":16,""pcie_link_width_max"":16}]","""\t\u001b[4mGPU0\tGPU1\tGPU2\tGPU3\tNIC0\tNIC1\tNIC2\tCPU Affinity\tNUMA Affinity\tGPU NUMA ID\u001b[0m\nGPU0\t X \tSYS\tSYS\tSYS\tNODE\tSYS\tSYS\t0-31,64-95\t0\t\tN/A\nGPU1\tSYS\t X \tNODE\tNODE\tSYS\tNODE\tNODE\t32-63,96-127\t1\t\tN/A\nGPU2\tSYS\tNODE\t X \tNODE\tSYS\tNODE\tNODE\t32-63,96-127\t1\t\tN/A\nGPU3\tSYS\tNODE\tNODE\t X \tSYS\tNODE\tNODE\t32-63,96-127\t1\t\tN/A\nNIC0\tNODE\tSYS\tSYS\tSYS\t X \tSYS\tSYS\t\t\t\t\nNIC1\tSYS\tNODE\tNODE\tNODE\tSYS\t X \tPIX\t\t\t\t\nNIC2\tSYS\tNODE\tNODE\tNODE\tSYS\tPIX\t X \t\t\t\t\n\nLegend:\n\n  X    = Self\n  SYS  = Connection traversing PCIe as well as the SMP interconnect between NUMA nodes (e.g., QPI/UPI)\n  NODE = Connection traversing PCIe as well as the interconnect between PCIe Host Bridges within a NUMA node\n  PHB  = Connection traversing PCIe as well as a PCIe Host Bridge (typically the CPU)\n  PXB  = Connection traversing multiple PCIe bridges (without traversing the PCIe Host Bridge)\n  PIX  = Connection traversing at most a single PCIe bridge\n  NV#  = Connection traversing a bonded set of # NVLinks\n\nNIC Legend:\n\n  NIC0: rocep35s0f0\n  NIC1: rocep194s0f0\n  NIC2: rocep194s0f1""","{""CUDA_HOME"":""/usr/local/cuda"",""NCCL_TESTS_DIR"":""/root/nccl-tests""}"
1,p5-dense-20260828T154940Z-21cf57f,phase5,2026-08-28T15:53:00Z,measured,21cf57fd902a607407505eb9d8dfad40a82dfd91,False,unknown,,c079194dceb5,Ubuntu 24.04.3 LTS,6.14.0-33-generic,AMD EPYC 7542 32-Core Processor,128,1,NVIDIA L4,4,NODE,none-single-node,False,,12.8,570.195.03,2.25.1+cuda12.8,NCCL_DEBUG=VERSION banner,,gcc (Ubuntu 13.3.0-6ubuntu2~24.04) 13.3.0,b4d5beebca8a76cf01335f724d154b9b9d394d96,ring-simple,Ring,Simple,"NCCL_ALGO=Ring,NCCL_PROTO=Simple",,,,,,,,,nccl-tests,all_reduce,float,sum,-1,65536,16384,out_of_place,20,50,2,full,69.37,0.94,1.42,0,True,True,True,0,env NCCL_DEBUG=VERSION NCCL_ALGO=Ring NCCL_PROTO=Simple /root/nccl-tests/build/all_reduce_perf -b 16K -e 512K -f 2 -g 4 -w 20 -n 50 -c 1 -d float,results/raw/p5-dense-20260828T154940Z-21cf57f/all_reduce.ring-simple.full.r2.stdout.txt,,"[{""index"":0,""memory_total_mib"":23034,""name"":""NVIDIA L4"",""pci_bus_id"":""00000000:61:00.0"",""pcie_link_gen_current"":1,""pcie_link_gen_max"":4,""pcie_link_width_current"":16,""pcie_link_width_max"":16},{""index"":1,""memory_total_mib"":23034,""name"":""NVIDIA L4"",""pci_bus_id"":""00000000:81:00.0"",""pcie_link_gen_current"":1,""pcie_link_gen_max"":4,""pcie_link_width_current"":16,""pcie_link_width_max"":16},{""index"":2,""memory_total_mib"":23034,""name"":""NVIDIA L4"",""pci_bus_id"":""00000000:A1:00.0"",""pcie_link_gen_current"":1,""pcie_link_gen_max"":4,""pcie_link_width_current"":16,""pcie_link_width_max"":16},{""index"":3,""memory_total_mib"":23034,""name"":""NVIDIA L4"",""pci_bus_id"":""00000000:E1:00.0"",""pcie_link_gen_current"":1,""pcie_link_gen_max"":4,""pcie_link_width_current"":16,""pcie_link_width_max"":16}]","""\t\u001b[4mGPU0\tGPU1\tGPU2\tGPU3\tNIC0\tNIC1\tNIC2\tCPU Affinity\tNUMA Affinity\tGPU NUMA ID\u001b[0m\nGPU0\t X \tSYS\tSYS\tSYS\tNODE\tSYS\tSYS\t0-31,64-95\t0\t\tN/A\nGPU1\tSYS\t X \tNODE\tNODE\tSYS\tNODE\tNODE\t32-63,96-127\t1\t\tN/A\nGPU2\tSYS\tNODE\t X \tNODE\tSYS\tNODE\tNODE\t32-63,96-127\t1\t\tN/A\nGPU3\tSYS\tNODE\tNODE\t X \tSYS\tNODE\tNODE\t32-63,96-127\t1\t\tN/A\nNIC0\tNODE\tSYS\tSYS\tSYS\t X \tSYS\tSYS\t\t\t\t\nNIC1\tSYS\tNODE\tNODE\tNODE\tSYS\t X \tPIX\t\t\t\t\nNIC2\tSYS\tNODE\tNODE\tNODE\tSYS\tPIX\t X \t\t\t\t\n\nLegend:\n\n  X    = Self\n  SYS  = Connection traversing PCIe as well as the SMP interconnect between NUMA nodes (e.g., QPI/UPI)\n  NODE = Connection traversing PCIe as well as the interconnect between PCIe Host Bridges within a NUMA node\n  PHB  = Connection traversing PCIe as well as a PCIe Host Bridge (typically the CPU)\n  PXB  = Connection traversing multiple PCIe bridges (without traversing the PCIe Host Bridge)\n  PIX  = Connection traversing at most a single PCIe bridge\n  NV#  = Connection traversing a bonded set of # NVLinks\n\nNIC Legend:\n\n  NIC0: rocep35s0f0\n  NIC1: rocep194s0f0\n  NIC2: rocep194s0f1""","{""CUDA_HOME"":""/usr/local/cuda"",""NCCL_TESTS_DIR"":""/root/nccl-tests""}"
1,p5-dense-20260828T154940Z-21cf57f,phase5,2026-08-28T15:53:00Z,measured,21cf57fd902a607407505eb9d8dfad40a82dfd91,False,unknown,,c079194dceb5,Ubuntu 24.04.3 LTS,6.14.0-33-generic,AMD EPYC 7542 32-Core Processor,128,1,NVIDIA L4,4,NODE,none-single-node,False,,12.8,570.195.03,2.25.1+cuda12.8,NCCL_DEBUG=VERSION banner,,gcc (Ubuntu 13.3.0-6ubuntu2~24.04) 13.3.0,b4d5beebca8a76cf01335f724d154b9b9d394d96,ring-simple,Ring,Simple,"NCCL_ALGO=Ring,NCCL_PROTO=Simple",,,,,,,,,nccl-tests,all_reduce,float,sum,-1,65536,16384,in_place,20,50,2,full,69.77,0.94,1.41,0,True,True,True,0,env NCCL_DEBUG=VERSION NCCL_ALGO=Ring NCCL_PROTO=Simple /root/nccl-tests/build/all_reduce_perf -b 16K -e 512K -f 2 -g 4 -w 20 -n 50 -c 1 -d float,results/raw/p5-dense-20260828T154940Z-21cf57f/all_reduce.ring-simple.full.r2.stdout.txt,,"[{""index"":0,""memory_total_mib"":23034,""name"":""NVIDIA L4"",""pci_bus_id"":""00000000:61:00.0"",""pcie_link_gen_current"":1,""pcie_link_gen_max"":4,""pcie_link_width_current"":16,""pcie_link_width_max"":16},{""index"":1,""memory_total_mib"":23034,""name"":""NVIDIA L4"",""pci_bus_id"":""00000000:81:00.0"",""pcie_link_gen_current"":1,""pcie_link_gen_max"":4,""pcie_link_width_current"":16,""pcie_link_width_max"":16},{""index"":2,""memory_total_mib"":23034,""name"":""NVIDIA L4"",""pci_bus_id"":""00000000:A1:00.0"",""pcie_link_gen_current"":1,""pcie_link_gen_max"":4,""pcie_link_width_current"":16,""pcie_link_width_max"":16},{""index"":3,""memory_total_mib"":23034,""name"":""NVIDIA L4"",""pci_bus_id"":""00000000:E1:00.0"",""pcie_link_gen_current"":1,""pcie_link_gen_max"":4,""pcie_link_width_current"":16,""pcie_link_width_max"":16}]","""\t\u001b[4mGPU0\tGPU1\tGPU2\tGPU3\tNIC0\tNIC1\tNIC2\tCPU Affinity\tNUMA Affinity\tGPU NUMA ID\u001b[0m\nGPU0\t X \tSYS\tSYS\tSYS\tNODE\tSYS\tSYS\t0-31,64-95\t0\t\tN/A\nGPU1\tSYS\t X \tNODE\tNODE\tSYS\tNODE\tNODE\t32-63,96-127\t1\t\tN/A\nGPU2\tSYS\tNODE\t X \tNODE\tSYS\tNODE\tNODE\t32-63,96-127\t1\t\tN/A\nGPU3\tSYS\tNODE\tNODE\t X \tSYS\tNODE\tNODE\t32-63,96-127\t1\t\tN/A\nNIC0\tNODE\tSYS\tSYS\tSYS\t X \tSYS\tSYS\t\t\t\t\nNIC1\tSYS\tNODE\tNODE\tNODE\tSYS\t X \tPIX\t\t\t\t\nNIC2\tSYS\tNODE\tNODE\tNODE\tSYS\tPIX\t X \t\t\t\t\n\nLegend:\n\n  X    = Self\n  SYS  = Connection traversing PCIe as well as the SMP interconnect between NUMA nodes (e.g., QPI/UPI)\n  NODE = Connection traversing PCIe as well as the interconnect between PCIe Host Bridges within a NUMA node\n  PHB  = Connection traversing PCIe as well as a PCIe Host Bridge (typically the CPU)\n  PXB  = Connection traversing multiple PCIe bridges (without traversing the PCIe Host Bridge)\n  PIX  = Connection traversing at most a single PCIe bridge\n  NV#  = Connection traversing a bonded set of # NVLinks\n\nNIC Legend:\n\n  NIC0: rocep35s0f0\n  NIC1: rocep194s0f0\n  NIC2: rocep194s0f1""","{""CUDA_HOME"":""/usr/local/cuda"",""NCCL_TESTS_DIR"":""/root/nccl-tests""}"
1,p5-dense-20260828T154940Z-21cf57f,phase5,2026-08-28T15:53:00Z,measured,21cf57fd902a607407505eb9d8dfad40a82dfd91,False,unknown,,c079194dceb5,Ubuntu 24.04.3 LTS,6.14.0-33-generic,AMD EPYC 7542 32-Core Processor,128,1,NVIDIA L4,4,NODE,none-single-node,False,,12.8,570.195.03,2.25.1+cuda12.8,NCCL_DEBUG=VERSION banner,,gcc (Ubuntu 13.3.0-6ubuntu2~24.04) 13.3.0,b4d5beebca8a76cf01335f724d154b9b9d394d96,ring-simple,Ring,Simple,"NCCL_ALGO=Ring,NCCL_PROTO=Simple",,,,,,,,,nccl-tests,all_reduce,float,sum,-1,131072,32768,out_of_place,20,50,2,full,87.62,1.5,2.24,0,True,True,True,0,env NCCL_DEBUG=VERSION NCCL_ALGO=Ring NCCL_PROTO=Simple /root/nccl-tests/build/all_reduce_perf -b 16K -e 512K -f 2 -g 4 -w 20 -n 50 -c 1 -d float,results/raw/p5-dense-20260828T154940Z-21cf57f/all_reduce.ring-simple.full.r2.stdout.txt,,"[{""index"":0,""memory_total_mib"":23034,""name"":""NVIDIA L4"",""pci_bus_id"":""00000000:61:00.0"",""pcie_link_gen_current"":1,""pcie_link_gen_max"":4,""pcie_link_width_current"":16,""pcie_link_width_max"":16},{""index"":1,""memory_total_mib"":23034,""name"":""NVIDIA L4"",""pci_bus_id"":""00000000:81:00.0"",""pcie_link_gen_current"":1,""pcie_link_gen_max"":4,""pcie_link_width_current"":16,""pcie_link_width_max"":16},{""index"":2,""memory_total_mib"":23034,""name"":""NVIDIA L4"",""pci_bus_id"":""00000000:A1:00.0"",""pcie_link_gen_current"":1,""pcie_link_gen_max"":4,""pcie_link_width_current"":16,""pcie_link_width_max"":16},{""index"":3,""memory_total_mib"":23034,""name"":""NVIDIA L4"",""pci_bus_id"":""00000000:E1:00.0"",""pcie_link_gen_current"":1,""pcie_link_gen_max"":4,""pcie_link_width_current"":16,""pcie_link_width_max"":16}]","""\t\u001b[4mGPU0\tGPU1\tGPU2\tGPU3\tNIC0\tNIC1\tNIC2\tCPU Affinity\tNUMA Affinity\tGPU NUMA ID\u001b[0m\nGPU0\t X \tSYS\tSYS\tSYS\tNODE\tSYS\tSYS\t0-31,64-95\t0\t\tN/A\nGPU1\tSYS\t X \tNODE\tNODE\tSYS\tNODE\tNODE\t32-63,96-127\t1\t\tN/A\nGPU2\tSYS\tNODE\t X \tNODE\tSYS\tNODE\tNODE\t32-63,96-127\t1\t\tN/A\nGPU3\tSYS\tNODE\tNODE\t X \tSYS\tNODE\tNODE\t32-63,96-127\t1\t\tN/A\nNIC0\tNODE\tSYS\tSYS\tSYS\t X \tSYS\tSYS\t\t\t\t\nNIC1\tSYS\tNODE\tNODE\tNODE\tSYS\t X \tPIX\t\t\t\t\nNIC2\tSYS\tNODE\tNODE\tNODE\tSYS\tPIX\t X \t\t\t\t\n\nLegend:\n\n  X    = Self\n  SYS  = Connection traversing PCIe as well as the SMP interconnect between NUMA nodes (e.g., QPI/UPI)\n  NODE = Connection traversing PCIe as well as the interconnect between PCIe Host Bridges within a NUMA node\n  PHB  = Connection traversing PCIe as well as a PCIe Host Bridge (typically the CPU)\n  PXB  = Connection traversing multiple PCIe bridges (without traversing the PCIe Host Bridge)\n  PIX  = Connection traversing at most a single PCIe bridge\n  NV#  = Connection traversing a bonded set of # NVLinks\n\nNIC Legend:\n\n  NIC0: rocep35s0f0\n  NIC1: rocep194s0f0\n  NIC2: rocep194s0f1""","{""CUDA_HOME"":""/usr/local/cuda"",""NCCL_TESTS_DIR"":""/root/nccl-tests""}"
1,p5-dense-20260828T154940Z-21cf57f,phase5,2026-08-28T15:53:00Z,measured,21cf57fd902a607407505eb9d8dfad40a82dfd91,False,unknown,,c079194dceb5,Ubuntu 24.04.3 LTS,6.14.0-33-generic,AMD EPYC 7542 32-Core Processor,128,1,NVIDIA L4,4,NODE,none-single-node,False,,12.8,570.195.03,2.25.1+cuda12.8,NCCL_DEBUG=VERSION banner,,gcc (Ubuntu 13.3.0-6ubuntu2~24.04) 13.3.0,b4d5beebca8a76cf01335f724d154b9b9d394d96,ring-simple,Ring,Simple,"NCCL_ALGO=Ring,NCCL_PROTO=Simple",,,,,,,,,nccl-tests,all_reduce,float,sum,-1,131072,32768,in_place,20,50,2,full,82.58,1.59,2.38,0,True,True,True,0,env NCCL_DEBUG=VERSION NCCL_ALGO=Ring NCCL_PROTO=Simple /root/nccl-tests/build/all_reduce_perf -b 16K -e 512K -f 2 -g 4 -w 20 -n 50 -c 1 -d float,results/raw/p5-dense-20260828T154940Z-21cf57f/all_reduce.ring-simple.full.r2.stdout.txt,,"[{""index"":0,""memory_total_mib"":23034,""name"":""NVIDIA L4"",""pci_bus_id"":""00000000:61:00.0"",""pcie_link_gen_current"":1,""pcie_link_gen_max"":4,""pcie_link_width_current"":16,""pcie_link_width_max"":16},{""index"":1,""memory_total_mib"":23034,""name"":""NVIDIA L4"",""pci_bus_id"":""00000000:81:00.0"",""pcie_link_gen_current"":1,""pcie_link_gen_max"":4,""pcie_link_width_current"":16,""pcie_link_width_max"":16},{""index"":2,""memory_total_mib"":23034,""name"":""NVIDIA L4"",""pci_bus_id"":""00000000:A1:00.0"",""pcie_link_gen_current"":1,""pcie_link_gen_max"":4,""pcie_link_width_current"":16,""pcie_link_width_max"":16},{""index"":3,""memory_total_mib"":23034,""name"":""NVIDIA L4"",""pci_bus_id"":""00000000:E1:00.0"",""pcie_link_gen_current"":1,""pcie_link_gen_max"":4,""pcie_link_width_current"":16,""pcie_link_width_max"":16}]","""\t\u001b[4mGPU0\tGPU1\tGPU2\tGPU3\tNIC0\tNIC1\tNIC2\tCPU Affinity\tNUMA Affinity\tGPU NUMA ID\u001b[0m\nGPU0\t X \tSYS\tSYS\tSYS\tNODE\tSYS\tSYS\t0-31,64-95\t0\t\tN/A\nGPU1\tSYS\t X \tNODE\tNODE\tSYS\tNODE\tNODE\t32-63,96-127\t1\t\tN/A\nGPU2\tSYS\tNODE\t X \tNODE\tSYS\tNODE\tNODE\t32-63,96-127\t1\t\tN/A\nGPU3\tSYS\tNODE\tNODE\t X \tSYS\tNODE\tNODE\t32-63,96-127\t1\t\tN/A\nNIC0\tNODE\tSYS\tSYS\tSYS\t X \tSYS\tSYS\t\t\t\t\nNIC1\tSYS\tNODE\tNODE\tNODE\tSYS\t X \tPIX\t\t\t\t\nNIC2\tSYS\tNODE\tNODE\tNODE\tSYS\tPIX\t X \t\t\t\t\n\nLegend:\n\n  X    = Self\n  SYS  = Connection traversing PCIe as well as the SMP interconnect between NUMA nodes (e.g., QPI/UPI)\n  NODE = Connection traversing PCIe as well as the interconnect between PCIe Host Bridges within a NUMA node\n  PHB  = Connection traversing PCIe as well as a PCIe Host Bridge (typically the CPU)\n  PXB  = Connection traversing multiple PCIe bridges (without traversing the PCIe Host Bridge)\n  PIX  = Connection traversing at most a single PCIe bridge\n  NV#  = Connection traversing a bonded set of # NVLinks\n\nNIC Legend:\n\n  NIC0: rocep35s0f0\n  NIC1: rocep194s0f0\n  NIC2: rocep194s0f1""","{""CUDA_HOME"":""/usr/local/cuda"",""NCCL_TESTS_DIR"":""/root/nccl-tests""}"
1,p5-dense-20260828T154940Z-21cf57f,phase5,2026-08-28T15:53:00Z,measured,21cf57fd902a607407505eb9d8dfad40a82dfd91,False,unknown,,c079194dceb5,Ubuntu 24.04.3 LTS,6.14.0-33-generic,AMD EPYC 7542 32-Core Processor,128,1,NVIDIA L4,4,NODE,none-single-node,False,,12.8,570.195.03,2.25.1+cuda12.8,NCCL_DEBUG=VERSION banner,,gcc (Ubuntu 13.3.0-6ubuntu2~24.04) 13.3.0,b4d5beebca8a76cf01335f724d154b9b9d394d96,ring-simple,Ring,Simple,"NCCL_ALGO=Ring,NCCL_PROTO=Simple",,,,,,,,,nccl-tests,all_reduce,float,sum,-1,262144,65536,out_of_place,20,50,2,full,129.12,2.03,3.05,0,True,True,True,0,env NCCL_DEBUG=VERSION NCCL_ALGO=Ring NCCL_PROTO=Simple /root/nccl-tests/build/all_reduce_perf -b 16K -e 512K -f 2 -g 4 -w 20 -n 50 -c 1 -d float,results/raw/p5-dense-20260828T154940Z-21cf57f/all_reduce.ring-simple.full.r2.stdout.txt,,"[{""index"":0,""memory_total_mib"":23034,""name"":""NVIDIA L4"",""pci_bus_id"":""00000000:61:00.0"",""pcie_link_gen_current"":1,""pcie_link_gen_max"":4,""pcie_link_width_current"":16,""pcie_link_width_max"":16},{""index"":1,""memory_total_mib"":23034,""name"":""NVIDIA L4"",""pci_bus_id"":""00000000:81:00.0"",""pcie_link_gen_current"":1,""pcie_link_gen_max"":4,""pcie_link_width_current"":16,""pcie_link_width_max"":16},{""index"":2,""memory_total_mib"":23034,""name"":""NVIDIA L4"",""pci_bus_id"":""00000000:A1:00.0"",""pcie_link_gen_current"":1,""pcie_link_gen_max"":4,""pcie_link_width_current"":16,""pcie_link_width_max"":16},{""index"":3,""memory_total_mib"":23034,""name"":""NVIDIA L4"",""pci_bus_id"":""00000000:E1:00.0"",""pcie_link_gen_current"":1,""pcie_link_gen_max"":4,""pcie_link_width_current"":16,""pcie_link_width_max"":16}]","""\t\u001b[4mGPU0\tGPU1\tGPU2\tGPU3\tNIC0\tNIC1\tNIC2\tCPU Affinity\tNUMA Affinity\tGPU NUMA ID\u001b[0m\nGPU0\t X \tSYS\tSYS\tSYS\tNODE\tSYS\tSYS\t0-31,64-95\t0\t\tN/A\nGPU1\tSYS\t X \tNODE\tNODE\tSYS\tNODE\tNODE\t32-63,96-127\t1\t\tN/A\nGPU2\tSYS\tNODE\t X \tNODE\tSYS\tNODE\tNODE\t32-63,96-127\t1\t\tN/A\nGPU3\tSYS\tNODE\tNODE\t X \tSYS\tNODE\tNODE\t32-63,96-127\t1\t\tN/A\nNIC0\tNODE\tSYS\tSYS\tSYS\t X \tSYS\tSYS\t\t\t\t\nNIC1\tSYS\tNODE\tNODE\tNODE\tSYS\t X \tPIX\t\t\t\t\nNIC2\tSYS\tNODE\tNODE\tNODE\tSYS\tPIX\t X \t\t\t\t\n\nLegend:\n\n  X    = Self\n  SYS  = Connection traversing PCIe as well as the SMP interconnect between NUMA nodes (e.g., QPI/UPI)\n  NODE = Connection traversing PCIe as well as the interconnect between PCIe Host Bridges within a NUMA node\n  PHB  = Connection traversing PCIe as well as a PCIe Host Bridge (typically the CPU)\n  PXB  = Connection traversing multiple PCIe bridges (without traversing the PCIe Host Bridge)\n  PIX  = Connection traversing at most a single PCIe bridge\n  NV#  = Connection traversing a bonded set of # NVLinks\n\nNIC Legend:\n\n  NIC0: rocep35s0f0\n  NIC1: rocep194s0f0\n  NIC2: rocep194s0f1""","{""CUDA_HOME"":""/usr/local/cuda"",""NCCL_TESTS_DIR"":""/root/nccl-tests""}"
1,p5-dense-20260828T154940Z-21cf57f,phase5,2026-08-28T15:53:00Z,measured,21cf57fd902a607407505eb9d8dfad40a82dfd91,False,unknown,,c079194dceb5,Ubuntu 24.04.3 LTS,6.14.0-33-generic,AMD EPYC 7542 32-Core Processor,128,1,NVIDIA L4,4,NODE,none-single-node,False,,12.8,570.195.03,2.25.1+cuda12.8,NCCL_DEBUG=VERSION banner,,gcc (Ubuntu 13.3.0-6ubuntu2~24.04) 13.3.0,b4d5beebca8a76cf01335f724d154b9b9d394d96,ring-simple,Ring,Simple,"NCCL_ALGO=Ring,NCCL_PROTO=Simple",,,,,,,,,nccl-tests,all_reduce,float,sum,-1,262144,65536,in_place,20,50,2,full,136.29,1.92,2.89,0,True,True,True,0,env NCCL_DEBUG=VERSION NCCL_ALGO=Ring NCCL_PROTO=Simple /root/nccl-tests/build/all_reduce_perf -b 16K -e 512K -f 2 -g 4 -w 20 -n 50 -c 1 -d float,results/raw/p5-dense-20260828T154940Z-21cf57f/all_reduce.ring-simple.full.r2.stdout.txt,,"[{""index"":0,""memory_total_mib"":23034,""name"":""NVIDIA L4"",""pci_bus_id"":""00000000:61:00.0"",""pcie_link_gen_current"":1,""pcie_link_gen_max"":4,""pcie_link_width_current"":16,""pcie_link_width_max"":16},{""index"":1,""memory_total_mib"":23034,""name"":""NVIDIA L4"",""pci_bus_id"":""00000000:81:00.0"",""pcie_link_gen_current"":1,""pcie_link_gen_max"":4,""pcie_link_width_current"":16,""pcie_link_width_max"":16},{""index"":2,""memory_total_mib"":23034,""name"":""NVIDIA L4"",""pci_bus_id"":""00000000:A1:00.0"",""pcie_link_gen_current"":1,""pcie_link_gen_max"":4,""pcie_link_width_current"":16,""pcie_link_width_max"":16},{""index"":3,""memory_total_mib"":23034,""name"":""NVIDIA L4"",""pci_bus_id"":""00000000:E1:00.0"",""pcie_link_gen_current"":1,""pcie_link_gen_max"":4,""pcie_link_width_current"":16,""pcie_link_width_max"":16}]","""\t\u001b[4mGPU0\tGPU1\tGPU2\tGPU3\tNIC0\tNIC1\tNIC2\tCPU Affinity\tNUMA Affinity\tGPU NUMA ID\u001b[0m\nGPU0\t X \tSYS\tSYS\tSYS\tNODE\tSYS\tSYS\t0-31,64-95\t0\t\tN/A\nGPU1\tSYS\t X \tNODE\tNODE\tSYS\tNODE\tNODE\t32-63,96-127\t1\t\tN/A\nGPU2\tSYS\tNODE\t X \tNODE\tSYS\tNODE\tNODE\t32-63,96-127\t1\t\tN/A\nGPU3\tSYS\tNODE\tNODE\t X \tSYS\tNODE\tNODE\t32-63,96-127\t1\t\tN/A\nNIC0\tNODE\tSYS\tSYS\tSYS\t X \tSYS\tSYS\t\t\t\t\nNIC1\tSYS\tNODE\tNODE\tNODE\tSYS\t X \tPIX\t\t\t\t\nNIC2\tSYS\tNODE\tNODE\tNODE\tSYS\tPIX\t X \t\t\t\t\n\nLegend:\n\n  X    = Self\n  SYS  = Connection traversing PCIe as well as the SMP interconnect between NUMA nodes (e.g., QPI/UPI)\n  NODE = Connection traversing PCIe as well as the interconnect between PCIe Host Bridges within a NUMA node\n  PHB  = Connection traversing PCIe as well as a PCIe Host Bridge (typically the CPU)\n  PXB  = Connection traversing multiple PCIe bridges (without traversing the PCIe Host Bridge)\n  PIX  = Connection traversing at most a single PCIe bridge\n  NV#  = Connection traversing a bonded set of # NVLinks\n\nNIC Legend:\n\n  NIC0: rocep35s0f0\n  NIC1: rocep194s0f0\n  NIC2: rocep194s0f1""","{""CUDA_HOME"":""/usr/local/cuda"",""NCCL_TESTS_DIR"":""/root/nccl-tests""}"
1,p5-dense-20260828T154940Z-21cf57f,phase5,2026-08-28T15:53:00Z,measured,21cf57fd902a607407505eb9d8dfad40a82dfd91,False,unknown,,c079194dceb5,Ubuntu 24.04.3 LTS,6.14.0-33-generic,AMD EPYC 7542 32-Core Processor,128,1,NVIDIA L4,4,NODE,none-single-node,False,,12.8,570.195.03,2.25.1+cuda12.8,NCCL_DEBUG=VERSION banner,,gcc (Ubuntu 13.3.0-6ubuntu2~24.04) 13.3.0,b4d5beebca8a76cf01335f724d154b9b9d394d96,ring-simple,Ring,Simple,"NCCL_ALGO=Ring,NCCL_PROTO=Simple",,,,,,,,,nccl-tests,all_reduce,float,sum,-1,524288,131072,out_of_place,20,50,2,full,232.4,2.26,3.38,0,True,True,True,0,env NCCL_DEBUG=VERSION NCCL_ALGO=Ring NCCL_PROTO=Simple /root/nccl-tests/build/all_reduce_perf -b 16K -e 512K -f 2 -g 4 -w 20 -n 50 -c 1 -d float,results/raw/p5-dense-20260828T154940Z-21cf57f/all_reduce.ring-simple.full.r2.stdout.txt,,"[{""index"":0,""memory_total_mib"":23034,""name"":""NVIDIA L4"",""pci_bus_id"":""00000000:61:00.0"",""pcie_link_gen_current"":1,""pcie_link_gen_max"":4,""pcie_link_width_current"":16,""pcie_link_width_max"":16},{""index"":1,""memory_total_mib"":23034,""name"":""NVIDIA L4"",""pci_bus_id"":""00000000:81:00.0"",""pcie_link_gen_current"":1,""pcie_link_gen_max"":4,""pcie_link_width_current"":16,""pcie_link_width_max"":16},{""index"":2,""memory_total_mib"":23034,""name"":""NVIDIA L4"",""pci_bus_id"":""00000000:A1:00.0"",""pcie_link_gen_current"":1,""pcie_link_gen_max"":4,""pcie_link_width_current"":16,""pcie_link_width_max"":16},{""index"":3,""memory_total_mib"":23034,""name"":""NVIDIA L4"",""pci_bus_id"":""00000000:E1:00.0"",""pcie_link_gen_current"":1,""pcie_link_gen_max"":4,""pcie_link_width_current"":16,""pcie_link_width_max"":16}]","""\t\u001b[4mGPU0\tGPU1\tGPU2\tGPU3\tNIC0\tNIC1\tNIC2\tCPU Affinity\tNUMA Affinity\tGPU NUMA ID\u001b[0m\nGPU0\t X \tSYS\tSYS\tSYS\tNODE\tSYS\tSYS\t0-31,64-95\t0\t\tN/A\nGPU1\tSYS\t X \tNODE\tNODE\tSYS\tNODE\tNODE\t32-63,96-127\t1\t\tN/A\nGPU2\tSYS\tNODE\t X \tNODE\tSYS\tNODE\tNODE\t32-63,96-127\t1\t\tN/A\nGPU3\tSYS\tNODE\tNODE\t X \tSYS\tNODE\tNODE\t32-63,96-127\t1\t\tN/A\nNIC0\tNODE\tSYS\tSYS\tSYS\t X \tSYS\tSYS\t\t\t\t\nNIC1\tSYS\tNODE\tNODE\tNODE\tSYS\t X \tPIX\t\t\t\t\nNIC2\tSYS\tNODE\tNODE\tNODE\tSYS\tPIX\t X \t\t\t\t\n\nLegend:\n\n  X    = Self\n  SYS  = Connection traversing PCIe as well as the SMP interconnect between NUMA nodes (e.g., QPI/UPI)\n  NODE = Connection traversing PCIe as well as the interconnect between PCIe Host Bridges within a NUMA node\n  PHB  = Connection traversing PCIe as well as a PCIe Host Bridge (typically the CPU)\n  PXB  = Connection traversing multiple PCIe bridges (without traversing the PCIe Host Bridge)\n  PIX  = Connection traversing at most a single PCIe bridge\n  NV#  = Connection traversing a bonded set of # NVLinks\n\nNIC Legend:\n\n  NIC0: rocep35s0f0\n  NIC1: rocep194s0f0\n  NIC2: rocep194s0f1""","{""CUDA_HOME"":""/usr/local/cuda"",""NCCL_TESTS_DIR"":""/root/nccl-tests""}"
1,p5-dense-20260828T154940Z-21cf57f,phase5,2026-08-28T15:53:00Z,measured,21cf57fd902a607407505eb9d8dfad40a82dfd91,False,unknown,,c079194dceb5,Ubuntu 24.04.3 LTS,6.14.0-33-generic,AMD EPYC 7542 32-Core Processor,128,1,NVIDIA L4,4,NODE,none-single-node,False,,12.8,570.195.03,2.25.1+cuda12.8,NCCL_DEBUG=VERSION banner,,gcc (Ubuntu 13.3.0-6ubuntu2~24.04) 13.3.0,b4d5beebca8a76cf01335f724d154b9b9d394d96,ring-simple,Ring,Simple,"NCCL_ALGO=Ring,NCCL_PROTO=Simple",,,,,,,,,nccl-tests,all_reduce,float,sum,-1,524288,131072,in_place,20,50,2,full,225.81,2.32,3.48,0,True,True,True,0,env NCCL_DEBUG=VERSION NCCL_ALGO=Ring NCCL_PROTO=Simple /root/nccl-tests/build/all_reduce_perf -b 16K -e 512K -f 2 -g 4 -w 20 -n 50 -c 1 -d float,results/raw/p5-dense-20260828T154940Z-21cf57f/all_reduce.ring-simple.full.r2.stdout.txt,,"[{""index"":0,""memory_total_mib"":23034,""name"":""NVIDIA L4"",""pci_bus_id"":""00000000:61:00.0"",""pcie_link_gen_current"":1,""pcie_link_gen_max"":4,""pcie_link_width_current"":16,""pcie_link_width_max"":16},{""index"":1,""memory_total_mib"":23034,""name"":""NVIDIA L4"",""pci_bus_id"":""00000000:81:00.0"",""pcie_link_gen_current"":1,""pcie_link_gen_max"":4,""pcie_link_width_current"":16,""pcie_link_width_max"":16},{""index"":2,""memory_total_mib"":23034,""name"":""NVIDIA L4"",""pci_bus_id"":""00000000:A1:00.0"",""pcie_link_gen_current"":1,""pcie_link_gen_max"":4,""pcie_link_width_current"":16,""pcie_link_width_max"":16},{""index"":3,""memory_total_mib"":23034,""name"":""NVIDIA L4"",""pci_bus_id"":""00000000:E1:00.0"",""pcie_link_gen_current"":1,""pcie_link_gen_max"":4,""pcie_link_width_current"":16,""pcie_link_width_max"":16}]","""\t\u001b[4mGPU0\tGPU1\tGPU2\tGPU3\tNIC0\tNIC1\tNIC2\tCPU Affinity\tNUMA Affinity\tGPU NUMA ID\u001b[0m\nGPU0\t X \tSYS\tSYS\tSYS\tNODE\tSYS\tSYS\t0-31,64-95\t0\t\tN/A\nGPU1\tSYS\t X \tNODE\tNODE\tSYS\tNODE\tNODE\t32-63,96-127\t1\t\tN/A\nGPU2\tSYS\tNODE\t X \tNODE\tSYS\tNODE\tNODE\t32-63,96-127\t1\t\tN/A\nGPU3\tSYS\tNODE\tNODE\t X \tSYS\tNODE\tNODE\t32-63,96-127\t1\t\tN/A\nNIC0\tNODE\tSYS\tSYS\tSYS\t X \tSYS\tSYS\t\t\t\t\nNIC1\tSYS\tNODE\tNODE\tNODE\tSYS\t X \tPIX\t\t\t\t\nNIC2\tSYS\tNODE\tNODE\tNODE\tSYS\tPIX\t X \t\t\t\t\n\nLegend:\n\n  X    = Self\n  SYS  = Connection traversing PCIe as well as the SMP interconnect between NUMA nodes (e.g., QPI/UPI)\n  NODE = Connection traversing PCIe as well as the interconnect between PCIe Host Bridges within a NUMA node\n  PHB  = Connection traversing PCIe as well as a PCIe Host Bridge (typically the CPU)\n  PXB  = Connection traversing multiple PCIe bridges (without traversing the PCIe Host Bridge)\n  PIX  = Connection traversing at most a single PCIe bridge\n  NV#  = Connection traversing a bonded set of # NVLinks\n\nNIC Legend:\n\n  NIC0: rocep35s0f0\n  NIC1: rocep194s0f0\n  NIC2: rocep194s0f1""","{""CUDA_HOME"":""/usr/local/cuda"",""NCCL_TESTS_DIR"":""/root/nccl-tests""}"
1,p5-dense-20260828T154940Z-21cf57f,phase5,2026-08-28T15:53:42Z,measured,21cf57fd902a607407505eb9d8dfad40a82dfd91,False,unknown,,c079194dceb5,Ubuntu 24.04.3 LTS,6.14.0-33-generic,AMD EPYC 7542 32-Core Processor,128,1,NVIDIA L4,4,NODE,none-single-node,False,,12.8,570.195.03,2.25.1+cuda12.8,NCCL_DEBUG=VERSION banner,,gcc (Ubuntu 13.3.0-6ubuntu2~24.04) 13.3.0,b4d5beebca8a76cf01335f724d154b9b9d394d96,tree-ll,Tree,LL,"NCCL_ALGO=Tree,NCCL_PROTO=LL",,,,,,,,,nccl-tests,all_reduce,float,sum,-1,16384,4096,out_of_place,20,50,0,full,29.26,0.56,0.84,0,True,True,True,0,env NCCL_DEBUG=VERSION NCCL_ALGO=Tree NCCL_PROTO=LL /root/nccl-tests/build/all_reduce_perf -b 16K -e 512K -f 2 -g 4 -w 20 -n 50 -c 1 -d float,results/raw/p5-dense-20260828T154940Z-21cf57f/all_reduce.tree-ll.full.r0.stdout.txt,,"[{""index"":0,""memory_total_mib"":23034,""name"":""NVIDIA L4"",""pci_bus_id"":""00000000:61:00.0"",""pcie_link_gen_current"":1,""pcie_link_gen_max"":4,""pcie_link_width_current"":16,""pcie_link_width_max"":16},{""index"":1,""memory_total_mib"":23034,""name"":""NVIDIA L4"",""pci_bus_id"":""00000000:81:00.0"",""pcie_link_gen_current"":1,""pcie_link_gen_max"":4,""pcie_link_width_current"":16,""pcie_link_width_max"":16},{""index"":2,""memory_total_mib"":23034,""name"":""NVIDIA L4"",""pci_bus_id"":""00000000:A1:00.0"",""pcie_link_gen_current"":1,""pcie_link_gen_max"":4,""pcie_link_width_current"":16,""pcie_link_width_max"":16},{""index"":3,""memory_total_mib"":23034,""name"":""NVIDIA L4"",""pci_bus_id"":""00000000:E1:00.0"",""pcie_link_gen_current"":1,""pcie_link_gen_max"":4,""pcie_link_width_current"":16,""pcie_link_width_max"":16}]","""\t\u001b[4mGPU0\tGPU1\tGPU2\tGPU3\tNIC0\tNIC1\tNIC2\tCPU Affinity\tNUMA Affinity\tGPU NUMA ID\u001b[0m\nGPU0\t X \tSYS\tSYS\tSYS\tNODE\tSYS\tSYS\t0-31,64-95\t0\t\tN/A\nGPU1\tSYS\t X \tNODE\tNODE\tSYS\tNODE\tNODE\t32-63,96-127\t1\t\tN/A\nGPU2\tSYS\tNODE\t X \tNODE\tSYS\tNODE\tNODE\t32-63,96-127\t1\t\tN/A\nGPU3\tSYS\tNODE\tNODE\t X \tSYS\tNODE\tNODE\t32-63,96-127\t1\t\tN/A\nNIC0\tNODE\tSYS\tSYS\tSYS\t X \tSYS\tSYS\t\t\t\t\nNIC1\tSYS\tNODE\tNODE\tNODE\tSYS\t X \tPIX\t\t\t\t\nNIC2\tSYS\tNODE\tNODE\tNODE\tSYS\tPIX\t X \t\t\t\t\n\nLegend:\n\n  X    = Self\n  SYS  = Connection traversing PCIe as well as the SMP interconnect between NUMA nodes (e.g., QPI/UPI)\n  NODE = Connection traversing PCIe as well as the interconnect between PCIe Host Bridges within a NUMA node\n  PHB  = Connection traversing PCIe as well as a PCIe Host Bridge (typically the CPU)\n  PXB  = Connection traversing multiple PCIe bridges (without traversing the PCIe Host Bridge)\n  PIX  = Connection traversing at most a single PCIe bridge\n  NV#  = Connection traversing a bonded set of # NVLinks\n\nNIC Legend:\n\n  NIC0: rocep35s0f0\n  NIC1: rocep194s0f0\n  NIC2: rocep194s0f1""","{""CUDA_HOME"":""/usr/local/cuda"",""NCCL_TESTS_DIR"":""/root/nccl-tests""}"
1,p5-dense-20260828T154940Z-21cf57f,phase5,2026-08-28T15:53:42Z,measured,21cf57fd902a607407505eb9d8dfad40a82dfd91,False,unknown,,c079194dceb5,Ubuntu 24.04.3 LTS,6.14.0-33-generic,AMD EPYC 7542 32-Core Processor,128,1,NVIDIA L4,4,NODE,none-single-node,False,,12.8,570.195.03,2.25.1+cuda12.8,NCCL_DEBUG=VERSION banner,,gcc (Ubuntu 13.3.0-6ubuntu2~24.04) 13.3.0,b4d5beebca8a76cf01335f724d154b9b9d394d96,tree-ll,Tree,LL,"NCCL_ALGO=Tree,NCCL_PROTO=LL",,,,,,,,,nccl-tests,all_reduce,float,sum,-1,16384,4096,in_place,20,50,0,full,29.63,0.55,0.83,0,True,True,True,0,env NCCL_DEBUG=VERSION NCCL_ALGO=Tree NCCL_PROTO=LL /root/nccl-tests/build/all_reduce_perf -b 16K -e 512K -f 2 -g 4 -w 20 -n 50 -c 1 -d float,results/raw/p5-dense-20260828T154940Z-21cf57f/all_reduce.tree-ll.full.r0.stdout.txt,,"[{""index"":0,""memory_total_mib"":23034,""name"":""NVIDIA L4"",""pci_bus_id"":""00000000:61:00.0"",""pcie_link_gen_current"":1,""pcie_link_gen_max"":4,""pcie_link_width_current"":16,""pcie_link_width_max"":16},{""index"":1,""memory_total_mib"":23034,""name"":""NVIDIA L4"",""pci_bus_id"":""00000000:81:00.0"",""pcie_link_gen_current"":1,""pcie_link_gen_max"":4,""pcie_link_width_current"":16,""pcie_link_width_max"":16},{""index"":2,""memory_total_mib"":23034,""name"":""NVIDIA L4"",""pci_bus_id"":""00000000:A1:00.0"",""pcie_link_gen_current"":1,""pcie_link_gen_max"":4,""pcie_link_width_current"":16,""pcie_link_width_max"":16},{""index"":3,""memory_total_mib"":23034,""name"":""NVIDIA L4"",""pci_bus_id"":""00000000:E1:00.0"",""pcie_link_gen_current"":1,""pcie_link_gen_max"":4,""pcie_link_width_current"":16,""pcie_link_width_max"":16}]","""\t\u001b[4mGPU0\tGPU1\tGPU2\tGPU3\tNIC0\tNIC1\tNIC2\tCPU Affinity\tNUMA Affinity\tGPU NUMA ID\u001b[0m\nGPU0\t X \tSYS\tSYS\tSYS\tNODE\tSYS\tSYS\t0-31,64-95\t0\t\tN/A\nGPU1\tSYS\t X \tNODE\tNODE\tSYS\tNODE\tNODE\t32-63,96-127\t1\t\tN/A\nGPU2\tSYS\tNODE\t X \tNODE\tSYS\tNODE\tNODE\t32-63,96-127\t1\t\tN/A\nGPU3\tSYS\tNODE\tNODE\t X \tSYS\tNODE\tNODE\t32-63,96-127\t1\t\tN/A\nNIC0\tNODE\tSYS\tSYS\tSYS\t X \tSYS\tSYS\t\t\t\t\nNIC1\tSYS\tNODE\tNODE\tNODE\tSYS\t X \tPIX\t\t\t\t\nNIC2\tSYS\tNODE\tNODE\tNODE\tSYS\tPIX\t X \t\t\t\t\n\nLegend:\n\n  X    = Self\n  SYS  = Connection traversing PCIe as well as the SMP interconnect between NUMA nodes (e.g., QPI/UPI)\n  NODE = Connection traversing PCIe as well as the interconnect between PCIe Host Bridges within a NUMA node\n  PHB  = Connection traversing PCIe as well as a PCIe Host Bridge (typically the CPU)\n  PXB  = Connection traversing multiple PCIe bridges (without traversing the PCIe Host Bridge)\n  PIX  = Connection traversing at most a single PCIe bridge\n  NV#  = Connection traversing a bonded set of # NVLinks\n\nNIC Legend:\n\n  NIC0: rocep35s0f0\n  NIC1: rocep194s0f0\n  NIC2: rocep194s0f1""","{""CUDA_HOME"":""/usr/local/cuda"",""NCCL_TESTS_DIR"":""/root/nccl-tests""}"
1,p5-dense-20260828T154940Z-21cf57f,phase5,2026-08-28T15:53:42Z,measured,21cf57fd902a607407505eb9d8dfad40a82dfd91,False,unknown,,c079194dceb5,Ubuntu 24.04.3 LTS,6.14.0-33-generic,AMD EPYC 7542 32-Core Processor,128,1,NVIDIA L4,4,NODE,none-single-node,False,,12.8,570.195.03,2.25.1+cuda12.8,NCCL_DEBUG=VERSION banner,,gcc (Ubuntu 13.3.0-6ubuntu2~24.04) 13.3.0,b4d5beebca8a76cf01335f724d154b9b9d394d96,tree-ll,Tree,LL,"NCCL_ALGO=Tree,NCCL_PROTO=LL",,,,,,,,,nccl-tests,all_reduce,float,sum,-1,32768,8192,out_of_place,20,50,0,full,43.11,0.76,1.14,0,True,True,True,0,env NCCL_DEBUG=VERSION NCCL_ALGO=Tree NCCL_PROTO=LL /root/nccl-tests/build/all_reduce_perf -b 16K -e 512K -f 2 -g 4 -w 20 -n 50 -c 1 -d float,results/raw/p5-dense-20260828T154940Z-21cf57f/all_reduce.tree-ll.full.r0.stdout.txt,,"[{""index"":0,""memory_total_mib"":23034,""name"":""NVIDIA L4"",""pci_bus_id"":""00000000:61:00.0"",""pcie_link_gen_current"":1,""pcie_link_gen_max"":4,""pcie_link_width_current"":16,""pcie_link_width_max"":16},{""index"":1,""memory_total_mib"":23034,""name"":""NVIDIA L4"",""pci_bus_id"":""00000000:81:00.0"",""pcie_link_gen_current"":1,""pcie_link_gen_max"":4,""pcie_link_width_current"":16,""pcie_link_width_max"":16},{""index"":2,""memory_total_mib"":23034,""name"":""NVIDIA L4"",""pci_bus_id"":""00000000:A1:00.0"",""pcie_link_gen_current"":1,""pcie_link_gen_max"":4,""pcie_link_width_current"":16,""pcie_link_width_max"":16},{""index"":3,""memory_total_mib"":23034,""name"":""NVIDIA L4"",""pci_bus_id"":""00000000:E1:00.0"",""pcie_link_gen_current"":1,""pcie_link_gen_max"":4,""pcie_link_width_current"":16,""pcie_link_width_max"":16}]","""\t\u001b[4mGPU0\tGPU1\tGPU2\tGPU3\tNIC0\tNIC1\tNIC2\tCPU Affinity\tNUMA Affinity\tGPU NUMA ID\u001b[0m\nGPU0\t X \tSYS\tSYS\tSYS\tNODE\tSYS\tSYS\t0-31,64-95\t0\t\tN/A\nGPU1\tSYS\t X \tNODE\tNODE\tSYS\tNODE\tNODE\t32-63,96-127\t1\t\tN/A\nGPU2\tSYS\tNODE\t X \tNODE\tSYS\tNODE\tNODE\t32-63,96-127\t1\t\tN/A\nGPU3\tSYS\tNODE\tNODE\t X \tSYS\tNODE\tNODE\t32-63,96-127\t1\t\tN/A\nNIC0\tNODE\tSYS\tSYS\tSYS\t X \tSYS\tSYS\t\t\t\t\nNIC1\tSYS\tNODE\tNODE\tNODE\tSYS\t X \tPIX\t\t\t\t\nNIC2\tSYS\tNODE\tNODE\tNODE\tSYS\tPIX\t X \t\t\t\t\n\nLegend:\n\n  X    = Self\n  SYS  = Connection traversing PCIe as well as the SMP interconnect between NUMA nodes (e.g., QPI/UPI)\n  NODE = Connection traversing PCIe as well as the interconnect between PCIe Host Bridges within a NUMA node\n  PHB  = Connection traversing PCIe as well as a PCIe Host Bridge (typically the CPU)\n  PXB  = Connection traversing multiple PCIe bridges (without traversing the PCIe Host Bridge)\n  PIX  = Connection traversing at most a single PCIe bridge\n  NV#  = Connection traversing a bonded set of # NVLinks\n\nNIC Legend:\n\n  NIC0: rocep35s0f0\n  NIC1: rocep194s0f0\n  NIC2: rocep194s0f1""","{""CUDA_HOME"":""/usr/local/cuda"",""NCCL_TESTS_DIR"":""/root/nccl-tests""}"
1,p5-dense-20260828T154940Z-21cf57f,phase5,2026-08-28T15:53:42Z,measured,21cf57fd902a607407505eb9d8dfad40a82dfd91,False,unknown,,c079194dceb5,Ubuntu 24.04.3 LTS,6.14.0-33-generic,AMD EPYC 7542 32-Core Processor,128,1,NVIDIA L4,4,NODE,none-single-node,False,,12.8,570.195.03,2.25.1+cuda12.8,NCCL_DEBUG=VERSION banner,,gcc (Ubuntu 13.3.0-6ubuntu2~24.04) 13.3.0,b4d5beebca8a76cf01335f724d154b9b9d394d96,tree-ll,Tree,LL,"NCCL_ALGO=Tree,NCCL_PROTO=LL",,,,,,,,,nccl-tests,all_reduce,float,sum,-1,32768,8192,in_place,20,50,0,full,46.8,0.7,1.05,0,True,True,True,0,env NCCL_DEBUG=VERSION NCCL_ALGO=Tree NCCL_PROTO=LL /root/nccl-tests/build/all_reduce_perf -b 16K -e 512K -f 2 -g 4 -w 20 -n 50 -c 1 -d float,results/raw/p5-dense-20260828T154940Z-21cf57f/all_reduce.tree-ll.full.r0.stdout.txt,,"[{""index"":0,""memory_total_mib"":23034,""name"":""NVIDIA L4"",""pci_bus_id"":""00000000:61:00.0"",""pcie_link_gen_current"":1,""pcie_link_gen_max"":4,""pcie_link_width_current"":16,""pcie_link_width_max"":16},{""index"":1,""memory_total_mib"":23034,""name"":""NVIDIA L4"",""pci_bus_id"":""00000000:81:00.0"",""pcie_link_gen_current"":1,""pcie_link_gen_max"":4,""pcie_link_width_current"":16,""pcie_link_width_max"":16},{""index"":2,""memory_total_mib"":23034,""name"":""NVIDIA L4"",""pci_bus_id"":""00000000:A1:00.0"",""pcie_link_gen_current"":1,""pcie_link_gen_max"":4,""pcie_link_width_current"":16,""pcie_link_width_max"":16},{""index"":3,""memory_total_mib"":23034,""name"":""NVIDIA L4"",""pci_bus_id"":""00000000:E1:00.0"",""pcie_link_gen_current"":1,""pcie_link_gen_max"":4,""pcie_link_width_current"":16,""pcie_link_width_max"":16}]","""\t\u001b[4mGPU0\tGPU1\tGPU2\tGPU3\tNIC0\tNIC1\tNIC2\tCPU Affinity\tNUMA Affinity\tGPU NUMA ID\u001b[0m\nGPU0\t X \tSYS\tSYS\tSYS\tNODE\tSYS\tSYS\t0-31,64-95\t0\t\tN/A\nGPU1\tSYS\t X \tNODE\tNODE\tSYS\tNODE\tNODE\t32-63,96-127\t1\t\tN/A\nGPU2\tSYS\tNODE\t X \tNODE\tSYS\tNODE\tNODE\t32-63,96-127\t1\t\tN/A\nGPU3\tSYS\tNODE\tNODE\t X \tSYS\tNODE\tNODE\t32-63,96-127\t1\t\tN/A\nNIC0\tNODE\tSYS\tSYS\tSYS\t X \tSYS\tSYS\t\t\t\t\nNIC1\tSYS\tNODE\tNODE\tNODE\tSYS\t X \tPIX\t\t\t\t\nNIC2\tSYS\tNODE\tNODE\tNODE\tSYS\tPIX\t X \t\t\t\t\n\nLegend:\n\n  X    = Self\n  SYS  = Connection traversing PCIe as well as the SMP interconnect between NUMA nodes (e.g., QPI/UPI)\n  NODE = Connection traversing PCIe as well as the interconnect between PCIe Host Bridges within a NUMA node\n  PHB  = Connection traversing PCIe as well as a PCIe Host Bridge (typically the CPU)\n  PXB  = Connection traversing multiple PCIe bridges (without traversing the PCIe Host Bridge)\n  PIX  = Connection traversing at most a single PCIe bridge\n  NV#  = Connection traversing a bonded set of # NVLinks\n\nNIC Legend:\n\n  NIC0: rocep35s0f0\n  NIC1: rocep194s0f0\n  NIC2: rocep194s0f1""","{""CUDA_HOME"":""/usr/local/cuda"",""NCCL_TESTS_DIR"":""/root/nccl-tests""}"
1,p5-dense-20260828T154940Z-21cf57f,phase5,2026-08-28T15:53:42Z,measured,21cf57fd902a607407505eb9d8dfad40a82dfd91,False,unknown,,c079194dceb5,Ubuntu 24.04.3 LTS,6.14.0-33-generic,AMD EPYC 7542 32-Core Processor,128,1,NVIDIA L4,4,NODE,none-single-node,False,,12.8,570.195.03,2.25.1+cuda12.8,NCCL_DEBUG=VERSION banner,,gcc (Ubuntu 13.3.0-6ubuntu2~24.04) 13.3.0,b4d5beebca8a76cf01335f724d154b9b9d394d96,tree-ll,Tree,LL,"NCCL_ALGO=Tree,NCCL_PROTO=LL",,,,,,,,,nccl-tests,all_reduce,float,sum,-1,65536,16384,out_of_place,20,50,0,full,69.55,0.94,1.41,0,True,True,True,0,env NCCL_DEBUG=VERSION NCCL_ALGO=Tree NCCL_PROTO=LL /root/nccl-tests/build/all_reduce_perf -b 16K -e 512K -f 2 -g 4 -w 20 -n 50 -c 1 -d float,results/raw/p5-dense-20260828T154940Z-21cf57f/all_reduce.tree-ll.full.r0.stdout.txt,,"[{""index"":0,""memory_total_mib"":23034,""name"":""NVIDIA L4"",""pci_bus_id"":""00000000:61:00.0"",""pcie_link_gen_current"":1,""pcie_link_gen_max"":4,""pcie_link_width_current"":16,""pcie_link_width_max"":16},{""index"":1,""memory_total_mib"":23034,""name"":""NVIDIA L4"",""pci_bus_id"":""00000000:81:00.0"",""pcie_link_gen_current"":1,""pcie_link_gen_max"":4,""pcie_link_width_current"":16,""pcie_link_width_max"":16},{""index"":2,""memory_total_mib"":23034,""name"":""NVIDIA L4"",""pci_bus_id"":""00000000:A1:00.0"",""pcie_link_gen_current"":1,""pcie_link_gen_max"":4,""pcie_link_width_current"":16,""pcie_link_width_max"":16},{""index"":3,""memory_total_mib"":23034,""name"":""NVIDIA L4"",""pci_bus_id"":""00000000:E1:00.0"",""pcie_link_gen_current"":1,""pcie_link_gen_max"":4,""pcie_link_width_current"":16,""pcie_link_width_max"":16}]","""\t\u001b[4mGPU0\tGPU1\tGPU2\tGPU3\tNIC0\tNIC1\tNIC2\tCPU Affinity\tNUMA Affinity\tGPU NUMA ID\u001b[0m\nGPU0\t X \tSYS\tSYS\tSYS\tNODE\tSYS\tSYS\t0-31,64-95\t0\t\tN/A\nGPU1\tSYS\t X \tNODE\tNODE\tSYS\tNODE\tNODE\t32-63,96-127\t1\t\tN/A\nGPU2\tSYS\tNODE\t X \tNODE\tSYS\tNODE\tNODE\t32-63,96-127\t1\t\tN/A\nGPU3\tSYS\tNODE\tNODE\t X \tSYS\tNODE\tNODE\t32-63,96-127\t1\t\tN/A\nNIC0\tNODE\tSYS\tSYS\tSYS\t X \tSYS\tSYS\t\t\t\t\nNIC1\tSYS\tNODE\tNODE\tNODE\tSYS\t X \tPIX\t\t\t\t\nNIC2\tSYS\tNODE\tNODE\tNODE\tSYS\tPIX\t X \t\t\t\t\n\nLegend:\n\n  X    = Self\n  SYS  = Connection traversing PCIe as well as the SMP interconnect between NUMA nodes (e.g., QPI/UPI)\n  NODE = Connection traversing PCIe as well as the interconnect between PCIe Host Bridges within a NUMA node\n  PHB  = Connection traversing PCIe as well as a PCIe Host Bridge (typically the CPU)\n  PXB  = Connection traversing multiple PCIe bridges (without traversing the PCIe Host Bridge)\n  PIX  = Connection traversing at most a single PCIe bridge\n  NV#  = Connection traversing a bonded set of # NVLinks\n\nNIC Legend:\n\n  NIC0: rocep35s0f0\n  NIC1: rocep194s0f0\n  NIC2: rocep194s0f1""","{""CUDA_HOME"":""/usr/local/cuda"",""NCCL_TESTS_DIR"":""/root/nccl-tests""}"
1,p5-dense-20260828T154940Z-21cf57f,phase5,2026-08-28T15:53:42Z,measured,21cf57fd902a607407505eb9d8dfad40a82dfd91,False,unknown,,c079194dceb5,Ubuntu 24.04.3 LTS,6.14.0-33-generic,AMD EPYC 7542 32-Core Processor,128,1,NVIDIA L4,4,NODE,none-single-node,False,,12.8,570.195.03,2.25.1+cuda12.8,NCCL_DEBUG=VERSION banner,,gcc (Ubuntu 13.3.0-6ubuntu2~24.04) 13.3.0,b4d5beebca8a76cf01335f724d154b9b9d394d96,tree-ll,Tree,LL,"NCCL_ALGO=Tree,NCCL_PROTO=LL",,,,,,,,,nccl-tests,all_reduce,float,sum,-1,65536,16384,in_place,20,50,0,full,70.18,0.93,1.4,0,True,True,True,0,env NCCL_DEBUG=VERSION NCCL_ALGO=Tree NCCL_PROTO=LL /root/nccl-tests/build/all_reduce_perf -b 16K -e 512K -f 2 -g 4 -w 20 -n 50 -c 1 -d float,results/raw/p5-dense-20260828T154940Z-21cf57f/all_reduce.tree-ll.full.r0.stdout.txt,,"[{""index"":0,""memory_total_mib"":23034,""name"":""NVIDIA L4"",""pci_bus_id"":""00000000:61:00.0"",""pcie_link_gen_current"":1,""pcie_link_gen_max"":4,""pcie_link_width_current"":16,""pcie_link_width_max"":16},{""index"":1,""memory_total_mib"":23034,""name"":""NVIDIA L4"",""pci_bus_id"":""00000000:81:00.0"",""pcie_link_gen_current"":1,""pcie_link_gen_max"":4,""pcie_link_width_current"":16,""pcie_link_width_max"":16},{""index"":2,""memory_total_mib"":23034,""name"":""NVIDIA L4"",""pci_bus_id"":""00000000:A1:00.0"",""pcie_link_gen_current"":1,""pcie_link_gen_max"":4,""pcie_link_width_current"":16,""pcie_link_width_max"":16},{""index"":3,""memory_total_mib"":23034,""name"":""NVIDIA L4"",""pci_bus_id"":""00000000:E1:00.0"",""pcie_link_gen_current"":1,""pcie_link_gen_max"":4,""pcie_link_width_current"":16,""pcie_link_width_max"":16}]","""\t\u001b[4mGPU0\tGPU1\tGPU2\tGPU3\tNIC0\tNIC1\tNIC2\tCPU Affinity\tNUMA Affinity\tGPU NUMA ID\u001b[0m\nGPU0\t X \tSYS\tSYS\tSYS\tNODE\tSYS\tSYS\t0-31,64-95\t0\t\tN/A\nGPU1\tSYS\t X \tNODE\tNODE\tSYS\tNODE\tNODE\t32-63,96-127\t1\t\tN/A\nGPU2\tSYS\tNODE\t X \tNODE\tSYS\tNODE\tNODE\t32-63,96-127\t1\t\tN/A\nGPU3\tSYS\tNODE\tNODE\t X \tSYS\tNODE\tNODE\t32-63,96-127\t1\t\tN/A\nNIC0\tNODE\tSYS\tSYS\tSYS\t X \tSYS\tSYS\t\t\t\t\nNIC1\tSYS\tNODE\tNODE\tNODE\tSYS\t X \tPIX\t\t\t\t\nNIC2\tSYS\tNODE\tNODE\tNODE\tSYS\tPIX\t X \t\t\t\t\n\nLegend:\n\n  X    = Self\n  SYS  = Connection traversing PCIe as well as the SMP interconnect between NUMA nodes (e.g., QPI/UPI)\n  NODE = Connection traversing PCIe as well as the interconnect between PCIe Host Bridges within a NUMA node\n  PHB  = Connection traversing PCIe as well as a PCIe Host Bridge (typically the CPU)\n  PXB  = Connection traversing multiple PCIe bridges (without traversing the PCIe Host Bridge)\n  PIX  = Connection traversing at most a single PCIe bridge\n  NV#  = Connection traversing a bonded set of # NVLinks\n\nNIC Legend:\n\n  NIC0: rocep35s0f0\n  NIC1: rocep194s0f0\n  NIC2: rocep194s0f1""","{""CUDA_HOME"":""/usr/local/cuda"",""NCCL_TESTS_DIR"":""/root/nccl-tests""}"
1,p5-dense-20260828T154940Z-21cf57f,phase5,2026-08-28T15:53:42Z,measured,21cf57fd902a607407505eb9d8dfad40a82dfd91,False,unknown,,c079194dceb5,Ubuntu 24.04.3 LTS,6.14.0-33-generic,AMD EPYC 7542 32-Core Processor,128,1,NVIDIA L4,4,NODE,none-single-node,False,,12.8,570.195.03,2.25.1+cuda12.8,NCCL_DEBUG=VERSION banner,,gcc (Ubuntu 13.3.0-6ubuntu2~24.04) 13.3.0,b4d5beebca8a76cf01335f724d154b9b9d394d96,tree-ll,Tree,LL,"NCCL_ALGO=Tree,NCCL_PROTO=LL",,,,,,,,,nccl-tests,all_reduce,float,sum,-1,131072,32768,out_of_place,20,50,0,full,123.31,1.06,1.59,0,True,True,True,0,env NCCL_DEBUG=VERSION NCCL_ALGO=Tree NCCL_PROTO=LL /root/nccl-tests/build/all_reduce_perf -b 16K -e 512K -f 2 -g 4 -w 20 -n 50 -c 1 -d float,results/raw/p5-dense-20260828T154940Z-21cf57f/all_reduce.tree-ll.full.r0.stdout.txt,,"[{""index"":0,""memory_total_mib"":23034,""name"":""NVIDIA L4"",""pci_bus_id"":""00000000:61:00.0"",""pcie_link_gen_current"":1,""pcie_link_gen_max"":4,""pcie_link_width_current"":16,""pcie_link_width_max"":16},{""index"":1,""memory_total_mib"":23034,""name"":""NVIDIA L4"",""pci_bus_id"":""00000000:81:00.0"",""pcie_link_gen_current"":1,""pcie_link_gen_max"":4,""pcie_link_width_current"":16,""pcie_link_width_max"":16},{""index"":2,""memory_total_mib"":23034,""name"":""NVIDIA L4"",""pci_bus_id"":""00000000:A1:00.0"",""pcie_link_gen_current"":1,""pcie_link_gen_max"":4,""pcie_link_width_current"":16,""pcie_link_width_max"":16},{""index"":3,""memory_total_mib"":23034,""name"":""NVIDIA L4"",""pci_bus_id"":""00000000:E1:00.0"",""pcie_link_gen_current"":1,""pcie_link_gen_max"":4,""pcie_link_width_current"":16,""pcie_link_width_max"":16}]","""\t\u001b[4mGPU0\tGPU1\tGPU2\tGPU3\tNIC0\tNIC1\tNIC2\tCPU Affinity\tNUMA Affinity\tGPU NUMA ID\u001b[0m\nGPU0\t X \tSYS\tSYS\tSYS\tNODE\tSYS\tSYS\t0-31,64-95\t0\t\tN/A\nGPU1\tSYS\t X \tNODE\tNODE\tSYS\tNODE\tNODE\t32-63,96-127\t1\t\tN/A\nGPU2\tSYS\tNODE\t X \tNODE\tSYS\tNODE\tNODE\t32-63,96-127\t1\t\tN/A\nGPU3\tSYS\tNODE\tNODE\t X \tSYS\tNODE\tNODE\t32-63,96-127\t1\t\tN/A\nNIC0\tNODE\tSYS\tSYS\tSYS\t X \tSYS\tSYS\t\t\t\t\nNIC1\tSYS\tNODE\tNODE\tNODE\tSYS\t X \tPIX\t\t\t\t\nNIC2\tSYS\tNODE\tNODE\tNODE\tSYS\tPIX\t X \t\t\t\t\n\nLegend:\n\n  X    = Self\n  SYS  = Connection traversing PCIe as well as the SMP interconnect between NUMA nodes (e.g., QPI/UPI)\n  NODE = Connection traversing PCIe as well as the interconnect between PCIe Host Bridges within a NUMA node\n  PHB  = Connection traversing PCIe as well as a PCIe Host Bridge (typically the CPU)\n  PXB  = Connection traversing multiple PCIe bridges (without traversing the PCIe Host Bridge)\n  PIX  = Connection traversing at most a single PCIe bridge\n  NV#  = Connection traversing a bonded set of # NVLinks\n\nNIC Legend:\n\n  NIC0: rocep35s0f0\n  NIC1: rocep194s0f0\n  NIC2: rocep194s0f1""","{""CUDA_HOME"":""/usr/local/cuda"",""NCCL_TESTS_DIR"":""/root/nccl-tests""}"
1,p5-dense-20260828T154940Z-21cf57f,phase5,2026-08-28T15:53:42Z,measured,21cf57fd902a607407505eb9d8dfad40a82dfd91,False,unknown,,c079194dceb5,Ubuntu 24.04.3 LTS,6.14.0-33-generic,AMD EPYC 7542 32-Core Processor,128,1,NVIDIA L4,4,NODE,none-single-node,False,,12.8,570.195.03,2.25.1+cuda12.8,NCCL_DEBUG=VERSION banner,,gcc (Ubuntu 13.3.0-6ubuntu2~24.04) 13.3.0,b4d5beebca8a76cf01335f724d154b9b9d394d96,tree-ll,Tree,LL,"NCCL_ALGO=Tree,NCCL_PROTO=LL",,,,,,,,,nccl-tests,all_reduce,float,sum,-1,131072,32768,in_place,20,50,0,full,123.06,1.07,1.6,0,True,True,True,0,env NCCL_DEBUG=VERSION NCCL_ALGO=Tree NCCL_PROTO=LL /root/nccl-tests/build/all_reduce_perf -b 16K -e 512K -f 2 -g 4 -w 20 -n 50 -c 1 -d float,results/raw/p5-dense-20260828T154940Z-21cf57f/all_reduce.tree-ll.full.r0.stdout.txt,,"[{""index"":0,""memory_total_mib"":23034,""name"":""NVIDIA L4"",""pci_bus_id"":""00000000:61:00.0"",""pcie_link_gen_current"":1,""pcie_link_gen_max"":4,""pcie_link_width_current"":16,""pcie_link_width_max"":16},{""index"":1,""memory_total_mib"":23034,""name"":""NVIDIA L4"",""pci_bus_id"":""00000000:81:00.0"",""pcie_link_gen_current"":1,""pcie_link_gen_max"":4,""pcie_link_width_current"":16,""pcie_link_width_max"":16},{""index"":2,""memory_total_mib"":23034,""name"":""NVIDIA L4"",""pci_bus_id"":""00000000:A1:00.0"",""pcie_link_gen_current"":1,""pcie_link_gen_max"":4,""pcie_link_width_current"":16,""pcie_link_width_max"":16},{""index"":3,""memory_total_mib"":23034,""name"":""NVIDIA L4"",""pci_bus_id"":""00000000:E1:00.0"",""pcie_link_gen_current"":1,""pcie_link_gen_max"":4,""pcie_link_width_current"":16,""pcie_link_width_max"":16}]","""\t\u001b[4mGPU0\tGPU1\tGPU2\tGPU3\tNIC0\tNIC1\tNIC2\tCPU Affinity\tNUMA Affinity\tGPU NUMA ID\u001b[0m\nGPU0\t X \tSYS\tSYS\tSYS\tNODE\tSYS\tSYS\t0-31,64-95\t0\t\tN/A\nGPU1\tSYS\t X \tNODE\tNODE\tSYS\tNODE\tNODE\t32-63,96-127\t1\t\tN/A\nGPU2\tSYS\tNODE\t X \tNODE\tSYS\tNODE\tNODE\t32-63,96-127\t1\t\tN/A\nGPU3\tSYS\tNODE\tNODE\t X \tSYS\tNODE\tNODE\t32-63,96-127\t1\t\tN/A\nNIC0\tNODE\tSYS\tSYS\tSYS\t X \tSYS\tSYS\t\t\t\t\nNIC1\tSYS\tNODE\tNODE\tNODE\tSYS\t X \tPIX\t\t\t\t\nNIC2\tSYS\tNODE\tNODE\tNODE\tSYS\tPIX\t X \t\t\t\t\n\nLegend:\n\n  X    = Self\n  SYS  = Connection traversing PCIe as well as the SMP interconnect between NUMA nodes (e.g., QPI/UPI)\n  NODE = Connection traversing PCIe as well as the interconnect between PCIe Host Bridges within a NUMA node\n  PHB  = Connection traversing PCIe as well as a PCIe Host Bridge (typically the CPU)\n  PXB  = Connection traversing multiple PCIe bridges (without traversing the PCIe Host Bridge)\n  PIX  = Connection traversing at most a single PCIe bridge\n  NV#  = Connection traversing a bonded set of # NVLinks\n\nNIC Legend:\n\n  NIC0: rocep35s0f0\n  NIC1: rocep194s0f0\n  NIC2: rocep194s0f1""","{""CUDA_HOME"":""/usr/local/cuda"",""NCCL_TESTS_DIR"":""/root/nccl-tests""}"
1,p5-dense-20260828T154940Z-21cf57f,phase5,2026-08-28T15:53:42Z,measured,21cf57fd902a607407505eb9d8dfad40a82dfd91,False,unknown,,c079194dceb5,Ubuntu 24.04.3 LTS,6.14.0-33-generic,AMD EPYC 7542 32-Core Processor,128,1,NVIDIA L4,4,NODE,none-single-node,False,,12.8,570.195.03,2.25.1+cuda12.8,NCCL_DEBUG=VERSION banner,,gcc (Ubuntu 13.3.0-6ubuntu2~24.04) 13.3.0,b4d5beebca8a76cf01335f724d154b9b9d394d96,tree-ll,Tree,LL,"NCCL_ALGO=Tree,NCCL_PROTO=LL",,,,,,,,,nccl-tests,all_reduce,float,sum,-1,262144,65536,out_of_place,20,50,0,full,239.36,1.1,1.64,0,True,True,True,0,env NCCL_DEBUG=VERSION NCCL_ALGO=Tree NCCL_PROTO=LL /root/nccl-tests/build/all_reduce_perf -b 16K -e 512K -f 2 -g 4 -w 20 -n 50 -c 1 -d float,results/raw/p5-dense-20260828T154940Z-21cf57f/all_reduce.tree-ll.full.r0.stdout.txt,,"[{""index"":0,""memory_total_mib"":23034,""name"":""NVIDIA L4"",""pci_bus_id"":""00000000:61:00.0"",""pcie_link_gen_current"":1,""pcie_link_gen_max"":4,""pcie_link_width_current"":16,""pcie_link_width_max"":16},{""index"":1,""memory_total_mib"":23034,""name"":""NVIDIA L4"",""pci_bus_id"":""00000000:81:00.0"",""pcie_link_gen_current"":1,""pcie_link_gen_max"":4,""pcie_link_width_current"":16,""pcie_link_width_max"":16},{""index"":2,""memory_total_mib"":23034,""name"":""NVIDIA L4"",""pci_bus_id"":""00000000:A1:00.0"",""pcie_link_gen_current"":1,""pcie_link_gen_max"":4,""pcie_link_width_current"":16,""pcie_link_width_max"":16},{""index"":3,""memory_total_mib"":23034,""name"":""NVIDIA L4"",""pci_bus_id"":""00000000:E1:00.0"",""pcie_link_gen_current"":1,""pcie_link_gen_max"":4,""pcie_link_width_current"":16,""pcie_link_width_max"":16}]","""\t\u001b[4mGPU0\tGPU1\tGPU2\tGPU3\tNIC0\tNIC1\tNIC2\tCPU Affinity\tNUMA Affinity\tGPU NUMA ID\u001b[0m\nGPU0\t X \tSYS\tSYS\tSYS\tNODE\tSYS\tSYS\t0-31,64-95\t0\t\tN/A\nGPU1\tSYS\t X \tNODE\tNODE\tSYS\tNODE\tNODE\t32-63,96-127\t1\t\tN/A\nGPU2\tSYS\tNODE\t X \tNODE\tSYS\tNODE\tNODE\t32-63,96-127\t1\t\tN/A\nGPU3\tSYS\tNODE\tNODE\t X \tSYS\tNODE\tNODE\t32-63,96-127\t1\t\tN/A\nNIC0\tNODE\tSYS\tSYS\tSYS\t X \tSYS\tSYS\t\t\t\t\nNIC1\tSYS\tNODE\tNODE\tNODE\tSYS\t X \tPIX\t\t\t\t\nNIC2\tSYS\tNODE\tNODE\tNODE\tSYS\tPIX\t X \t\t\t\t\n\nLegend:\n\n  X    = Self\n  SYS  = Connection traversing PCIe as well as the SMP interconnect between NUMA nodes (e.g., QPI/UPI)\n  NODE = Connection traversing PCIe as well as the interconnect between PCIe Host Bridges within a NUMA node\n  PHB  = Connection traversing PCIe as well as a PCIe Host Bridge (typically the CPU)\n  PXB  = Connection traversing multiple PCIe bridges (without traversing the PCIe Host Bridge)\n  PIX  = Connection traversing at most a single PCIe bridge\n  NV#  = Connection traversing a bonded set of # NVLinks\n\nNIC Legend:\n\n  NIC0: rocep35s0f0\n  NIC1: rocep194s0f0\n  NIC2: rocep194s0f1""","{""CUDA_HOME"":""/usr/local/cuda"",""NCCL_TESTS_DIR"":""/root/nccl-tests""}"
1,p5-dense-20260828T154940Z-21cf57f,phase5,2026-08-28T15:53:42Z,measured,21cf57fd902a607407505eb9d8dfad40a82dfd91,False,unknown,,c079194dceb5,Ubuntu 24.04.3 LTS,6.14.0-33-generic,AMD EPYC 7542 32-Core Processor,128,1,NVIDIA L4,4,NODE,none-single-node,False,,12.8,570.195.03,2.25.1+cuda12.8,NCCL_DEBUG=VERSION banner,,gcc (Ubuntu 13.3.0-6ubuntu2~24.04) 13.3.0,b4d5beebca8a76cf01335f724d154b9b9d394d96,tree-ll,Tree,LL,"NCCL_ALGO=Tree,NCCL_PROTO=LL",,,,,,,,,nccl-tests,all_reduce,float,sum,-1,262144,65536,in_place,20,50,0,full,223.04,1.18,1.76,0,True,True,True,0,env NCCL_DEBUG=VERSION NCCL_ALGO=Tree NCCL_PROTO=LL /root/nccl-tests/build/all_reduce_perf -b 16K -e 512K -f 2 -g 4 -w 20 -n 50 -c 1 -d float,results/raw/p5-dense-20260828T154940Z-21cf57f/all_reduce.tree-ll.full.r0.stdout.txt,,"[{""index"":0,""memory_total_mib"":23034,""name"":""NVIDIA L4"",""pci_bus_id"":""00000000:61:00.0"",""pcie_link_gen_current"":1,""pcie_link_gen_max"":4,""pcie_link_width_current"":16,""pcie_link_width_max"":16},{""index"":1,""memory_total_mib"":23034,""name"":""NVIDIA L4"",""pci_bus_id"":""00000000:81:00.0"",""pcie_link_gen_current"":1,""pcie_link_gen_max"":4,""pcie_link_width_current"":16,""pcie_link_width_max"":16},{""index"":2,""memory_total_mib"":23034,""name"":""NVIDIA L4"",""pci_bus_id"":""00000000:A1:00.0"",""pcie_link_gen_current"":1,""pcie_link_gen_max"":4,""pcie_link_width_current"":16,""pcie_link_width_max"":16},{""index"":3,""memory_total_mib"":23034,""name"":""NVIDIA L4"",""pci_bus_id"":""00000000:E1:00.0"",""pcie_link_gen_current"":1,""pcie_link_gen_max"":4,""pcie_link_width_current"":16,""pcie_link_width_max"":16}]","""\t\u001b[4mGPU0\tGPU1\tGPU2\tGPU3\tNIC0\tNIC1\tNIC2\tCPU Affinity\tNUMA Affinity\tGPU NUMA ID\u001b[0m\nGPU0\t X \tSYS\tSYS\tSYS\tNODE\tSYS\tSYS\t0-31,64-95\t0\t\tN/A\nGPU1\tSYS\t X \tNODE\tNODE\tSYS\tNODE\tNODE\t32-63,96-127\t1\t\tN/A\nGPU2\tSYS\tNODE\t X \tNODE\tSYS\tNODE\tNODE\t32-63,96-127\t1\t\tN/A\nGPU3\tSYS\tNODE\tNODE\t X \tSYS\tNODE\tNODE\t32-63,96-127\t1\t\tN/A\nNIC0\tNODE\tSYS\tSYS\tSYS\t X \tSYS\tSYS\t\t\t\t\nNIC1\tSYS\tNODE\tNODE\tNODE\tSYS\t X \tPIX\t\t\t\t\nNIC2\tSYS\tNODE\tNODE\tNODE\tSYS\tPIX\t X \t\t\t\t\n\nLegend:\n\n  X    = Self\n  SYS  = Connection traversing PCIe as well as the SMP interconnect between NUMA nodes (e.g., QPI/UPI)\n  NODE = Connection traversing PCIe as well as the interconnect between PCIe Host Bridges within a NUMA node\n  PHB  = Connection traversing PCIe as well as a PCIe Host Bridge (typically the CPU)\n  PXB  = Connection traversing multiple PCIe bridges (without traversing the PCIe Host Bridge)\n  PIX  = Connection traversing at most a single PCIe bridge\n  NV#  = Connection traversing a bonded set of # NVLinks\n\nNIC Legend:\n\n  NIC0: rocep35s0f0\n  NIC1: rocep194s0f0\n  NIC2: rocep194s0f1""","{""CUDA_HOME"":""/usr/local/cuda"",""NCCL_TESTS_DIR"":""/root/nccl-tests""}"
1,p5-dense-20260828T154940Z-21cf57f,phase5,2026-08-28T15:53:42Z,measured,21cf57fd902a607407505eb9d8dfad40a82dfd91,False,unknown,,c079194dceb5,Ubuntu 24.04.3 LTS,6.14.0-33-generic,AMD EPYC 7542 32-Core Processor,128,1,NVIDIA L4,4,NODE,none-single-node,False,,12.8,570.195.03,2.25.1+cuda12.8,NCCL_DEBUG=VERSION banner,,gcc (Ubuntu 13.3.0-6ubuntu2~24.04) 13.3.0,b4d5beebca8a76cf01335f724d154b9b9d394d96,tree-ll,Tree,LL,"NCCL_ALGO=Tree,NCCL_PROTO=LL",,,,,,,,,nccl-tests,all_reduce,float,sum,-1,524288,131072,out_of_place,20,50,0,full,435.9,1.2,1.8,0,True,True,True,0,env NCCL_DEBUG=VERSION NCCL_ALGO=Tree NCCL_PROTO=LL /root/nccl-tests/build/all_reduce_perf -b 16K -e 512K -f 2 -g 4 -w 20 -n 50 -c 1 -d float,results/raw/p5-dense-20260828T154940Z-21cf57f/all_reduce.tree-ll.full.r0.stdout.txt,,"[{""index"":0,""memory_total_mib"":23034,""name"":""NVIDIA L4"",""pci_bus_id"":""00000000:61:00.0"",""pcie_link_gen_current"":1,""pcie_link_gen_max"":4,""pcie_link_width_current"":16,""pcie_link_width_max"":16},{""index"":1,""memory_total_mib"":23034,""name"":""NVIDIA L4"",""pci_bus_id"":""00000000:81:00.0"",""pcie_link_gen_current"":1,""pcie_link_gen_max"":4,""pcie_link_width_current"":16,""pcie_link_width_max"":16},{""index"":2,""memory_total_mib"":23034,""name"":""NVIDIA L4"",""pci_bus_id"":""00000000:A1:00.0"",""pcie_link_gen_current"":1,""pcie_link_gen_max"":4,""pcie_link_width_current"":16,""pcie_link_width_max"":16},{""index"":3,""memory_total_mib"":23034,""name"":""NVIDIA L4"",""pci_bus_id"":""00000000:E1:00.0"",""pcie_link_gen_current"":1,""pcie_link_gen_max"":4,""pcie_link_width_current"":16,""pcie_link_width_max"":16}]","""\t\u001b[4mGPU0\tGPU1\tGPU2\tGPU3\tNIC0\tNIC1\tNIC2\tCPU Affinity\tNUMA Affinity\tGPU NUMA ID\u001b[0m\nGPU0\t X \tSYS\tSYS\tSYS\tNODE\tSYS\tSYS\t0-31,64-95\t0\t\tN/A\nGPU1\tSYS\t X \tNODE\tNODE\tSYS\tNODE\tNODE\t32-63,96-127\t1\t\tN/A\nGPU2\tSYS\tNODE\t X \tNODE\tSYS\tNODE\tNODE\t32-63,96-127\t1\t\tN/A\nGPU3\tSYS\tNODE\tNODE\t X \tSYS\tNODE\tNODE\t32-63,96-127\t1\t\tN/A\nNIC0\tNODE\tSYS\tSYS\tSYS\t X \tSYS\tSYS\t\t\t\t\nNIC1\tSYS\tNODE\tNODE\tNODE\tSYS\t X \tPIX\t\t\t\t\nNIC2\tSYS\tNODE\tNODE\tNODE\tSYS\tPIX\t X \t\t\t\t\n\nLegend:\n\n  X    = Self\n  SYS  = Connection traversing PCIe as well as the SMP interconnect between NUMA nodes (e.g., QPI/UPI)\n  NODE = Connection traversing PCIe as well as the interconnect between PCIe Host Bridges within a NUMA node\n  PHB  = Connection traversing PCIe as well as a PCIe Host Bridge (typically the CPU)\n  PXB  = Connection traversing multiple PCIe bridges (without traversing the PCIe Host Bridge)\n  PIX  = Connection traversing at most a single PCIe bridge\n  NV#  = Connection traversing a bonded set of # NVLinks\n\nNIC Legend:\n\n  NIC0: rocep35s0f0\n  NIC1: rocep194s0f0\n  NIC2: rocep194s0f1""","{""CUDA_HOME"":""/usr/local/cuda"",""NCCL_TESTS_DIR"":""/root/nccl-tests""}"
1,p5-dense-20260828T154940Z-21cf57f,phase5,2026-08-28T15:53:42Z,measured,21cf57fd902a607407505eb9d8dfad40a82dfd91,False,unknown,,c079194dceb5,Ubuntu 24.04.3 LTS,6.14.0-33-generic,AMD EPYC 7542 32-Core Processor,128,1,NVIDIA L4,4,NODE,none-single-node,False,,12.8,570.195.03,2.25.1+cuda12.8,NCCL_DEBUG=VERSION banner,,gcc (Ubuntu 13.3.0-6ubuntu2~24.04) 13.3.0,b4d5beebca8a76cf01335f724d154b9b9d394d96,tree-ll,Tree,LL,"NCCL_ALGO=Tree,NCCL_PROTO=LL",,,,,,,,,nccl-tests,all_reduce,float,sum,-1,524288,131072,in_place,20,50,0,full,421.11,1.25,1.87,0,True,True,True,0,env NCCL_DEBUG=VERSION NCCL_ALGO=Tree NCCL_PROTO=LL /root/nccl-tests/build/all_reduce_perf -b 16K -e 512K -f 2 -g 4 -w 20 -n 50 -c 1 -d float,results/raw/p5-dense-20260828T154940Z-21cf57f/all_reduce.tree-ll.full.r0.stdout.txt,,"[{""index"":0,""memory_total_mib"":23034,""name"":""NVIDIA L4"",""pci_bus_id"":""00000000:61:00.0"",""pcie_link_gen_current"":1,""pcie_link_gen_max"":4,""pcie_link_width_current"":16,""pcie_link_width_max"":16},{""index"":1,""memory_total_mib"":23034,""name"":""NVIDIA L4"",""pci_bus_id"":""00000000:81:00.0"",""pcie_link_gen_current"":1,""pcie_link_gen_max"":4,""pcie_link_width_current"":16,""pcie_link_width_max"":16},{""index"":2,""memory_total_mib"":23034,""name"":""NVIDIA L4"",""pci_bus_id"":""00000000:A1:00.0"",""pcie_link_gen_current"":1,""pcie_link_gen_max"":4,""pcie_link_width_current"":16,""pcie_link_width_max"":16},{""index"":3,""memory_total_mib"":23034,""name"":""NVIDIA L4"",""pci_bus_id"":""00000000:E1:00.0"",""pcie_link_gen_current"":1,""pcie_link_gen_max"":4,""pcie_link_width_current"":16,""pcie_link_width_max"":16}]","""\t\u001b[4mGPU0\tGPU1\tGPU2\tGPU3\tNIC0\tNIC1\tNIC2\tCPU Affinity\tNUMA Affinity\tGPU NUMA ID\u001b[0m\nGPU0\t X \tSYS\tSYS\tSYS\tNODE\tSYS\tSYS\t0-31,64-95\t0\t\tN/A\nGPU1\tSYS\t X \tNODE\tNODE\tSYS\tNODE\tNODE\t32-63,96-127\t1\t\tN/A\nGPU2\tSYS\tNODE\t X \tNODE\tSYS\tNODE\tNODE\t32-63,96-127\t1\t\tN/A\nGPU3\tSYS\tNODE\tNODE\t X \tSYS\tNODE\tNODE\t32-63,96-127\t1\t\tN/A\nNIC0\tNODE\tSYS\tSYS\tSYS\t X \tSYS\tSYS\t\t\t\t\nNIC1\tSYS\tNODE\tNODE\tNODE\tSYS\t X \tPIX\t\t\t\t\nNIC2\tSYS\tNODE\tNODE\tNODE\tSYS\tPIX\t X \t\t\t\t\n\nLegend:\n\n  X    = Self\n  SYS  = Connection traversing PCIe as well as the SMP interconnect between NUMA nodes (e.g., QPI/UPI)\n  NODE = Connection traversing PCIe as well as the interconnect between PCIe Host Bridges within a NUMA node\n  PHB  = Connection traversing PCIe as well as a PCIe Host Bridge (typically the CPU)\n  PXB  = Connection traversing multiple PCIe bridges (without traversing the PCIe Host Bridge)\n  PIX  = Connection traversing at most a single PCIe bridge\n  NV#  = Connection traversing a bonded set of # NVLinks\n\nNIC Legend:\n\n  NIC0: rocep35s0f0\n  NIC1: rocep194s0f0\n  NIC2: rocep194s0f1""","{""CUDA_HOME"":""/usr/local/cuda"",""NCCL_TESTS_DIR"":""/root/nccl-tests""}"
1,p5-dense-20260828T154940Z-21cf57f,phase5,2026-08-28T15:53:45Z,measured,21cf57fd902a607407505eb9d8dfad40a82dfd91,False,unknown,,c079194dceb5,Ubuntu 24.04.3 LTS,6.14.0-33-generic,AMD EPYC 7542 32-Core Processor,128,1,NVIDIA L4,4,NODE,none-single-node,False,,12.8,570.195.03,2.25.1+cuda12.8,NCCL_DEBUG=VERSION banner,,gcc (Ubuntu 13.3.0-6ubuntu2~24.04) 13.3.0,b4d5beebca8a76cf01335f724d154b9b9d394d96,tree-ll,Tree,LL,"NCCL_ALGO=Tree,NCCL_PROTO=LL",,,,,,,,,nccl-tests,all_reduce,float,sum,-1,16384,4096,out_of_place,20,50,1,full,35.1,0.47,0.7,0,True,True,True,0,env NCCL_DEBUG=VERSION NCCL_ALGO=Tree NCCL_PROTO=LL /root/nccl-tests/build/all_reduce_perf -b 16K -e 512K -f 2 -g 4 -w 20 -n 50 -c 1 -d float,results/raw/p5-dense-20260828T154940Z-21cf57f/all_reduce.tree-ll.full.r1.stdout.txt,,"[{""index"":0,""memory_total_mib"":23034,""name"":""NVIDIA L4"",""pci_bus_id"":""00000000:61:00.0"",""pcie_link_gen_current"":1,""pcie_link_gen_max"":4,""pcie_link_width_current"":16,""pcie_link_width_max"":16},{""index"":1,""memory_total_mib"":23034,""name"":""NVIDIA L4"",""pci_bus_id"":""00000000:81:00.0"",""pcie_link_gen_current"":1,""pcie_link_gen_max"":4,""pcie_link_width_current"":16,""pcie_link_width_max"":16},{""index"":2,""memory_total_mib"":23034,""name"":""NVIDIA L4"",""pci_bus_id"":""00000000:A1:00.0"",""pcie_link_gen_current"":1,""pcie_link_gen_max"":4,""pcie_link_width_current"":16,""pcie_link_width_max"":16},{""index"":3,""memory_total_mib"":23034,""name"":""NVIDIA L4"",""pci_bus_id"":""00000000:E1:00.0"",""pcie_link_gen_current"":1,""pcie_link_gen_max"":4,""pcie_link_width_current"":16,""pcie_link_width_max"":16}]","""\t\u001b[4mGPU0\tGPU1\tGPU2\tGPU3\tNIC0\tNIC1\tNIC2\tCPU Affinity\tNUMA Affinity\tGPU NUMA ID\u001b[0m\nGPU0\t X \tSYS\tSYS\tSYS\tNODE\tSYS\tSYS\t0-31,64-95\t0\t\tN/A\nGPU1\tSYS\t X \tNODE\tNODE\tSYS\tNODE\tNODE\t32-63,96-127\t1\t\tN/A\nGPU2\tSYS\tNODE\t X \tNODE\tSYS\tNODE\tNODE\t32-63,96-127\t1\t\tN/A\nGPU3\tSYS\tNODE\tNODE\t X \tSYS\tNODE\tNODE\t32-63,96-127\t1\t\tN/A\nNIC0\tNODE\tSYS\tSYS\tSYS\t X \tSYS\tSYS\t\t\t\t\nNIC1\tSYS\tNODE\tNODE\tNODE\tSYS\t X \tPIX\t\t\t\t\nNIC2\tSYS\tNODE\tNODE\tNODE\tSYS\tPIX\t X \t\t\t\t\n\nLegend:\n\n  X    = Self\n  SYS  = Connection traversing PCIe as well as the SMP interconnect between NUMA nodes (e.g., QPI/UPI)\n  NODE = Connection traversing PCIe as well as the interconnect between PCIe Host Bridges within a NUMA node\n  PHB  = Connection traversing PCIe as well as a PCIe Host Bridge (typically the CPU)\n  PXB  = Connection traversing multiple PCIe bridges (without traversing the PCIe Host Bridge)\n  PIX  = Connection traversing at most a single PCIe bridge\n  NV#  = Connection traversing a bonded set of # NVLinks\n\nNIC Legend:\n\n  NIC0: rocep35s0f0\n  NIC1: rocep194s0f0\n  NIC2: rocep194s0f1""","{""CUDA_HOME"":""/usr/local/cuda"",""NCCL_TESTS_DIR"":""/root/nccl-tests""}"
1,p5-dense-20260828T154940Z-21cf57f,phase5,2026-08-28T15:53:45Z,measured,21cf57fd902a607407505eb9d8dfad40a82dfd91,False,unknown,,c079194dceb5,Ubuntu 24.04.3 LTS,6.14.0-33-generic,AMD EPYC 7542 32-Core Processor,128,1,NVIDIA L4,4,NODE,none-single-node,False,,12.8,570.195.03,2.25.1+cuda12.8,NCCL_DEBUG=VERSION banner,,gcc (Ubuntu 13.3.0-6ubuntu2~24.04) 13.3.0,b4d5beebca8a76cf01335f724d154b9b9d394d96,tree-ll,Tree,LL,"NCCL_ALGO=Tree,NCCL_PROTO=LL",,,,,,,,,nccl-tests,all_reduce,float,sum,-1,16384,4096,in_place,20,50,1,full,29.73,0.55,0.83,0,True,True,True,0,env NCCL_DEBUG=VERSION NCCL_ALGO=Tree NCCL_PROTO=LL /root/nccl-tests/build/all_reduce_perf -b 16K -e 512K -f 2 -g 4 -w 20 -n 50 -c 1 -d float,results/raw/p5-dense-20260828T154940Z-21cf57f/all_reduce.tree-ll.full.r1.stdout.txt,,"[{""index"":0,""memory_total_mib"":23034,""name"":""NVIDIA L4"",""pci_bus_id"":""00000000:61:00.0"",""pcie_link_gen_current"":1,""pcie_link_gen_max"":4,""pcie_link_width_current"":16,""pcie_link_width_max"":16},{""index"":1,""memory_total_mib"":23034,""name"":""NVIDIA L4"",""pci_bus_id"":""00000000:81:00.0"",""pcie_link_gen_current"":1,""pcie_link_gen_max"":4,""pcie_link_width_current"":16,""pcie_link_width_max"":16},{""index"":2,""memory_total_mib"":23034,""name"":""NVIDIA L4"",""pci_bus_id"":""00000000:A1:00.0"",""pcie_link_gen_current"":1,""pcie_link_gen_max"":4,""pcie_link_width_current"":16,""pcie_link_width_max"":16},{""index"":3,""memory_total_mib"":23034,""name"":""NVIDIA L4"",""pci_bus_id"":""00000000:E1:00.0"",""pcie_link_gen_current"":1,""pcie_link_gen_max"":4,""pcie_link_width_current"":16,""pcie_link_width_max"":16}]","""\t\u001b[4mGPU0\tGPU1\tGPU2\tGPU3\tNIC0\tNIC1\tNIC2\tCPU Affinity\tNUMA Affinity\tGPU NUMA ID\u001b[0m\nGPU0\t X \tSYS\tSYS\tSYS\tNODE\tSYS\tSYS\t0-31,64-95\t0\t\tN/A\nGPU1\tSYS\t X \tNODE\tNODE\tSYS\tNODE\tNODE\t32-63,96-127\t1\t\tN/A\nGPU2\tSYS\tNODE\t X \tNODE\tSYS\tNODE\tNODE\t32-63,96-127\t1\t\tN/A\nGPU3\tSYS\tNODE\tNODE\t X \tSYS\tNODE\tNODE\t32-63,96-127\t1\t\tN/A\nNIC0\tNODE\tSYS\tSYS\tSYS\t X \tSYS\tSYS\t\t\t\t\nNIC1\tSYS\tNODE\tNODE\tNODE\tSYS\t X \tPIX\t\t\t\t\nNIC2\tSYS\tNODE\tNODE\tNODE\tSYS\tPIX\t X \t\t\t\t\n\nLegend:\n\n  X    = Self\n  SYS  = Connection traversing PCIe as well as the SMP interconnect between NUMA nodes (e.g., QPI/UPI)\n  NODE = Connection traversing PCIe as well as the interconnect between PCIe Host Bridges within a NUMA node\n  PHB  = Connection traversing PCIe as well as a PCIe Host Bridge (typically the CPU)\n  PXB  = Connection traversing multiple PCIe bridges (without traversing the PCIe Host Bridge)\n  PIX  = Connection traversing at most a single PCIe bridge\n  NV#  = Connection traversing a bonded set of # NVLinks\n\nNIC Legend:\n\n  NIC0: rocep35s0f0\n  NIC1: rocep194s0f0\n  NIC2: rocep194s0f1""","{""CUDA_HOME"":""/usr/local/cuda"",""NCCL_TESTS_DIR"":""/root/nccl-tests""}"
1,p5-dense-20260828T154940Z-21cf57f,phase5,2026-08-28T15:53:45Z,measured,21cf57fd902a607407505eb9d8dfad40a82dfd91,False,unknown,,c079194dceb5,Ubuntu 24.04.3 LTS,6.14.0-33-generic,AMD EPYC 7542 32-Core Processor,128,1,NVIDIA L4,4,NODE,none-single-node,False,,12.8,570.195.03,2.25.1+cuda12.8,NCCL_DEBUG=VERSION banner,,gcc (Ubuntu 13.3.0-6ubuntu2~24.04) 13.3.0,b4d5beebca8a76cf01335f724d154b9b9d394d96,tree-ll,Tree,LL,"NCCL_ALGO=Tree,NCCL_PROTO=LL",,,,,,,,,nccl-tests,all_reduce,float,sum,-1,32768,8192,out_of_place,20,50,1,full,44.83,0.73,1.1,0,True,True,True,0,env NCCL_DEBUG=VERSION NCCL_ALGO=Tree NCCL_PROTO=LL /root/nccl-tests/build/all_reduce_perf -b 16K -e 512K -f 2 -g 4 -w 20 -n 50 -c 1 -d float,results/raw/p5-dense-20260828T154940Z-21cf57f/all_reduce.tree-ll.full.r1.stdout.txt,,"[{""index"":0,""memory_total_mib"":23034,""name"":""NVIDIA L4"",""pci_bus_id"":""00000000:61:00.0"",""pcie_link_gen_current"":1,""pcie_link_gen_max"":4,""pcie_link_width_current"":16,""pcie_link_width_max"":16},{""index"":1,""memory_total_mib"":23034,""name"":""NVIDIA L4"",""pci_bus_id"":""00000000:81:00.0"",""pcie_link_gen_current"":1,""pcie_link_gen_max"":4,""pcie_link_width_current"":16,""pcie_link_width_max"":16},{""index"":2,""memory_total_mib"":23034,""name"":""NVIDIA L4"",""pci_bus_id"":""00000000:A1:00.0"",""pcie_link_gen_current"":1,""pcie_link_gen_max"":4,""pcie_link_width_current"":16,""pcie_link_width_max"":16},{""index"":3,""memory_total_mib"":23034,""name"":""NVIDIA L4"",""pci_bus_id"":""00000000:E1:00.0"",""pcie_link_gen_current"":1,""pcie_link_gen_max"":4,""pcie_link_width_current"":16,""pcie_link_width_max"":16}]","""\t\u001b[4mGPU0\tGPU1\tGPU2\tGPU3\tNIC0\tNIC1\tNIC2\tCPU Affinity\tNUMA Affinity\tGPU NUMA ID\u001b[0m\nGPU0\t X \tSYS\tSYS\tSYS\tNODE\tSYS\tSYS\t0-31,64-95\t0\t\tN/A\nGPU1\tSYS\t X \tNODE\tNODE\tSYS\tNODE\tNODE\t32-63,96-127\t1\t\tN/A\nGPU2\tSYS\tNODE\t X \tNODE\tSYS\tNODE\tNODE\t32-63,96-127\t1\t\tN/A\nGPU3\tSYS\tNODE\tNODE\t X \tSYS\tNODE\tNODE\t32-63,96-127\t1\t\tN/A\nNIC0\tNODE\tSYS\tSYS\tSYS\t X \tSYS\tSYS\t\t\t\t\nNIC1\tSYS\tNODE\tNODE\tNODE\tSYS\t X \tPIX\t\t\t\t\nNIC2\tSYS\tNODE\tNODE\tNODE\tSYS\tPIX\t X \t\t\t\t\n\nLegend:\n\n  X    = Self\n  SYS  = Connection traversing PCIe as well as the SMP interconnect between NUMA nodes (e.g., QPI/UPI)\n  NODE = Connection traversing PCIe as well as the interconnect between PCIe Host Bridges within a NUMA node\n  PHB  = Connection traversing PCIe as well as a PCIe Host Bridge (typically the CPU)\n  PXB  = Connection traversing multiple PCIe bridges (without traversing the PCIe Host Bridge)\n  PIX  = Connection traversing at most a single PCIe bridge\n  NV#  = Connection traversing a bonded set of # NVLinks\n\nNIC Legend:\n\n  NIC0: rocep35s0f0\n  NIC1: rocep194s0f0\n  NIC2: rocep194s0f1""","{""CUDA_HOME"":""/usr/local/cuda"",""NCCL_TESTS_DIR"":""/root/nccl-tests""}"
1,p5-dense-20260828T154940Z-21cf57f,phase5,2026-08-28T15:53:45Z,measured,21cf57fd902a607407505eb9d8dfad40a82dfd91,False,unknown,,c079194dceb5,Ubuntu 24.04.3 LTS,6.14.0-33-generic,AMD EPYC 7542 32-Core Processor,128,1,NVIDIA L4,4,NODE,none-single-node,False,,12.8,570.195.03,2.25.1+cuda12.8,NCCL_DEBUG=VERSION banner,,gcc (Ubuntu 13.3.0-6ubuntu2~24.04) 13.3.0,b4d5beebca8a76cf01335f724d154b9b9d394d96,tree-ll,Tree,LL,"NCCL_ALGO=Tree,NCCL_PROTO=LL",,,,,,,,,nccl-tests,all_reduce,float,sum,-1,32768,8192,in_place,20,50,1,full,44.8,0.73,1.1,0,True,True,True,0,env NCCL_DEBUG=VERSION NCCL_ALGO=Tree NCCL_PROTO=LL /root/nccl-tests/build/all_reduce_perf -b 16K -e 512K -f 2 -g 4 -w 20 -n 50 -c 1 -d float,results/raw/p5-dense-20260828T154940Z-21cf57f/all_reduce.tree-ll.full.r1.stdout.txt,,"[{""index"":0,""memory_total_mib"":23034,""name"":""NVIDIA L4"",""pci_bus_id"":""00000000:61:00.0"",""pcie_link_gen_current"":1,""pcie_link_gen_max"":4,""pcie_link_width_current"":16,""pcie_link_width_max"":16},{""index"":1,""memory_total_mib"":23034,""name"":""NVIDIA L4"",""pci_bus_id"":""00000000:81:00.0"",""pcie_link_gen_current"":1,""pcie_link_gen_max"":4,""pcie_link_width_current"":16,""pcie_link_width_max"":16},{""index"":2,""memory_total_mib"":23034,""name"":""NVIDIA L4"",""pci_bus_id"":""00000000:A1:00.0"",""pcie_link_gen_current"":1,""pcie_link_gen_max"":4,""pcie_link_width_current"":16,""pcie_link_width_max"":16},{""index"":3,""memory_total_mib"":23034,""name"":""NVIDIA L4"",""pci_bus_id"":""00000000:E1:00.0"",""pcie_link_gen_current"":1,""pcie_link_gen_max"":4,""pcie_link_width_current"":16,""pcie_link_width_max"":16}]","""\t\u001b[4mGPU0\tGPU1\tGPU2\tGPU3\tNIC0\tNIC1\tNIC2\tCPU Affinity\tNUMA Affinity\tGPU NUMA ID\u001b[0m\nGPU0\t X \tSYS\tSYS\tSYS\tNODE\tSYS\tSYS\t0-31,64-95\t0\t\tN/A\nGPU1\tSYS\t X \tNODE\tNODE\tSYS\tNODE\tNODE\t32-63,96-127\t1\t\tN/A\nGPU2\tSYS\tNODE\t X \tNODE\tSYS\tNODE\tNODE\t32-63,96-127\t1\t\tN/A\nGPU3\tSYS\tNODE\tNODE\t X \tSYS\tNODE\tNODE\t32-63,96-127\t1\t\tN/A\nNIC0\tNODE\tSYS\tSYS\tSYS\t X \tSYS\tSYS\t\t\t\t\nNIC1\tSYS\tNODE\tNODE\tNODE\tSYS\t X \tPIX\t\t\t\t\nNIC2\tSYS\tNODE\tNODE\tNODE\tSYS\tPIX\t X \t\t\t\t\n\nLegend:\n\n  X    = Self\n  SYS  = Connection traversing PCIe as well as the SMP interconnect between NUMA nodes (e.g., QPI/UPI)\n  NODE = Connection traversing PCIe as well as the interconnect between PCIe Host Bridges within a NUMA node\n  PHB  = Connection traversing PCIe as well as a PCIe Host Bridge (typically the CPU)\n  PXB  = Connection traversing multiple PCIe bridges (without traversing the PCIe Host Bridge)\n  PIX  = Connection traversing at most a single PCIe bridge\n  NV#  = Connection traversing a bonded set of # NVLinks\n\nNIC Legend:\n\n  NIC0: rocep35s0f0\n  NIC1: rocep194s0f0\n  NIC2: rocep194s0f1""","{""CUDA_HOME"":""/usr/local/cuda"",""NCCL_TESTS_DIR"":""/root/nccl-tests""}"
1,p5-dense-20260828T154940Z-21cf57f,phase5,2026-08-28T15:53:45Z,measured,21cf57fd902a607407505eb9d8dfad40a82dfd91,False,unknown,,c079194dceb5,Ubuntu 24.04.3 LTS,6.14.0-33-generic,AMD EPYC 7542 32-Core Processor,128,1,NVIDIA L4,4,NODE,none-single-node,False,,12.8,570.195.03,2.25.1+cuda12.8,NCCL_DEBUG=VERSION banner,,gcc (Ubuntu 13.3.0-6ubuntu2~24.04) 13.3.0,b4d5beebca8a76cf01335f724d154b9b9d394d96,tree-ll,Tree,LL,"NCCL_ALGO=Tree,NCCL_PROTO=LL",,,,,,,,,nccl-tests,all_reduce,float,sum,-1,65536,16384,out_of_place,20,50,1,full,80.34,0.82,1.22,0,True,True,True,0,env NCCL_DEBUG=VERSION NCCL_ALGO=Tree NCCL_PROTO=LL /root/nccl-tests/build/all_reduce_perf -b 16K -e 512K -f 2 -g 4 -w 20 -n 50 -c 1 -d float,results/raw/p5-dense-20260828T154940Z-21cf57f/all_reduce.tree-ll.full.r1.stdout.txt,,"[{""index"":0,""memory_total_mib"":23034,""name"":""NVIDIA L4"",""pci_bus_id"":""00000000:61:00.0"",""pcie_link_gen_current"":1,""pcie_link_gen_max"":4,""pcie_link_width_current"":16,""pcie_link_width_max"":16},{""index"":1,""memory_total_mib"":23034,""name"":""NVIDIA L4"",""pci_bus_id"":""00000000:81:00.0"",""pcie_link_gen_current"":1,""pcie_link_gen_max"":4,""pcie_link_width_current"":16,""pcie_link_width_max"":16},{""index"":2,""memory_total_mib"":23034,""name"":""NVIDIA L4"",""pci_bus_id"":""00000000:A1:00.0"",""pcie_link_gen_current"":1,""pcie_link_gen_max"":4,""pcie_link_width_current"":16,""pcie_link_width_max"":16},{""index"":3,""memory_total_mib"":23034,""name"":""NVIDIA L4"",""pci_bus_id"":""00000000:E1:00.0"",""pcie_link_gen_current"":1,""pcie_link_gen_max"":4,""pcie_link_width_current"":16,""pcie_link_width_max"":16}]","""\t\u001b[4mGPU0\tGPU1\tGPU2\tGPU3\tNIC0\tNIC1\tNIC2\tCPU Affinity\tNUMA Affinity\tGPU NUMA ID\u001b[0m\nGPU0\t X \tSYS\tSYS\tSYS\tNODE\tSYS\tSYS\t0-31,64-95\t0\t\tN/A\nGPU1\tSYS\t X \tNODE\tNODE\tSYS\tNODE\tNODE\t32-63,96-127\t1\t\tN/A\nGPU2\tSYS\tNODE\t X \tNODE\tSYS\tNODE\tNODE\t32-63,96-127\t1\t\tN/A\nGPU3\tSYS\tNODE\tNODE\t X \tSYS\tNODE\tNODE\t32-63,96-127\t1\t\tN/A\nNIC0\tNODE\tSYS\tSYS\tSYS\t X \tSYS\tSYS\t\t\t\t\nNIC1\tSYS\tNODE\tNODE\tNODE\tSYS\t X \tPIX\t\t\t\t\nNIC2\tSYS\tNODE\tNODE\tNODE\tSYS\tPIX\t X \t\t\t\t\n\nLegend:\n\n  X    = Self\n  SYS  = Connection traversing PCIe as well as the SMP interconnect between NUMA nodes (e.g., QPI/UPI)\n  NODE = Connection traversing PCIe as well as the interconnect between PCIe Host Bridges within a NUMA node\n  PHB  = Connection traversing PCIe as well as a PCIe Host Bridge (typically the CPU)\n  PXB  = Connection traversing multiple PCIe bridges (without traversing the PCIe Host Bridge)\n  PIX  = Connection traversing at most a single PCIe bridge\n  NV#  = Connection traversing a bonded set of # NVLinks\n\nNIC Legend:\n\n  NIC0: rocep35s0f0\n  NIC1: rocep194s0f0\n  NIC2: rocep194s0f1""","{""CUDA_HOME"":""/usr/local/cuda"",""NCCL_TESTS_DIR"":""/root/nccl-tests""}"
1,p5-dense-20260828T154940Z-21cf57f,phase5,2026-08-28T15:53:45Z,measured,21cf57fd902a607407505eb9d8dfad40a82dfd91,False,unknown,,c079194dceb5,Ubuntu 24.04.3 LTS,6.14.0-33-generic,AMD EPYC 7542 32-Core Processor,128,1,NVIDIA L4,4,NODE,none-single-node,False,,12.8,570.195.03,2.25.1+cuda12.8,NCCL_DEBUG=VERSION banner,,gcc (Ubuntu 13.3.0-6ubuntu2~24.04) 13.3.0,b4d5beebca8a76cf01335f724d154b9b9d394d96,tree-ll,Tree,LL,"NCCL_ALGO=Tree,NCCL_PROTO=LL",,,,,,,,,nccl-tests,all_reduce,float,sum,-1,65536,16384,in_place,20,50,1,full,76.72,0.85,1.28,0,True,True,True,0,env NCCL_DEBUG=VERSION NCCL_ALGO=Tree NCCL_PROTO=LL /root/nccl-tests/build/all_reduce_perf -b 16K -e 512K -f 2 -g 4 -w 20 -n 50 -c 1 -d float,results/raw/p5-dense-20260828T154940Z-21cf57f/all_reduce.tree-ll.full.r1.stdout.txt,,"[{""index"":0,""memory_total_mib"":23034,""name"":""NVIDIA L4"",""pci_bus_id"":""00000000:61:00.0"",""pcie_link_gen_current"":1,""pcie_link_gen_max"":4,""pcie_link_width_current"":16,""pcie_link_width_max"":16},{""index"":1,""memory_total_mib"":23034,""name"":""NVIDIA L4"",""pci_bus_id"":""00000000:81:00.0"",""pcie_link_gen_current"":1,""pcie_link_gen_max"":4,""pcie_link_width_current"":16,""pcie_link_width_max"":16},{""index"":2,""memory_total_mib"":23034,""name"":""NVIDIA L4"",""pci_bus_id"":""00000000:A1:00.0"",""pcie_link_gen_current"":1,""pcie_link_gen_max"":4,""pcie_link_width_current"":16,""pcie_link_width_max"":16},{""index"":3,""memory_total_mib"":23034,""name"":""NVIDIA L4"",""pci_bus_id"":""00000000:E1:00.0"",""pcie_link_gen_current"":1,""pcie_link_gen_max"":4,""pcie_link_width_current"":16,""pcie_link_width_max"":16}]","""\t\u001b[4mGPU0\tGPU1\tGPU2\tGPU3\tNIC0\tNIC1\tNIC2\tCPU Affinity\tNUMA Affinity\tGPU NUMA ID\u001b[0m\nGPU0\t X \tSYS\tSYS\tSYS\tNODE\tSYS\tSYS\t0-31,64-95\t0\t\tN/A\nGPU1\tSYS\t X \tNODE\tNODE\tSYS\tNODE\tNODE\t32-63,96-127\t1\t\tN/A\nGPU2\tSYS\tNODE\t X \tNODE\tSYS\tNODE\tNODE\t32-63,96-127\t1\t\tN/A\nGPU3\tSYS\tNODE\tNODE\t X \tSYS\tNODE\tNODE\t32-63,96-127\t1\t\tN/A\nNIC0\tNODE\tSYS\tSYS\tSYS\t X \tSYS\tSYS\t\t\t\t\nNIC1\tSYS\tNODE\tNODE\tNODE\tSYS\t X \tPIX\t\t\t\t\nNIC2\tSYS\tNODE\tNODE\tNODE\tSYS\tPIX\t X \t\t\t\t\n\nLegend:\n\n  X    = Self\n  SYS  = Connection traversing PCIe as well as the SMP interconnect between NUMA nodes (e.g., QPI/UPI)\n  NODE = Connection traversing PCIe as well as the interconnect between PCIe Host Bridges within a NUMA node\n  PHB  = Connection traversing PCIe as well as a PCIe Host Bridge (typically the CPU)\n  PXB  = Connection traversing multiple PCIe bridges (without traversing the PCIe Host Bridge)\n  PIX  = Connection traversing at most a single PCIe bridge\n  NV#  = Connection traversing a bonded set of # NVLinks\n\nNIC Legend:\n\n  NIC0: rocep35s0f0\n  NIC1: rocep194s0f0\n  NIC2: rocep194s0f1""","{""CUDA_HOME"":""/usr/local/cuda"",""NCCL_TESTS_DIR"":""/root/nccl-tests""}"
1,p5-dense-20260828T154940Z-21cf57f,phase5,2026-08-28T15:53:45Z,measured,21cf57fd902a607407505eb9d8dfad40a82dfd91,False,unknown,,c079194dceb5,Ubuntu 24.04.3 LTS,6.14.0-33-generic,AMD EPYC 7542 32-Core Processor,128,1,NVIDIA L4,4,NODE,none-single-node,False,,12.8,570.195.03,2.25.1+cuda12.8,NCCL_DEBUG=VERSION banner,,gcc (Ubuntu 13.3.0-6ubuntu2~24.04) 13.3.0,b4d5beebca8a76cf01335f724d154b9b9d394d96,tree-ll,Tree,LL,"NCCL_ALGO=Tree,NCCL_PROTO=LL",,,,,,,,,nccl-tests,all_reduce,float,sum,-1,131072,32768,out_of_place,20,50,1,full,141.81,0.92,1.39,0,True,True,True,0,env NCCL_DEBUG=VERSION NCCL_ALGO=Tree NCCL_PROTO=LL /root/nccl-tests/build/all_reduce_perf -b 16K -e 512K -f 2 -g 4 -w 20 -n 50 -c 1 -d float,results/raw/p5-dense-20260828T154940Z-21cf57f/all_reduce.tree-ll.full.r1.stdout.txt,,"[{""index"":0,""memory_total_mib"":23034,""name"":""NVIDIA L4"",""pci_bus_id"":""00000000:61:00.0"",""pcie_link_gen_current"":1,""pcie_link_gen_max"":4,""pcie_link_width_current"":16,""pcie_link_width_max"":16},{""index"":1,""memory_total_mib"":23034,""name"":""NVIDIA L4"",""pci_bus_id"":""00000000:81:00.0"",""pcie_link_gen_current"":1,""pcie_link_gen_max"":4,""pcie_link_width_current"":16,""pcie_link_width_max"":16},{""index"":2,""memory_total_mib"":23034,""name"":""NVIDIA L4"",""pci_bus_id"":""00000000:A1:00.0"",""pcie_link_gen_current"":1,""pcie_link_gen_max"":4,""pcie_link_width_current"":16,""pcie_link_width_max"":16},{""index"":3,""memory_total_mib"":23034,""name"":""NVIDIA L4"",""pci_bus_id"":""00000000:E1:00.0"",""pcie_link_gen_current"":1,""pcie_link_gen_max"":4,""pcie_link_width_current"":16,""pcie_link_width_max"":16}]","""\t\u001b[4mGPU0\tGPU1\tGPU2\tGPU3\tNIC0\tNIC1\tNIC2\tCPU Affinity\tNUMA Affinity\tGPU NUMA ID\u001b[0m\nGPU0\t X \tSYS\tSYS\tSYS\tNODE\tSYS\tSYS\t0-31,64-95\t0\t\tN/A\nGPU1\tSYS\t X \tNODE\tNODE\tSYS\tNODE\tNODE\t32-63,96-127\t1\t\tN/A\nGPU2\tSYS\tNODE\t X \tNODE\tSYS\tNODE\tNODE\t32-63,96-127\t1\t\tN/A\nGPU3\tSYS\tNODE\tNODE\t X \tSYS\tNODE\tNODE\t32-63,96-127\t1\t\tN/A\nNIC0\tNODE\tSYS\tSYS\tSYS\t X \tSYS\tSYS\t\t\t\t\nNIC1\tSYS\tNODE\tNODE\tNODE\tSYS\t X \tPIX\t\t\t\t\nNIC2\tSYS\tNODE\tNODE\tNODE\tSYS\tPIX\t X \t\t\t\t\n\nLegend:\n\n  X    = Self\n  SYS  = Connection traversing PCIe as well as the SMP interconnect between NUMA nodes (e.g., QPI/UPI)\n  NODE = Connection traversing PCIe as well as the interconnect between PCIe Host Bridges within a NUMA node\n  PHB  = Connection traversing PCIe as well as a PCIe Host Bridge (typically the CPU)\n  PXB  = Connection traversing multiple PCIe bridges (without traversing the PCIe Host Bridge)\n  PIX  = Connection traversing at most a single PCIe bridge\n  NV#  = Connection traversing a bonded set of # NVLinks\n\nNIC Legend:\n\n  NIC0: rocep35s0f0\n  NIC1: rocep194s0f0\n  NIC2: rocep194s0f1""","{""CUDA_HOME"":""/usr/local/cuda"",""NCCL_TESTS_DIR"":""/root/nccl-tests""}"
1,p5-dense-20260828T154940Z-21cf57f,phase5,2026-08-28T15:53:45Z,measured,21cf57fd902a607407505eb9d8dfad40a82dfd91,False,unknown,,c079194dceb5,Ubuntu 24.04.3 LTS,6.14.0-33-generic,AMD EPYC 7542 32-Core Processor,128,1,NVIDIA L4,4,NODE,none-single-node,False,,12.8,570.195.03,2.25.1+cuda12.8,NCCL_DEBUG=VERSION banner,,gcc (Ubuntu 13.3.0-6ubuntu2~24.04) 13.3.0,b4d5beebca8a76cf01335f724d154b9b9d394d96,tree-ll,Tree,LL,"NCCL_ALGO=Tree,NCCL_PROTO=LL",,,,,,,,,nccl-tests,all_reduce,float,sum,-1,131072,32768,in_place,20,50,1,full,143.41,0.91,1.37,0,True,True,True,0,env NCCL_DEBUG=VERSION NCCL_ALGO=Tree NCCL_PROTO=LL /root/nccl-tests/build/all_reduce_perf -b 16K -e 512K -f 2 -g 4 -w 20 -n 50 -c 1 -d float,results/raw/p5-dense-20260828T154940Z-21cf57f/all_reduce.tree-ll.full.r1.stdout.txt,,"[{""index"":0,""memory_total_mib"":23034,""name"":""NVIDIA L4"",""pci_bus_id"":""00000000:61:00.0"",""pcie_link_gen_current"":1,""pcie_link_gen_max"":4,""pcie_link_width_current"":16,""pcie_link_width_max"":16},{""index"":1,""memory_total_mib"":23034,""name"":""NVIDIA L4"",""pci_bus_id"":""00000000:81:00.0"",""pcie_link_gen_current"":1,""pcie_link_gen_max"":4,""pcie_link_width_current"":16,""pcie_link_width_max"":16},{""index"":2,""memory_total_mib"":23034,""name"":""NVIDIA L4"",""pci_bus_id"":""00000000:A1:00.0"",""pcie_link_gen_current"":1,""pcie_link_gen_max"":4,""pcie_link_width_current"":16,""pcie_link_width_max"":16},{""index"":3,""memory_total_mib"":23034,""name"":""NVIDIA L4"",""pci_bus_id"":""00000000:E1:00.0"",""pcie_link_gen_current"":1,""pcie_link_gen_max"":4,""pcie_link_width_current"":16,""pcie_link_width_max"":16}]","""\t\u001b[4mGPU0\tGPU1\tGPU2\tGPU3\tNIC0\tNIC1\tNIC2\tCPU Affinity\tNUMA Affinity\tGPU NUMA ID\u001b[0m\nGPU0\t X \tSYS\tSYS\tSYS\tNODE\tSYS\tSYS\t0-31,64-95\t0\t\tN/A\nGPU1\tSYS\t X \tNODE\tNODE\tSYS\tNODE\tNODE\t32-63,96-127\t1\t\tN/A\nGPU2\tSYS\tNODE\t X \tNODE\tSYS\tNODE\tNODE\t32-63,96-127\t1\t\tN/A\nGPU3\tSYS\tNODE\tNODE\t X \tSYS\tNODE\tNODE\t32-63,96-127\t1\t\tN/A\nNIC0\tNODE\tSYS\tSYS\tSYS\t X \tSYS\tSYS\t\t\t\t\nNIC1\tSYS\tNODE\tNODE\tNODE\tSYS\t X \tPIX\t\t\t\t\nNIC2\tSYS\tNODE\tNODE\tNODE\tSYS\tPIX\t X \t\t\t\t\n\nLegend:\n\n  X    = Self\n  SYS  = Connection traversing PCIe as well as the SMP interconnect between NUMA nodes (e.g., QPI/UPI)\n  NODE = Connection traversing PCIe as well as the interconnect between PCIe Host Bridges within a NUMA node\n  PHB  = Connection traversing PCIe as well as a PCIe Host Bridge (typically the CPU)\n  PXB  = Connection traversing multiple PCIe bridges (without traversing the PCIe Host Bridge)\n  PIX  = Connection traversing at most a single PCIe bridge\n  NV#  = Connection traversing a bonded set of # NVLinks\n\nNIC Legend:\n\n  NIC0: rocep35s0f0\n  NIC1: rocep194s0f0\n  NIC2: rocep194s0f1""","{""CUDA_HOME"":""/usr/local/cuda"",""NCCL_TESTS_DIR"":""/root/nccl-tests""}"
1,p5-dense-20260828T154940Z-21cf57f,phase5,2026-08-28T15:53:45Z,measured,21cf57fd902a607407505eb9d8dfad40a82dfd91,False,unknown,,c079194dceb5,Ubuntu 24.04.3 LTS,6.14.0-33-generic,AMD EPYC 7542 32-Core Processor,128,1,NVIDIA L4,4,NODE,none-single-node,False,,12.8,570.195.03,2.25.1+cuda12.8,NCCL_DEBUG=VERSION banner,,gcc (Ubuntu 13.3.0-6ubuntu2~24.04) 13.3.0,b4d5beebca8a76cf01335f724d154b9b9d394d96,tree-ll,Tree,LL,"NCCL_ALGO=Tree,NCCL_PROTO=LL",,,,,,,,,nccl-tests,all_reduce,float,sum,-1,262144,65536,out_of_place,20,50,1,full,243.18,1.08,1.62,0,True,True,True,0,env NCCL_DEBUG=VERSION NCCL_ALGO=Tree NCCL_PROTO=LL /root/nccl-tests/build/all_reduce_perf -b 16K -e 512K -f 2 -g 4 -w 20 -n 50 -c 1 -d float,results/raw/p5-dense-20260828T154940Z-21cf57f/all_reduce.tree-ll.full.r1.stdout.txt,,"[{""index"":0,""memory_total_mib"":23034,""name"":""NVIDIA L4"",""pci_bus_id"":""00000000:61:00.0"",""pcie_link_gen_current"":1,""pcie_link_gen_max"":4,""pcie_link_width_current"":16,""pcie_link_width_max"":16},{""index"":1,""memory_total_mib"":23034,""name"":""NVIDIA L4"",""pci_bus_id"":""00000000:81:00.0"",""pcie_link_gen_current"":1,""pcie_link_gen_max"":4,""pcie_link_width_current"":16,""pcie_link_width_max"":16},{""index"":2,""memory_total_mib"":23034,""name"":""NVIDIA L4"",""pci_bus_id"":""00000000:A1:00.0"",""pcie_link_gen_current"":1,""pcie_link_gen_max"":4,""pcie_link_width_current"":16,""pcie_link_width_max"":16},{""index"":3,""memory_total_mib"":23034,""name"":""NVIDIA L4"",""pci_bus_id"":""00000000:E1:00.0"",""pcie_link_gen_current"":1,""pcie_link_gen_max"":4,""pcie_link_width_current"":16,""pcie_link_width_max"":16}]","""\t\u001b[4mGPU0\tGPU1\tGPU2\tGPU3\tNIC0\tNIC1\tNIC2\tCPU Affinity\tNUMA Affinity\tGPU NUMA ID\u001b[0m\nGPU0\t X \tSYS\tSYS\tSYS\tNODE\tSYS\tSYS\t0-31,64-95\t0\t\tN/A\nGPU1\tSYS\t X \tNODE\tNODE\tSYS\tNODE\tNODE\t32-63,96-127\t1\t\tN/A\nGPU2\tSYS\tNODE\t X \tNODE\tSYS\tNODE\tNODE\t32-63,96-127\t1\t\tN/A\nGPU3\tSYS\tNODE\tNODE\t X \tSYS\tNODE\tNODE\t32-63,96-127\t1\t\tN/A\nNIC0\tNODE\tSYS\tSYS\tSYS\t X \tSYS\tSYS\t\t\t\t\nNIC1\tSYS\tNODE\tNODE\tNODE\tSYS\t X \tPIX\t\t\t\t\nNIC2\tSYS\tNODE\tNODE\tNODE\tSYS\tPIX\t X \t\t\t\t\n\nLegend:\n\n  X    = Self\n  SYS  = Connection traversing PCIe as well as the SMP interconnect between NUMA nodes (e.g., QPI/UPI)\n  NODE = Connection traversing PCIe as well as the interconnect between PCIe Host Bridges within a NUMA node\n  PHB  = Connection traversing PCIe as well as a PCIe Host Bridge (typically the CPU)\n  PXB  = Connection traversing multiple PCIe bridges (without traversing the PCIe Host Bridge)\n  PIX  = Connection traversing at most a single PCIe bridge\n  NV#  = Connection traversing a bonded set of # NVLinks\n\nNIC Legend:\n\n  NIC0: rocep35s0f0\n  NIC1: rocep194s0f0\n  NIC2: rocep194s0f1""","{""CUDA_HOME"":""/usr/local/cuda"",""NCCL_TESTS_DIR"":""/root/nccl-tests""}"
1,p5-dense-20260828T154940Z-21cf57f,phase5,2026-08-28T15:53:45Z,measured,21cf57fd902a607407505eb9d8dfad40a82dfd91,False,unknown,,c079194dceb5,Ubuntu 24.04.3 LTS,6.14.0-33-generic,AMD EPYC 7542 32-Core Processor,128,1,NVIDIA L4,4,NODE,none-single-node,False,,12.8,570.195.03,2.25.1+cuda12.8,NCCL_DEBUG=VERSION banner,,gcc (Ubuntu 13.3.0-6ubuntu2~24.04) 13.3.0,b4d5beebca8a76cf01335f724d154b9b9d394d96,tree-ll,Tree,LL,"NCCL_ALGO=Tree,NCCL_PROTO=LL",,,,,,,,,nccl-tests,all_reduce,float,sum,-1,262144,65536,in_place,20,50,1,full,233.13,1.12,1.69,0,True,True,True,0,env NCCL_DEBUG=VERSION NCCL_ALGO=Tree NCCL_PROTO=LL /root/nccl-tests/build/all_reduce_perf -b 16K -e 512K -f 2 -g 4 -w 20 -n 50 -c 1 -d float,results/raw/p5-dense-20260828T154940Z-21cf57f/all_reduce.tree-ll.full.r1.stdout.txt,,"[{""index"":0,""memory_total_mib"":23034,""name"":""NVIDIA L4"",""pci_bus_id"":""00000000:61:00.0"",""pcie_link_gen_current"":1,""pcie_link_gen_max"":4,""pcie_link_width_current"":16,""pcie_link_width_max"":16},{""index"":1,""memory_total_mib"":23034,""name"":""NVIDIA L4"",""pci_bus_id"":""00000000:81:00.0"",""pcie_link_gen_current"":1,""pcie_link_gen_max"":4,""pcie_link_width_current"":16,""pcie_link_width_max"":16},{""index"":2,""memory_total_mib"":23034,""name"":""NVIDIA L4"",""pci_bus_id"":""00000000:A1:00.0"",""pcie_link_gen_current"":1,""pcie_link_gen_max"":4,""pcie_link_width_current"":16,""pcie_link_width_max"":16},{""index"":3,""memory_total_mib"":23034,""name"":""NVIDIA L4"",""pci_bus_id"":""00000000:E1:00.0"",""pcie_link_gen_current"":1,""pcie_link_gen_max"":4,""pcie_link_width_current"":16,""pcie_link_width_max"":16}]","""\t\u001b[4mGPU0\tGPU1\tGPU2\tGPU3\tNIC0\tNIC1\tNIC2\tCPU Affinity\tNUMA Affinity\tGPU NUMA ID\u001b[0m\nGPU0\t X \tSYS\tSYS\tSYS\tNODE\tSYS\tSYS\t0-31,64-95\t0\t\tN/A\nGPU1\tSYS\t X \tNODE\tNODE\tSYS\tNODE\tNODE\t32-63,96-127\t1\t\tN/A\nGPU2\tSYS\tNODE\t X \tNODE\tSYS\tNODE\tNODE\t32-63,96-127\t1\t\tN/A\nGPU3\tSYS\tNODE\tNODE\t X \tSYS\tNODE\tNODE\t32-63,96-127\t1\t\tN/A\nNIC0\tNODE\tSYS\tSYS\tSYS\t X \tSYS\tSYS\t\t\t\t\nNIC1\tSYS\tNODE\tNODE\tNODE\tSYS\t X \tPIX\t\t\t\t\nNIC2\tSYS\tNODE\tNODE\tNODE\tSYS\tPIX\t X \t\t\t\t\n\nLegend:\n\n  X    = Self\n  SYS  = Connection traversing PCIe as well as the SMP interconnect between NUMA nodes (e.g., QPI/UPI)\n  NODE = Connection traversing PCIe as well as the interconnect between PCIe Host Bridges within a NUMA node\n  PHB  = Connection traversing PCIe as well as a PCIe Host Bridge (typically the CPU)\n  PXB  = Connection traversing multiple PCIe bridges (without traversing the PCIe Host Bridge)\n  PIX  = Connection traversing at most a single PCIe bridge\n  NV#  = Connection traversing a bonded set of # NVLinks\n\nNIC Legend:\n\n  NIC0: rocep35s0f0\n  NIC1: rocep194s0f0\n  NIC2: rocep194s0f1""","{""CUDA_HOME"":""/usr/local/cuda"",""NCCL_TESTS_DIR"":""/root/nccl-tests""}"
1,p5-dense-20260828T154940Z-21cf57f,phase5,2026-08-28T15:53:45Z,measured,21cf57fd902a607407505eb9d8dfad40a82dfd91,False,unknown,,c079194dceb5,Ubuntu 24.04.3 LTS,6.14.0-33-generic,AMD EPYC 7542 32-Core Processor,128,1,NVIDIA L4,4,NODE,none-single-node,False,,12.8,570.195.03,2.25.1+cuda12.8,NCCL_DEBUG=VERSION banner,,gcc (Ubuntu 13.3.0-6ubuntu2~24.04) 13.3.0,b4d5beebca8a76cf01335f724d154b9b9d394d96,tree-ll,Tree,LL,"NCCL_ALGO=Tree,NCCL_PROTO=LL",,,,,,,,,nccl-tests,all_reduce,float,sum,-1,524288,131072,out_of_place,20,50,1,full,452.04,1.16,1.74,0,True,True,True,0,env NCCL_DEBUG=VERSION NCCL_ALGO=Tree NCCL_PROTO=LL /root/nccl-tests/build/all_reduce_perf -b 16K -e 512K -f 2 -g 4 -w 20 -n 50 -c 1 -d float,results/raw/p5-dense-20260828T154940Z-21cf57f/all_reduce.tree-ll.full.r1.stdout.txt,,"[{""index"":0,""memory_total_mib"":23034,""name"":""NVIDIA L4"",""pci_bus_id"":""00000000:61:00.0"",""pcie_link_gen_current"":1,""pcie_link_gen_max"":4,""pcie_link_width_current"":16,""pcie_link_width_max"":16},{""index"":1,""memory_total_mib"":23034,""name"":""NVIDIA L4"",""pci_bus_id"":""00000000:81:00.0"",""pcie_link_gen_current"":1,""pcie_link_gen_max"":4,""pcie_link_width_current"":16,""pcie_link_width_max"":16},{""index"":2,""memory_total_mib"":23034,""name"":""NVIDIA L4"",""pci_bus_id"":""00000000:A1:00.0"",""pcie_link_gen_current"":1,""pcie_link_gen_max"":4,""pcie_link_width_current"":16,""pcie_link_width_max"":16},{""index"":3,""memory_total_mib"":23034,""name"":""NVIDIA L4"",""pci_bus_id"":""00000000:E1:00.0"",""pcie_link_gen_current"":1,""pcie_link_gen_max"":4,""pcie_link_width_current"":16,""pcie_link_width_max"":16}]","""\t\u001b[4mGPU0\tGPU1\tGPU2\tGPU3\tNIC0\tNIC1\tNIC2\tCPU Affinity\tNUMA Affinity\tGPU NUMA ID\u001b[0m\nGPU0\t X \tSYS\tSYS\tSYS\tNODE\tSYS\tSYS\t0-31,64-95\t0\t\tN/A\nGPU1\tSYS\t X \tNODE\tNODE\tSYS\tNODE\tNODE\t32-63,96-127\t1\t\tN/A\nGPU2\tSYS\tNODE\t X \tNODE\tSYS\tNODE\tNODE\t32-63,96-127\t1\t\tN/A\nGPU3\tSYS\tNODE\tNODE\t X \tSYS\tNODE\tNODE\t32-63,96-127\t1\t\tN/A\nNIC0\tNODE\tSYS\tSYS\tSYS\t X \tSYS\tSYS\t\t\t\t\nNIC1\tSYS\tNODE\tNODE\tNODE\tSYS\t X \tPIX\t\t\t\t\nNIC2\tSYS\tNODE\tNODE\tNODE\tSYS\tPIX\t X \t\t\t\t\n\nLegend:\n\n  X    = Self\n  SYS  = Connection traversing PCIe as well as the SMP interconnect between NUMA nodes (e.g., QPI/UPI)\n  NODE = Connection traversing PCIe as well as the interconnect between PCIe Host Bridges within a NUMA node\n  PHB  = Connection traversing PCIe as well as a PCIe Host Bridge (typically the CPU)\n  PXB  = Connection traversing multiple PCIe bridges (without traversing the PCIe Host Bridge)\n  PIX  = Connection traversing at most a single PCIe bridge\n  NV#  = Connection traversing a bonded set of # NVLinks\n\nNIC Legend:\n\n  NIC0: rocep35s0f0\n  NIC1: rocep194s0f0\n  NIC2: rocep194s0f1""","{""CUDA_HOME"":""/usr/local/cuda"",""NCCL_TESTS_DIR"":""/root/nccl-tests""}"
1,p5-dense-20260828T154940Z-21cf57f,phase5,2026-08-28T15:53:45Z,measured,21cf57fd902a607407505eb9d8dfad40a82dfd91,False,unknown,,c079194dceb5,Ubuntu 24.04.3 LTS,6.14.0-33-generic,AMD EPYC 7542 32-Core Processor,128,1,NVIDIA L4,4,NODE,none-single-node,False,,12.8,570.195.03,2.25.1+cuda12.8,NCCL_DEBUG=VERSION banner,,gcc (Ubuntu 13.3.0-6ubuntu2~24.04) 13.3.0,b4d5beebca8a76cf01335f724d154b9b9d394d96,tree-ll,Tree,LL,"NCCL_ALGO=Tree,NCCL_PROTO=LL",,,,,,,,,nccl-tests,all_reduce,float,sum,-1,524288,131072,in_place,20,50,1,full,453.5,1.16,1.73,0,True,True,True,0,env NCCL_DEBUG=VERSION NCCL_ALGO=Tree NCCL_PROTO=LL /root/nccl-tests/build/all_reduce_perf -b 16K -e 512K -f 2 -g 4 -w 20 -n 50 -c 1 -d float,results/raw/p5-dense-20260828T154940Z-21cf57f/all_reduce.tree-ll.full.r1.stdout.txt,,"[{""index"":0,""memory_total_mib"":23034,""name"":""NVIDIA L4"",""pci_bus_id"":""00000000:61:00.0"",""pcie_link_gen_current"":1,""pcie_link_gen_max"":4,""pcie_link_width_current"":16,""pcie_link_width_max"":16},{""index"":1,""memory_total_mib"":23034,""name"":""NVIDIA L4"",""pci_bus_id"":""00000000:81:00.0"",""pcie_link_gen_current"":1,""pcie_link_gen_max"":4,""pcie_link_width_current"":16,""pcie_link_width_max"":16},{""index"":2,""memory_total_mib"":23034,""name"":""NVIDIA L4"",""pci_bus_id"":""00000000:A1:00.0"",""pcie_link_gen_current"":1,""pcie_link_gen_max"":4,""pcie_link_width_current"":16,""pcie_link_width_max"":16},{""index"":3,""memory_total_mib"":23034,""name"":""NVIDIA L4"",""pci_bus_id"":""00000000:E1:00.0"",""pcie_link_gen_current"":1,""pcie_link_gen_max"":4,""pcie_link_width_current"":16,""pcie_link_width_max"":16}]","""\t\u001b[4mGPU0\tGPU1\tGPU2\tGPU3\tNIC0\tNIC1\tNIC2\tCPU Affinity\tNUMA Affinity\tGPU NUMA ID\u001b[0m\nGPU0\t X \tSYS\tSYS\tSYS\tNODE\tSYS\tSYS\t0-31,64-95\t0\t\tN/A\nGPU1\tSYS\t X \tNODE\tNODE\tSYS\tNODE\tNODE\t32-63,96-127\t1\t\tN/A\nGPU2\tSYS\tNODE\t X \tNODE\tSYS\tNODE\tNODE\t32-63,96-127\t1\t\tN/A\nGPU3\tSYS\tNODE\tNODE\t X \tSYS\tNODE\tNODE\t32-63,96-127\t1\t\tN/A\nNIC0\tNODE\tSYS\tSYS\tSYS\t X \tSYS\tSYS\t\t\t\t\nNIC1\tSYS\tNODE\tNODE\tNODE\tSYS\t X \tPIX\t\t\t\t\nNIC2\tSYS\tNODE\tNODE\tNODE\tSYS\tPIX\t X \t\t\t\t\n\nLegend:\n\n  X    = Self\n  SYS  = Connection traversing PCIe as well as the SMP interconnect between NUMA nodes (e.g., QPI/UPI)\n  NODE = Connection traversing PCIe as well as the interconnect between PCIe Host Bridges within a NUMA node\n  PHB  = Connection traversing PCIe as well as a PCIe Host Bridge (typically the CPU)\n  PXB  = Connection traversing multiple PCIe bridges (without traversing the PCIe Host Bridge)\n  PIX  = Connection traversing at most a single PCIe bridge\n  NV#  = Connection traversing a bonded set of # NVLinks\n\nNIC Legend:\n\n  NIC0: rocep35s0f0\n  NIC1: rocep194s0f0\n  NIC2: rocep194s0f1""","{""CUDA_HOME"":""/usr/local/cuda"",""NCCL_TESTS_DIR"":""/root/nccl-tests""}"
1,p5-dense-20260828T154940Z-21cf57f,phase5,2026-08-28T15:53:48Z,measured,21cf57fd902a607407505eb9d8dfad40a82dfd91,False,unknown,,c079194dceb5,Ubuntu 24.04.3 LTS,6.14.0-33-generic,AMD EPYC 7542 32-Core Processor,128,1,NVIDIA L4,4,NODE,none-single-node,False,,12.8,570.195.03,2.25.1+cuda12.8,NCCL_DEBUG=VERSION banner,,gcc (Ubuntu 13.3.0-6ubuntu2~24.04) 13.3.0,b4d5beebca8a76cf01335f724d154b9b9d394d96,tree-ll,Tree,LL,"NCCL_ALGO=Tree,NCCL_PROTO=LL",,,,,,,,,nccl-tests,all_reduce,float,sum,-1,16384,4096,out_of_place,20,50,2,full,43.58,0.38,0.56,0,True,True,True,0,env NCCL_DEBUG=VERSION NCCL_ALGO=Tree NCCL_PROTO=LL /root/nccl-tests/build/all_reduce_perf -b 16K -e 512K -f 2 -g 4 -w 20 -n 50 -c 1 -d float,results/raw/p5-dense-20260828T154940Z-21cf57f/all_reduce.tree-ll.full.r2.stdout.txt,,"[{""index"":0,""memory_total_mib"":23034,""name"":""NVIDIA L4"",""pci_bus_id"":""00000000:61:00.0"",""pcie_link_gen_current"":1,""pcie_link_gen_max"":4,""pcie_link_width_current"":16,""pcie_link_width_max"":16},{""index"":1,""memory_total_mib"":23034,""name"":""NVIDIA L4"",""pci_bus_id"":""00000000:81:00.0"",""pcie_link_gen_current"":1,""pcie_link_gen_max"":4,""pcie_link_width_current"":16,""pcie_link_width_max"":16},{""index"":2,""memory_total_mib"":23034,""name"":""NVIDIA L4"",""pci_bus_id"":""00000000:A1:00.0"",""pcie_link_gen_current"":1,""pcie_link_gen_max"":4,""pcie_link_width_current"":16,""pcie_link_width_max"":16},{""index"":3,""memory_total_mib"":23034,""name"":""NVIDIA L4"",""pci_bus_id"":""00000000:E1:00.0"",""pcie_link_gen_current"":1,""pcie_link_gen_max"":4,""pcie_link_width_current"":16,""pcie_link_width_max"":16}]","""\t\u001b[4mGPU0\tGPU1\tGPU2\tGPU3\tNIC0\tNIC1\tNIC2\tCPU Affinity\tNUMA Affinity\tGPU NUMA ID\u001b[0m\nGPU0\t X \tSYS\tSYS\tSYS\tNODE\tSYS\tSYS\t0-31,64-95\t0\t\tN/A\nGPU1\tSYS\t X \tNODE\tNODE\tSYS\tNODE\tNODE\t32-63,96-127\t1\t\tN/A\nGPU2\tSYS\tNODE\t X \tNODE\tSYS\tNODE\tNODE\t32-63,96-127\t1\t\tN/A\nGPU3\tSYS\tNODE\tNODE\t X \tSYS\tNODE\tNODE\t32-63,96-127\t1\t\tN/A\nNIC0\tNODE\tSYS\tSYS\tSYS\t X \tSYS\tSYS\t\t\t\t\nNIC1\tSYS\tNODE\tNODE\tNODE\tSYS\t X \tPIX\t\t\t\t\nNIC2\tSYS\tNODE\tNODE\tNODE\tSYS\tPIX\t X \t\t\t\t\n\nLegend:\n\n  X    = Self\n  SYS  = Connection traversing PCIe as well as the SMP interconnect between NUMA nodes (e.g., QPI/UPI)\n  NODE = Connection traversing PCIe as well as the interconnect between PCIe Host Bridges within a NUMA node\n  PHB  = Connection traversing PCIe as well as a PCIe Host Bridge (typically the CPU)\n  PXB  = Connection traversing multiple PCIe bridges (without traversing the PCIe Host Bridge)\n  PIX  = Connection traversing at most a single PCIe bridge\n  NV#  = Connection traversing a bonded set of # NVLinks\n\nNIC Legend:\n\n  NIC0: rocep35s0f0\n  NIC1: rocep194s0f0\n  NIC2: rocep194s0f1""","{""CUDA_HOME"":""/usr/local/cuda"",""NCCL_TESTS_DIR"":""/root/nccl-tests""}"
1,p5-dense-20260828T154940Z-21cf57f,phase5,2026-08-28T15:53:48Z,measured,21cf57fd902a607407505eb9d8dfad40a82dfd91,False,unknown,,c079194dceb5,Ubuntu 24.04.3 LTS,6.14.0-33-generic,AMD EPYC 7542 32-Core Processor,128,1,NVIDIA L4,4,NODE,none-single-node,False,,12.8,570.195.03,2.25.1+cuda12.8,NCCL_DEBUG=VERSION banner,,gcc (Ubuntu 13.3.0-6ubuntu2~24.04) 13.3.0,b4d5beebca8a76cf01335f724d154b9b9d394d96,tree-ll,Tree,LL,"NCCL_ALGO=Tree,NCCL_PROTO=LL",,,,,,,,,nccl-tests,all_reduce,float,sum,-1,16384,4096,in_place,20,50,2,full,28.72,0.57,0.86,0,True,True,True,0,env NCCL_DEBUG=VERSION NCCL_ALGO=Tree NCCL_PROTO=LL /root/nccl-tests/build/all_reduce_perf -b 16K -e 512K -f 2 -g 4 -w 20 -n 50 -c 1 -d float,results/raw/p5-dense-20260828T154940Z-21cf57f/all_reduce.tree-ll.full.r2.stdout.txt,,"[{""index"":0,""memory_total_mib"":23034,""name"":""NVIDIA L4"",""pci_bus_id"":""00000000:61:00.0"",""pcie_link_gen_current"":1,""pcie_link_gen_max"":4,""pcie_link_width_current"":16,""pcie_link_width_max"":16},{""index"":1,""memory_total_mib"":23034,""name"":""NVIDIA L4"",""pci_bus_id"":""00000000:81:00.0"",""pcie_link_gen_current"":1,""pcie_link_gen_max"":4,""pcie_link_width_current"":16,""pcie_link_width_max"":16},{""index"":2,""memory_total_mib"":23034,""name"":""NVIDIA L4"",""pci_bus_id"":""00000000:A1:00.0"",""pcie_link_gen_current"":1,""pcie_link_gen_max"":4,""pcie_link_width_current"":16,""pcie_link_width_max"":16},{""index"":3,""memory_total_mib"":23034,""name"":""NVIDIA L4"",""pci_bus_id"":""00000000:E1:00.0"",""pcie_link_gen_current"":1,""pcie_link_gen_max"":4,""pcie_link_width_current"":16,""pcie_link_width_max"":16}]","""\t\u001b[4mGPU0\tGPU1\tGPU2\tGPU3\tNIC0\tNIC1\tNIC2\tCPU Affinity\tNUMA Affinity\tGPU NUMA ID\u001b[0m\nGPU0\t X \tSYS\tSYS\tSYS\tNODE\tSYS\tSYS\t0-31,64-95\t0\t\tN/A\nGPU1\tSYS\t X \tNODE\tNODE\tSYS\tNODE\tNODE\t32-63,96-127\t1\t\tN/A\nGPU2\tSYS\tNODE\t X \tNODE\tSYS\tNODE\tNODE\t32-63,96-127\t1\t\tN/A\nGPU3\tSYS\tNODE\tNODE\t X \tSYS\tNODE\tNODE\t32-63,96-127\t1\t\tN/A\nNIC0\tNODE\tSYS\tSYS\tSYS\t X \tSYS\tSYS\t\t\t\t\nNIC1\tSYS\tNODE\tNODE\tNODE\tSYS\t X \tPIX\t\t\t\t\nNIC2\tSYS\tNODE\tNODE\tNODE\tSYS\tPIX\t X \t\t\t\t\n\nLegend:\n\n  X    = Self\n  SYS  = Connection traversing PCIe as well as the SMP interconnect between NUMA nodes (e.g., QPI/UPI)\n  NODE = Connection traversing PCIe as well as the interconnect between PCIe Host Bridges within a NUMA node\n  PHB  = Connection traversing PCIe as well as a PCIe Host Bridge (typically the CPU)\n  PXB  = Connection traversing multiple PCIe bridges (without traversing the PCIe Host Bridge)\n  PIX  = Connection traversing at most a single PCIe bridge\n  NV#  = Connection traversing a bonded set of # NVLinks\n\nNIC Legend:\n\n  NIC0: rocep35s0f0\n  NIC1: rocep194s0f0\n  NIC2: rocep194s0f1""","{""CUDA_HOME"":""/usr/local/cuda"",""NCCL_TESTS_DIR"":""/root/nccl-tests""}"
1,p5-dense-20260828T154940Z-21cf57f,phase5,2026-08-28T15:53:48Z,measured,21cf57fd902a607407505eb9d8dfad40a82dfd91,False,unknown,,c079194dceb5,Ubuntu 24.04.3 LTS,6.14.0-33-generic,AMD EPYC 7542 32-Core Processor,128,1,NVIDIA L4,4,NODE,none-single-node,False,,12.8,570.195.03,2.25.1+cuda12.8,NCCL_DEBUG=VERSION banner,,gcc (Ubuntu 13.3.0-6ubuntu2~24.04) 13.3.0,b4d5beebca8a76cf01335f724d154b9b9d394d96,tree-ll,Tree,LL,"NCCL_ALGO=Tree,NCCL_PROTO=LL",,,,,,,,,nccl-tests,all_reduce,float,sum,-1,32768,8192,out_of_place,20,50,2,full,43.72,0.75,1.12,0,True,True,True,0,env NCCL_DEBUG=VERSION NCCL_ALGO=Tree NCCL_PROTO=LL /root/nccl-tests/build/all_reduce_perf -b 16K -e 512K -f 2 -g 4 -w 20 -n 50 -c 1 -d float,results/raw/p5-dense-20260828T154940Z-21cf57f/all_reduce.tree-ll.full.r2.stdout.txt,,"[{""index"":0,""memory_total_mib"":23034,""name"":""NVIDIA L4"",""pci_bus_id"":""00000000:61:00.0"",""pcie_link_gen_current"":1,""pcie_link_gen_max"":4,""pcie_link_width_current"":16,""pcie_link_width_max"":16},{""index"":1,""memory_total_mib"":23034,""name"":""NVIDIA L4"",""pci_bus_id"":""00000000:81:00.0"",""pcie_link_gen_current"":1,""pcie_link_gen_max"":4,""pcie_link_width_current"":16,""pcie_link_width_max"":16},{""index"":2,""memory_total_mib"":23034,""name"":""NVIDIA L4"",""pci_bus_id"":""00000000:A1:00.0"",""pcie_link_gen_current"":1,""pcie_link_gen_max"":4,""pcie_link_width_current"":16,""pcie_link_width_max"":16},{""index"":3,""memory_total_mib"":23034,""name"":""NVIDIA L4"",""pci_bus_id"":""00000000:E1:00.0"",""pcie_link_gen_current"":1,""pcie_link_gen_max"":4,""pcie_link_width_current"":16,""pcie_link_width_max"":16}]","""\t\u001b[4mGPU0\tGPU1\tGPU2\tGPU3\tNIC0\tNIC1\tNIC2\tCPU Affinity\tNUMA Affinity\tGPU NUMA ID\u001b[0m\nGPU0\t X \tSYS\tSYS\tSYS\tNODE\tSYS\tSYS\t0-31,64-95\t0\t\tN/A\nGPU1\tSYS\t X \tNODE\tNODE\tSYS\tNODE\tNODE\t32-63,96-127\t1\t\tN/A\nGPU2\tSYS\tNODE\t X \tNODE\tSYS\tNODE\tNODE\t32-63,96-127\t1\t\tN/A\nGPU3\tSYS\tNODE\tNODE\t X \tSYS\tNODE\tNODE\t32-63,96-127\t1\t\tN/A\nNIC0\tNODE\tSYS\tSYS\tSYS\t X \tSYS\tSYS\t\t\t\t\nNIC1\tSYS\tNODE\tNODE\tNODE\tSYS\t X \tPIX\t\t\t\t\nNIC2\tSYS\tNODE\tNODE\tNODE\tSYS\tPIX\t X \t\t\t\t\n\nLegend:\n\n  X    = Self\n  SYS  = Connection traversing PCIe as well as the SMP interconnect between NUMA nodes (e.g., QPI/UPI)\n  NODE = Connection traversing PCIe as well as the interconnect between PCIe Host Bridges within a NUMA node\n  PHB  = Connection traversing PCIe as well as a PCIe Host Bridge (typically the CPU)\n  PXB  = Connection traversing multiple PCIe bridges (without traversing the PCIe Host Bridge)\n  PIX  = Connection traversing at most a single PCIe bridge\n  NV#  = Connection traversing a bonded set of # NVLinks\n\nNIC Legend:\n\n  NIC0: rocep35s0f0\n  NIC1: rocep194s0f0\n  NIC2: rocep194s0f1""","{""CUDA_HOME"":""/usr/local/cuda"",""NCCL_TESTS_DIR"":""/root/nccl-tests""}"
1,p5-dense-20260828T154940Z-21cf57f,phase5,2026-08-28T15:53:48Z,measured,21cf57fd902a607407505eb9d8dfad40a82dfd91,False,unknown,,c079194dceb5,Ubuntu 24.04.3 LTS,6.14.0-33-generic,AMD EPYC 7542 32-Core Processor,128,1,NVIDIA L4,4,NODE,none-single-node,False,,12.8,570.195.03,2.25.1+cuda12.8,NCCL_DEBUG=VERSION banner,,gcc (Ubuntu 13.3.0-6ubuntu2~24.04) 13.3.0,b4d5beebca8a76cf01335f724d154b9b9d394d96,tree-ll,Tree,LL,"NCCL_ALGO=Tree,NCCL_PROTO=LL",,,,,,,,,nccl-tests,all_reduce,float,sum,-1,32768,8192,in_place,20,50,2,full,43.34,0.76,1.13,0,True,True,True,0,env NCCL_DEBUG=VERSION NCCL_ALGO=Tree NCCL_PROTO=LL /root/nccl-tests/build/all_reduce_perf -b 16K -e 512K -f 2 -g 4 -w 20 -n 50 -c 1 -d float,results/raw/p5-dense-20260828T154940Z-21cf57f/all_reduce.tree-ll.full.r2.stdout.txt,,"[{""index"":0,""memory_total_mib"":23034,""name"":""NVIDIA L4"",""pci_bus_id"":""00000000:61:00.0"",""pcie_link_gen_current"":1,""pcie_link_gen_max"":4,""pcie_link_width_current"":16,""pcie_link_width_max"":16},{""index"":1,""memory_total_mib"":23034,""name"":""NVIDIA L4"",""pci_bus_id"":""00000000:81:00.0"",""pcie_link_gen_current"":1,""pcie_link_gen_max"":4,""pcie_link_width_current"":16,""pcie_link_width_max"":16},{""index"":2,""memory_total_mib"":23034,""name"":""NVIDIA L4"",""pci_bus_id"":""00000000:A1:00.0"",""pcie_link_gen_current"":1,""pcie_link_gen_max"":4,""pcie_link_width_current"":16,""pcie_link_width_max"":16},{""index"":3,""memory_total_mib"":23034,""name"":""NVIDIA L4"",""pci_bus_id"":""00000000:E1:00.0"",""pcie_link_gen_current"":1,""pcie_link_gen_max"":4,""pcie_link_width_current"":16,""pcie_link_width_max"":16}]","""\t\u001b[4mGPU0\tGPU1\tGPU2\tGPU3\tNIC0\tNIC1\tNIC2\tCPU Affinity\tNUMA Affinity\tGPU NUMA ID\u001b[0m\nGPU0\t X \tSYS\tSYS\tSYS\tNODE\tSYS\tSYS\t0-31,64-95\t0\t\tN/A\nGPU1\tSYS\t X \tNODE\tNODE\tSYS\tNODE\tNODE\t32-63,96-127\t1\t\tN/A\nGPU2\tSYS\tNODE\t X \tNODE\tSYS\tNODE\tNODE\t32-63,96-127\t1\t\tN/A\nGPU3\tSYS\tNODE\tNODE\t X \tSYS\tNODE\tNODE\t32-63,96-127\t1\t\tN/A\nNIC0\tNODE\tSYS\tSYS\tSYS\t X \tSYS\tSYS\t\t\t\t\nNIC1\tSYS\tNODE\tNODE\tNODE\tSYS\t X \tPIX\t\t\t\t\nNIC2\tSYS\tNODE\tNODE\tNODE\tSYS\tPIX\t X \t\t\t\t\n\nLegend:\n\n  X    = Self\n  SYS  = Connection traversing PCIe as well as the SMP interconnect between NUMA nodes (e.g., QPI/UPI)\n  NODE = Connection traversing PCIe as well as the interconnect between PCIe Host Bridges within a NUMA node\n  PHB  = Connection traversing PCIe as well as a PCIe Host Bridge (typically the CPU)\n  PXB  = Connection traversing multiple PCIe bridges (without traversing the PCIe Host Bridge)\n  PIX  = Connection traversing at most a single PCIe bridge\n  NV#  = Connection traversing a bonded set of # NVLinks\n\nNIC Legend:\n\n  NIC0: rocep35s0f0\n  NIC1: rocep194s0f0\n  NIC2: rocep194s0f1""","{""CUDA_HOME"":""/usr/local/cuda"",""NCCL_TESTS_DIR"":""/root/nccl-tests""}"
1,p5-dense-20260828T154940Z-21cf57f,phase5,2026-08-28T15:53:48Z,measured,21cf57fd902a607407505eb9d8dfad40a82dfd91,False,unknown,,c079194dceb5,Ubuntu 24.04.3 LTS,6.14.0-33-generic,AMD EPYC 7542 32-Core Processor,128,1,NVIDIA L4,4,NODE,none-single-node,False,,12.8,570.195.03,2.25.1+cuda12.8,NCCL_DEBUG=VERSION banner,,gcc (Ubuntu 13.3.0-6ubuntu2~24.04) 13.3.0,b4d5beebca8a76cf01335f724d154b9b9d394d96,tree-ll,Tree,LL,"NCCL_ALGO=Tree,NCCL_PROTO=LL",,,,,,,,,nccl-tests,all_reduce,float,sum,-1,65536,16384,out_of_place,20,50,2,full,72.26,0.91,1.36,0,True,True,True,0,env NCCL_DEBUG=VERSION NCCL_ALGO=Tree NCCL_PROTO=LL /root/nccl-tests/build/all_reduce_perf -b 16K -e 512K -f 2 -g 4 -w 20 -n 50 -c 1 -d float,results/raw/p5-dense-20260828T154940Z-21cf57f/all_reduce.tree-ll.full.r2.stdout.txt,,"[{""index"":0,""memory_total_mib"":23034,""name"":""NVIDIA L4"",""pci_bus_id"":""00000000:61:00.0"",""pcie_link_gen_current"":1,""pcie_link_gen_max"":4,""pcie_link_width_current"":16,""pcie_link_width_max"":16},{""index"":1,""memory_total_mib"":23034,""name"":""NVIDIA L4"",""pci_bus_id"":""00000000:81:00.0"",""pcie_link_gen_current"":1,""pcie_link_gen_max"":4,""pcie_link_width_current"":16,""pcie_link_width_max"":16},{""index"":2,""memory_total_mib"":23034,""name"":""NVIDIA L4"",""pci_bus_id"":""00000000:A1:00.0"",""pcie_link_gen_current"":1,""pcie_link_gen_max"":4,""pcie_link_width_current"":16,""pcie_link_width_max"":16},{""index"":3,""memory_total_mib"":23034,""name"":""NVIDIA L4"",""pci_bus_id"":""00000000:E1:00.0"",""pcie_link_gen_current"":1,""pcie_link_gen_max"":4,""pcie_link_width_current"":16,""pcie_link_width_max"":16}]","""\t\u001b[4mGPU0\tGPU1\tGPU2\tGPU3\tNIC0\tNIC1\tNIC2\tCPU Affinity\tNUMA Affinity\tGPU NUMA ID\u001b[0m\nGPU0\t X \tSYS\tSYS\tSYS\tNODE\tSYS\tSYS\t0-31,64-95\t0\t\tN/A\nGPU1\tSYS\t X \tNODE\tNODE\tSYS\tNODE\tNODE\t32-63,96-127\t1\t\tN/A\nGPU2\tSYS\tNODE\t X \tNODE\tSYS\tNODE\tNODE\t32-63,96-127\t1\t\tN/A\nGPU3\tSYS\tNODE\tNODE\t X \tSYS\tNODE\tNODE\t32-63,96-127\t1\t\tN/A\nNIC0\tNODE\tSYS\tSYS\tSYS\t X \tSYS\tSYS\t\t\t\t\nNIC1\tSYS\tNODE\tNODE\tNODE\tSYS\t X \tPIX\t\t\t\t\nNIC2\tSYS\tNODE\tNODE\tNODE\tSYS\tPIX\t X \t\t\t\t\n\nLegend:\n\n  X    = Self\n  SYS  = Connection traversing PCIe as well as the SMP interconnect between NUMA nodes (e.g., QPI/UPI)\n  NODE = Connection traversing PCIe as well as the interconnect between PCIe Host Bridges within a NUMA node\n  PHB  = Connection traversing PCIe as well as a PCIe Host Bridge (typically the CPU)\n  PXB  = Connection traversing multiple PCIe bridges (without traversing the PCIe Host Bridge)\n  PIX  = Connection traversing at most a single PCIe bridge\n  NV#  = Connection traversing a bonded set of # NVLinks\n\nNIC Legend:\n\n  NIC0: rocep35s0f0\n  NIC1: rocep194s0f0\n  NIC2: rocep194s0f1""","{""CUDA_HOME"":""/usr/local/cuda"",""NCCL_TESTS_DIR"":""/root/nccl-tests""}"
1,p5-dense-20260828T154940Z-21cf57f,phase5,2026-08-28T15:53:48Z,measured,21cf57fd902a607407505eb9d8dfad40a82dfd91,False,unknown,,c079194dceb5,Ubuntu 24.04.3 LTS,6.14.0-33-generic,AMD EPYC 7542 32-Core Processor,128,1,NVIDIA L4,4,NODE,none-single-node,False,,12.8,570.195.03,2.25.1+cuda12.8,NCCL_DEBUG=VERSION banner,,gcc (Ubuntu 13.3.0-6ubuntu2~24.04) 13.3.0,b4d5beebca8a76cf01335f724d154b9b9d394d96,tree-ll,Tree,LL,"NCCL_ALGO=Tree,NCCL_PROTO=LL",,,,,,,,,nccl-tests,all_reduce,float,sum,-1,65536,16384,in_place,20,50,2,full,72.09,0.91,1.36,0,True,True,True,0,env NCCL_DEBUG=VERSION NCCL_ALGO=Tree NCCL_PROTO=LL /root/nccl-tests/build/all_reduce_perf -b 16K -e 512K -f 2 -g 4 -w 20 -n 50 -c 1 -d float,results/raw/p5-dense-20260828T154940Z-21cf57f/all_reduce.tree-ll.full.r2.stdout.txt,,"[{""index"":0,""memory_total_mib"":23034,""name"":""NVIDIA L4"",""pci_bus_id"":""00000000:61:00.0"",""pcie_link_gen_current"":1,""pcie_link_gen_max"":4,""pcie_link_width_current"":16,""pcie_link_width_max"":16},{""index"":1,""memory_total_mib"":23034,""name"":""NVIDIA L4"",""pci_bus_id"":""00000000:81:00.0"",""pcie_link_gen_current"":1,""pcie_link_gen_max"":4,""pcie_link_width_current"":16,""pcie_link_width_max"":16},{""index"":2,""memory_total_mib"":23034,""name"":""NVIDIA L4"",""pci_bus_id"":""00000000:A1:00.0"",""pcie_link_gen_current"":1,""pcie_link_gen_max"":4,""pcie_link_width_current"":16,""pcie_link_width_max"":16},{""index"":3,""memory_total_mib"":23034,""name"":""NVIDIA L4"",""pci_bus_id"":""00000000:E1:00.0"",""pcie_link_gen_current"":1,""pcie_link_gen_max"":4,""pcie_link_width_current"":16,""pcie_link_width_max"":16}]","""\t\u001b[4mGPU0\tGPU1\tGPU2\tGPU3\tNIC0\tNIC1\tNIC2\tCPU Affinity\tNUMA Affinity\tGPU NUMA ID\u001b[0m\nGPU0\t X \tSYS\tSYS\tSYS\tNODE\tSYS\tSYS\t0-31,64-95\t0\t\tN/A\nGPU1\tSYS\t X \tNODE\tNODE\tSYS\tNODE\tNODE\t32-63,96-127\t1\t\tN/A\nGPU2\tSYS\tNODE\t X \tNODE\tSYS\tNODE\tNODE\t32-63,96-127\t1\t\tN/A\nGPU3\tSYS\tNODE\tNODE\t X \tSYS\tNODE\tNODE\t32-63,96-127\t1\t\tN/A\nNIC0\tNODE\tSYS\tSYS\tSYS\t X \tSYS\tSYS\t\t\t\t\nNIC1\tSYS\tNODE\tNODE\tNODE\tSYS\t X \tPIX\t\t\t\t\nNIC2\tSYS\tNODE\tNODE\tNODE\tSYS\tPIX\t X \t\t\t\t\n\nLegend:\n\n  X    = Self\n  SYS  = Connection traversing PCIe as well as the SMP interconnect between NUMA nodes (e.g., QPI/UPI)\n  NODE = Connection traversing PCIe as well as the interconnect between PCIe Host Bridges within a NUMA node\n  PHB  = Connection traversing PCIe as well as a PCIe Host Bridge (typically the CPU)\n  PXB  = Connection traversing multiple PCIe bridges (without traversing the PCIe Host Bridge)\n  PIX  = Connection traversing at most a single PCIe bridge\n  NV#  = Connection traversing a bonded set of # NVLinks\n\nNIC Legend:\n\n  NIC0: rocep35s0f0\n  NIC1: rocep194s0f0\n  NIC2: rocep194s0f1""","{""CUDA_HOME"":""/usr/local/cuda"",""NCCL_TESTS_DIR"":""/root/nccl-tests""}"
1,p5-dense-20260828T154940Z-21cf57f,phase5,2026-08-28T15:53:48Z,measured,21cf57fd902a607407505eb9d8dfad40a82dfd91,False,unknown,,c079194dceb5,Ubuntu 24.04.3 LTS,6.14.0-33-generic,AMD EPYC 7542 32-Core Processor,128,1,NVIDIA L4,4,NODE,none-single-node,False,,12.8,570.195.03,2.25.1+cuda12.8,NCCL_DEBUG=VERSION banner,,gcc (Ubuntu 13.3.0-6ubuntu2~24.04) 13.3.0,b4d5beebca8a76cf01335f724d154b9b9d394d96,tree-ll,Tree,LL,"NCCL_ALGO=Tree,NCCL_PROTO=LL",,,,,,,,,nccl-tests,all_reduce,float,sum,-1,131072,32768,out_of_place,20,50,2,full,144.47,0.91,1.36,0,True,True,True,0,env NCCL_DEBUG=VERSION NCCL_ALGO=Tree NCCL_PROTO=LL /root/nccl-tests/build/all_reduce_perf -b 16K -e 512K -f 2 -g 4 -w 20 -n 50 -c 1 -d float,results/raw/p5-dense-20260828T154940Z-21cf57f/all_reduce.tree-ll.full.r2.stdout.txt,,"[{""index"":0,""memory_total_mib"":23034,""name"":""NVIDIA L4"",""pci_bus_id"":""00000000:61:00.0"",""pcie_link_gen_current"":1,""pcie_link_gen_max"":4,""pcie_link_width_current"":16,""pcie_link_width_max"":16},{""index"":1,""memory_total_mib"":23034,""name"":""NVIDIA L4"",""pci_bus_id"":""00000000:81:00.0"",""pcie_link_gen_current"":1,""pcie_link_gen_max"":4,""pcie_link_width_current"":16,""pcie_link_width_max"":16},{""index"":2,""memory_total_mib"":23034,""name"":""NVIDIA L4"",""pci_bus_id"":""00000000:A1:00.0"",""pcie_link_gen_current"":1,""pcie_link_gen_max"":4,""pcie_link_width_current"":16,""pcie_link_width_max"":16},{""index"":3,""memory_total_mib"":23034,""name"":""NVIDIA L4"",""pci_bus_id"":""00000000:E1:00.0"",""pcie_link_gen_current"":1,""pcie_link_gen_max"":4,""pcie_link_width_current"":16,""pcie_link_width_max"":16}]","""\t\u001b[4mGPU0\tGPU1\tGPU2\tGPU3\tNIC0\tNIC1\tNIC2\tCPU Affinity\tNUMA Affinity\tGPU NUMA ID\u001b[0m\nGPU0\t X \tSYS\tSYS\tSYS\tNODE\tSYS\tSYS\t0-31,64-95\t0\t\tN/A\nGPU1\tSYS\t X \tNODE\tNODE\tSYS\tNODE\tNODE\t32-63,96-127\t1\t\tN/A\nGPU2\tSYS\tNODE\t X \tNODE\tSYS\tNODE\tNODE\t32-63,96-127\t1\t\tN/A\nGPU3\tSYS\tNODE\tNODE\t X \tSYS\tNODE\tNODE\t32-63,96-127\t1\t\tN/A\nNIC0\tNODE\tSYS\tSYS\tSYS\t X \tSYS\tSYS\t\t\t\t\nNIC1\tSYS\tNODE\tNODE\tNODE\tSYS\t X \tPIX\t\t\t\t\nNIC2\tSYS\tNODE\tNODE\tNODE\tSYS\tPIX\t X \t\t\t\t\n\nLegend:\n\n  X    = Self\n  SYS  = Connection traversing PCIe as well as the SMP interconnect between NUMA nodes (e.g., QPI/UPI)\n  NODE = Connection traversing PCIe as well as the interconnect between PCIe Host Bridges within a NUMA node\n  PHB  = Connection traversing PCIe as well as a PCIe Host Bridge (typically the CPU)\n  PXB  = Connection traversing multiple PCIe bridges (without traversing the PCIe Host Bridge)\n  PIX  = Connection traversing at most a single PCIe bridge\n  NV#  = Connection traversing a bonded set of # NVLinks\n\nNIC Legend:\n\n  NIC0: rocep35s0f0\n  NIC1: rocep194s0f0\n  NIC2: rocep194s0f1""","{""CUDA_HOME"":""/usr/local/cuda"",""NCCL_TESTS_DIR"":""/root/nccl-tests""}"
1,p5-dense-20260828T154940Z-21cf57f,phase5,2026-08-28T15:53:48Z,measured,21cf57fd902a607407505eb9d8dfad40a82dfd91,False,unknown,,c079194dceb5,Ubuntu 24.04.3 LTS,6.14.0-33-generic,AMD EPYC 7542 32-Core Processor,128,1,NVIDIA L4,4,NODE,none-single-node,False,,12.8,570.195.03,2.25.1+cuda12.8,NCCL_DEBUG=VERSION banner,,gcc (Ubuntu 13.3.0-6ubuntu2~24.04) 13.3.0,b4d5beebca8a76cf01335f724d154b9b9d394d96,tree-ll,Tree,LL,"NCCL_ALGO=Tree,NCCL_PROTO=LL",,,,,,,,,nccl-tests,all_reduce,float,sum,-1,131072,32768,in_place,20,50,2,full,128.61,1.02,1.53,0,True,True,True,0,env NCCL_DEBUG=VERSION NCCL_ALGO=Tree NCCL_PROTO=LL /root/nccl-tests/build/all_reduce_perf -b 16K -e 512K -f 2 -g 4 -w 20 -n 50 -c 1 -d float,results/raw/p5-dense-20260828T154940Z-21cf57f/all_reduce.tree-ll.full.r2.stdout.txt,,"[{""index"":0,""memory_total_mib"":23034,""name"":""NVIDIA L4"",""pci_bus_id"":""00000000:61:00.0"",""pcie_link_gen_current"":1,""pcie_link_gen_max"":4,""pcie_link_width_current"":16,""pcie_link_width_max"":16},{""index"":1,""memory_total_mib"":23034,""name"":""NVIDIA L4"",""pci_bus_id"":""00000000:81:00.0"",""pcie_link_gen_current"":1,""pcie_link_gen_max"":4,""pcie_link_width_current"":16,""pcie_link_width_max"":16},{""index"":2,""memory_total_mib"":23034,""name"":""NVIDIA L4"",""pci_bus_id"":""00000000:A1:00.0"",""pcie_link_gen_current"":1,""pcie_link_gen_max"":4,""pcie_link_width_current"":16,""pcie_link_width_max"":16},{""index"":3,""memory_total_mib"":23034,""name"":""NVIDIA L4"",""pci_bus_id"":""00000000:E1:00.0"",""pcie_link_gen_current"":1,""pcie_link_gen_max"":4,""pcie_link_width_current"":16,""pcie_link_width_max"":16}]","""\t\u001b[4mGPU0\tGPU1\tGPU2\tGPU3\tNIC0\tNIC1\tNIC2\tCPU Affinity\tNUMA Affinity\tGPU NUMA ID\u001b[0m\nGPU0\t X \tSYS\tSYS\tSYS\tNODE\tSYS\tSYS\t0-31,64-95\t0\t\tN/A\nGPU1\tSYS\t X \tNODE\tNODE\tSYS\tNODE\tNODE\t32-63,96-127\t1\t\tN/A\nGPU2\tSYS\tNODE\t X \tNODE\tSYS\tNODE\tNODE\t32-63,96-127\t1\t\tN/A\nGPU3\tSYS\tNODE\tNODE\t X \tSYS\tNODE\tNODE\t32-63,96-127\t1\t\tN/A\nNIC0\tNODE\tSYS\tSYS\tSYS\t X \tSYS\tSYS\t\t\t\t\nNIC1\tSYS\tNODE\tNODE\tNODE\tSYS\t X \tPIX\t\t\t\t\nNIC2\tSYS\tNODE\tNODE\tNODE\tSYS\tPIX\t X \t\t\t\t\n\nLegend:\n\n  X    = Self\n  SYS  = Connection traversing PCIe as well as the SMP interconnect between NUMA nodes (e.g., QPI/UPI)\n  NODE = Connection traversing PCIe as well as the interconnect between PCIe Host Bridges within a NUMA node\n  PHB  = Connection traversing PCIe as well as a PCIe Host Bridge (typically the CPU)\n  PXB  = Connection traversing multiple PCIe bridges (without traversing the PCIe Host Bridge)\n  PIX  = Connection traversing at most a single PCIe bridge\n  NV#  = Connection traversing a bonded set of # NVLinks\n\nNIC Legend:\n\n  NIC0: rocep35s0f0\n  NIC1: rocep194s0f0\n  NIC2: rocep194s0f1""","{""CUDA_HOME"":""/usr/local/cuda"",""NCCL_TESTS_DIR"":""/root/nccl-tests""}"
1,p5-dense-20260828T154940Z-21cf57f,phase5,2026-08-28T15:53:48Z,measured,21cf57fd902a607407505eb9d8dfad40a82dfd91,False,unknown,,c079194dceb5,Ubuntu 24.04.3 LTS,6.14.0-33-generic,AMD EPYC 7542 32-Core Processor,128,1,NVIDIA L4,4,NODE,none-single-node,False,,12.8,570.195.03,2.25.1+cuda12.8,NCCL_DEBUG=VERSION banner,,gcc (Ubuntu 13.3.0-6ubuntu2~24.04) 13.3.0,b4d5beebca8a76cf01335f724d154b9b9d394d96,tree-ll,Tree,LL,"NCCL_ALGO=Tree,NCCL_PROTO=LL",,,,,,,,,nccl-tests,all_reduce,float,sum,-1,262144,65536,out_of_place,20,50,2,full,241.45,1.09,1.63,0,True,True,True,0,env NCCL_DEBUG=VERSION NCCL_ALGO=Tree NCCL_PROTO=LL /root/nccl-tests/build/all_reduce_perf -b 16K -e 512K -f 2 -g 4 -w 20 -n 50 -c 1 -d float,results/raw/p5-dense-20260828T154940Z-21cf57f/all_reduce.tree-ll.full.r2.stdout.txt,,"[{""index"":0,""memory_total_mib"":23034,""name"":""NVIDIA L4"",""pci_bus_id"":""00000000:61:00.0"",""pcie_link_gen_current"":1,""pcie_link_gen_max"":4,""pcie_link_width_current"":16,""pcie_link_width_max"":16},{""index"":1,""memory_total_mib"":23034,""name"":""NVIDIA L4"",""pci_bus_id"":""00000000:81:00.0"",""pcie_link_gen_current"":1,""pcie_link_gen_max"":4,""pcie_link_width_current"":16,""pcie_link_width_max"":16},{""index"":2,""memory_total_mib"":23034,""name"":""NVIDIA L4"",""pci_bus_id"":""00000000:A1:00.0"",""pcie_link_gen_current"":1,""pcie_link_gen_max"":4,""pcie_link_width_current"":16,""pcie_link_width_max"":16},{""index"":3,""memory_total_mib"":23034,""name"":""NVIDIA L4"",""pci_bus_id"":""00000000:E1:00.0"",""pcie_link_gen_current"":1,""pcie_link_gen_max"":4,""pcie_link_width_current"":16,""pcie_link_width_max"":16}]","""\t\u001b[4mGPU0\tGPU1\tGPU2\tGPU3\tNIC0\tNIC1\tNIC2\tCPU Affinity\tNUMA Affinity\tGPU NUMA ID\u001b[0m\nGPU0\t X \tSYS\tSYS\tSYS\tNODE\tSYS\tSYS\t0-31,64-95\t0\t\tN/A\nGPU1\tSYS\t X \tNODE\tNODE\tSYS\tNODE\tNODE\t32-63,96-127\t1\t\tN/A\nGPU2\tSYS\tNODE\t X \tNODE\tSYS\tNODE\tNODE\t32-63,96-127\t1\t\tN/A\nGPU3\tSYS\tNODE\tNODE\t X \tSYS\tNODE\tNODE\t32-63,96-127\t1\t\tN/A\nNIC0\tNODE\tSYS\tSYS\tSYS\t X \tSYS\tSYS\t\t\t\t\nNIC1\tSYS\tNODE\tNODE\tNODE\tSYS\t X \tPIX\t\t\t\t\nNIC2\tSYS\tNODE\tNODE\tNODE\tSYS\tPIX\t X \t\t\t\t\n\nLegend:\n\n  X    = Self\n  SYS  = Connection traversing PCIe as well as the SMP interconnect between NUMA nodes (e.g., QPI/UPI)\n  NODE = Connection traversing PCIe as well as the interconnect between PCIe Host Bridges within a NUMA node\n  PHB  = Connection traversing PCIe as well as a PCIe Host Bridge (typically the CPU)\n  PXB  = Connection traversing multiple PCIe bridges (without traversing the PCIe Host Bridge)\n  PIX  = Connection traversing at most a single PCIe bridge\n  NV#  = Connection traversing a bonded set of # NVLinks\n\nNIC Legend:\n\n  NIC0: rocep35s0f0\n  NIC1: rocep194s0f0\n  NIC2: rocep194s0f1""","{""CUDA_HOME"":""/usr/local/cuda"",""NCCL_TESTS_DIR"":""/root/nccl-tests""}"
1,p5-dense-20260828T154940Z-21cf57f,phase5,2026-08-28T15:53:48Z,measured,21cf57fd902a607407505eb9d8dfad40a82dfd91,False,unknown,,c079194dceb5,Ubuntu 24.04.3 LTS,6.14.0-33-generic,AMD EPYC 7542 32-Core Processor,128,1,NVIDIA L4,4,NODE,none-single-node,False,,12.8,570.195.03,2.25.1+cuda12.8,NCCL_DEBUG=VERSION banner,,gcc (Ubuntu 13.3.0-6ubuntu2~24.04) 13.3.0,b4d5beebca8a76cf01335f724d154b9b9d394d96,tree-ll,Tree,LL,"NCCL_ALGO=Tree,NCCL_PROTO=LL",,,,,,,,,nccl-tests,all_reduce,float,sum,-1,262144,65536,in_place,20,50,2,full,228.96,1.14,1.72,0,True,True,True,0,env NCCL_DEBUG=VERSION NCCL_ALGO=Tree NCCL_PROTO=LL /root/nccl-tests/build/all_reduce_perf -b 16K -e 512K -f 2 -g 4 -w 20 -n 50 -c 1 -d float,results/raw/p5-dense-20260828T154940Z-21cf57f/all_reduce.tree-ll.full.r2.stdout.txt,,"[{""index"":0,""memory_total_mib"":23034,""name"":""NVIDIA L4"",""pci_bus_id"":""00000000:61:00.0"",""pcie_link_gen_current"":1,""pcie_link_gen_max"":4,""pcie_link_width_current"":16,""pcie_link_width_max"":16},{""index"":1,""memory_total_mib"":23034,""name"":""NVIDIA L4"",""pci_bus_id"":""00000000:81:00.0"",""pcie_link_gen_current"":1,""pcie_link_gen_max"":4,""pcie_link_width_current"":16,""pcie_link_width_max"":16},{""index"":2,""memory_total_mib"":23034,""name"":""NVIDIA L4"",""pci_bus_id"":""00000000:A1:00.0"",""pcie_link_gen_current"":1,""pcie_link_gen_max"":4,""pcie_link_width_current"":16,""pcie_link_width_max"":16},{""index"":3,""memory_total_mib"":23034,""name"":""NVIDIA L4"",""pci_bus_id"":""00000000:E1:00.0"",""pcie_link_gen_current"":1,""pcie_link_gen_max"":4,""pcie_link_width_current"":16,""pcie_link_width_max"":16}]","""\t\u001b[4mGPU0\tGPU1\tGPU2\tGPU3\tNIC0\tNIC1\tNIC2\tCPU Affinity\tNUMA Affinity\tGPU NUMA ID\u001b[0m\nGPU0\t X \tSYS\tSYS\tSYS\tNODE\tSYS\tSYS\t0-31,64-95\t0\t\tN/A\nGPU1\tSYS\t X \tNODE\tNODE\tSYS\tNODE\tNODE\t32-63,96-127\t1\t\tN/A\nGPU2\tSYS\tNODE\t X \tNODE\tSYS\tNODE\tNODE\t32-63,96-127\t1\t\tN/A\nGPU3\tSYS\tNODE\tNODE\t X \tSYS\tNODE\tNODE\t32-63,96-127\t1\t\tN/A\nNIC0\tNODE\tSYS\tSYS\tSYS\t X \tSYS\tSYS\t\t\t\t\nNIC1\tSYS\tNODE\tNODE\tNODE\tSYS\t X \tPIX\t\t\t\t\nNIC2\tSYS\tNODE\tNODE\tNODE\tSYS\tPIX\t X \t\t\t\t\n\nLegend:\n\n  X    = Self\n  SYS  = Connection traversing PCIe as well as the SMP interconnect between NUMA nodes (e.g., QPI/UPI)\n  NODE = Connection traversing PCIe as well as the interconnect between PCIe Host Bridges within a NUMA node\n  PHB  = Connection traversing PCIe as well as a PCIe Host Bridge (typically the CPU)\n  PXB  = Connection traversing multiple PCIe bridges (without traversing the PCIe Host Bridge)\n  PIX  = Connection traversing at most a single PCIe bridge\n  NV#  = Connection traversing a bonded set of # NVLinks\n\nNIC Legend:\n\n  NIC0: rocep35s0f0\n  NIC1: rocep194s0f0\n  NIC2: rocep194s0f1""","{""CUDA_HOME"":""/usr/local/cuda"",""NCCL_TESTS_DIR"":""/root/nccl-tests""}"
1,p5-dense-20260828T154940Z-21cf57f,phase5,2026-08-28T15:53:48Z,measured,21cf57fd902a607407505eb9d8dfad40a82dfd91,False,unknown,,c079194dceb5,Ubuntu 24.04.3 LTS,6.14.0-33-generic,AMD EPYC 7542 32-Core Processor,128,1,NVIDIA L4,4,NODE,none-single-node,False,,12.8,570.195.03,2.25.1+cuda12.8,NCCL_DEBUG=VERSION banner,,gcc (Ubuntu 13.3.0-6ubuntu2~24.04) 13.3.0,b4d5beebca8a76cf01335f724d154b9b9d394d96,tree-ll,Tree,LL,"NCCL_ALGO=Tree,NCCL_PROTO=LL",,,,,,,,,nccl-tests,all_reduce,float,sum,-1,524288,131072,out_of_place,20,50,2,full,453.62,1.16,1.73,0,True,True,True,0,env NCCL_DEBUG=VERSION NCCL_ALGO=Tree NCCL_PROTO=LL /root/nccl-tests/build/all_reduce_perf -b 16K -e 512K -f 2 -g 4 -w 20 -n 50 -c 1 -d float,results/raw/p5-dense-20260828T154940Z-21cf57f/all_reduce.tree-ll.full.r2.stdout.txt,,"[{""index"":0,""memory_total_mib"":23034,""name"":""NVIDIA L4"",""pci_bus_id"":""00000000:61:00.0"",""pcie_link_gen_current"":1,""pcie_link_gen_max"":4,""pcie_link_width_current"":16,""pcie_link_width_max"":16},{""index"":1,""memory_total_mib"":23034,""name"":""NVIDIA L4"",""pci_bus_id"":""00000000:81:00.0"",""pcie_link_gen_current"":1,""pcie_link_gen_max"":4,""pcie_link_width_current"":16,""pcie_link_width_max"":16},{""index"":2,""memory_total_mib"":23034,""name"":""NVIDIA L4"",""pci_bus_id"":""00000000:A1:00.0"",""pcie_link_gen_current"":1,""pcie_link_gen_max"":4,""pcie_link_width_current"":16,""pcie_link_width_max"":16},{""index"":3,""memory_total_mib"":23034,""name"":""NVIDIA L4"",""pci_bus_id"":""00000000:E1:00.0"",""pcie_link_gen_current"":1,""pcie_link_gen_max"":4,""pcie_link_width_current"":16,""pcie_link_width_max"":16}]","""\t\u001b[4mGPU0\tGPU1\tGPU2\tGPU3\tNIC0\tNIC1\tNIC2\tCPU Affinity\tNUMA Affinity\tGPU NUMA ID\u001b[0m\nGPU0\t X \tSYS\tSYS\tSYS\tNODE\tSYS\tSYS\t0-31,64-95\t0\t\tN/A\nGPU1\tSYS\t X \tNODE\tNODE\tSYS\tNODE\tNODE\t32-63,96-127\t1\t\tN/A\nGPU2\tSYS\tNODE\t X \tNODE\tSYS\tNODE\tNODE\t32-63,96-127\t1\t\tN/A\nGPU3\tSYS\tNODE\tNODE\t X \tSYS\tNODE\tNODE\t32-63,96-127\t1\t\tN/A\nNIC0\tNODE\tSYS\tSYS\tSYS\t X \tSYS\tSYS\t\t\t\t\nNIC1\tSYS\tNODE\tNODE\tNODE\tSYS\t X \tPIX\t\t\t\t\nNIC2\tSYS\tNODE\tNODE\tNODE\tSYS\tPIX\t X \t\t\t\t\n\nLegend:\n\n  X    = Self\n  SYS  = Connection traversing PCIe as well as the SMP interconnect between NUMA nodes (e.g., QPI/UPI)\n  NODE = Connection traversing PCIe as well as the interconnect between PCIe Host Bridges within a NUMA node\n  PHB  = Connection traversing PCIe as well as a PCIe Host Bridge (typically the CPU)\n  PXB  = Connection traversing multiple PCIe bridges (without traversing the PCIe Host Bridge)\n  PIX  = Connection traversing at most a single PCIe bridge\n  NV#  = Connection traversing a bonded set of # NVLinks\n\nNIC Legend:\n\n  NIC0: rocep35s0f0\n  NIC1: rocep194s0f0\n  NIC2: rocep194s0f1""","{""CUDA_HOME"":""/usr/local/cuda"",""NCCL_TESTS_DIR"":""/root/nccl-tests""}"
1,p5-dense-20260828T154940Z-21cf57f,phase5,2026-08-28T15:53:48Z,measured,21cf57fd902a607407505eb9d8dfad40a82dfd91,False,unknown,,c079194dceb5,Ubuntu 24.04.3 LTS,6.14.0-33-generic,AMD EPYC 7542 32-Core Processor,128,1,NVIDIA L4,4,NODE,none-single-node,False,,12.8,570.195.03,2.25.1+cuda12.8,NCCL_DEBUG=VERSION banner,,gcc (Ubuntu 13.3.0-6ubuntu2~24.04) 13.3.0,b4d5beebca8a76cf01335f724d154b9b9d394d96,tree-ll,Tree,LL,"NCCL_ALGO=Tree,NCCL_PROTO=LL",,,,,,,,,nccl-tests,all_reduce,float,sum,-1,524288,131072,in_place,20,50,2,full,444.68,1.18,1.77,0,True,True,True,0,env NCCL_DEBUG=VERSION NCCL_ALGO=Tree NCCL_PROTO=LL /root/nccl-tests/build/all_reduce_perf -b 16K -e 512K -f 2 -g 4 -w 20 -n 50 -c 1 -d float,results/raw/p5-dense-20260828T154940Z-21cf57f/all_reduce.tree-ll.full.r2.stdout.txt,,"[{""index"":0,""memory_total_mib"":23034,""name"":""NVIDIA L4"",""pci_bus_id"":""00000000:61:00.0"",""pcie_link_gen_current"":1,""pcie_link_gen_max"":4,""pcie_link_width_current"":16,""pcie_link_width_max"":16},{""index"":1,""memory_total_mib"":23034,""name"":""NVIDIA L4"",""pci_bus_id"":""00000000:81:00.0"",""pcie_link_gen_current"":1,""pcie_link_gen_max"":4,""pcie_link_width_current"":16,""pcie_link_width_max"":16},{""index"":2,""memory_total_mib"":23034,""name"":""NVIDIA L4"",""pci_bus_id"":""00000000:A1:00.0"",""pcie_link_gen_current"":1,""pcie_link_gen_max"":4,""pcie_link_width_current"":16,""pcie_link_width_max"":16},{""index"":3,""memory_total_mib"":23034,""name"":""NVIDIA L4"",""pci_bus_id"":""00000000:E1:00.0"",""pcie_link_gen_current"":1,""pcie_link_gen_max"":4,""pcie_link_width_current"":16,""pcie_link_width_max"":16}]","""\t\u001b[4mGPU0\tGPU1\tGPU2\tGPU3\tNIC0\tNIC1\tNIC2\tCPU Affinity\tNUMA Affinity\tGPU NUMA ID\u001b[0m\nGPU0\t X \tSYS\tSYS\tSYS\tNODE\tSYS\tSYS\t0-31,64-95\t0\t\tN/A\nGPU1\tSYS\t X \tNODE\tNODE\tSYS\tNODE\tNODE\t32-63,96-127\t1\t\tN/A\nGPU2\tSYS\tNODE\t X \tNODE\tSYS\tNODE\tNODE\t32-63,96-127\t1\t\tN/A\nGPU3\tSYS\tNODE\tNODE\t X \tSYS\tNODE\tNODE\t32-63,96-127\t1\t\tN/A\nNIC0\tNODE\tSYS\tSYS\tSYS\t X \tSYS\tSYS\t\t\t\t\nNIC1\tSYS\tNODE\tNODE\tNODE\tSYS\t X \tPIX\t\t\t\t\nNIC2\tSYS\tNODE\tNODE\tNODE\tSYS\tPIX\t X \t\t\t\t\n\nLegend:\n\n  X    = Self\n  SYS  = Connection traversing PCIe as well as the SMP interconnect between NUMA nodes (e.g., QPI/UPI)\n  NODE = Connection traversing PCIe as well as the interconnect between PCIe Host Bridges within a NUMA node\n  PHB  = Connection traversing PCIe as well as a PCIe Host Bridge (typically the CPU)\n  PXB  = Connection traversing multiple PCIe bridges (without traversing the PCIe Host Bridge)\n  PIX  = Connection traversing at most a single PCIe bridge\n  NV#  = Connection traversing a bonded set of # NVLinks\n\nNIC Legend:\n\n  NIC0: rocep35s0f0\n  NIC1: rocep194s0f0\n  NIC2: rocep194s0f1""","{""CUDA_HOME"":""/usr/local/cuda"",""NCCL_TESTS_DIR"":""/root/nccl-tests""}"
1,p5-dense-20260828T154940Z-21cf57f,phase5,2026-08-28T15:53:53Z,measured,21cf57fd902a607407505eb9d8dfad40a82dfd91,False,unknown,,c079194dceb5,Ubuntu 24.04.3 LTS,6.14.0-33-generic,AMD EPYC 7542 32-Core Processor,128,1,NVIDIA L4,4,NODE,none-single-node,False,,12.8,570.195.03,2.25.1+cuda12.8,NCCL_DEBUG=VERSION banner,,gcc (Ubuntu 13.3.0-6ubuntu2~24.04) 13.3.0,b4d5beebca8a76cf01335f724d154b9b9d394d96,tree-ll128,Tree,LL128,"NCCL_ALGO=Tree,NCCL_PROTO=LL128",,,,,,,,,nccl-tests,all_reduce,float,sum,-1,16384,4096,out_of_place,20,50,0,full,38.85,0.42,0.63,0,True,True,True,0,env NCCL_DEBUG=VERSION NCCL_ALGO=Tree NCCL_PROTO=LL128 /root/nccl-tests/build/all_reduce_perf -b 16K -e 512K -f 2 -g 4 -w 20 -n 50 -c 1 -d float,results/raw/p5-dense-20260828T154940Z-21cf57f/all_reduce.tree-ll128.full.r0.stdout.txt,,"[{""index"":0,""memory_total_mib"":23034,""name"":""NVIDIA L4"",""pci_bus_id"":""00000000:61:00.0"",""pcie_link_gen_current"":1,""pcie_link_gen_max"":4,""pcie_link_width_current"":16,""pcie_link_width_max"":16},{""index"":1,""memory_total_mib"":23034,""name"":""NVIDIA L4"",""pci_bus_id"":""00000000:81:00.0"",""pcie_link_gen_current"":1,""pcie_link_gen_max"":4,""pcie_link_width_current"":16,""pcie_link_width_max"":16},{""index"":2,""memory_total_mib"":23034,""name"":""NVIDIA L4"",""pci_bus_id"":""00000000:A1:00.0"",""pcie_link_gen_current"":1,""pcie_link_gen_max"":4,""pcie_link_width_current"":16,""pcie_link_width_max"":16},{""index"":3,""memory_total_mib"":23034,""name"":""NVIDIA L4"",""pci_bus_id"":""00000000:E1:00.0"",""pcie_link_gen_current"":1,""pcie_link_gen_max"":4,""pcie_link_width_current"":16,""pcie_link_width_max"":16}]","""\t\u001b[4mGPU0\tGPU1\tGPU2\tGPU3\tNIC0\tNIC1\tNIC2\tCPU Affinity\tNUMA Affinity\tGPU NUMA ID\u001b[0m\nGPU0\t X \tSYS\tSYS\tSYS\tNODE\tSYS\tSYS\t0-31,64-95\t0\t\tN/A\nGPU1\tSYS\t X \tNODE\tNODE\tSYS\tNODE\tNODE\t32-63,96-127\t1\t\tN/A\nGPU2\tSYS\tNODE\t X \tNODE\tSYS\tNODE\tNODE\t32-63,96-127\t1\t\tN/A\nGPU3\tSYS\tNODE\tNODE\t X \tSYS\tNODE\tNODE\t32-63,96-127\t1\t\tN/A\nNIC0\tNODE\tSYS\tSYS\tSYS\t X \tSYS\tSYS\t\t\t\t\nNIC1\tSYS\tNODE\tNODE\tNODE\tSYS\t X \tPIX\t\t\t\t\nNIC2\tSYS\tNODE\tNODE\tNODE\tSYS\tPIX\t X \t\t\t\t\n\nLegend:\n\n  X    = Self\n  SYS  = Connection traversing PCIe as well as the SMP interconnect between NUMA nodes (e.g., QPI/UPI)\n  NODE = Connection traversing PCIe as well as the interconnect between PCIe Host Bridges within a NUMA node\n  PHB  = Connection traversing PCIe as well as a PCIe Host Bridge (typically the CPU)\n  PXB  = Connection traversing multiple PCIe bridges (without traversing the PCIe Host Bridge)\n  PIX  = Connection traversing at most a single PCIe bridge\n  NV#  = Connection traversing a bonded set of # NVLinks\n\nNIC Legend:\n\n  NIC0: rocep35s0f0\n  NIC1: rocep194s0f0\n  NIC2: rocep194s0f1""","{""CUDA_HOME"":""/usr/local/cuda"",""NCCL_TESTS_DIR"":""/root/nccl-tests""}"
1,p5-dense-20260828T154940Z-21cf57f,phase5,2026-08-28T15:53:53Z,measured,21cf57fd902a607407505eb9d8dfad40a82dfd91,False,unknown,,c079194dceb5,Ubuntu 24.04.3 LTS,6.14.0-33-generic,AMD EPYC 7542 32-Core Processor,128,1,NVIDIA L4,4,NODE,none-single-node,False,,12.8,570.195.03,2.25.1+cuda12.8,NCCL_DEBUG=VERSION banner,,gcc (Ubuntu 13.3.0-6ubuntu2~24.04) 13.3.0,b4d5beebca8a76cf01335f724d154b9b9d394d96,tree-ll128,Tree,LL128,"NCCL_ALGO=Tree,NCCL_PROTO=LL128",,,,,,,,,nccl-tests,all_reduce,float,sum,-1,16384,4096,in_place,20,50,0,full,38.4,0.43,0.64,0,True,True,True,0,env NCCL_DEBUG=VERSION NCCL_ALGO=Tree NCCL_PROTO=LL128 /root/nccl-tests/build/all_reduce_perf -b 16K -e 512K -f 2 -g 4 -w 20 -n 50 -c 1 -d float,results/raw/p5-dense-20260828T154940Z-21cf57f/all_reduce.tree-ll128.full.r0.stdout.txt,,"[{""index"":0,""memory_total_mib"":23034,""name"":""NVIDIA L4"",""pci_bus_id"":""00000000:61:00.0"",""pcie_link_gen_current"":1,""pcie_link_gen_max"":4,""pcie_link_width_current"":16,""pcie_link_width_max"":16},{""index"":1,""memory_total_mib"":23034,""name"":""NVIDIA L4"",""pci_bus_id"":""00000000:81:00.0"",""pcie_link_gen_current"":1,""pcie_link_gen_max"":4,""pcie_link_width_current"":16,""pcie_link_width_max"":16},{""index"":2,""memory_total_mib"":23034,""name"":""NVIDIA L4"",""pci_bus_id"":""00000000:A1:00.0"",""pcie_link_gen_current"":1,""pcie_link_gen_max"":4,""pcie_link_width_current"":16,""pcie_link_width_max"":16},{""index"":3,""memory_total_mib"":23034,""name"":""NVIDIA L4"",""pci_bus_id"":""00000000:E1:00.0"",""pcie_link_gen_current"":1,""pcie_link_gen_max"":4,""pcie_link_width_current"":16,""pcie_link_width_max"":16}]","""\t\u001b[4mGPU0\tGPU1\tGPU2\tGPU3\tNIC0\tNIC1\tNIC2\tCPU Affinity\tNUMA Affinity\tGPU NUMA ID\u001b[0m\nGPU0\t X \tSYS\tSYS\tSYS\tNODE\tSYS\tSYS\t0-31,64-95\t0\t\tN/A\nGPU1\tSYS\t X \tNODE\tNODE\tSYS\tNODE\tNODE\t32-63,96-127\t1\t\tN/A\nGPU2\tSYS\tNODE\t X \tNODE\tSYS\tNODE\tNODE\t32-63,96-127\t1\t\tN/A\nGPU3\tSYS\tNODE\tNODE\t X \tSYS\tNODE\tNODE\t32-63,96-127\t1\t\tN/A\nNIC0\tNODE\tSYS\tSYS\tSYS\t X \tSYS\tSYS\t\t\t\t\nNIC1\tSYS\tNODE\tNODE\tNODE\tSYS\t X \tPIX\t\t\t\t\nNIC2\tSYS\tNODE\tNODE\tNODE\tSYS\tPIX\t X \t\t\t\t\n\nLegend:\n\n  X    = Self\n  SYS  = Connection traversing PCIe as well as the SMP interconnect between NUMA nodes (e.g., QPI/UPI)\n  NODE = Connection traversing PCIe as well as the interconnect between PCIe Host Bridges within a NUMA node\n  PHB  = Connection traversing PCIe as well as a PCIe Host Bridge (typically the CPU)\n  PXB  = Connection traversing multiple PCIe bridges (without traversing the PCIe Host Bridge)\n  PIX  = Connection traversing at most a single PCIe bridge\n  NV#  = Connection traversing a bonded set of # NVLinks\n\nNIC Legend:\n\n  NIC0: rocep35s0f0\n  NIC1: rocep194s0f0\n  NIC2: rocep194s0f1""","{""CUDA_HOME"":""/usr/local/cuda"",""NCCL_TESTS_DIR"":""/root/nccl-tests""}"
1,p5-dense-20260828T154940Z-21cf57f,phase5,2026-08-28T15:53:53Z,measured,21cf57fd902a607407505eb9d8dfad40a82dfd91,False,unknown,,c079194dceb5,Ubuntu 24.04.3 LTS,6.14.0-33-generic,AMD EPYC 7542 32-Core Processor,128,1,NVIDIA L4,4,NODE,none-single-node,False,,12.8,570.195.03,2.25.1+cuda12.8,NCCL_DEBUG=VERSION banner,,gcc (Ubuntu 13.3.0-6ubuntu2~24.04) 13.3.0,b4d5beebca8a76cf01335f724d154b9b9d394d96,tree-ll128,Tree,LL128,"NCCL_ALGO=Tree,NCCL_PROTO=LL128",,,,,,,,,nccl-tests,all_reduce,float,sum,-1,32768,8192,out_of_place,20,50,0,full,50.27,0.65,0.98,0,True,True,True,0,env NCCL_DEBUG=VERSION NCCL_ALGO=Tree NCCL_PROTO=LL128 /root/nccl-tests/build/all_reduce_perf -b 16K -e 512K -f 2 -g 4 -w 20 -n 50 -c 1 -d float,results/raw/p5-dense-20260828T154940Z-21cf57f/all_reduce.tree-ll128.full.r0.stdout.txt,,"[{""index"":0,""memory_total_mib"":23034,""name"":""NVIDIA L4"",""pci_bus_id"":""00000000:61:00.0"",""pcie_link_gen_current"":1,""pcie_link_gen_max"":4,""pcie_link_width_current"":16,""pcie_link_width_max"":16},{""index"":1,""memory_total_mib"":23034,""name"":""NVIDIA L4"",""pci_bus_id"":""00000000:81:00.0"",""pcie_link_gen_current"":1,""pcie_link_gen_max"":4,""pcie_link_width_current"":16,""pcie_link_width_max"":16},{""index"":2,""memory_total_mib"":23034,""name"":""NVIDIA L4"",""pci_bus_id"":""00000000:A1:00.0"",""pcie_link_gen_current"":1,""pcie_link_gen_max"":4,""pcie_link_width_current"":16,""pcie_link_width_max"":16},{""index"":3,""memory_total_mib"":23034,""name"":""NVIDIA L4"",""pci_bus_id"":""00000000:E1:00.0"",""pcie_link_gen_current"":1,""pcie_link_gen_max"":4,""pcie_link_width_current"":16,""pcie_link_width_max"":16}]","""\t\u001b[4mGPU0\tGPU1\tGPU2\tGPU3\tNIC0\tNIC1\tNIC2\tCPU Affinity\tNUMA Affinity\tGPU NUMA ID\u001b[0m\nGPU0\t X \tSYS\tSYS\tSYS\tNODE\tSYS\tSYS\t0-31,64-95\t0\t\tN/A\nGPU1\tSYS\t X \tNODE\tNODE\tSYS\tNODE\tNODE\t32-63,96-127\t1\t\tN/A\nGPU2\tSYS\tNODE\t X \tNODE\tSYS\tNODE\tNODE\t32-63,96-127\t1\t\tN/A\nGPU3\tSYS\tNODE\tNODE\t X \tSYS\tNODE\tNODE\t32-63,96-127\t1\t\tN/A\nNIC0\tNODE\tSYS\tSYS\tSYS\t X \tSYS\tSYS\t\t\t\t\nNIC1\tSYS\tNODE\tNODE\tNODE\tSYS\t X \tPIX\t\t\t\t\nNIC2\tSYS\tNODE\tNODE\tNODE\tSYS\tPIX\t X \t\t\t\t\n\nLegend:\n\n  X    = Self\n  SYS  = Connection traversing PCIe as well as the SMP interconnect between NUMA nodes (e.g., QPI/UPI)\n  NODE = Connection traversing PCIe as well as the interconnect between PCIe Host Bridges within a NUMA node\n  PHB  = Connection traversing PCIe as well as a PCIe Host Bridge (typically the CPU)\n  PXB  = Connection traversing multiple PCIe bridges (without traversing the PCIe Host Bridge)\n  PIX  = Connection traversing at most a single PCIe bridge\n  NV#  = Connection traversing a bonded set of # NVLinks\n\nNIC Legend:\n\n  NIC0: rocep35s0f0\n  NIC1: rocep194s0f0\n  NIC2: rocep194s0f1""","{""CUDA_HOME"":""/usr/local/cuda"",""NCCL_TESTS_DIR"":""/root/nccl-tests""}"
1,p5-dense-20260828T154940Z-21cf57f,phase5,2026-08-28T15:53:53Z,measured,21cf57fd902a607407505eb9d8dfad40a82dfd91,False,unknown,,c079194dceb5,Ubuntu 24.04.3 LTS,6.14.0-33-generic,AMD EPYC 7542 32-Core Processor,128,1,NVIDIA L4,4,NODE,none-single-node,False,,12.8,570.195.03,2.25.1+cuda12.8,NCCL_DEBUG=VERSION banner,,gcc (Ubuntu 13.3.0-6ubuntu2~24.04) 13.3.0,b4d5beebca8a76cf01335f724d154b9b9d394d96,tree-ll128,Tree,LL128,"NCCL_ALGO=Tree,NCCL_PROTO=LL128",,,,,,,,,nccl-tests,all_reduce,float,sum,-1,32768,8192,in_place,20,50,0,full,49.32,0.66,1.0,0,True,True,True,0,env NCCL_DEBUG=VERSION NCCL_ALGO=Tree NCCL_PROTO=LL128 /root/nccl-tests/build/all_reduce_perf -b 16K -e 512K -f 2 -g 4 -w 20 -n 50 -c 1 -d float,results/raw/p5-dense-20260828T154940Z-21cf57f/all_reduce.tree-ll128.full.r0.stdout.txt,,"[{""index"":0,""memory_total_mib"":23034,""name"":""NVIDIA L4"",""pci_bus_id"":""00000000:61:00.0"",""pcie_link_gen_current"":1,""pcie_link_gen_max"":4,""pcie_link_width_current"":16,""pcie_link_width_max"":16},{""index"":1,""memory_total_mib"":23034,""name"":""NVIDIA L4"",""pci_bus_id"":""00000000:81:00.0"",""pcie_link_gen_current"":1,""pcie_link_gen_max"":4,""pcie_link_width_current"":16,""pcie_link_width_max"":16},{""index"":2,""memory_total_mib"":23034,""name"":""NVIDIA L4"",""pci_bus_id"":""00000000:A1:00.0"",""pcie_link_gen_current"":1,""pcie_link_gen_max"":4,""pcie_link_width_current"":16,""pcie_link_width_max"":16},{""index"":3,""memory_total_mib"":23034,""name"":""NVIDIA L4"",""pci_bus_id"":""00000000:E1:00.0"",""pcie_link_gen_current"":1,""pcie_link_gen_max"":4,""pcie_link_width_current"":16,""pcie_link_width_max"":16}]","""\t\u001b[4mGPU0\tGPU1\tGPU2\tGPU3\tNIC0\tNIC1\tNIC2\tCPU Affinity\tNUMA Affinity\tGPU NUMA ID\u001b[0m\nGPU0\t X \tSYS\tSYS\tSYS\tNODE\tSYS\tSYS\t0-31,64-95\t0\t\tN/A\nGPU1\tSYS\t X \tNODE\tNODE\tSYS\tNODE\tNODE\t32-63,96-127\t1\t\tN/A\nGPU2\tSYS\tNODE\t X \tNODE\tSYS\tNODE\tNODE\t32-63,96-127\t1\t\tN/A\nGPU3\tSYS\tNODE\tNODE\t X \tSYS\tNODE\tNODE\t32-63,96-127\t1\t\tN/A\nNIC0\tNODE\tSYS\tSYS\tSYS\t X \tSYS\tSYS\t\t\t\t\nNIC1\tSYS\tNODE\tNODE\tNODE\tSYS\t X \tPIX\t\t\t\t\nNIC2\tSYS\tNODE\tNODE\tNODE\tSYS\tPIX\t X \t\t\t\t\n\nLegend:\n\n  X    = Self\n  SYS  = Connection traversing PCIe as well as the SMP interconnect between NUMA nodes (e.g., QPI/UPI)\n  NODE = Connection traversing PCIe as well as the interconnect between PCIe Host Bridges within a NUMA node\n  PHB  = Connection traversing PCIe as well as a PCIe Host Bridge (typically the CPU)\n  PXB  = Connection traversing multiple PCIe bridges (without traversing the PCIe Host Bridge)\n  PIX  = Connection traversing at most a single PCIe bridge\n  NV#  = Connection traversing a bonded set of # NVLinks\n\nNIC Legend:\n\n  NIC0: rocep35s0f0\n  NIC1: rocep194s0f0\n  NIC2: rocep194s0f1""","{""CUDA_HOME"":""/usr/local/cuda"",""NCCL_TESTS_DIR"":""/root/nccl-tests""}"
1,p5-dense-20260828T154940Z-21cf57f,phase5,2026-08-28T15:53:53Z,measured,21cf57fd902a607407505eb9d8dfad40a82dfd91,False,unknown,,c079194dceb5,Ubuntu 24.04.3 LTS,6.14.0-33-generic,AMD EPYC 7542 32-Core Processor,128,1,NVIDIA L4,4,NODE,none-single-node,False,,12.8,570.195.03,2.25.1+cuda12.8,NCCL_DEBUG=VERSION banner,,gcc (Ubuntu 13.3.0-6ubuntu2~24.04) 13.3.0,b4d5beebca8a76cf01335f724d154b9b9d394d96,tree-ll128,Tree,LL128,"NCCL_ALGO=Tree,NCCL_PROTO=LL128",,,,,,,,,nccl-tests,all_reduce,float,sum,-1,65536,16384,out_of_place,20,50,0,full,61.78,1.06,1.59,0,True,True,True,0,env NCCL_DEBUG=VERSION NCCL_ALGO=Tree NCCL_PROTO=LL128 /root/nccl-tests/build/all_reduce_perf -b 16K -e 512K -f 2 -g 4 -w 20 -n 50 -c 1 -d float,results/raw/p5-dense-20260828T154940Z-21cf57f/all_reduce.tree-ll128.full.r0.stdout.txt,,"[{""index"":0,""memory_total_mib"":23034,""name"":""NVIDIA L4"",""pci_bus_id"":""00000000:61:00.0"",""pcie_link_gen_current"":1,""pcie_link_gen_max"":4,""pcie_link_width_current"":16,""pcie_link_width_max"":16},{""index"":1,""memory_total_mib"":23034,""name"":""NVIDIA L4"",""pci_bus_id"":""00000000:81:00.0"",""pcie_link_gen_current"":1,""pcie_link_gen_max"":4,""pcie_link_width_current"":16,""pcie_link_width_max"":16},{""index"":2,""memory_total_mib"":23034,""name"":""NVIDIA L4"",""pci_bus_id"":""00000000:A1:00.0"",""pcie_link_gen_current"":1,""pcie_link_gen_max"":4,""pcie_link_width_current"":16,""pcie_link_width_max"":16},{""index"":3,""memory_total_mib"":23034,""name"":""NVIDIA L4"",""pci_bus_id"":""00000000:E1:00.0"",""pcie_link_gen_current"":1,""pcie_link_gen_max"":4,""pcie_link_width_current"":16,""pcie_link_width_max"":16}]","""\t\u001b[4mGPU0\tGPU1\tGPU2\tGPU3\tNIC0\tNIC1\tNIC2\tCPU Affinity\tNUMA Affinity\tGPU NUMA ID\u001b[0m\nGPU0\t X \tSYS\tSYS\tSYS\tNODE\tSYS\tSYS\t0-31,64-95\t0\t\tN/A\nGPU1\tSYS\t X \tNODE\tNODE\tSYS\tNODE\tNODE\t32-63,96-127\t1\t\tN/A\nGPU2\tSYS\tNODE\t X \tNODE\tSYS\tNODE\tNODE\t32-63,96-127\t1\t\tN/A\nGPU3\tSYS\tNODE\tNODE\t X \tSYS\tNODE\tNODE\t32-63,96-127\t1\t\tN/A\nNIC0\tNODE\tSYS\tSYS\tSYS\t X \tSYS\tSYS\t\t\t\t\nNIC1\tSYS\tNODE\tNODE\tNODE\tSYS\t X \tPIX\t\t\t\t\nNIC2\tSYS\tNODE\tNODE\tNODE\tSYS\tPIX\t X \t\t\t\t\n\nLegend:\n\n  X    = Self\n  SYS  = Connection traversing PCIe as well as the SMP interconnect between NUMA nodes (e.g., QPI/UPI)\n  NODE = Connection traversing PCIe as well as the interconnect between PCIe Host Bridges within a NUMA node\n  PHB  = Connection traversing PCIe as well as a PCIe Host Bridge (typically the CPU)\n  PXB  = Connection traversing multiple PCIe bridges (without traversing the PCIe Host Bridge)\n  PIX  = Connection traversing at most a single PCIe bridge\n  NV#  = Connection traversing a bonded set of # NVLinks\n\nNIC Legend:\n\n  NIC0: rocep35s0f0\n  NIC1: rocep194s0f0\n  NIC2: rocep194s0f1""","{""CUDA_HOME"":""/usr/local/cuda"",""NCCL_TESTS_DIR"":""/root/nccl-tests""}"
1,p5-dense-20260828T154940Z-21cf57f,phase5,2026-08-28T15:53:53Z,measured,21cf57fd902a607407505eb9d8dfad40a82dfd91,False,unknown,,c079194dceb5,Ubuntu 24.04.3 LTS,6.14.0-33-generic,AMD EPYC 7542 32-Core Processor,128,1,NVIDIA L4,4,NODE,none-single-node,False,,12.8,570.195.03,2.25.1+cuda12.8,NCCL_DEBUG=VERSION banner,,gcc (Ubuntu 13.3.0-6ubuntu2~24.04) 13.3.0,b4d5beebca8a76cf01335f724d154b9b9d394d96,tree-ll128,Tree,LL128,"NCCL_ALGO=Tree,NCCL_PROTO=LL128",,,,,,,,,nccl-tests,all_reduce,float,sum,-1,65536,16384,in_place,20,50,0,full,68.82,0.95,1.43,0,True,True,True,0,env NCCL_DEBUG=VERSION NCCL_ALGO=Tree NCCL_PROTO=LL128 /root/nccl-tests/build/all_reduce_perf -b 16K -e 512K -f 2 -g 4 -w 20 -n 50 -c 1 -d float,results/raw/p5-dense-20260828T154940Z-21cf57f/all_reduce.tree-ll128.full.r0.stdout.txt,,"[{""index"":0,""memory_total_mib"":23034,""name"":""NVIDIA L4"",""pci_bus_id"":""00000000:61:00.0"",""pcie_link_gen_current"":1,""pcie_link_gen_max"":4,""pcie_link_width_current"":16,""pcie_link_width_max"":16},{""index"":1,""memory_total_mib"":23034,""name"":""NVIDIA L4"",""pci_bus_id"":""00000000:81:00.0"",""pcie_link_gen_current"":1,""pcie_link_gen_max"":4,""pcie_link_width_current"":16,""pcie_link_width_max"":16},{""index"":2,""memory_total_mib"":23034,""name"":""NVIDIA L4"",""pci_bus_id"":""00000000:A1:00.0"",""pcie_link_gen_current"":1,""pcie_link_gen_max"":4,""pcie_link_width_current"":16,""pcie_link_width_max"":16},{""index"":3,""memory_total_mib"":23034,""name"":""NVIDIA L4"",""pci_bus_id"":""00000000:E1:00.0"",""pcie_link_gen_current"":1,""pcie_link_gen_max"":4,""pcie_link_width_current"":16,""pcie_link_width_max"":16}]","""\t\u001b[4mGPU0\tGPU1\tGPU2\tGPU3\tNIC0\tNIC1\tNIC2\tCPU Affinity\tNUMA Affinity\tGPU NUMA ID\u001b[0m\nGPU0\t X \tSYS\tSYS\tSYS\tNODE\tSYS\tSYS\t0-31,64-95\t0\t\tN/A\nGPU1\tSYS\t X \tNODE\tNODE\tSYS\tNODE\tNODE\t32-63,96-127\t1\t\tN/A\nGPU2\tSYS\tNODE\t X \tNODE\tSYS\tNODE\tNODE\t32-63,96-127\t1\t\tN/A\nGPU3\tSYS\tNODE\tNODE\t X \tSYS\tNODE\tNODE\t32-63,96-127\t1\t\tN/A\nNIC0\tNODE\tSYS\tSYS\tSYS\t X \tSYS\tSYS\t\t\t\t\nNIC1\tSYS\tNODE\tNODE\tNODE\tSYS\t X \tPIX\t\t\t\t\nNIC2\tSYS\tNODE\tNODE\tNODE\tSYS\tPIX\t X \t\t\t\t\n\nLegend:\n\n  X    = Self\n  SYS  = Connection traversing PCIe as well as the SMP interconnect between NUMA nodes (e.g., QPI/UPI)\n  NODE = Connection traversing PCIe as well as the interconnect between PCIe Host Bridges within a NUMA node\n  PHB  = Connection traversing PCIe as well as a PCIe Host Bridge (typically the CPU)\n  PXB  = Connection traversing multiple PCIe bridges (without traversing the PCIe Host Bridge)\n  PIX  = Connection traversing at most a single PCIe bridge\n  NV#  = Connection traversing a bonded set of # NVLinks\n\nNIC Legend:\n\n  NIC0: rocep35s0f0\n  NIC1: rocep194s0f0\n  NIC2: rocep194s0f1""","{""CUDA_HOME"":""/usr/local/cuda"",""NCCL_TESTS_DIR"":""/root/nccl-tests""}"
1,p5-dense-20260828T154940Z-21cf57f,phase5,2026-08-28T15:53:53Z,measured,21cf57fd902a607407505eb9d8dfad40a82dfd91,False,unknown,,c079194dceb5,Ubuntu 24.04.3 LTS,6.14.0-33-generic,AMD EPYC 7542 32-Core Processor,128,1,NVIDIA L4,4,NODE,none-single-node,False,,12.8,570.195.03,2.25.1+cuda12.8,NCCL_DEBUG=VERSION banner,,gcc (Ubuntu 13.3.0-6ubuntu2~24.04) 13.3.0,b4d5beebca8a76cf01335f724d154b9b9d394d96,tree-ll128,Tree,LL128,"NCCL_ALGO=Tree,NCCL_PROTO=LL128",,,,,,,,,nccl-tests,all_reduce,float,sum,-1,131072,32768,out_of_place,20,50,0,full,102.66,1.28,1.92,0,True,True,True,0,env NCCL_DEBUG=VERSION NCCL_ALGO=Tree NCCL_PROTO=LL128 /root/nccl-tests/build/all_reduce_perf -b 16K -e 512K -f 2 -g 4 -w 20 -n 50 -c 1 -d float,results/raw/p5-dense-20260828T154940Z-21cf57f/all_reduce.tree-ll128.full.r0.stdout.txt,,"[{""index"":0,""memory_total_mib"":23034,""name"":""NVIDIA L4"",""pci_bus_id"":""00000000:61:00.0"",""pcie_link_gen_current"":1,""pcie_link_gen_max"":4,""pcie_link_width_current"":16,""pcie_link_width_max"":16},{""index"":1,""memory_total_mib"":23034,""name"":""NVIDIA L4"",""pci_bus_id"":""00000000:81:00.0"",""pcie_link_gen_current"":1,""pcie_link_gen_max"":4,""pcie_link_width_current"":16,""pcie_link_width_max"":16},{""index"":2,""memory_total_mib"":23034,""name"":""NVIDIA L4"",""pci_bus_id"":""00000000:A1:00.0"",""pcie_link_gen_current"":1,""pcie_link_gen_max"":4,""pcie_link_width_current"":16,""pcie_link_width_max"":16},{""index"":3,""memory_total_mib"":23034,""name"":""NVIDIA L4"",""pci_bus_id"":""00000000:E1:00.0"",""pcie_link_gen_current"":1,""pcie_link_gen_max"":4,""pcie_link_width_current"":16,""pcie_link_width_max"":16}]","""\t\u001b[4mGPU0\tGPU1\tGPU2\tGPU3\tNIC0\tNIC1\tNIC2\tCPU Affinity\tNUMA Affinity\tGPU NUMA ID\u001b[0m\nGPU0\t X \tSYS\tSYS\tSYS\tNODE\tSYS\tSYS\t0-31,64-95\t0\t\tN/A\nGPU1\tSYS\t X \tNODE\tNODE\tSYS\tNODE\tNODE\t32-63,96-127\t1\t\tN/A\nGPU2\tSYS\tNODE\t X \tNODE\tSYS\tNODE\tNODE\t32-63,96-127\t1\t\tN/A\nGPU3\tSYS\tNODE\tNODE\t X \tSYS\tNODE\tNODE\t32-63,96-127\t1\t\tN/A\nNIC0\tNODE\tSYS\tSYS\tSYS\t X \tSYS\tSYS\t\t\t\t\nNIC1\tSYS\tNODE\tNODE\tNODE\tSYS\t X \tPIX\t\t\t\t\nNIC2\tSYS\tNODE\tNODE\tNODE\tSYS\tPIX\t X \t\t\t\t\n\nLegend:\n\n  X    = Self\n  SYS  = Connection traversing PCIe as well as the SMP interconnect between NUMA nodes (e.g., QPI/UPI)\n  NODE = Connection traversing PCIe as well as the interconnect between PCIe Host Bridges within a NUMA node\n  PHB  = Connection traversing PCIe as well as a PCIe Host Bridge (typically the CPU)\n  PXB  = Connection traversing multiple PCIe bridges (without traversing the PCIe Host Bridge)\n  PIX  = Connection traversing at most a single PCIe bridge\n  NV#  = Connection traversing a bonded set of # NVLinks\n\nNIC Legend:\n\n  NIC0: rocep35s0f0\n  NIC1: rocep194s0f0\n  NIC2: rocep194s0f1""","{""CUDA_HOME"":""/usr/local/cuda"",""NCCL_TESTS_DIR"":""/root/nccl-tests""}"
1,p5-dense-20260828T154940Z-21cf57f,phase5,2026-08-28T15:53:53Z,measured,21cf57fd902a607407505eb9d8dfad40a82dfd91,False,unknown,,c079194dceb5,Ubuntu 24.04.3 LTS,6.14.0-33-generic,AMD EPYC 7542 32-Core Processor,128,1,NVIDIA L4,4,NODE,none-single-node,False,,12.8,570.195.03,2.25.1+cuda12.8,NCCL_DEBUG=VERSION banner,,gcc (Ubuntu 13.3.0-6ubuntu2~24.04) 13.3.0,b4d5beebca8a76cf01335f724d154b9b9d394d96,tree-ll128,Tree,LL128,"NCCL_ALGO=Tree,NCCL_PROTO=LL128",,,,,,,,,nccl-tests,all_reduce,float,sum,-1,131072,32768,in_place,20,50,0,full,89.68,1.46,2.19,0,True,True,True,0,env NCCL_DEBUG=VERSION NCCL_ALGO=Tree NCCL_PROTO=LL128 /root/nccl-tests/build/all_reduce_perf -b 16K -e 512K -f 2 -g 4 -w 20 -n 50 -c 1 -d float,results/raw/p5-dense-20260828T154940Z-21cf57f/all_reduce.tree-ll128.full.r0.stdout.txt,,"[{""index"":0,""memory_total_mib"":23034,""name"":""NVIDIA L4"",""pci_bus_id"":""00000000:61:00.0"",""pcie_link_gen_current"":1,""pcie_link_gen_max"":4,""pcie_link_width_current"":16,""pcie_link_width_max"":16},{""index"":1,""memory_total_mib"":23034,""name"":""NVIDIA L4"",""pci_bus_id"":""00000000:81:00.0"",""pcie_link_gen_current"":1,""pcie_link_gen_max"":4,""pcie_link_width_current"":16,""pcie_link_width_max"":16},{""index"":2,""memory_total_mib"":23034,""name"":""NVIDIA L4"",""pci_bus_id"":""00000000:A1:00.0"",""pcie_link_gen_current"":1,""pcie_link_gen_max"":4,""pcie_link_width_current"":16,""pcie_link_width_max"":16},{""index"":3,""memory_total_mib"":23034,""name"":""NVIDIA L4"",""pci_bus_id"":""00000000:E1:00.0"",""pcie_link_gen_current"":1,""pcie_link_gen_max"":4,""pcie_link_width_current"":16,""pcie_link_width_max"":16}]","""\t\u001b[4mGPU0\tGPU1\tGPU2\tGPU3\tNIC0\tNIC1\tNIC2\tCPU Affinity\tNUMA Affinity\tGPU NUMA ID\u001b[0m\nGPU0\t X \tSYS\tSYS\tSYS\tNODE\tSYS\tSYS\t0-31,64-95\t0\t\tN/A\nGPU1\tSYS\t X \tNODE\tNODE\tSYS\tNODE\tNODE\t32-63,96-127\t1\t\tN/A\nGPU2\tSYS\tNODE\t X \tNODE\tSYS\tNODE\tNODE\t32-63,96-127\t1\t\tN/A\nGPU3\tSYS\tNODE\tNODE\t X \tSYS\tNODE\tNODE\t32-63,96-127\t1\t\tN/A\nNIC0\tNODE\tSYS\tSYS\tSYS\t X \tSYS\tSYS\t\t\t\t\nNIC1\tSYS\tNODE\tNODE\tNODE\tSYS\t X \tPIX\t\t\t\t\nNIC2\tSYS\tNODE\tNODE\tNODE\tSYS\tPIX\t X \t\t\t\t\n\nLegend:\n\n  X    = Self\n  SYS  = Connection traversing PCIe as well as the SMP interconnect between NUMA nodes (e.g., QPI/UPI)\n  NODE = Connection traversing PCIe as well as the interconnect between PCIe Host Bridges within a NUMA node\n  PHB  = Connection traversing PCIe as well as a PCIe Host Bridge (typically the CPU)\n  PXB  = Connection traversing multiple PCIe bridges (without traversing the PCIe Host Bridge)\n  PIX  = Connection traversing at most a single PCIe bridge\n  NV#  = Connection traversing a bonded set of # NVLinks\n\nNIC Legend:\n\n  NIC0: rocep35s0f0\n  NIC1: rocep194s0f0\n  NIC2: rocep194s0f1""","{""CUDA_HOME"":""/usr/local/cuda"",""NCCL_TESTS_DIR"":""/root/nccl-tests""}"
1,p5-dense-20260828T154940Z-21cf57f,phase5,2026-08-28T15:53:53Z,measured,21cf57fd902a607407505eb9d8dfad40a82dfd91,False,unknown,,c079194dceb5,Ubuntu 24.04.3 LTS,6.14.0-33-generic,AMD EPYC 7542 32-Core Processor,128,1,NVIDIA L4,4,NODE,none-single-node,False,,12.8,570.195.03,2.25.1+cuda12.8,NCCL_DEBUG=VERSION banner,,gcc (Ubuntu 13.3.0-6ubuntu2~24.04) 13.3.0,b4d5beebca8a76cf01335f724d154b9b9d394d96,tree-ll128,Tree,LL128,"NCCL_ALGO=Tree,NCCL_PROTO=LL128",,,,,,,,,nccl-tests,all_reduce,float,sum,-1,262144,65536,out_of_place,20,50,0,full,152.01,1.72,2.59,0,True,True,True,0,env NCCL_DEBUG=VERSION NCCL_ALGO=Tree NCCL_PROTO=LL128 /root/nccl-tests/build/all_reduce_perf -b 16K -e 512K -f 2 -g 4 -w 20 -n 50 -c 1 -d float,results/raw/p5-dense-20260828T154940Z-21cf57f/all_reduce.tree-ll128.full.r0.stdout.txt,,"[{""index"":0,""memory_total_mib"":23034,""name"":""NVIDIA L4"",""pci_bus_id"":""00000000:61:00.0"",""pcie_link_gen_current"":1,""pcie_link_gen_max"":4,""pcie_link_width_current"":16,""pcie_link_width_max"":16},{""index"":1,""memory_total_mib"":23034,""name"":""NVIDIA L4"",""pci_bus_id"":""00000000:81:00.0"",""pcie_link_gen_current"":1,""pcie_link_gen_max"":4,""pcie_link_width_current"":16,""pcie_link_width_max"":16},{""index"":2,""memory_total_mib"":23034,""name"":""NVIDIA L4"",""pci_bus_id"":""00000000:A1:00.0"",""pcie_link_gen_current"":1,""pcie_link_gen_max"":4,""pcie_link_width_current"":16,""pcie_link_width_max"":16},{""index"":3,""memory_total_mib"":23034,""name"":""NVIDIA L4"",""pci_bus_id"":""00000000:E1:00.0"",""pcie_link_gen_current"":1,""pcie_link_gen_max"":4,""pcie_link_width_current"":16,""pcie_link_width_max"":16}]","""\t\u001b[4mGPU0\tGPU1\tGPU2\tGPU3\tNIC0\tNIC1\tNIC2\tCPU Affinity\tNUMA Affinity\tGPU NUMA ID\u001b[0m\nGPU0\t X \tSYS\tSYS\tSYS\tNODE\tSYS\tSYS\t0-31,64-95\t0\t\tN/A\nGPU1\tSYS\t X \tNODE\tNODE\tSYS\tNODE\tNODE\t32-63,96-127\t1\t\tN/A\nGPU2\tSYS\tNODE\t X \tNODE\tSYS\tNODE\tNODE\t32-63,96-127\t1\t\tN/A\nGPU3\tSYS\tNODE\tNODE\t X \tSYS\tNODE\tNODE\t32-63,96-127\t1\t\tN/A\nNIC0\tNODE\tSYS\tSYS\tSYS\t X \tSYS\tSYS\t\t\t\t\nNIC1\tSYS\tNODE\tNODE\tNODE\tSYS\t X \tPIX\t\t\t\t\nNIC2\tSYS\tNODE\tNODE\tNODE\tSYS\tPIX\t X \t\t\t\t\n\nLegend:\n\n  X    = Self\n  SYS  = Connection traversing PCIe as well as the SMP interconnect between NUMA nodes (e.g., QPI/UPI)\n  NODE = Connection traversing PCIe as well as the interconnect between PCIe Host Bridges within a NUMA node\n  PHB  = Connection traversing PCIe as well as a PCIe Host Bridge (typically the CPU)\n  PXB  = Connection traversing multiple PCIe bridges (without traversing the PCIe Host Bridge)\n  PIX  = Connection traversing at most a single PCIe bridge\n  NV#  = Connection traversing a bonded set of # NVLinks\n\nNIC Legend:\n\n  NIC0: rocep35s0f0\n  NIC1: rocep194s0f0\n  NIC2: rocep194s0f1""","{""CUDA_HOME"":""/usr/local/cuda"",""NCCL_TESTS_DIR"":""/root/nccl-tests""}"
1,p5-dense-20260828T154940Z-21cf57f,phase5,2026-08-28T15:53:53Z,measured,21cf57fd902a607407505eb9d8dfad40a82dfd91,False,unknown,,c079194dceb5,Ubuntu 24.04.3 LTS,6.14.0-33-generic,AMD EPYC 7542 32-Core Processor,128,1,NVIDIA L4,4,NODE,none-single-node,False,,12.8,570.195.03,2.25.1+cuda12.8,NCCL_DEBUG=VERSION banner,,gcc (Ubuntu 13.3.0-6ubuntu2~24.04) 13.3.0,b4d5beebca8a76cf01335f724d154b9b9d394d96,tree-ll128,Tree,LL128,"NCCL_ALGO=Tree,NCCL_PROTO=LL128",,,,,,,,,nccl-tests,all_reduce,float,sum,-1,262144,65536,in_place,20,50,0,full,137.88,1.9,2.85,0,True,True,True,0,env NCCL_DEBUG=VERSION NCCL_ALGO=Tree NCCL_PROTO=LL128 /root/nccl-tests/build/all_reduce_perf -b 16K -e 512K -f 2 -g 4 -w 20 -n 50 -c 1 -d float,results/raw/p5-dense-20260828T154940Z-21cf57f/all_reduce.tree-ll128.full.r0.stdout.txt,,"[{""index"":0,""memory_total_mib"":23034,""name"":""NVIDIA L4"",""pci_bus_id"":""00000000:61:00.0"",""pcie_link_gen_current"":1,""pcie_link_gen_max"":4,""pcie_link_width_current"":16,""pcie_link_width_max"":16},{""index"":1,""memory_total_mib"":23034,""name"":""NVIDIA L4"",""pci_bus_id"":""00000000:81:00.0"",""pcie_link_gen_current"":1,""pcie_link_gen_max"":4,""pcie_link_width_current"":16,""pcie_link_width_max"":16},{""index"":2,""memory_total_mib"":23034,""name"":""NVIDIA L4"",""pci_bus_id"":""00000000:A1:00.0"",""pcie_link_gen_current"":1,""pcie_link_gen_max"":4,""pcie_link_width_current"":16,""pcie_link_width_max"":16},{""index"":3,""memory_total_mib"":23034,""name"":""NVIDIA L4"",""pci_bus_id"":""00000000:E1:00.0"",""pcie_link_gen_current"":1,""pcie_link_gen_max"":4,""pcie_link_width_current"":16,""pcie_link_width_max"":16}]","""\t\u001b[4mGPU0\tGPU1\tGPU2\tGPU3\tNIC0\tNIC1\tNIC2\tCPU Affinity\tNUMA Affinity\tGPU NUMA ID\u001b[0m\nGPU0\t X \tSYS\tSYS\tSYS\tNODE\tSYS\tSYS\t0-31,64-95\t0\t\tN/A\nGPU1\tSYS\t X \tNODE\tNODE\tSYS\tNODE\tNODE\t32-63,96-127\t1\t\tN/A\nGPU2\tSYS\tNODE\t X \tNODE\tSYS\tNODE\tNODE\t32-63,96-127\t1\t\tN/A\nGPU3\tSYS\tNODE\tNODE\t X \tSYS\tNODE\tNODE\t32-63,96-127\t1\t\tN/A\nNIC0\tNODE\tSYS\tSYS\tSYS\t X \tSYS\tSYS\t\t\t\t\nNIC1\tSYS\tNODE\tNODE\tNODE\tSYS\t X \tPIX\t\t\t\t\nNIC2\tSYS\tNODE\tNODE\tNODE\tSYS\tPIX\t X \t\t\t\t\n\nLegend:\n\n  X    = Self\n  SYS  = Connection traversing PCIe as well as the SMP interconnect between NUMA nodes (e.g., QPI/UPI)\n  NODE = Connection traversing PCIe as well as the interconnect between PCIe Host Bridges within a NUMA node\n  PHB  = Connection traversing PCIe as well as a PCIe Host Bridge (typically the CPU)\n  PXB  = Connection traversing multiple PCIe bridges (without traversing the PCIe Host Bridge)\n  PIX  = Connection traversing at most a single PCIe bridge\n  NV#  = Connection traversing a bonded set of # NVLinks\n\nNIC Legend:\n\n  NIC0: rocep35s0f0\n  NIC1: rocep194s0f0\n  NIC2: rocep194s0f1""","{""CUDA_HOME"":""/usr/local/cuda"",""NCCL_TESTS_DIR"":""/root/nccl-tests""}"
1,p5-dense-20260828T154940Z-21cf57f,phase5,2026-08-28T15:53:53Z,measured,21cf57fd902a607407505eb9d8dfad40a82dfd91,False,unknown,,c079194dceb5,Ubuntu 24.04.3 LTS,6.14.0-33-generic,AMD EPYC 7542 32-Core Processor,128,1,NVIDIA L4,4,NODE,none-single-node,False,,12.8,570.195.03,2.25.1+cuda12.8,NCCL_DEBUG=VERSION banner,,gcc (Ubuntu 13.3.0-6ubuntu2~24.04) 13.3.0,b4d5beebca8a76cf01335f724d154b9b9d394d96,tree-ll128,Tree,LL128,"NCCL_ALGO=Tree,NCCL_PROTO=LL128",,,,,,,,,nccl-tests,all_reduce,float,sum,-1,524288,131072,out_of_place,20,50,0,full,284.36,1.84,2.77,0,True,True,True,0,env NCCL_DEBUG=VERSION NCCL_ALGO=Tree NCCL_PROTO=LL128 /root/nccl-tests/build/all_reduce_perf -b 16K -e 512K -f 2 -g 4 -w 20 -n 50 -c 1 -d float,results/raw/p5-dense-20260828T154940Z-21cf57f/all_reduce.tree-ll128.full.r0.stdout.txt,,"[{""index"":0,""memory_total_mib"":23034,""name"":""NVIDIA L4"",""pci_bus_id"":""00000000:61:00.0"",""pcie_link_gen_current"":1,""pcie_link_gen_max"":4,""pcie_link_width_current"":16,""pcie_link_width_max"":16},{""index"":1,""memory_total_mib"":23034,""name"":""NVIDIA L4"",""pci_bus_id"":""00000000:81:00.0"",""pcie_link_gen_current"":1,""pcie_link_gen_max"":4,""pcie_link_width_current"":16,""pcie_link_width_max"":16},{""index"":2,""memory_total_mib"":23034,""name"":""NVIDIA L4"",""pci_bus_id"":""00000000:A1:00.0"",""pcie_link_gen_current"":1,""pcie_link_gen_max"":4,""pcie_link_width_current"":16,""pcie_link_width_max"":16},{""index"":3,""memory_total_mib"":23034,""name"":""NVIDIA L4"",""pci_bus_id"":""00000000:E1:00.0"",""pcie_link_gen_current"":1,""pcie_link_gen_max"":4,""pcie_link_width_current"":16,""pcie_link_width_max"":16}]","""\t\u001b[4mGPU0\tGPU1\tGPU2\tGPU3\tNIC0\tNIC1\tNIC2\tCPU Affinity\tNUMA Affinity\tGPU NUMA ID\u001b[0m\nGPU0\t X \tSYS\tSYS\tSYS\tNODE\tSYS\tSYS\t0-31,64-95\t0\t\tN/A\nGPU1\tSYS\t X \tNODE\tNODE\tSYS\tNODE\tNODE\t32-63,96-127\t1\t\tN/A\nGPU2\tSYS\tNODE\t X \tNODE\tSYS\tNODE\tNODE\t32-63,96-127\t1\t\tN/A\nGPU3\tSYS\tNODE\tNODE\t X \tSYS\tNODE\tNODE\t32-63,96-127\t1\t\tN/A\nNIC0\tNODE\tSYS\tSYS\tSYS\t X \tSYS\tSYS\t\t\t\t\nNIC1\tSYS\tNODE\tNODE\tNODE\tSYS\t X \tPIX\t\t\t\t\nNIC2\tSYS\tNODE\tNODE\tNODE\tSYS\tPIX\t X \t\t\t\t\n\nLegend:\n\n  X    = Self\n  SYS  = Connection traversing PCIe as well as the SMP interconnect between NUMA nodes (e.g., QPI/UPI)\n  NODE = Connection traversing PCIe as well as the interconnect between PCIe Host Bridges within a NUMA node\n  PHB  = Connection traversing PCIe as well as a PCIe Host Bridge (typically the CPU)\n  PXB  = Connection traversing multiple PCIe bridges (without traversing the PCIe Host Bridge)\n  PIX  = Connection traversing at most a single PCIe bridge\n  NV#  = Connection traversing a bonded set of # NVLinks\n\nNIC Legend:\n\n  NIC0: rocep35s0f0\n  NIC1: rocep194s0f0\n  NIC2: rocep194s0f1""","{""CUDA_HOME"":""/usr/local/cuda"",""NCCL_TESTS_DIR"":""/root/nccl-tests""}"
1,p5-dense-20260828T154940Z-21cf57f,phase5,2026-08-28T15:53:53Z,measured,21cf57fd902a607407505eb9d8dfad40a82dfd91,False,unknown,,c079194dceb5,Ubuntu 24.04.3 LTS,6.14.0-33-generic,AMD EPYC 7542 32-Core Processor,128,1,NVIDIA L4,4,NODE,none-single-node,False,,12.8,570.195.03,2.25.1+cuda12.8,NCCL_DEBUG=VERSION banner,,gcc (Ubuntu 13.3.0-6ubuntu2~24.04) 13.3.0,b4d5beebca8a76cf01335f724d154b9b9d394d96,tree-ll128,Tree,LL128,"NCCL_ALGO=Tree,NCCL_PROTO=LL128",,,,,,,,,nccl-tests,all_reduce,float,sum,-1,524288,131072,in_place,20,50,0,full,270.6,1.94,2.91,0,True,True,True,0,env NCCL_DEBUG=VERSION NCCL_ALGO=Tree NCCL_PROTO=LL128 /root/nccl-tests/build/all_reduce_perf -b 16K -e 512K -f 2 -g 4 -w 20 -n 50 -c 1 -d float,results/raw/p5-dense-20260828T154940Z-21cf57f/all_reduce.tree-ll128.full.r0.stdout.txt,,"[{""index"":0,""memory_total_mib"":23034,""name"":""NVIDIA L4"",""pci_bus_id"":""00000000:61:00.0"",""pcie_link_gen_current"":1,""pcie_link_gen_max"":4,""pcie_link_width_current"":16,""pcie_link_width_max"":16},{""index"":1,""memory_total_mib"":23034,""name"":""NVIDIA L4"",""pci_bus_id"":""00000000:81:00.0"",""pcie_link_gen_current"":1,""pcie_link_gen_max"":4,""pcie_link_width_current"":16,""pcie_link_width_max"":16},{""index"":2,""memory_total_mib"":23034,""name"":""NVIDIA L4"",""pci_bus_id"":""00000000:A1:00.0"",""pcie_link_gen_current"":1,""pcie_link_gen_max"":4,""pcie_link_width_current"":16,""pcie_link_width_max"":16},{""index"":3,""memory_total_mib"":23034,""name"":""NVIDIA L4"",""pci_bus_id"":""00000000:E1:00.0"",""pcie_link_gen_current"":1,""pcie_link_gen_max"":4,""pcie_link_width_current"":16,""pcie_link_width_max"":16}]","""\t\u001b[4mGPU0\tGPU1\tGPU2\tGPU3\tNIC0\tNIC1\tNIC2\tCPU Affinity\tNUMA Affinity\tGPU NUMA ID\u001b[0m\nGPU0\t X \tSYS\tSYS\tSYS\tNODE\tSYS\tSYS\t0-31,64-95\t0\t\tN/A\nGPU1\tSYS\t X \tNODE\tNODE\tSYS\tNODE\tNODE\t32-63,96-127\t1\t\tN/A\nGPU2\tSYS\tNODE\t X \tNODE\tSYS\tNODE\tNODE\t32-63,96-127\t1\t\tN/A\nGPU3\tSYS\tNODE\tNODE\t X \tSYS\tNODE\tNODE\t32-63,96-127\t1\t\tN/A\nNIC0\tNODE\tSYS\tSYS\tSYS\t X \tSYS\tSYS\t\t\t\t\nNIC1\tSYS\tNODE\tNODE\tNODE\tSYS\t X \tPIX\t\t\t\t\nNIC2\tSYS\tNODE\tNODE\tNODE\tSYS\tPIX\t X \t\t\t\t\n\nLegend:\n\n  X    = Self\n  SYS  = Connection traversing PCIe as well as the SMP interconnect between NUMA nodes (e.g., QPI/UPI)\n  NODE = Connection traversing PCIe as well as the interconnect between PCIe Host Bridges within a NUMA node\n  PHB  = Connection traversing PCIe as well as a PCIe Host Bridge (typically the CPU)\n  PXB  = Connection traversing multiple PCIe bridges (without traversing the PCIe Host Bridge)\n  PIX  = Connection traversing at most a single PCIe bridge\n  NV#  = Connection traversing a bonded set of # NVLinks\n\nNIC Legend:\n\n  NIC0: rocep35s0f0\n  NIC1: rocep194s0f0\n  NIC2: rocep194s0f1""","{""CUDA_HOME"":""/usr/local/cuda"",""NCCL_TESTS_DIR"":""/root/nccl-tests""}"
1,p5-dense-20260828T154940Z-21cf57f,phase5,2026-08-28T15:53:56Z,measured,21cf57fd902a607407505eb9d8dfad40a82dfd91,False,unknown,,c079194dceb5,Ubuntu 24.04.3 LTS,6.14.0-33-generic,AMD EPYC 7542 32-Core Processor,128,1,NVIDIA L4,4,NODE,none-single-node,False,,12.8,570.195.03,2.25.1+cuda12.8,NCCL_DEBUG=VERSION banner,,gcc (Ubuntu 13.3.0-6ubuntu2~24.04) 13.3.0,b4d5beebca8a76cf01335f724d154b9b9d394d96,tree-ll128,Tree,LL128,"NCCL_ALGO=Tree,NCCL_PROTO=LL128",,,,,,,,,nccl-tests,all_reduce,float,sum,-1,16384,4096,out_of_place,20,50,1,full,38.91,0.42,0.63,0,True,True,True,0,env NCCL_DEBUG=VERSION NCCL_ALGO=Tree NCCL_PROTO=LL128 /root/nccl-tests/build/all_reduce_perf -b 16K -e 512K -f 2 -g 4 -w 20 -n 50 -c 1 -d float,results/raw/p5-dense-20260828T154940Z-21cf57f/all_reduce.tree-ll128.full.r1.stdout.txt,,"[{""index"":0,""memory_total_mib"":23034,""name"":""NVIDIA L4"",""pci_bus_id"":""00000000:61:00.0"",""pcie_link_gen_current"":1,""pcie_link_gen_max"":4,""pcie_link_width_current"":16,""pcie_link_width_max"":16},{""index"":1,""memory_total_mib"":23034,""name"":""NVIDIA L4"",""pci_bus_id"":""00000000:81:00.0"",""pcie_link_gen_current"":1,""pcie_link_gen_max"":4,""pcie_link_width_current"":16,""pcie_link_width_max"":16},{""index"":2,""memory_total_mib"":23034,""name"":""NVIDIA L4"",""pci_bus_id"":""00000000:A1:00.0"",""pcie_link_gen_current"":1,""pcie_link_gen_max"":4,""pcie_link_width_current"":16,""pcie_link_width_max"":16},{""index"":3,""memory_total_mib"":23034,""name"":""NVIDIA L4"",""pci_bus_id"":""00000000:E1:00.0"",""pcie_link_gen_current"":1,""pcie_link_gen_max"":4,""pcie_link_width_current"":16,""pcie_link_width_max"":16}]","""\t\u001b[4mGPU0\tGPU1\tGPU2\tGPU3\tNIC0\tNIC1\tNIC2\tCPU Affinity\tNUMA Affinity\tGPU NUMA ID\u001b[0m\nGPU0\t X \tSYS\tSYS\tSYS\tNODE\tSYS\tSYS\t0-31,64-95\t0\t\tN/A\nGPU1\tSYS\t X \tNODE\tNODE\tSYS\tNODE\tNODE\t32-63,96-127\t1\t\tN/A\nGPU2\tSYS\tNODE\t X \tNODE\tSYS\tNODE\tNODE\t32-63,96-127\t1\t\tN/A\nGPU3\tSYS\tNODE\tNODE\t X \tSYS\tNODE\tNODE\t32-63,96-127\t1\t\tN/A\nNIC0\tNODE\tSYS\tSYS\tSYS\t X \tSYS\tSYS\t\t\t\t\nNIC1\tSYS\tNODE\tNODE\tNODE\tSYS\t X \tPIX\t\t\t\t\nNIC2\tSYS\tNODE\tNODE\tNODE\tSYS\tPIX\t X \t\t\t\t\n\nLegend:\n\n  X    = Self\n  SYS  = Connection traversing PCIe as well as the SMP interconnect between NUMA nodes (e.g., QPI/UPI)\n  NODE = Connection traversing PCIe as well as the interconnect between PCIe Host Bridges within a NUMA node\n  PHB  = Connection traversing PCIe as well as a PCIe Host Bridge (typically the CPU)\n  PXB  = Connection traversing multiple PCIe bridges (without traversing the PCIe Host Bridge)\n  PIX  = Connection traversing at most a single PCIe bridge\n  NV#  = Connection traversing a bonded set of # NVLinks\n\nNIC Legend:\n\n  NIC0: rocep35s0f0\n  NIC1: rocep194s0f0\n  NIC2: rocep194s0f1""","{""CUDA_HOME"":""/usr/local/cuda"",""NCCL_TESTS_DIR"":""/root/nccl-tests""}"
1,p5-dense-20260828T154940Z-21cf57f,phase5,2026-08-28T15:53:56Z,measured,21cf57fd902a607407505eb9d8dfad40a82dfd91,False,unknown,,c079194dceb5,Ubuntu 24.04.3 LTS,6.14.0-33-generic,AMD EPYC 7542 32-Core Processor,128,1,NVIDIA L4,4,NODE,none-single-node,False,,12.8,570.195.03,2.25.1+cuda12.8,NCCL_DEBUG=VERSION banner,,gcc (Ubuntu 13.3.0-6ubuntu2~24.04) 13.3.0,b4d5beebca8a76cf01335f724d154b9b9d394d96,tree-ll128,Tree,LL128,"NCCL_ALGO=Tree,NCCL_PROTO=LL128",,,,,,,,,nccl-tests,all_reduce,float,sum,-1,16384,4096,in_place,20,50,1,full,38.87,0.42,0.63,0,True,True,True,0,env NCCL_DEBUG=VERSION NCCL_ALGO=Tree NCCL_PROTO=LL128 /root/nccl-tests/build/all_reduce_perf -b 16K -e 512K -f 2 -g 4 -w 20 -n 50 -c 1 -d float,results/raw/p5-dense-20260828T154940Z-21cf57f/all_reduce.tree-ll128.full.r1.stdout.txt,,"[{""index"":0,""memory_total_mib"":23034,""name"":""NVIDIA L4"",""pci_bus_id"":""00000000:61:00.0"",""pcie_link_gen_current"":1,""pcie_link_gen_max"":4,""pcie_link_width_current"":16,""pcie_link_width_max"":16},{""index"":1,""memory_total_mib"":23034,""name"":""NVIDIA L4"",""pci_bus_id"":""00000000:81:00.0"",""pcie_link_gen_current"":1,""pcie_link_gen_max"":4,""pcie_link_width_current"":16,""pcie_link_width_max"":16},{""index"":2,""memory_total_mib"":23034,""name"":""NVIDIA L4"",""pci_bus_id"":""00000000:A1:00.0"",""pcie_link_gen_current"":1,""pcie_link_gen_max"":4,""pcie_link_width_current"":16,""pcie_link_width_max"":16},{""index"":3,""memory_total_mib"":23034,""name"":""NVIDIA L4"",""pci_bus_id"":""00000000:E1:00.0"",""pcie_link_gen_current"":1,""pcie_link_gen_max"":4,""pcie_link_width_current"":16,""pcie_link_width_max"":16}]","""\t\u001b[4mGPU0\tGPU1\tGPU2\tGPU3\tNIC0\tNIC1\tNIC2\tCPU Affinity\tNUMA Affinity\tGPU NUMA ID\u001b[0m\nGPU0\t X \tSYS\tSYS\tSYS\tNODE\tSYS\tSYS\t0-31,64-95\t0\t\tN/A\nGPU1\tSYS\t X \tNODE\tNODE\tSYS\tNODE\tNODE\t32-63,96-127\t1\t\tN/A\nGPU2\tSYS\tNODE\t X \tNODE\tSYS\tNODE\tNODE\t32-63,96-127\t1\t\tN/A\nGPU3\tSYS\tNODE\tNODE\t X \tSYS\tNODE\tNODE\t32-63,96-127\t1\t\tN/A\nNIC0\tNODE\tSYS\tSYS\tSYS\t X \tSYS\tSYS\t\t\t\t\nNIC1\tSYS\tNODE\tNODE\tNODE\tSYS\t X \tPIX\t\t\t\t\nNIC2\tSYS\tNODE\tNODE\tNODE\tSYS\tPIX\t X \t\t\t\t\n\nLegend:\n\n  X    = Self\n  SYS  = Connection traversing PCIe as well as the SMP interconnect between NUMA nodes (e.g., QPI/UPI)\n  NODE = Connection traversing PCIe as well as the interconnect between PCIe Host Bridges within a NUMA node\n  PHB  = Connection traversing PCIe as well as a PCIe Host Bridge (typically the CPU)\n  PXB  = Connection traversing multiple PCIe bridges (without traversing the PCIe Host Bridge)\n  PIX  = Connection traversing at most a single PCIe bridge\n  NV#  = Connection traversing a bonded set of # NVLinks\n\nNIC Legend:\n\n  NIC0: rocep35s0f0\n  NIC1: rocep194s0f0\n  NIC2: rocep194s0f1""","{""CUDA_HOME"":""/usr/local/cuda"",""NCCL_TESTS_DIR"":""/root/nccl-tests""}"
1,p5-dense-20260828T154940Z-21cf57f,phase5,2026-08-28T15:53:56Z,measured,21cf57fd902a607407505eb9d8dfad40a82dfd91,False,unknown,,c079194dceb5,Ubuntu 24.04.3 LTS,6.14.0-33-generic,AMD EPYC 7542 32-Core Processor,128,1,NVIDIA L4,4,NODE,none-single-node,False,,12.8,570.195.03,2.25.1+cuda12.8,NCCL_DEBUG=VERSION banner,,gcc (Ubuntu 13.3.0-6ubuntu2~24.04) 13.3.0,b4d5beebca8a76cf01335f724d154b9b9d394d96,tree-ll128,Tree,LL128,"NCCL_ALGO=Tree,NCCL_PROTO=LL128",,,,,,,,,nccl-tests,all_reduce,float,sum,-1,32768,8192,out_of_place,20,50,1,full,49.26,0.67,1.0,0,True,True,True,0,env NCCL_DEBUG=VERSION NCCL_ALGO=Tree NCCL_PROTO=LL128 /root/nccl-tests/build/all_reduce_perf -b 16K -e 512K -f 2 -g 4 -w 20 -n 50 -c 1 -d float,results/raw/p5-dense-20260828T154940Z-21cf57f/all_reduce.tree-ll128.full.r1.stdout.txt,,"[{""index"":0,""memory_total_mib"":23034,""name"":""NVIDIA L4"",""pci_bus_id"":""00000000:61:00.0"",""pcie_link_gen_current"":1,""pcie_link_gen_max"":4,""pcie_link_width_current"":16,""pcie_link_width_max"":16},{""index"":1,""memory_total_mib"":23034,""name"":""NVIDIA L4"",""pci_bus_id"":""00000000:81:00.0"",""pcie_link_gen_current"":1,""pcie_link_gen_max"":4,""pcie_link_width_current"":16,""pcie_link_width_max"":16},{""index"":2,""memory_total_mib"":23034,""name"":""NVIDIA L4"",""pci_bus_id"":""00000000:A1:00.0"",""pcie_link_gen_current"":1,""pcie_link_gen_max"":4,""pcie_link_width_current"":16,""pcie_link_width_max"":16},{""index"":3,""memory_total_mib"":23034,""name"":""NVIDIA L4"",""pci_bus_id"":""00000000:E1:00.0"",""pcie_link_gen_current"":1,""pcie_link_gen_max"":4,""pcie_link_width_current"":16,""pcie_link_width_max"":16}]","""\t\u001b[4mGPU0\tGPU1\tGPU2\tGPU3\tNIC0\tNIC1\tNIC2\tCPU Affinity\tNUMA Affinity\tGPU NUMA ID\u001b[0m\nGPU0\t X \tSYS\tSYS\tSYS\tNODE\tSYS\tSYS\t0-31,64-95\t0\t\tN/A\nGPU1\tSYS\t X \tNODE\tNODE\tSYS\tNODE\tNODE\t32-63,96-127\t1\t\tN/A\nGPU2\tSYS\tNODE\t X \tNODE\tSYS\tNODE\tNODE\t32-63,96-127\t1\t\tN/A\nGPU3\tSYS\tNODE\tNODE\t X \tSYS\tNODE\tNODE\t32-63,96-127\t1\t\tN/A\nNIC0\tNODE\tSYS\tSYS\tSYS\t X \tSYS\tSYS\t\t\t\t\nNIC1\tSYS\tNODE\tNODE\tNODE\tSYS\t X \tPIX\t\t\t\t\nNIC2\tSYS\tNODE\tNODE\tNODE\tSYS\tPIX\t X \t\t\t\t\n\nLegend:\n\n  X    = Self\n  SYS  = Connection traversing PCIe as well as the SMP interconnect between NUMA nodes (e.g., QPI/UPI)\n  NODE = Connection traversing PCIe as well as the interconnect between PCIe Host Bridges within a NUMA node\n  PHB  = Connection traversing PCIe as well as a PCIe Host Bridge (typically the CPU)\n  PXB  = Connection traversing multiple PCIe bridges (without traversing the PCIe Host Bridge)\n  PIX  = Connection traversing at most a single PCIe bridge\n  NV#  = Connection traversing a bonded set of # NVLinks\n\nNIC Legend:\n\n  NIC0: rocep35s0f0\n  NIC1: rocep194s0f0\n  NIC2: rocep194s0f1""","{""CUDA_HOME"":""/usr/local/cuda"",""NCCL_TESTS_DIR"":""/root/nccl-tests""}"
1,p5-dense-20260828T154940Z-21cf57f,phase5,2026-08-28T15:53:56Z,measured,21cf57fd902a607407505eb9d8dfad40a82dfd91,False,unknown,,c079194dceb5,Ubuntu 24.04.3 LTS,6.14.0-33-generic,AMD EPYC 7542 32-Core Processor,128,1,NVIDIA L4,4,NODE,none-single-node,False,,12.8,570.195.03,2.25.1+cuda12.8,NCCL_DEBUG=VERSION banner,,gcc (Ubuntu 13.3.0-6ubuntu2~24.04) 13.3.0,b4d5beebca8a76cf01335f724d154b9b9d394d96,tree-ll128,Tree,LL128,"NCCL_ALGO=Tree,NCCL_PROTO=LL128",,,,,,,,,nccl-tests,all_reduce,float,sum,-1,32768,8192,in_place,20,50,1,full,54.64,0.6,0.9,0,True,True,True,0,env NCCL_DEBUG=VERSION NCCL_ALGO=Tree NCCL_PROTO=LL128 /root/nccl-tests/build/all_reduce_perf -b 16K -e 512K -f 2 -g 4 -w 20 -n 50 -c 1 -d float,results/raw/p5-dense-20260828T154940Z-21cf57f/all_reduce.tree-ll128.full.r1.stdout.txt,,"[{""index"":0,""memory_total_mib"":23034,""name"":""NVIDIA L4"",""pci_bus_id"":""00000000:61:00.0"",""pcie_link_gen_current"":1,""pcie_link_gen_max"":4,""pcie_link_width_current"":16,""pcie_link_width_max"":16},{""index"":1,""memory_total_mib"":23034,""name"":""NVIDIA L4"",""pci_bus_id"":""00000000:81:00.0"",""pcie_link_gen_current"":1,""pcie_link_gen_max"":4,""pcie_link_width_current"":16,""pcie_link_width_max"":16},{""index"":2,""memory_total_mib"":23034,""name"":""NVIDIA L4"",""pci_bus_id"":""00000000:A1:00.0"",""pcie_link_gen_current"":1,""pcie_link_gen_max"":4,""pcie_link_width_current"":16,""pcie_link_width_max"":16},{""index"":3,""memory_total_mib"":23034,""name"":""NVIDIA L4"",""pci_bus_id"":""00000000:E1:00.0"",""pcie_link_gen_current"":1,""pcie_link_gen_max"":4,""pcie_link_width_current"":16,""pcie_link_width_max"":16}]","""\t\u001b[4mGPU0\tGPU1\tGPU2\tGPU3\tNIC0\tNIC1\tNIC2\tCPU Affinity\tNUMA Affinity\tGPU NUMA ID\u001b[0m\nGPU0\t X \tSYS\tSYS\tSYS\tNODE\tSYS\tSYS\t0-31,64-95\t0\t\tN/A\nGPU1\tSYS\t X \tNODE\tNODE\tSYS\tNODE\tNODE\t32-63,96-127\t1\t\tN/A\nGPU2\tSYS\tNODE\t X \tNODE\tSYS\tNODE\tNODE\t32-63,96-127\t1\t\tN/A\nGPU3\tSYS\tNODE\tNODE\t X \tSYS\tNODE\tNODE\t32-63,96-127\t1\t\tN/A\nNIC0\tNODE\tSYS\tSYS\tSYS\t X \tSYS\tSYS\t\t\t\t\nNIC1\tSYS\tNODE\tNODE\tNODE\tSYS\t X \tPIX\t\t\t\t\nNIC2\tSYS\tNODE\tNODE\tNODE\tSYS\tPIX\t X \t\t\t\t\n\nLegend:\n\n  X    = Self\n  SYS  = Connection traversing PCIe as well as the SMP interconnect between NUMA nodes (e.g., QPI/UPI)\n  NODE = Connection traversing PCIe as well as the interconnect between PCIe Host Bridges within a NUMA node\n  PHB  = Connection traversing PCIe as well as a PCIe Host Bridge (typically the CPU)\n  PXB  = Connection traversing multiple PCIe bridges (without traversing the PCIe Host Bridge)\n  PIX  = Connection traversing at most a single PCIe bridge\n  NV#  = Connection traversing a bonded set of # NVLinks\n\nNIC Legend:\n\n  NIC0: rocep35s0f0\n  NIC1: rocep194s0f0\n  NIC2: rocep194s0f1""","{""CUDA_HOME"":""/usr/local/cuda"",""NCCL_TESTS_DIR"":""/root/nccl-tests""}"
1,p5-dense-20260828T154940Z-21cf57f,phase5,2026-08-28T15:53:56Z,measured,21cf57fd902a607407505eb9d8dfad40a82dfd91,False,unknown,,c079194dceb5,Ubuntu 24.04.3 LTS,6.14.0-33-generic,AMD EPYC 7542 32-Core Processor,128,1,NVIDIA L4,4,NODE,none-single-node,False,,12.8,570.195.03,2.25.1+cuda12.8,NCCL_DEBUG=VERSION banner,,gcc (Ubuntu 13.3.0-6ubuntu2~24.04) 13.3.0,b4d5beebca8a76cf01335f724d154b9b9d394d96,tree-ll128,Tree,LL128,"NCCL_ALGO=Tree,NCCL_PROTO=LL128",,,,,,,,,nccl-tests,all_reduce,float,sum,-1,65536,16384,out_of_place,20,50,1,full,64.62,1.01,1.52,0,True,True,True,0,env NCCL_DEBUG=VERSION NCCL_ALGO=Tree NCCL_PROTO=LL128 /root/nccl-tests/build/all_reduce_perf -b 16K -e 512K -f 2 -g 4 -w 20 -n 50 -c 1 -d float,results/raw/p5-dense-20260828T154940Z-21cf57f/all_reduce.tree-ll128.full.r1.stdout.txt,,"[{""index"":0,""memory_total_mib"":23034,""name"":""NVIDIA L4"",""pci_bus_id"":""00000000:61:00.0"",""pcie_link_gen_current"":1,""pcie_link_gen_max"":4,""pcie_link_width_current"":16,""pcie_link_width_max"":16},{""index"":1,""memory_total_mib"":23034,""name"":""NVIDIA L4"",""pci_bus_id"":""00000000:81:00.0"",""pcie_link_gen_current"":1,""pcie_link_gen_max"":4,""pcie_link_width_current"":16,""pcie_link_width_max"":16},{""index"":2,""memory_total_mib"":23034,""name"":""NVIDIA L4"",""pci_bus_id"":""00000000:A1:00.0"",""pcie_link_gen_current"":1,""pcie_link_gen_max"":4,""pcie_link_width_current"":16,""pcie_link_width_max"":16},{""index"":3,""memory_total_mib"":23034,""name"":""NVIDIA L4"",""pci_bus_id"":""00000000:E1:00.0"",""pcie_link_gen_current"":1,""pcie_link_gen_max"":4,""pcie_link_width_current"":16,""pcie_link_width_max"":16}]","""\t\u001b[4mGPU0\tGPU1\tGPU2\tGPU3\tNIC0\tNIC1\tNIC2\tCPU Affinity\tNUMA Affinity\tGPU NUMA ID\u001b[0m\nGPU0\t X \tSYS\tSYS\tSYS\tNODE\tSYS\tSYS\t0-31,64-95\t0\t\tN/A\nGPU1\tSYS\t X \tNODE\tNODE\tSYS\tNODE\tNODE\t32-63,96-127\t1\t\tN/A\nGPU2\tSYS\tNODE\t X \tNODE\tSYS\tNODE\tNODE\t32-63,96-127\t1\t\tN/A\nGPU3\tSYS\tNODE\tNODE\t X \tSYS\tNODE\tNODE\t32-63,96-127\t1\t\tN/A\nNIC0\tNODE\tSYS\tSYS\tSYS\t X \tSYS\tSYS\t\t\t\t\nNIC1\tSYS\tNODE\tNODE\tNODE\tSYS\t X \tPIX\t\t\t\t\nNIC2\tSYS\tNODE\tNODE\tNODE\tSYS\tPIX\t X \t\t\t\t\n\nLegend:\n\n  X    = Self\n  SYS  = Connection traversing PCIe as well as the SMP interconnect between NUMA nodes (e.g., QPI/UPI)\n  NODE = Connection traversing PCIe as well as the interconnect between PCIe Host Bridges within a NUMA node\n  PHB  = Connection traversing PCIe as well as a PCIe Host Bridge (typically the CPU)\n  PXB  = Connection traversing multiple PCIe bridges (without traversing the PCIe Host Bridge)\n  PIX  = Connection traversing at most a single PCIe bridge\n  NV#  = Connection traversing a bonded set of # NVLinks\n\nNIC Legend:\n\n  NIC0: rocep35s0f0\n  NIC1: rocep194s0f0\n  NIC2: rocep194s0f1""","{""CUDA_HOME"":""/usr/local/cuda"",""NCCL_TESTS_DIR"":""/root/nccl-tests""}"
1,p5-dense-20260828T154940Z-21cf57f,phase5,2026-08-28T15:53:56Z,measured,21cf57fd902a607407505eb9d8dfad40a82dfd91,False,unknown,,c079194dceb5,Ubuntu 24.04.3 LTS,6.14.0-33-generic,AMD EPYC 7542 32-Core Processor,128,1,NVIDIA L4,4,NODE,none-single-node,False,,12.8,570.195.03,2.25.1+cuda12.8,NCCL_DEBUG=VERSION banner,,gcc (Ubuntu 13.3.0-6ubuntu2~24.04) 13.3.0,b4d5beebca8a76cf01335f724d154b9b9d394d96,tree-ll128,Tree,LL128,"NCCL_ALGO=Tree,NCCL_PROTO=LL128",,,,,,,,,nccl-tests,all_reduce,float,sum,-1,65536,16384,in_place,20,50,1,full,63.47,1.03,1.55,0,True,True,True,0,env NCCL_DEBUG=VERSION NCCL_ALGO=Tree NCCL_PROTO=LL128 /root/nccl-tests/build/all_reduce_perf -b 16K -e 512K -f 2 -g 4 -w 20 -n 50 -c 1 -d float,results/raw/p5-dense-20260828T154940Z-21cf57f/all_reduce.tree-ll128.full.r1.stdout.txt,,"[{""index"":0,""memory_total_mib"":23034,""name"":""NVIDIA L4"",""pci_bus_id"":""00000000:61:00.0"",""pcie_link_gen_current"":1,""pcie_link_gen_max"":4,""pcie_link_width_current"":16,""pcie_link_width_max"":16},{""index"":1,""memory_total_mib"":23034,""name"":""NVIDIA L4"",""pci_bus_id"":""00000000:81:00.0"",""pcie_link_gen_current"":1,""pcie_link_gen_max"":4,""pcie_link_width_current"":16,""pcie_link_width_max"":16},{""index"":2,""memory_total_mib"":23034,""name"":""NVIDIA L4"",""pci_bus_id"":""00000000:A1:00.0"",""pcie_link_gen_current"":1,""pcie_link_gen_max"":4,""pcie_link_width_current"":16,""pcie_link_width_max"":16},{""index"":3,""memory_total_mib"":23034,""name"":""NVIDIA L4"",""pci_bus_id"":""00000000:E1:00.0"",""pcie_link_gen_current"":1,""pcie_link_gen_max"":4,""pcie_link_width_current"":16,""pcie_link_width_max"":16}]","""\t\u001b[4mGPU0\tGPU1\tGPU2\tGPU3\tNIC0\tNIC1\tNIC2\tCPU Affinity\tNUMA Affinity\tGPU NUMA ID\u001b[0m\nGPU0\t X \tSYS\tSYS\tSYS\tNODE\tSYS\tSYS\t0-31,64-95\t0\t\tN/A\nGPU1\tSYS\t X \tNODE\tNODE\tSYS\tNODE\tNODE\t32-63,96-127\t1\t\tN/A\nGPU2\tSYS\tNODE\t X \tNODE\tSYS\tNODE\tNODE\t32-63,96-127\t1\t\tN/A\nGPU3\tSYS\tNODE\tNODE\t X \tSYS\tNODE\tNODE\t32-63,96-127\t1\t\tN/A\nNIC0\tNODE\tSYS\tSYS\tSYS\t X \tSYS\tSYS\t\t\t\t\nNIC1\tSYS\tNODE\tNODE\tNODE\tSYS\t X \tPIX\t\t\t\t\nNIC2\tSYS\tNODE\tNODE\tNODE\tSYS\tPIX\t X \t\t\t\t\n\nLegend:\n\n  X    = Self\n  SYS  = Connection traversing PCIe as well as the SMP interconnect between NUMA nodes (e.g., QPI/UPI)\n  NODE = Connection traversing PCIe as well as the interconnect between PCIe Host Bridges within a NUMA node\n  PHB  = Connection traversing PCIe as well as a PCIe Host Bridge (typically the CPU)\n  PXB  = Connection traversing multiple PCIe bridges (without traversing the PCIe Host Bridge)\n  PIX  = Connection traversing at most a single PCIe bridge\n  NV#  = Connection traversing a bonded set of # NVLinks\n\nNIC Legend:\n\n  NIC0: rocep35s0f0\n  NIC1: rocep194s0f0\n  NIC2: rocep194s0f1""","{""CUDA_HOME"":""/usr/local/cuda"",""NCCL_TESTS_DIR"":""/root/nccl-tests""}"
1,p5-dense-20260828T154940Z-21cf57f,phase5,2026-08-28T15:53:56Z,measured,21cf57fd902a607407505eb9d8dfad40a82dfd91,False,unknown,,c079194dceb5,Ubuntu 24.04.3 LTS,6.14.0-33-generic,AMD EPYC 7542 32-Core Processor,128,1,NVIDIA L4,4,NODE,none-single-node,False,,12.8,570.195.03,2.25.1+cuda12.8,NCCL_DEBUG=VERSION banner,,gcc (Ubuntu 13.3.0-6ubuntu2~24.04) 13.3.0,b4d5beebca8a76cf01335f724d154b9b9d394d96,tree-ll128,Tree,LL128,"NCCL_ALGO=Tree,NCCL_PROTO=LL128",,,,,,,,,nccl-tests,all_reduce,float,sum,-1,131072,32768,out_of_place,20,50,1,full,92.12,1.42,2.13,0,True,True,True,0,env NCCL_DEBUG=VERSION NCCL_ALGO=Tree NCCL_PROTO=LL128 /root/nccl-tests/build/all_reduce_perf -b 16K -e 512K -f 2 -g 4 -w 20 -n 50 -c 1 -d float,results/raw/p5-dense-20260828T154940Z-21cf57f/all_reduce.tree-ll128.full.r1.stdout.txt,,"[{""index"":0,""memory_total_mib"":23034,""name"":""NVIDIA L4"",""pci_bus_id"":""00000000:61:00.0"",""pcie_link_gen_current"":1,""pcie_link_gen_max"":4,""pcie_link_width_current"":16,""pcie_link_width_max"":16},{""index"":1,""memory_total_mib"":23034,""name"":""NVIDIA L4"",""pci_bus_id"":""00000000:81:00.0"",""pcie_link_gen_current"":1,""pcie_link_gen_max"":4,""pcie_link_width_current"":16,""pcie_link_width_max"":16},{""index"":2,""memory_total_mib"":23034,""name"":""NVIDIA L4"",""pci_bus_id"":""00000000:A1:00.0"",""pcie_link_gen_current"":1,""pcie_link_gen_max"":4,""pcie_link_width_current"":16,""pcie_link_width_max"":16},{""index"":3,""memory_total_mib"":23034,""name"":""NVIDIA L4"",""pci_bus_id"":""00000000:E1:00.0"",""pcie_link_gen_current"":1,""pcie_link_gen_max"":4,""pcie_link_width_current"":16,""pcie_link_width_max"":16}]","""\t\u001b[4mGPU0\tGPU1\tGPU2\tGPU3\tNIC0\tNIC1\tNIC2\tCPU Affinity\tNUMA Affinity\tGPU NUMA ID\u001b[0m\nGPU0\t X \tSYS\tSYS\tSYS\tNODE\tSYS\tSYS\t0-31,64-95\t0\t\tN/A\nGPU1\tSYS\t X \tNODE\tNODE\tSYS\tNODE\tNODE\t32-63,96-127\t1\t\tN/A\nGPU2\tSYS\tNODE\t X \tNODE\tSYS\tNODE\tNODE\t32-63,96-127\t1\t\tN/A\nGPU3\tSYS\tNODE\tNODE\t X \tSYS\tNODE\tNODE\t32-63,96-127\t1\t\tN/A\nNIC0\tNODE\tSYS\tSYS\tSYS\t X \tSYS\tSYS\t\t\t\t\nNIC1\tSYS\tNODE\tNODE\tNODE\tSYS\t X \tPIX\t\t\t\t\nNIC2\tSYS\tNODE\tNODE\tNODE\tSYS\tPIX\t X \t\t\t\t\n\nLegend:\n\n  X    = Self\n  SYS  = Connection traversing PCIe as well as the SMP interconnect between NUMA nodes (e.g., QPI/UPI)\n  NODE = Connection traversing PCIe as well as the interconnect between PCIe Host Bridges within a NUMA node\n  PHB  = Connection traversing PCIe as well as a PCIe Host Bridge (typically the CPU)\n  PXB  = Connection traversing multiple PCIe bridges (without traversing the PCIe Host Bridge)\n  PIX  = Connection traversing at most a single PCIe bridge\n  NV#  = Connection traversing a bonded set of # NVLinks\n\nNIC Legend:\n\n  NIC0: rocep35s0f0\n  NIC1: rocep194s0f0\n  NIC2: rocep194s0f1""","{""CUDA_HOME"":""/usr/local/cuda"",""NCCL_TESTS_DIR"":""/root/nccl-tests""}"
1,p5-dense-20260828T154940Z-21cf57f,phase5,2026-08-28T15:53:56Z,measured,21cf57fd902a607407505eb9d8dfad40a82dfd91,False,unknown,,c079194dceb5,Ubuntu 24.04.3 LTS,6.14.0-33-generic,AMD EPYC 7542 32-Core Processor,128,1,NVIDIA L4,4,NODE,none-single-node,False,,12.8,570.195.03,2.25.1+cuda12.8,NCCL_DEBUG=VERSION banner,,gcc (Ubuntu 13.3.0-6ubuntu2~24.04) 13.3.0,b4d5beebca8a76cf01335f724d154b9b9d394d96,tree-ll128,Tree,LL128,"NCCL_ALGO=Tree,NCCL_PROTO=LL128",,,,,,,,,nccl-tests,all_reduce,float,sum,-1,131072,32768,in_place,20,50,1,full,93.04,1.41,2.11,0,True,True,True,0,env NCCL_DEBUG=VERSION NCCL_ALGO=Tree NCCL_PROTO=LL128 /root/nccl-tests/build/all_reduce_perf -b 16K -e 512K -f 2 -g 4 -w 20 -n 50 -c 1 -d float,results/raw/p5-dense-20260828T154940Z-21cf57f/all_reduce.tree-ll128.full.r1.stdout.txt,,"[{""index"":0,""memory_total_mib"":23034,""name"":""NVIDIA L4"",""pci_bus_id"":""00000000:61:00.0"",""pcie_link_gen_current"":1,""pcie_link_gen_max"":4,""pcie_link_width_current"":16,""pcie_link_width_max"":16},{""index"":1,""memory_total_mib"":23034,""name"":""NVIDIA L4"",""pci_bus_id"":""00000000:81:00.0"",""pcie_link_gen_current"":1,""pcie_link_gen_max"":4,""pcie_link_width_current"":16,""pcie_link_width_max"":16},{""index"":2,""memory_total_mib"":23034,""name"":""NVIDIA L4"",""pci_bus_id"":""00000000:A1:00.0"",""pcie_link_gen_current"":1,""pcie_link_gen_max"":4,""pcie_link_width_current"":16,""pcie_link_width_max"":16},{""index"":3,""memory_total_mib"":23034,""name"":""NVIDIA L4"",""pci_bus_id"":""00000000:E1:00.0"",""pcie_link_gen_current"":1,""pcie_link_gen_max"":4,""pcie_link_width_current"":16,""pcie_link_width_max"":16}]","""\t\u001b[4mGPU0\tGPU1\tGPU2\tGPU3\tNIC0\tNIC1\tNIC2\tCPU Affinity\tNUMA Affinity\tGPU NUMA ID\u001b[0m\nGPU0\t X \tSYS\tSYS\tSYS\tNODE\tSYS\tSYS\t0-31,64-95\t0\t\tN/A\nGPU1\tSYS\t X \tNODE\tNODE\tSYS\tNODE\tNODE\t32-63,96-127\t1\t\tN/A\nGPU2\tSYS\tNODE\t X \tNODE\tSYS\tNODE\tNODE\t32-63,96-127\t1\t\tN/A\nGPU3\tSYS\tNODE\tNODE\t X \tSYS\tNODE\tNODE\t32-63,96-127\t1\t\tN/A\nNIC0\tNODE\tSYS\tSYS\tSYS\t X \tSYS\tSYS\t\t\t\t\nNIC1\tSYS\tNODE\tNODE\tNODE\tSYS\t X \tPIX\t\t\t\t\nNIC2\tSYS\tNODE\tNODE\tNODE\tSYS\tPIX\t X \t\t\t\t\n\nLegend:\n\n  X    = Self\n  SYS  = Connection traversing PCIe as well as the SMP interconnect between NUMA nodes (e.g., QPI/UPI)\n  NODE = Connection traversing PCIe as well as the interconnect between PCIe Host Bridges within a NUMA node\n  PHB  = Connection traversing PCIe as well as a PCIe Host Bridge (typically the CPU)\n  PXB  = Connection traversing multiple PCIe bridges (without traversing the PCIe Host Bridge)\n  PIX  = Connection traversing at most a single PCIe bridge\n  NV#  = Connection traversing a bonded set of # NVLinks\n\nNIC Legend:\n\n  NIC0: rocep35s0f0\n  NIC1: rocep194s0f0\n  NIC2: rocep194s0f1""","{""CUDA_HOME"":""/usr/local/cuda"",""NCCL_TESTS_DIR"":""/root/nccl-tests""}"
1,p5-dense-20260828T154940Z-21cf57f,phase5,2026-08-28T15:53:56Z,measured,21cf57fd902a607407505eb9d8dfad40a82dfd91,False,unknown,,c079194dceb5,Ubuntu 24.04.3 LTS,6.14.0-33-generic,AMD EPYC 7542 32-Core Processor,128,1,NVIDIA L4,4,NODE,none-single-node,False,,12.8,570.195.03,2.25.1+cuda12.8,NCCL_DEBUG=VERSION banner,,gcc (Ubuntu 13.3.0-6ubuntu2~24.04) 13.3.0,b4d5beebca8a76cf01335f724d154b9b9d394d96,tree-ll128,Tree,LL128,"NCCL_ALGO=Tree,NCCL_PROTO=LL128",,,,,,,,,nccl-tests,all_reduce,float,sum,-1,262144,65536,out_of_place,20,50,1,full,154.44,1.7,2.55,0,True,True,True,0,env NCCL_DEBUG=VERSION NCCL_ALGO=Tree NCCL_PROTO=LL128 /root/nccl-tests/build/all_reduce_perf -b 16K -e 512K -f 2 -g 4 -w 20 -n 50 -c 1 -d float,results/raw/p5-dense-20260828T154940Z-21cf57f/all_reduce.tree-ll128.full.r1.stdout.txt,,"[{""index"":0,""memory_total_mib"":23034,""name"":""NVIDIA L4"",""pci_bus_id"":""00000000:61:00.0"",""pcie_link_gen_current"":1,""pcie_link_gen_max"":4,""pcie_link_width_current"":16,""pcie_link_width_max"":16},{""index"":1,""memory_total_mib"":23034,""name"":""NVIDIA L4"",""pci_bus_id"":""00000000:81:00.0"",""pcie_link_gen_current"":1,""pcie_link_gen_max"":4,""pcie_link_width_current"":16,""pcie_link_width_max"":16},{""index"":2,""memory_total_mib"":23034,""name"":""NVIDIA L4"",""pci_bus_id"":""00000000:A1:00.0"",""pcie_link_gen_current"":1,""pcie_link_gen_max"":4,""pcie_link_width_current"":16,""pcie_link_width_max"":16},{""index"":3,""memory_total_mib"":23034,""name"":""NVIDIA L4"",""pci_bus_id"":""00000000:E1:00.0"",""pcie_link_gen_current"":1,""pcie_link_gen_max"":4,""pcie_link_width_current"":16,""pcie_link_width_max"":16}]","""\t\u001b[4mGPU0\tGPU1\tGPU2\tGPU3\tNIC0\tNIC1\tNIC2\tCPU Affinity\tNUMA Affinity\tGPU NUMA ID\u001b[0m\nGPU0\t X \tSYS\tSYS\tSYS\tNODE\tSYS\tSYS\t0-31,64-95\t0\t\tN/A\nGPU1\tSYS\t X \tNODE\tNODE\tSYS\tNODE\tNODE\t32-63,96-127\t1\t\tN/A\nGPU2\tSYS\tNODE\t X \tNODE\tSYS\tNODE\tNODE\t32-63,96-127\t1\t\tN/A\nGPU3\tSYS\tNODE\tNODE\t X \tSYS\tNODE\tNODE\t32-63,96-127\t1\t\tN/A\nNIC0\tNODE\tSYS\tSYS\tSYS\t X \tSYS\tSYS\t\t\t\t\nNIC1\tSYS\tNODE\tNODE\tNODE\tSYS\t X \tPIX\t\t\t\t\nNIC2\tSYS\tNODE\tNODE\tNODE\tSYS\tPIX\t X \t\t\t\t\n\nLegend:\n\n  X    = Self\n  SYS  = Connection traversing PCIe as well as the SMP interconnect between NUMA nodes (e.g., QPI/UPI)\n  NODE = Connection traversing PCIe as well as the interconnect between PCIe Host Bridges within a NUMA node\n  PHB  = Connection traversing PCIe as well as a PCIe Host Bridge (typically the CPU)\n  PXB  = Connection traversing multiple PCIe bridges (without traversing the PCIe Host Bridge)\n  PIX  = Connection traversing at most a single PCIe bridge\n  NV#  = Connection traversing a bonded set of # NVLinks\n\nNIC Legend:\n\n  NIC0: rocep35s0f0\n  NIC1: rocep194s0f0\n  NIC2: rocep194s0f1""","{""CUDA_HOME"":""/usr/local/cuda"",""NCCL_TESTS_DIR"":""/root/nccl-tests""}"
1,p5-dense-20260828T154940Z-21cf57f,phase5,2026-08-28T15:53:56Z,measured,21cf57fd902a607407505eb9d8dfad40a82dfd91,False,unknown,,c079194dceb5,Ubuntu 24.04.3 LTS,6.14.0-33-generic,AMD EPYC 7542 32-Core Processor,128,1,NVIDIA L4,4,NODE,none-single-node,False,,12.8,570.195.03,2.25.1+cuda12.8,NCCL_DEBUG=VERSION banner,,gcc (Ubuntu 13.3.0-6ubuntu2~24.04) 13.3.0,b4d5beebca8a76cf01335f724d154b9b9d394d96,tree-ll128,Tree,LL128,"NCCL_ALGO=Tree,NCCL_PROTO=LL128",,,,,,,,,nccl-tests,all_reduce,float,sum,-1,262144,65536,in_place,20,50,1,full,142.44,1.84,2.76,0,True,True,True,0,env NCCL_DEBUG=VERSION NCCL_ALGO=Tree NCCL_PROTO=LL128 /root/nccl-tests/build/all_reduce_perf -b 16K -e 512K -f 2 -g 4 -w 20 -n 50 -c 1 -d float,results/raw/p5-dense-20260828T154940Z-21cf57f/all_reduce.tree-ll128.full.r1.stdout.txt,,"[{""index"":0,""memory_total_mib"":23034,""name"":""NVIDIA L4"",""pci_bus_id"":""00000000:61:00.0"",""pcie_link_gen_current"":1,""pcie_link_gen_max"":4,""pcie_link_width_current"":16,""pcie_link_width_max"":16},{""index"":1,""memory_total_mib"":23034,""name"":""NVIDIA L4"",""pci_bus_id"":""00000000:81:00.0"",""pcie_link_gen_current"":1,""pcie_link_gen_max"":4,""pcie_link_width_current"":16,""pcie_link_width_max"":16},{""index"":2,""memory_total_mib"":23034,""name"":""NVIDIA L4"",""pci_bus_id"":""00000000:A1:00.0"",""pcie_link_gen_current"":1,""pcie_link_gen_max"":4,""pcie_link_width_current"":16,""pcie_link_width_max"":16},{""index"":3,""memory_total_mib"":23034,""name"":""NVIDIA L4"",""pci_bus_id"":""00000000:E1:00.0"",""pcie_link_gen_current"":1,""pcie_link_gen_max"":4,""pcie_link_width_current"":16,""pcie_link_width_max"":16}]","""\t\u001b[4mGPU0\tGPU1\tGPU2\tGPU3\tNIC0\tNIC1\tNIC2\tCPU Affinity\tNUMA Affinity\tGPU NUMA ID\u001b[0m\nGPU0\t X \tSYS\tSYS\tSYS\tNODE\tSYS\tSYS\t0-31,64-95\t0\t\tN/A\nGPU1\tSYS\t X \tNODE\tNODE\tSYS\tNODE\tNODE\t32-63,96-127\t1\t\tN/A\nGPU2\tSYS\tNODE\t X \tNODE\tSYS\tNODE\tNODE\t32-63,96-127\t1\t\tN/A\nGPU3\tSYS\tNODE\tNODE\t X \tSYS\tNODE\tNODE\t32-63,96-127\t1\t\tN/A\nNIC0\tNODE\tSYS\tSYS\tSYS\t X \tSYS\tSYS\t\t\t\t\nNIC1\tSYS\tNODE\tNODE\tNODE\tSYS\t X \tPIX\t\t\t\t\nNIC2\tSYS\tNODE\tNODE\tNODE\tSYS\tPIX\t X \t\t\t\t\n\nLegend:\n\n  X    = Self\n  SYS  = Connection traversing PCIe as well as the SMP interconnect between NUMA nodes (e.g., QPI/UPI)\n  NODE = Connection traversing PCIe as well as the interconnect between PCIe Host Bridges within a NUMA node\n  PHB  = Connection traversing PCIe as well as a PCIe Host Bridge (typically the CPU)\n  PXB  = Connection traversing multiple PCIe bridges (without traversing the PCIe Host Bridge)\n  PIX  = Connection traversing at most a single PCIe bridge\n  NV#  = Connection traversing a bonded set of # NVLinks\n\nNIC Legend:\n\n  NIC0: rocep35s0f0\n  NIC1: rocep194s0f0\n  NIC2: rocep194s0f1""","{""CUDA_HOME"":""/usr/local/cuda"",""NCCL_TESTS_DIR"":""/root/nccl-tests""}"
1,p5-dense-20260828T154940Z-21cf57f,phase5,2026-08-28T15:53:56Z,measured,21cf57fd902a607407505eb9d8dfad40a82dfd91,False,unknown,,c079194dceb5,Ubuntu 24.04.3 LTS,6.14.0-33-generic,AMD EPYC 7542 32-Core Processor,128,1,NVIDIA L4,4,NODE,none-single-node,False,,12.8,570.195.03,2.25.1+cuda12.8,NCCL_DEBUG=VERSION banner,,gcc (Ubuntu 13.3.0-6ubuntu2~24.04) 13.3.0,b4d5beebca8a76cf01335f724d154b9b9d394d96,tree-ll128,Tree,LL128,"NCCL_ALGO=Tree,NCCL_PROTO=LL128",,,,,,,,,nccl-tests,all_reduce,float,sum,-1,524288,131072,out_of_place,20,50,1,full,293.29,1.79,2.68,0,True,True,True,0,env NCCL_DEBUG=VERSION NCCL_ALGO=Tree NCCL_PROTO=LL128 /root/nccl-tests/build/all_reduce_perf -b 16K -e 512K -f 2 -g 4 -w 20 -n 50 -c 1 -d float,results/raw/p5-dense-20260828T154940Z-21cf57f/all_reduce.tree-ll128.full.r1.stdout.txt,,"[{""index"":0,""memory_total_mib"":23034,""name"":""NVIDIA L4"",""pci_bus_id"":""00000000:61:00.0"",""pcie_link_gen_current"":1,""pcie_link_gen_max"":4,""pcie_link_width_current"":16,""pcie_link_width_max"":16},{""index"":1,""memory_total_mib"":23034,""name"":""NVIDIA L4"",""pci_bus_id"":""00000000:81:00.0"",""pcie_link_gen_current"":1,""pcie_link_gen_max"":4,""pcie_link_width_current"":16,""pcie_link_width_max"":16},{""index"":2,""memory_total_mib"":23034,""name"":""NVIDIA L4"",""pci_bus_id"":""00000000:A1:00.0"",""pcie_link_gen_current"":1,""pcie_link_gen_max"":4,""pcie_link_width_current"":16,""pcie_link_width_max"":16},{""index"":3,""memory_total_mib"":23034,""name"":""NVIDIA L4"",""pci_bus_id"":""00000000:E1:00.0"",""pcie_link_gen_current"":1,""pcie_link_gen_max"":4,""pcie_link_width_current"":16,""pcie_link_width_max"":16}]","""\t\u001b[4mGPU0\tGPU1\tGPU2\tGPU3\tNIC0\tNIC1\tNIC2\tCPU Affinity\tNUMA Affinity\tGPU NUMA ID\u001b[0m\nGPU0\t X \tSYS\tSYS\tSYS\tNODE\tSYS\tSYS\t0-31,64-95\t0\t\tN/A\nGPU1\tSYS\t X \tNODE\tNODE\tSYS\tNODE\tNODE\t32-63,96-127\t1\t\tN/A\nGPU2\tSYS\tNODE\t X \tNODE\tSYS\tNODE\tNODE\t32-63,96-127\t1\t\tN/A\nGPU3\tSYS\tNODE\tNODE\t X \tSYS\tNODE\tNODE\t32-63,96-127\t1\t\tN/A\nNIC0\tNODE\tSYS\tSYS\tSYS\t X \tSYS\tSYS\t\t\t\t\nNIC1\tSYS\tNODE\tNODE\tNODE\tSYS\t X \tPIX\t\t\t\t\nNIC2\tSYS\tNODE\tNODE\tNODE\tSYS\tPIX\t X \t\t\t\t\n\nLegend:\n\n  X    = Self\n  SYS  = Connection traversing PCIe as well as the SMP interconnect between NUMA nodes (e.g., QPI/UPI)\n  NODE = Connection traversing PCIe as well as the interconnect between PCIe Host Bridges within a NUMA node\n  PHB  = Connection traversing PCIe as well as a PCIe Host Bridge (typically the CPU)\n  PXB  = Connection traversing multiple PCIe bridges (without traversing the PCIe Host Bridge)\n  PIX  = Connection traversing at most a single PCIe bridge\n  NV#  = Connection traversing a bonded set of # NVLinks\n\nNIC Legend:\n\n  NIC0: rocep35s0f0\n  NIC1: rocep194s0f0\n  NIC2: rocep194s0f1""","{""CUDA_HOME"":""/usr/local/cuda"",""NCCL_TESTS_DIR"":""/root/nccl-tests""}"
1,p5-dense-20260828T154940Z-21cf57f,phase5,2026-08-28T15:53:56Z,measured,21cf57fd902a607407505eb9d8dfad40a82dfd91,False,unknown,,c079194dceb5,Ubuntu 24.04.3 LTS,6.14.0-33-generic,AMD EPYC 7542 32-Core Processor,128,1,NVIDIA L4,4,NODE,none-single-node,False,,12.8,570.195.03,2.25.1+cuda12.8,NCCL_DEBUG=VERSION banner,,gcc (Ubuntu 13.3.0-6ubuntu2~24.04) 13.3.0,b4d5beebca8a76cf01335f724d154b9b9d394d96,tree-ll128,Tree,LL128,"NCCL_ALGO=Tree,NCCL_PROTO=LL128",,,,,,,,,nccl-tests,all_reduce,float,sum,-1,524288,131072,in_place,20,50,1,full,267.55,1.96,2.94,0,True,True,True,0,env NCCL_DEBUG=VERSION NCCL_ALGO=Tree NCCL_PROTO=LL128 /root/nccl-tests/build/all_reduce_perf -b 16K -e 512K -f 2 -g 4 -w 20 -n 50 -c 1 -d float,results/raw/p5-dense-20260828T154940Z-21cf57f/all_reduce.tree-ll128.full.r1.stdout.txt,,"[{""index"":0,""memory_total_mib"":23034,""name"":""NVIDIA L4"",""pci_bus_id"":""00000000:61:00.0"",""pcie_link_gen_current"":1,""pcie_link_gen_max"":4,""pcie_link_width_current"":16,""pcie_link_width_max"":16},{""index"":1,""memory_total_mib"":23034,""name"":""NVIDIA L4"",""pci_bus_id"":""00000000:81:00.0"",""pcie_link_gen_current"":1,""pcie_link_gen_max"":4,""pcie_link_width_current"":16,""pcie_link_width_max"":16},{""index"":2,""memory_total_mib"":23034,""name"":""NVIDIA L4"",""pci_bus_id"":""00000000:A1:00.0"",""pcie_link_gen_current"":1,""pcie_link_gen_max"":4,""pcie_link_width_current"":16,""pcie_link_width_max"":16},{""index"":3,""memory_total_mib"":23034,""name"":""NVIDIA L4"",""pci_bus_id"":""00000000:E1:00.0"",""pcie_link_gen_current"":1,""pcie_link_gen_max"":4,""pcie_link_width_current"":16,""pcie_link_width_max"":16}]","""\t\u001b[4mGPU0\tGPU1\tGPU2\tGPU3\tNIC0\tNIC1\tNIC2\tCPU Affinity\tNUMA Affinity\tGPU NUMA ID\u001b[0m\nGPU0\t X \tSYS\tSYS\tSYS\tNODE\tSYS\tSYS\t0-31,64-95\t0\t\tN/A\nGPU1\tSYS\t X \tNODE\tNODE\tSYS\tNODE\tNODE\t32-63,96-127\t1\t\tN/A\nGPU2\tSYS\tNODE\t X \tNODE\tSYS\tNODE\tNODE\t32-63,96-127\t1\t\tN/A\nGPU3\tSYS\tNODE\tNODE\t X \tSYS\tNODE\tNODE\t32-63,96-127\t1\t\tN/A\nNIC0\tNODE\tSYS\tSYS\tSYS\t X \tSYS\tSYS\t\t\t\t\nNIC1\tSYS\tNODE\tNODE\tNODE\tSYS\t X \tPIX\t\t\t\t\nNIC2\tSYS\tNODE\tNODE\tNODE\tSYS\tPIX\t X \t\t\t\t\n\nLegend:\n\n  X    = Self\n  SYS  = Connection traversing PCIe as well as the SMP interconnect between NUMA nodes (e.g., QPI/UPI)\n  NODE = Connection traversing PCIe as well as the interconnect between PCIe Host Bridges within a NUMA node\n  PHB  = Connection traversing PCIe as well as a PCIe Host Bridge (typically the CPU)\n  PXB  = Connection traversing multiple PCIe bridges (without traversing the PCIe Host Bridge)\n  PIX  = Connection traversing at most a single PCIe bridge\n  NV#  = Connection traversing a bonded set of # NVLinks\n\nNIC Legend:\n\n  NIC0: rocep35s0f0\n  NIC1: rocep194s0f0\n  NIC2: rocep194s0f1""","{""CUDA_HOME"":""/usr/local/cuda"",""NCCL_TESTS_DIR"":""/root/nccl-tests""}"
1,p5-dense-20260828T154940Z-21cf57f,phase5,2026-08-28T15:54:00Z,measured,21cf57fd902a607407505eb9d8dfad40a82dfd91,False,unknown,,c079194dceb5,Ubuntu 24.04.3 LTS,6.14.0-33-generic,AMD EPYC 7542 32-Core Processor,128,1,NVIDIA L4,4,NODE,none-single-node,False,,12.8,570.195.03,2.25.1+cuda12.8,NCCL_DEBUG=VERSION banner,,gcc (Ubuntu 13.3.0-6ubuntu2~24.04) 13.3.0,b4d5beebca8a76cf01335f724d154b9b9d394d96,tree-ll128,Tree,LL128,"NCCL_ALGO=Tree,NCCL_PROTO=LL128",,,,,,,,,nccl-tests,all_reduce,float,sum,-1,16384,4096,out_of_place,20,50,2,full,40.26,0.41,0.61,0,True,True,True,0,env NCCL_DEBUG=VERSION NCCL_ALGO=Tree NCCL_PROTO=LL128 /root/nccl-tests/build/all_reduce_perf -b 16K -e 512K -f 2 -g 4 -w 20 -n 50 -c 1 -d float,results/raw/p5-dense-20260828T154940Z-21cf57f/all_reduce.tree-ll128.full.r2.stdout.txt,,"[{""index"":0,""memory_total_mib"":23034,""name"":""NVIDIA L4"",""pci_bus_id"":""00000000:61:00.0"",""pcie_link_gen_current"":1,""pcie_link_gen_max"":4,""pcie_link_width_current"":16,""pcie_link_width_max"":16},{""index"":1,""memory_total_mib"":23034,""name"":""NVIDIA L4"",""pci_bus_id"":""00000000:81:00.0"",""pcie_link_gen_current"":1,""pcie_link_gen_max"":4,""pcie_link_width_current"":16,""pcie_link_width_max"":16},{""index"":2,""memory_total_mib"":23034,""name"":""NVIDIA L4"",""pci_bus_id"":""00000000:A1:00.0"",""pcie_link_gen_current"":1,""pcie_link_gen_max"":4,""pcie_link_width_current"":16,""pcie_link_width_max"":16},{""index"":3,""memory_total_mib"":23034,""name"":""NVIDIA L4"",""pci_bus_id"":""00000000:E1:00.0"",""pcie_link_gen_current"":1,""pcie_link_gen_max"":4,""pcie_link_width_current"":16,""pcie_link_width_max"":16}]","""\t\u001b[4mGPU0\tGPU1\tGPU2\tGPU3\tNIC0\tNIC1\tNIC2\tCPU Affinity\tNUMA Affinity\tGPU NUMA ID\u001b[0m\nGPU0\t X \tSYS\tSYS\tSYS\tNODE\tSYS\tSYS\t0-31,64-95\t0\t\tN/A\nGPU1\tSYS\t X \tNODE\tNODE\tSYS\tNODE\tNODE\t32-63,96-127\t1\t\tN/A\nGPU2\tSYS\tNODE\t X \tNODE\tSYS\tNODE\tNODE\t32-63,96-127\t1\t\tN/A\nGPU3\tSYS\tNODE\tNODE\t X \tSYS\tNODE\tNODE\t32-63,96-127\t1\t\tN/A\nNIC0\tNODE\tSYS\tSYS\tSYS\t X \tSYS\tSYS\t\t\t\t\nNIC1\tSYS\tNODE\tNODE\tNODE\tSYS\t X \tPIX\t\t\t\t\nNIC2\tSYS\tNODE\tNODE\tNODE\tSYS\tPIX\t X \t\t\t\t\n\nLegend:\n\n  X    = Self\n  SYS  = Connection traversing PCIe as well as the SMP interconnect between NUMA nodes (e.g., QPI/UPI)\n  NODE = Connection traversing PCIe as well as the interconnect between PCIe Host Bridges within a NUMA node\n  PHB  = Connection traversing PCIe as well as a PCIe Host Bridge (typically the CPU)\n  PXB  = Connection traversing multiple PCIe bridges (without traversing the PCIe Host Bridge)\n  PIX  = Connection traversing at most a single PCIe bridge\n  NV#  = Connection traversing a bonded set of # NVLinks\n\nNIC Legend:\n\n  NIC0: rocep35s0f0\n  NIC1: rocep194s0f0\n  NIC2: rocep194s0f1""","{""CUDA_HOME"":""/usr/local/cuda"",""NCCL_TESTS_DIR"":""/root/nccl-tests""}"
1,p5-dense-20260828T154940Z-21cf57f,phase5,2026-08-28T15:54:00Z,measured,21cf57fd902a607407505eb9d8dfad40a82dfd91,False,unknown,,c079194dceb5,Ubuntu 24.04.3 LTS,6.14.0-33-generic,AMD EPYC 7542 32-Core Processor,128,1,NVIDIA L4,4,NODE,none-single-node,False,,12.8,570.195.03,2.25.1+cuda12.8,NCCL_DEBUG=VERSION banner,,gcc (Ubuntu 13.3.0-6ubuntu2~24.04) 13.3.0,b4d5beebca8a76cf01335f724d154b9b9d394d96,tree-ll128,Tree,LL128,"NCCL_ALGO=Tree,NCCL_PROTO=LL128",,,,,,,,,nccl-tests,all_reduce,float,sum,-1,16384,4096,in_place,20,50,2,full,37.25,0.44,0.66,0,True,True,True,0,env NCCL_DEBUG=VERSION NCCL_ALGO=Tree NCCL_PROTO=LL128 /root/nccl-tests/build/all_reduce_perf -b 16K -e 512K -f 2 -g 4 -w 20 -n 50 -c 1 -d float,results/raw/p5-dense-20260828T154940Z-21cf57f/all_reduce.tree-ll128.full.r2.stdout.txt,,"[{""index"":0,""memory_total_mib"":23034,""name"":""NVIDIA L4"",""pci_bus_id"":""00000000:61:00.0"",""pcie_link_gen_current"":1,""pcie_link_gen_max"":4,""pcie_link_width_current"":16,""pcie_link_width_max"":16},{""index"":1,""memory_total_mib"":23034,""name"":""NVIDIA L4"",""pci_bus_id"":""00000000:81:00.0"",""pcie_link_gen_current"":1,""pcie_link_gen_max"":4,""pcie_link_width_current"":16,""pcie_link_width_max"":16},{""index"":2,""memory_total_mib"":23034,""name"":""NVIDIA L4"",""pci_bus_id"":""00000000:A1:00.0"",""pcie_link_gen_current"":1,""pcie_link_gen_max"":4,""pcie_link_width_current"":16,""pcie_link_width_max"":16},{""index"":3,""memory_total_mib"":23034,""name"":""NVIDIA L4"",""pci_bus_id"":""00000000:E1:00.0"",""pcie_link_gen_current"":1,""pcie_link_gen_max"":4,""pcie_link_width_current"":16,""pcie_link_width_max"":16}]","""\t\u001b[4mGPU0\tGPU1\tGPU2\tGPU3\tNIC0\tNIC1\tNIC2\tCPU Affinity\tNUMA Affinity\tGPU NUMA ID\u001b[0m\nGPU0\t X \tSYS\tSYS\tSYS\tNODE\tSYS\tSYS\t0-31,64-95\t0\t\tN/A\nGPU1\tSYS\t X \tNODE\tNODE\tSYS\tNODE\tNODE\t32-63,96-127\t1\t\tN/A\nGPU2\tSYS\tNODE\t X \tNODE\tSYS\tNODE\tNODE\t32-63,96-127\t1\t\tN/A\nGPU3\tSYS\tNODE\tNODE\t X \tSYS\tNODE\tNODE\t32-63,96-127\t1\t\tN/A\nNIC0\tNODE\tSYS\tSYS\tSYS\t X \tSYS\tSYS\t\t\t\t\nNIC1\tSYS\tNODE\tNODE\tNODE\tSYS\t X \tPIX\t\t\t\t\nNIC2\tSYS\tNODE\tNODE\tNODE\tSYS\tPIX\t X \t\t\t\t\n\nLegend:\n\n  X    = Self\n  SYS  = Connection traversing PCIe as well as the SMP interconnect between NUMA nodes (e.g., QPI/UPI)\n  NODE = Connection traversing PCIe as well as the interconnect between PCIe Host Bridges within a NUMA node\n  PHB  = Connection traversing PCIe as well as a PCIe Host Bridge (typically the CPU)\n  PXB  = Connection traversing multiple PCIe bridges (without traversing the PCIe Host Bridge)\n  PIX  = Connection traversing at most a single PCIe bridge\n  NV#  = Connection traversing a bonded set of # NVLinks\n\nNIC Legend:\n\n  NIC0: rocep35s0f0\n  NIC1: rocep194s0f0\n  NIC2: rocep194s0f1""","{""CUDA_HOME"":""/usr/local/cuda"",""NCCL_TESTS_DIR"":""/root/nccl-tests""}"
1,p5-dense-20260828T154940Z-21cf57f,phase5,2026-08-28T15:54:00Z,measured,21cf57fd902a607407505eb9d8dfad40a82dfd91,False,unknown,,c079194dceb5,Ubuntu 24.04.3 LTS,6.14.0-33-generic,AMD EPYC 7542 32-Core Processor,128,1,NVIDIA L4,4,NODE,none-single-node,False,,12.8,570.195.03,2.25.1+cuda12.8,NCCL_DEBUG=VERSION banner,,gcc (Ubuntu 13.3.0-6ubuntu2~24.04) 13.3.0,b4d5beebca8a76cf01335f724d154b9b9d394d96,tree-ll128,Tree,LL128,"NCCL_ALGO=Tree,NCCL_PROTO=LL128",,,,,,,,,nccl-tests,all_reduce,float,sum,-1,32768,8192,out_of_place,20,50,2,full,47.73,0.69,1.03,0,True,True,True,0,env NCCL_DEBUG=VERSION NCCL_ALGO=Tree NCCL_PROTO=LL128 /root/nccl-tests/build/all_reduce_perf -b 16K -e 512K -f 2 -g 4 -w 20 -n 50 -c 1 -d float,results/raw/p5-dense-20260828T154940Z-21cf57f/all_reduce.tree-ll128.full.r2.stdout.txt,,"[{""index"":0,""memory_total_mib"":23034,""name"":""NVIDIA L4"",""pci_bus_id"":""00000000:61:00.0"",""pcie_link_gen_current"":1,""pcie_link_gen_max"":4,""pcie_link_width_current"":16,""pcie_link_width_max"":16},{""index"":1,""memory_total_mib"":23034,""name"":""NVIDIA L4"",""pci_bus_id"":""00000000:81:00.0"",""pcie_link_gen_current"":1,""pcie_link_gen_max"":4,""pcie_link_width_current"":16,""pcie_link_width_max"":16},{""index"":2,""memory_total_mib"":23034,""name"":""NVIDIA L4"",""pci_bus_id"":""00000000:A1:00.0"",""pcie_link_gen_current"":1,""pcie_link_gen_max"":4,""pcie_link_width_current"":16,""pcie_link_width_max"":16},{""index"":3,""memory_total_mib"":23034,""name"":""NVIDIA L4"",""pci_bus_id"":""00000000:E1:00.0"",""pcie_link_gen_current"":1,""pcie_link_gen_max"":4,""pcie_link_width_current"":16,""pcie_link_width_max"":16}]","""\t\u001b[4mGPU0\tGPU1\tGPU2\tGPU3\tNIC0\tNIC1\tNIC2\tCPU Affinity\tNUMA Affinity\tGPU NUMA ID\u001b[0m\nGPU0\t X \tSYS\tSYS\tSYS\tNODE\tSYS\tSYS\t0-31,64-95\t0\t\tN/A\nGPU1\tSYS\t X \tNODE\tNODE\tSYS\tNODE\tNODE\t32-63,96-127\t1\t\tN/A\nGPU2\tSYS\tNODE\t X \tNODE\tSYS\tNODE\tNODE\t32-63,96-127\t1\t\tN/A\nGPU3\tSYS\tNODE\tNODE\t X \tSYS\tNODE\tNODE\t32-63,96-127\t1\t\tN/A\nNIC0\tNODE\tSYS\tSYS\tSYS\t X \tSYS\tSYS\t\t\t\t\nNIC1\tSYS\tNODE\tNODE\tNODE\tSYS\t X \tPIX\t\t\t\t\nNIC2\tSYS\tNODE\tNODE\tNODE\tSYS\tPIX\t X \t\t\t\t\n\nLegend:\n\n  X    = Self\n  SYS  = Connection traversing PCIe as well as the SMP interconnect between NUMA nodes (e.g., QPI/UPI)\n  NODE = Connection traversing PCIe as well as the interconnect between PCIe Host Bridges within a NUMA node\n  PHB  = Connection traversing PCIe as well as a PCIe Host Bridge (typically the CPU)\n  PXB  = Connection traversing multiple PCIe bridges (without traversing the PCIe Host Bridge)\n  PIX  = Connection traversing at most a single PCIe bridge\n  NV#  = Connection traversing a bonded set of # NVLinks\n\nNIC Legend:\n\n  NIC0: rocep35s0f0\n  NIC1: rocep194s0f0\n  NIC2: rocep194s0f1""","{""CUDA_HOME"":""/usr/local/cuda"",""NCCL_TESTS_DIR"":""/root/nccl-tests""}"
1,p5-dense-20260828T154940Z-21cf57f,phase5,2026-08-28T15:54:00Z,measured,21cf57fd902a607407505eb9d8dfad40a82dfd91,False,unknown,,c079194dceb5,Ubuntu 24.04.3 LTS,6.14.0-33-generic,AMD EPYC 7542 32-Core Processor,128,1,NVIDIA L4,4,NODE,none-single-node,False,,12.8,570.195.03,2.25.1+cuda12.8,NCCL_DEBUG=VERSION banner,,gcc (Ubuntu 13.3.0-6ubuntu2~24.04) 13.3.0,b4d5beebca8a76cf01335f724d154b9b9d394d96,tree-ll128,Tree,LL128,"NCCL_ALGO=Tree,NCCL_PROTO=LL128",,,,,,,,,nccl-tests,all_reduce,float,sum,-1,32768,8192,in_place,20,50,2,full,48.06,0.68,1.02,0,True,True,True,0,env NCCL_DEBUG=VERSION NCCL_ALGO=Tree NCCL_PROTO=LL128 /root/nccl-tests/build/all_reduce_perf -b 16K -e 512K -f 2 -g 4 -w 20 -n 50 -c 1 -d float,results/raw/p5-dense-20260828T154940Z-21cf57f/all_reduce.tree-ll128.full.r2.stdout.txt,,"[{""index"":0,""memory_total_mib"":23034,""name"":""NVIDIA L4"",""pci_bus_id"":""00000000:61:00.0"",""pcie_link_gen_current"":1,""pcie_link_gen_max"":4,""pcie_link_width_current"":16,""pcie_link_width_max"":16},{""index"":1,""memory_total_mib"":23034,""name"":""NVIDIA L4"",""pci_bus_id"":""00000000:81:00.0"",""pcie_link_gen_current"":1,""pcie_link_gen_max"":4,""pcie_link_width_current"":16,""pcie_link_width_max"":16},{""index"":2,""memory_total_mib"":23034,""name"":""NVIDIA L4"",""pci_bus_id"":""00000000:A1:00.0"",""pcie_link_gen_current"":1,""pcie_link_gen_max"":4,""pcie_link_width_current"":16,""pcie_link_width_max"":16},{""index"":3,""memory_total_mib"":23034,""name"":""NVIDIA L4"",""pci_bus_id"":""00000000:E1:00.0"",""pcie_link_gen_current"":1,""pcie_link_gen_max"":4,""pcie_link_width_current"":16,""pcie_link_width_max"":16}]","""\t\u001b[4mGPU0\tGPU1\tGPU2\tGPU3\tNIC0\tNIC1\tNIC2\tCPU Affinity\tNUMA Affinity\tGPU NUMA ID\u001b[0m\nGPU0\t X \tSYS\tSYS\tSYS\tNODE\tSYS\tSYS\t0-31,64-95\t0\t\tN/A\nGPU1\tSYS\t X \tNODE\tNODE\tSYS\tNODE\tNODE\t32-63,96-127\t1\t\tN/A\nGPU2\tSYS\tNODE\t X \tNODE\tSYS\tNODE\tNODE\t32-63,96-127\t1\t\tN/A\nGPU3\tSYS\tNODE\tNODE\t X \tSYS\tNODE\tNODE\t32-63,96-127\t1\t\tN/A\nNIC0\tNODE\tSYS\tSYS\tSYS\t X \tSYS\tSYS\t\t\t\t\nNIC1\tSYS\tNODE\tNODE\tNODE\tSYS\t X \tPIX\t\t\t\t\nNIC2\tSYS\tNODE\tNODE\tNODE\tSYS\tPIX\t X \t\t\t\t\n\nLegend:\n\n  X    = Self\n  SYS  = Connection traversing PCIe as well as the SMP interconnect between NUMA nodes (e.g., QPI/UPI)\n  NODE = Connection traversing PCIe as well as the interconnect between PCIe Host Bridges within a NUMA node\n  PHB  = Connection traversing PCIe as well as a PCIe Host Bridge (typically the CPU)\n  PXB  = Connection traversing multiple PCIe bridges (without traversing the PCIe Host Bridge)\n  PIX  = Connection traversing at most a single PCIe bridge\n  NV#  = Connection traversing a bonded set of # NVLinks\n\nNIC Legend:\n\n  NIC0: rocep35s0f0\n  NIC1: rocep194s0f0\n  NIC2: rocep194s0f1""","{""CUDA_HOME"":""/usr/local/cuda"",""NCCL_TESTS_DIR"":""/root/nccl-tests""}"
1,p5-dense-20260828T154940Z-21cf57f,phase5,2026-08-28T15:54:00Z,measured,21cf57fd902a607407505eb9d8dfad40a82dfd91,False,unknown,,c079194dceb5,Ubuntu 24.04.3 LTS,6.14.0-33-generic,AMD EPYC 7542 32-Core Processor,128,1,NVIDIA L4,4,NODE,none-single-node,False,,12.8,570.195.03,2.25.1+cuda12.8,NCCL_DEBUG=VERSION banner,,gcc (Ubuntu 13.3.0-6ubuntu2~24.04) 13.3.0,b4d5beebca8a76cf01335f724d154b9b9d394d96,tree-ll128,Tree,LL128,"NCCL_ALGO=Tree,NCCL_PROTO=LL128",,,,,,,,,nccl-tests,all_reduce,float,sum,-1,65536,16384,out_of_place,20,50,2,full,78.97,0.83,1.24,0,True,True,True,0,env NCCL_DEBUG=VERSION NCCL_ALGO=Tree NCCL_PROTO=LL128 /root/nccl-tests/build/all_reduce_perf -b 16K -e 512K -f 2 -g 4 -w 20 -n 50 -c 1 -d float,results/raw/p5-dense-20260828T154940Z-21cf57f/all_reduce.tree-ll128.full.r2.stdout.txt,,"[{""index"":0,""memory_total_mib"":23034,""name"":""NVIDIA L4"",""pci_bus_id"":""00000000:61:00.0"",""pcie_link_gen_current"":1,""pcie_link_gen_max"":4,""pcie_link_width_current"":16,""pcie_link_width_max"":16},{""index"":1,""memory_total_mib"":23034,""name"":""NVIDIA L4"",""pci_bus_id"":""00000000:81:00.0"",""pcie_link_gen_current"":1,""pcie_link_gen_max"":4,""pcie_link_width_current"":16,""pcie_link_width_max"":16},{""index"":2,""memory_total_mib"":23034,""name"":""NVIDIA L4"",""pci_bus_id"":""00000000:A1:00.0"",""pcie_link_gen_current"":1,""pcie_link_gen_max"":4,""pcie_link_width_current"":16,""pcie_link_width_max"":16},{""index"":3,""memory_total_mib"":23034,""name"":""NVIDIA L4"",""pci_bus_id"":""00000000:E1:00.0"",""pcie_link_gen_current"":1,""pcie_link_gen_max"":4,""pcie_link_width_current"":16,""pcie_link_width_max"":16}]","""\t\u001b[4mGPU0\tGPU1\tGPU2\tGPU3\tNIC0\tNIC1\tNIC2\tCPU Affinity\tNUMA Affinity\tGPU NUMA ID\u001b[0m\nGPU0\t X \tSYS\tSYS\tSYS\tNODE\tSYS\tSYS\t0-31,64-95\t0\t\tN/A\nGPU1\tSYS\t X \tNODE\tNODE\tSYS\tNODE\tNODE\t32-63,96-127\t1\t\tN/A\nGPU2\tSYS\tNODE\t X \tNODE\tSYS\tNODE\tNODE\t32-63,96-127\t1\t\tN/A\nGPU3\tSYS\tNODE\tNODE\t X \tSYS\tNODE\tNODE\t32-63,96-127\t1\t\tN/A\nNIC0\tNODE\tSYS\tSYS\tSYS\t X \tSYS\tSYS\t\t\t\t\nNIC1\tSYS\tNODE\tNODE\tNODE\tSYS\t X \tPIX\t\t\t\t\nNIC2\tSYS\tNODE\tNODE\tNODE\tSYS\tPIX\t X \t\t\t\t\n\nLegend:\n\n  X    = Self\n  SYS  = Connection traversing PCIe as well as the SMP interconnect between NUMA nodes (e.g., QPI/UPI)\n  NODE = Connection traversing PCIe as well as the interconnect between PCIe Host Bridges within a NUMA node\n  PHB  = Connection traversing PCIe as well as a PCIe Host Bridge (typically the CPU)\n  PXB  = Connection traversing multiple PCIe bridges (without traversing the PCIe Host Bridge)\n  PIX  = Connection traversing at most a single PCIe bridge\n  NV#  = Connection traversing a bonded set of # NVLinks\n\nNIC Legend:\n\n  NIC0: rocep35s0f0\n  NIC1: rocep194s0f0\n  NIC2: rocep194s0f1""","{""CUDA_HOME"":""/usr/local/cuda"",""NCCL_TESTS_DIR"":""/root/nccl-tests""}"
1,p5-dense-20260828T154940Z-21cf57f,phase5,2026-08-28T15:54:00Z,measured,21cf57fd902a607407505eb9d8dfad40a82dfd91,False,unknown,,c079194dceb5,Ubuntu 24.04.3 LTS,6.14.0-33-generic,AMD EPYC 7542 32-Core Processor,128,1,NVIDIA L4,4,NODE,none-single-node,False,,12.8,570.195.03,2.25.1+cuda12.8,NCCL_DEBUG=VERSION banner,,gcc (Ubuntu 13.3.0-6ubuntu2~24.04) 13.3.0,b4d5beebca8a76cf01335f724d154b9b9d394d96,tree-ll128,Tree,LL128,"NCCL_ALGO=Tree,NCCL_PROTO=LL128",,,,,,,,,nccl-tests,all_reduce,float,sum,-1,65536,16384,in_place,20,50,2,full,60.69,1.08,1.62,0,True,True,True,0,env NCCL_DEBUG=VERSION NCCL_ALGO=Tree NCCL_PROTO=LL128 /root/nccl-tests/build/all_reduce_perf -b 16K -e 512K -f 2 -g 4 -w 20 -n 50 -c 1 -d float,results/raw/p5-dense-20260828T154940Z-21cf57f/all_reduce.tree-ll128.full.r2.stdout.txt,,"[{""index"":0,""memory_total_mib"":23034,""name"":""NVIDIA L4"",""pci_bus_id"":""00000000:61:00.0"",""pcie_link_gen_current"":1,""pcie_link_gen_max"":4,""pcie_link_width_current"":16,""pcie_link_width_max"":16},{""index"":1,""memory_total_mib"":23034,""name"":""NVIDIA L4"",""pci_bus_id"":""00000000:81:00.0"",""pcie_link_gen_current"":1,""pcie_link_gen_max"":4,""pcie_link_width_current"":16,""pcie_link_width_max"":16},{""index"":2,""memory_total_mib"":23034,""name"":""NVIDIA L4"",""pci_bus_id"":""00000000:A1:00.0"",""pcie_link_gen_current"":1,""pcie_link_gen_max"":4,""pcie_link_width_current"":16,""pcie_link_width_max"":16},{""index"":3,""memory_total_mib"":23034,""name"":""NVIDIA L4"",""pci_bus_id"":""00000000:E1:00.0"",""pcie_link_gen_current"":1,""pcie_link_gen_max"":4,""pcie_link_width_current"":16,""pcie_link_width_max"":16}]","""\t\u001b[4mGPU0\tGPU1\tGPU2\tGPU3\tNIC0\tNIC1\tNIC2\tCPU Affinity\tNUMA Affinity\tGPU NUMA ID\u001b[0m\nGPU0\t X \tSYS\tSYS\tSYS\tNODE\tSYS\tSYS\t0-31,64-95\t0\t\tN/A\nGPU1\tSYS\t X \tNODE\tNODE\tSYS\tNODE\tNODE\t32-63,96-127\t1\t\tN/A\nGPU2\tSYS\tNODE\t X \tNODE\tSYS\tNODE\tNODE\t32-63,96-127\t1\t\tN/A\nGPU3\tSYS\tNODE\tNODE\t X \tSYS\tNODE\tNODE\t32-63,96-127\t1\t\tN/A\nNIC0\tNODE\tSYS\tSYS\tSYS\t X \tSYS\tSYS\t\t\t\t\nNIC1\tSYS\tNODE\tNODE\tNODE\tSYS\t X \tPIX\t\t\t\t\nNIC2\tSYS\tNODE\tNODE\tNODE\tSYS\tPIX\t X \t\t\t\t\n\nLegend:\n\n  X    = Self\n  SYS  = Connection traversing PCIe as well as the SMP interconnect between NUMA nodes (e.g., QPI/UPI)\n  NODE = Connection traversing PCIe as well as the interconnect between PCIe Host Bridges within a NUMA node\n  PHB  = Connection traversing PCIe as well as a PCIe Host Bridge (typically the CPU)\n  PXB  = Connection traversing multiple PCIe bridges (without traversing the PCIe Host Bridge)\n  PIX  = Connection traversing at most a single PCIe bridge\n  NV#  = Connection traversing a bonded set of # NVLinks\n\nNIC Legend:\n\n  NIC0: rocep35s0f0\n  NIC1: rocep194s0f0\n  NIC2: rocep194s0f1""","{""CUDA_HOME"":""/usr/local/cuda"",""NCCL_TESTS_DIR"":""/root/nccl-tests""}"
1,p5-dense-20260828T154940Z-21cf57f,phase5,2026-08-28T15:54:00Z,measured,21cf57fd902a607407505eb9d8dfad40a82dfd91,False,unknown,,c079194dceb5,Ubuntu 24.04.3 LTS,6.14.0-33-generic,AMD EPYC 7542 32-Core Processor,128,1,NVIDIA L4,4,NODE,none-single-node,False,,12.8,570.195.03,2.25.1+cuda12.8,NCCL_DEBUG=VERSION banner,,gcc (Ubuntu 13.3.0-6ubuntu2~24.04) 13.3.0,b4d5beebca8a76cf01335f724d154b9b9d394d96,tree-ll128,Tree,LL128,"NCCL_ALGO=Tree,NCCL_PROTO=LL128",,,,,,,,,nccl-tests,all_reduce,float,sum,-1,131072,32768,out_of_place,20,50,2,full,86.63,1.51,2.27,0,True,True,True,0,env NCCL_DEBUG=VERSION NCCL_ALGO=Tree NCCL_PROTO=LL128 /root/nccl-tests/build/all_reduce_perf -b 16K -e 512K -f 2 -g 4 -w 20 -n 50 -c 1 -d float,results/raw/p5-dense-20260828T154940Z-21cf57f/all_reduce.tree-ll128.full.r2.stdout.txt,,"[{""index"":0,""memory_total_mib"":23034,""name"":""NVIDIA L4"",""pci_bus_id"":""00000000:61:00.0"",""pcie_link_gen_current"":1,""pcie_link_gen_max"":4,""pcie_link_width_current"":16,""pcie_link_width_max"":16},{""index"":1,""memory_total_mib"":23034,""name"":""NVIDIA L4"",""pci_bus_id"":""00000000:81:00.0"",""pcie_link_gen_current"":1,""pcie_link_gen_max"":4,""pcie_link_width_current"":16,""pcie_link_width_max"":16},{""index"":2,""memory_total_mib"":23034,""name"":""NVIDIA L4"",""pci_bus_id"":""00000000:A1:00.0"",""pcie_link_gen_current"":1,""pcie_link_gen_max"":4,""pcie_link_width_current"":16,""pcie_link_width_max"":16},{""index"":3,""memory_total_mib"":23034,""name"":""NVIDIA L4"",""pci_bus_id"":""00000000:E1:00.0"",""pcie_link_gen_current"":1,""pcie_link_gen_max"":4,""pcie_link_width_current"":16,""pcie_link_width_max"":16}]","""\t\u001b[4mGPU0\tGPU1\tGPU2\tGPU3\tNIC0\tNIC1\tNIC2\tCPU Affinity\tNUMA Affinity\tGPU NUMA ID\u001b[0m\nGPU0\t X \tSYS\tSYS\tSYS\tNODE\tSYS\tSYS\t0-31,64-95\t0\t\tN/A\nGPU1\tSYS\t X \tNODE\tNODE\tSYS\tNODE\tNODE\t32-63,96-127\t1\t\tN/A\nGPU2\tSYS\tNODE\t X \tNODE\tSYS\tNODE\tNODE\t32-63,96-127\t1\t\tN/A\nGPU3\tSYS\tNODE\tNODE\t X \tSYS\tNODE\tNODE\t32-63,96-127\t1\t\tN/A\nNIC0\tNODE\tSYS\tSYS\tSYS\t X \tSYS\tSYS\t\t\t\t\nNIC1\tSYS\tNODE\tNODE\tNODE\tSYS\t X \tPIX\t\t\t\t\nNIC2\tSYS\tNODE\tNODE\tNODE\tSYS\tPIX\t X \t\t\t\t\n\nLegend:\n\n  X    = Self\n  SYS  = Connection traversing PCIe as well as the SMP interconnect between NUMA nodes (e.g., QPI/UPI)\n  NODE = Connection traversing PCIe as well as the interconnect between PCIe Host Bridges within a NUMA node\n  PHB  = Connection traversing PCIe as well as a PCIe Host Bridge (typically the CPU)\n  PXB  = Connection traversing multiple PCIe bridges (without traversing the PCIe Host Bridge)\n  PIX  = Connection traversing at most a single PCIe bridge\n  NV#  = Connection traversing a bonded set of # NVLinks\n\nNIC Legend:\n\n  NIC0: rocep35s0f0\n  NIC1: rocep194s0f0\n  NIC2: rocep194s0f1""","{""CUDA_HOME"":""/usr/local/cuda"",""NCCL_TESTS_DIR"":""/root/nccl-tests""}"
1,p5-dense-20260828T154940Z-21cf57f,phase5,2026-08-28T15:54:00Z,measured,21cf57fd902a607407505eb9d8dfad40a82dfd91,False,unknown,,c079194dceb5,Ubuntu 24.04.3 LTS,6.14.0-33-generic,AMD EPYC 7542 32-Core Processor,128,1,NVIDIA L4,4,NODE,none-single-node,False,,12.8,570.195.03,2.25.1+cuda12.8,NCCL_DEBUG=VERSION banner,,gcc (Ubuntu 13.3.0-6ubuntu2~24.04) 13.3.0,b4d5beebca8a76cf01335f724d154b9b9d394d96,tree-ll128,Tree,LL128,"NCCL_ALGO=Tree,NCCL_PROTO=LL128",,,,,,,,,nccl-tests,all_reduce,float,sum,-1,131072,32768,in_place,20,50,2,full,86.82,1.51,2.26,0,True,True,True,0,env NCCL_DEBUG=VERSION NCCL_ALGO=Tree NCCL_PROTO=LL128 /root/nccl-tests/build/all_reduce_perf -b 16K -e 512K -f 2 -g 4 -w 20 -n 50 -c 1 -d float,results/raw/p5-dense-20260828T154940Z-21cf57f/all_reduce.tree-ll128.full.r2.stdout.txt,,"[{""index"":0,""memory_total_mib"":23034,""name"":""NVIDIA L4"",""pci_bus_id"":""00000000:61:00.0"",""pcie_link_gen_current"":1,""pcie_link_gen_max"":4,""pcie_link_width_current"":16,""pcie_link_width_max"":16},{""index"":1,""memory_total_mib"":23034,""name"":""NVIDIA L4"",""pci_bus_id"":""00000000:81:00.0"",""pcie_link_gen_current"":1,""pcie_link_gen_max"":4,""pcie_link_width_current"":16,""pcie_link_width_max"":16},{""index"":2,""memory_total_mib"":23034,""name"":""NVIDIA L4"",""pci_bus_id"":""00000000:A1:00.0"",""pcie_link_gen_current"":1,""pcie_link_gen_max"":4,""pcie_link_width_current"":16,""pcie_link_width_max"":16},{""index"":3,""memory_total_mib"":23034,""name"":""NVIDIA L4"",""pci_bus_id"":""00000000:E1:00.0"",""pcie_link_gen_current"":1,""pcie_link_gen_max"":4,""pcie_link_width_current"":16,""pcie_link_width_max"":16}]","""\t\u001b[4mGPU0\tGPU1\tGPU2\tGPU3\tNIC0\tNIC1\tNIC2\tCPU Affinity\tNUMA Affinity\tGPU NUMA ID\u001b[0m\nGPU0\t X \tSYS\tSYS\tSYS\tNODE\tSYS\tSYS\t0-31,64-95\t0\t\tN/A\nGPU1\tSYS\t X \tNODE\tNODE\tSYS\tNODE\tNODE\t32-63,96-127\t1\t\tN/A\nGPU2\tSYS\tNODE\t X \tNODE\tSYS\tNODE\tNODE\t32-63,96-127\t1\t\tN/A\nGPU3\tSYS\tNODE\tNODE\t X \tSYS\tNODE\tNODE\t32-63,96-127\t1\t\tN/A\nNIC0\tNODE\tSYS\tSYS\tSYS\t X \tSYS\tSYS\t\t\t\t\nNIC1\tSYS\tNODE\tNODE\tNODE\tSYS\t X \tPIX\t\t\t\t\nNIC2\tSYS\tNODE\tNODE\tNODE\tSYS\tPIX\t X \t\t\t\t\n\nLegend:\n\n  X    = Self\n  SYS  = Connection traversing PCIe as well as the SMP interconnect between NUMA nodes (e.g., QPI/UPI)\n  NODE = Connection traversing PCIe as well as the interconnect between PCIe Host Bridges within a NUMA node\n  PHB  = Connection traversing PCIe as well as a PCIe Host Bridge (typically the CPU)\n  PXB  = Connection traversing multiple PCIe bridges (without traversing the PCIe Host Bridge)\n  PIX  = Connection traversing at most a single PCIe bridge\n  NV#  = Connection traversing a bonded set of # NVLinks\n\nNIC Legend:\n\n  NIC0: rocep35s0f0\n  NIC1: rocep194s0f0\n  NIC2: rocep194s0f1""","{""CUDA_HOME"":""/usr/local/cuda"",""NCCL_TESTS_DIR"":""/root/nccl-tests""}"
1,p5-dense-20260828T154940Z-21cf57f,phase5,2026-08-28T15:54:00Z,measured,21cf57fd902a607407505eb9d8dfad40a82dfd91,False,unknown,,c079194dceb5,Ubuntu 24.04.3 LTS,6.14.0-33-generic,AMD EPYC 7542 32-Core Processor,128,1,NVIDIA L4,4,NODE,none-single-node,False,,12.8,570.195.03,2.25.1+cuda12.8,NCCL_DEBUG=VERSION banner,,gcc (Ubuntu 13.3.0-6ubuntu2~24.04) 13.3.0,b4d5beebca8a76cf01335f724d154b9b9d394d96,tree-ll128,Tree,LL128,"NCCL_ALGO=Tree,NCCL_PROTO=LL128",,,,,,,,,nccl-tests,all_reduce,float,sum,-1,262144,65536,out_of_place,20,50,2,full,158.34,1.66,2.48,0,True,True,True,0,env NCCL_DEBUG=VERSION NCCL_ALGO=Tree NCCL_PROTO=LL128 /root/nccl-tests/build/all_reduce_perf -b 16K -e 512K -f 2 -g 4 -w 20 -n 50 -c 1 -d float,results/raw/p5-dense-20260828T154940Z-21cf57f/all_reduce.tree-ll128.full.r2.stdout.txt,,"[{""index"":0,""memory_total_mib"":23034,""name"":""NVIDIA L4"",""pci_bus_id"":""00000000:61:00.0"",""pcie_link_gen_current"":1,""pcie_link_gen_max"":4,""pcie_link_width_current"":16,""pcie_link_width_max"":16},{""index"":1,""memory_total_mib"":23034,""name"":""NVIDIA L4"",""pci_bus_id"":""00000000:81:00.0"",""pcie_link_gen_current"":1,""pcie_link_gen_max"":4,""pcie_link_width_current"":16,""pcie_link_width_max"":16},{""index"":2,""memory_total_mib"":23034,""name"":""NVIDIA L4"",""pci_bus_id"":""00000000:A1:00.0"",""pcie_link_gen_current"":1,""pcie_link_gen_max"":4,""pcie_link_width_current"":16,""pcie_link_width_max"":16},{""index"":3,""memory_total_mib"":23034,""name"":""NVIDIA L4"",""pci_bus_id"":""00000000:E1:00.0"",""pcie_link_gen_current"":1,""pcie_link_gen_max"":4,""pcie_link_width_current"":16,""pcie_link_width_max"":16}]","""\t\u001b[4mGPU0\tGPU1\tGPU2\tGPU3\tNIC0\tNIC1\tNIC2\tCPU Affinity\tNUMA Affinity\tGPU NUMA ID\u001b[0m\nGPU0\t X \tSYS\tSYS\tSYS\tNODE\tSYS\tSYS\t0-31,64-95\t0\t\tN/A\nGPU1\tSYS\t X \tNODE\tNODE\tSYS\tNODE\tNODE\t32-63,96-127\t1\t\tN/A\nGPU2\tSYS\tNODE\t X \tNODE\tSYS\tNODE\tNODE\t32-63,96-127\t1\t\tN/A\nGPU3\tSYS\tNODE\tNODE\t X \tSYS\tNODE\tNODE\t32-63,96-127\t1\t\tN/A\nNIC0\tNODE\tSYS\tSYS\tSYS\t X \tSYS\tSYS\t\t\t\t\nNIC1\tSYS\tNODE\tNODE\tNODE\tSYS\t X \tPIX\t\t\t\t\nNIC2\tSYS\tNODE\tNODE\tNODE\tSYS\tPIX\t X \t\t\t\t\n\nLegend:\n\n  X    = Self\n  SYS  = Connection traversing PCIe as well as the SMP interconnect between NUMA nodes (e.g., QPI/UPI)\n  NODE = Connection traversing PCIe as well as the interconnect between PCIe Host Bridges within a NUMA node\n  PHB  = Connection traversing PCIe as well as a PCIe Host Bridge (typically the CPU)\n  PXB  = Connection traversing multiple PCIe bridges (without traversing the PCIe Host Bridge)\n  PIX  = Connection traversing at most a single PCIe bridge\n  NV#  = Connection traversing a bonded set of # NVLinks\n\nNIC Legend:\n\n  NIC0: rocep35s0f0\n  NIC1: rocep194s0f0\n  NIC2: rocep194s0f1""","{""CUDA_HOME"":""/usr/local/cuda"",""NCCL_TESTS_DIR"":""/root/nccl-tests""}"
1,p5-dense-20260828T154940Z-21cf57f,phase5,2026-08-28T15:54:00Z,measured,21cf57fd902a607407505eb9d8dfad40a82dfd91,False,unknown,,c079194dceb5,Ubuntu 24.04.3 LTS,6.14.0-33-generic,AMD EPYC 7542 32-Core Processor,128,1,NVIDIA L4,4,NODE,none-single-node,False,,12.8,570.195.03,2.25.1+cuda12.8,NCCL_DEBUG=VERSION banner,,gcc (Ubuntu 13.3.0-6ubuntu2~24.04) 13.3.0,b4d5beebca8a76cf01335f724d154b9b9d394d96,tree-ll128,Tree,LL128,"NCCL_ALGO=Tree,NCCL_PROTO=LL128",,,,,,,,,nccl-tests,all_reduce,float,sum,-1,262144,65536,in_place,20,50,2,full,139.47,1.88,2.82,0,True,True,True,0,env NCCL_DEBUG=VERSION NCCL_ALGO=Tree NCCL_PROTO=LL128 /root/nccl-tests/build/all_reduce_perf -b 16K -e 512K -f 2 -g 4 -w 20 -n 50 -c 1 -d float,results/raw/p5-dense-20260828T154940Z-21cf57f/all_reduce.tree-ll128.full.r2.stdout.txt,,"[{""index"":0,""memory_total_mib"":23034,""name"":""NVIDIA L4"",""pci_bus_id"":""00000000:61:00.0"",""pcie_link_gen_current"":1,""pcie_link_gen_max"":4,""pcie_link_width_current"":16,""pcie_link_width_max"":16},{""index"":1,""memory_total_mib"":23034,""name"":""NVIDIA L4"",""pci_bus_id"":""00000000:81:00.0"",""pcie_link_gen_current"":1,""pcie_link_gen_max"":4,""pcie_link_width_current"":16,""pcie_link_width_max"":16},{""index"":2,""memory_total_mib"":23034,""name"":""NVIDIA L4"",""pci_bus_id"":""00000000:A1:00.0"",""pcie_link_gen_current"":1,""pcie_link_gen_max"":4,""pcie_link_width_current"":16,""pcie_link_width_max"":16},{""index"":3,""memory_total_mib"":23034,""name"":""NVIDIA L4"",""pci_bus_id"":""00000000:E1:00.0"",""pcie_link_gen_current"":1,""pcie_link_gen_max"":4,""pcie_link_width_current"":16,""pcie_link_width_max"":16}]","""\t\u001b[4mGPU0\tGPU1\tGPU2\tGPU3\tNIC0\tNIC1\tNIC2\tCPU Affinity\tNUMA Affinity\tGPU NUMA ID\u001b[0m\nGPU0\t X \tSYS\tSYS\tSYS\tNODE\tSYS\tSYS\t0-31,64-95\t0\t\tN/A\nGPU1\tSYS\t X \tNODE\tNODE\tSYS\tNODE\tNODE\t32-63,96-127\t1\t\tN/A\nGPU2\tSYS\tNODE\t X \tNODE\tSYS\tNODE\tNODE\t32-63,96-127\t1\t\tN/A\nGPU3\tSYS\tNODE\tNODE\t X \tSYS\tNODE\tNODE\t32-63,96-127\t1\t\tN/A\nNIC0\tNODE\tSYS\tSYS\tSYS\t X \tSYS\tSYS\t\t\t\t\nNIC1\tSYS\tNODE\tNODE\tNODE\tSYS\t X \tPIX\t\t\t\t\nNIC2\tSYS\tNODE\tNODE\tNODE\tSYS\tPIX\t X \t\t\t\t\n\nLegend:\n\n  X    = Self\n  SYS  = Connection traversing PCIe as well as the SMP interconnect between NUMA nodes (e.g., QPI/UPI)\n  NODE = Connection traversing PCIe as well as the interconnect between PCIe Host Bridges within a NUMA node\n  PHB  = Connection traversing PCIe as well as a PCIe Host Bridge (typically the CPU)\n  PXB  = Connection traversing multiple PCIe bridges (without traversing the PCIe Host Bridge)\n  PIX  = Connection traversing at most a single PCIe bridge\n  NV#  = Connection traversing a bonded set of # NVLinks\n\nNIC Legend:\n\n  NIC0: rocep35s0f0\n  NIC1: rocep194s0f0\n  NIC2: rocep194s0f1""","{""CUDA_HOME"":""/usr/local/cuda"",""NCCL_TESTS_DIR"":""/root/nccl-tests""}"
1,p5-dense-20260828T154940Z-21cf57f,phase5,2026-08-28T15:54:00Z,measured,21cf57fd902a607407505eb9d8dfad40a82dfd91,False,unknown,,c079194dceb5,Ubuntu 24.04.3 LTS,6.14.0-33-generic,AMD EPYC 7542 32-Core Processor,128,1,NVIDIA L4,4,NODE,none-single-node,False,,12.8,570.195.03,2.25.1+cuda12.8,NCCL_DEBUG=VERSION banner,,gcc (Ubuntu 13.3.0-6ubuntu2~24.04) 13.3.0,b4d5beebca8a76cf01335f724d154b9b9d394d96,tree-ll128,Tree,LL128,"NCCL_ALGO=Tree,NCCL_PROTO=LL128",,,,,,,,,nccl-tests,all_reduce,float,sum,-1,524288,131072,out_of_place,20,50,2,full,282.27,1.86,2.79,0,True,True,True,0,env NCCL_DEBUG=VERSION NCCL_ALGO=Tree NCCL_PROTO=LL128 /root/nccl-tests/build/all_reduce_perf -b 16K -e 512K -f 2 -g 4 -w 20 -n 50 -c 1 -d float,results/raw/p5-dense-20260828T154940Z-21cf57f/all_reduce.tree-ll128.full.r2.stdout.txt,,"[{""index"":0,""memory_total_mib"":23034,""name"":""NVIDIA L4"",""pci_bus_id"":""00000000:61:00.0"",""pcie_link_gen_current"":1,""pcie_link_gen_max"":4,""pcie_link_width_current"":16,""pcie_link_width_max"":16},{""index"":1,""memory_total_mib"":23034,""name"":""NVIDIA L4"",""pci_bus_id"":""00000000:81:00.0"",""pcie_link_gen_current"":1,""pcie_link_gen_max"":4,""pcie_link_width_current"":16,""pcie_link_width_max"":16},{""index"":2,""memory_total_mib"":23034,""name"":""NVIDIA L4"",""pci_bus_id"":""00000000:A1:00.0"",""pcie_link_gen_current"":1,""pcie_link_gen_max"":4,""pcie_link_width_current"":16,""pcie_link_width_max"":16},{""index"":3,""memory_total_mib"":23034,""name"":""NVIDIA L4"",""pci_bus_id"":""00000000:E1:00.0"",""pcie_link_gen_current"":1,""pcie_link_gen_max"":4,""pcie_link_width_current"":16,""pcie_link_width_max"":16}]","""\t\u001b[4mGPU0\tGPU1\tGPU2\tGPU3\tNIC0\tNIC1\tNIC2\tCPU Affinity\tNUMA Affinity\tGPU NUMA ID\u001b[0m\nGPU0\t X \tSYS\tSYS\tSYS\tNODE\tSYS\tSYS\t0-31,64-95\t0\t\tN/A\nGPU1\tSYS\t X \tNODE\tNODE\tSYS\tNODE\tNODE\t32-63,96-127\t1\t\tN/A\nGPU2\tSYS\tNODE\t X \tNODE\tSYS\tNODE\tNODE\t32-63,96-127\t1\t\tN/A\nGPU3\tSYS\tNODE\tNODE\t X \tSYS\tNODE\tNODE\t32-63,96-127\t1\t\tN/A\nNIC0\tNODE\tSYS\tSYS\tSYS\t X \tSYS\tSYS\t\t\t\t\nNIC1\tSYS\tNODE\tNODE\tNODE\tSYS\t X \tPIX\t\t\t\t\nNIC2\tSYS\tNODE\tNODE\tNODE\tSYS\tPIX\t X \t\t\t\t\n\nLegend:\n\n  X    = Self\n  SYS  = Connection traversing PCIe as well as the SMP interconnect between NUMA nodes (e.g., QPI/UPI)\n  NODE = Connection traversing PCIe as well as the interconnect between PCIe Host Bridges within a NUMA node\n  PHB  = Connection traversing PCIe as well as a PCIe Host Bridge (typically the CPU)\n  PXB  = Connection traversing multiple PCIe bridges (without traversing the PCIe Host Bridge)\n  PIX  = Connection traversing at most a single PCIe bridge\n  NV#  = Connection traversing a bonded set of # NVLinks\n\nNIC Legend:\n\n  NIC0: rocep35s0f0\n  NIC1: rocep194s0f0\n  NIC2: rocep194s0f1""","{""CUDA_HOME"":""/usr/local/cuda"",""NCCL_TESTS_DIR"":""/root/nccl-tests""}"
1,p5-dense-20260828T154940Z-21cf57f,phase5,2026-08-28T15:54:00Z,measured,21cf57fd902a607407505eb9d8dfad40a82dfd91,False,unknown,,c079194dceb5,Ubuntu 24.04.3 LTS,6.14.0-33-generic,AMD EPYC 7542 32-Core Processor,128,1,NVIDIA L4,4,NODE,none-single-node,False,,12.8,570.195.03,2.25.1+cuda12.8,NCCL_DEBUG=VERSION banner,,gcc (Ubuntu 13.3.0-6ubuntu2~24.04) 13.3.0,b4d5beebca8a76cf01335f724d154b9b9d394d96,tree-ll128,Tree,LL128,"NCCL_ALGO=Tree,NCCL_PROTO=LL128",,,,,,,,,nccl-tests,all_reduce,float,sum,-1,524288,131072,in_place,20,50,2,full,298.84,1.75,2.63,0,True,True,True,0,env NCCL_DEBUG=VERSION NCCL_ALGO=Tree NCCL_PROTO=LL128 /root/nccl-tests/build/all_reduce_perf -b 16K -e 512K -f 2 -g 4 -w 20 -n 50 -c 1 -d float,results/raw/p5-dense-20260828T154940Z-21cf57f/all_reduce.tree-ll128.full.r2.stdout.txt,,"[{""index"":0,""memory_total_mib"":23034,""name"":""NVIDIA L4"",""pci_bus_id"":""00000000:61:00.0"",""pcie_link_gen_current"":1,""pcie_link_gen_max"":4,""pcie_link_width_current"":16,""pcie_link_width_max"":16},{""index"":1,""memory_total_mib"":23034,""name"":""NVIDIA L4"",""pci_bus_id"":""00000000:81:00.0"",""pcie_link_gen_current"":1,""pcie_link_gen_max"":4,""pcie_link_width_current"":16,""pcie_link_width_max"":16},{""index"":2,""memory_total_mib"":23034,""name"":""NVIDIA L4"",""pci_bus_id"":""00000000:A1:00.0"",""pcie_link_gen_current"":1,""pcie_link_gen_max"":4,""pcie_link_width_current"":16,""pcie_link_width_max"":16},{""index"":3,""memory_total_mib"":23034,""name"":""NVIDIA L4"",""pci_bus_id"":""00000000:E1:00.0"",""pcie_link_gen_current"":1,""pcie_link_gen_max"":4,""pcie_link_width_current"":16,""pcie_link_width_max"":16}]","""\t\u001b[4mGPU0\tGPU1\tGPU2\tGPU3\tNIC0\tNIC1\tNIC2\tCPU Affinity\tNUMA Affinity\tGPU NUMA ID\u001b[0m\nGPU0\t X \tSYS\tSYS\tSYS\tNODE\tSYS\tSYS\t0-31,64-95\t0\t\tN/A\nGPU1\tSYS\t X \tNODE\tNODE\tSYS\tNODE\tNODE\t32-63,96-127\t1\t\tN/A\nGPU2\tSYS\tNODE\t X \tNODE\tSYS\tNODE\tNODE\t32-63,96-127\t1\t\tN/A\nGPU3\tSYS\tNODE\tNODE\t X \tSYS\tNODE\tNODE\t32-63,96-127\t1\t\tN/A\nNIC0\tNODE\tSYS\tSYS\tSYS\t X \tSYS\tSYS\t\t\t\t\nNIC1\tSYS\tNODE\tNODE\tNODE\tSYS\t X \tPIX\t\t\t\t\nNIC2\tSYS\tNODE\tNODE\tNODE\tSYS\tPIX\t X \t\t\t\t\n\nLegend:\n\n  X    = Self\n  SYS  = Connection traversing PCIe as well as the SMP interconnect between NUMA nodes (e.g., QPI/UPI)\n  NODE = Connection traversing PCIe as well as the interconnect between PCIe Host Bridges within a NUMA node\n  PHB  = Connection traversing PCIe as well as a PCIe Host Bridge (typically the CPU)\n  PXB  = Connection traversing multiple PCIe bridges (without traversing the PCIe Host Bridge)\n  PIX  = Connection traversing at most a single PCIe bridge\n  NV#  = Connection traversing a bonded set of # NVLinks\n\nNIC Legend:\n\n  NIC0: rocep35s0f0\n  NIC1: rocep194s0f0\n  NIC2: rocep194s0f1""","{""CUDA_HOME"":""/usr/local/cuda"",""NCCL_TESTS_DIR"":""/root/nccl-tests""}"
1,p5-dense-20260828T154940Z-21cf57f,phase5,2026-08-28T15:53:30Z,measured,21cf57fd902a607407505eb9d8dfad40a82dfd91,False,unknown,,c079194dceb5,Ubuntu 24.04.3 LTS,6.14.0-33-generic,AMD EPYC 7542 32-Core Processor,128,1,NVIDIA L4,4,NODE,none-single-node,False,,12.8,570.195.03,2.25.1+cuda12.8,NCCL_DEBUG=VERSION banner,,gcc (Ubuntu 13.3.0-6ubuntu2~24.04) 13.3.0,b4d5beebca8a76cf01335f724d154b9b9d394d96,tree-simple,Tree,Simple,"NCCL_ALGO=Tree,NCCL_PROTO=Simple",,,,,,,,,nccl-tests,all_reduce,float,sum,-1,16384,4096,out_of_place,20,50,0,full,52.44,0.31,0.47,0,True,True,True,0,env NCCL_DEBUG=VERSION NCCL_ALGO=Tree NCCL_PROTO=Simple /root/nccl-tests/build/all_reduce_perf -b 16K -e 512K -f 2 -g 4 -w 20 -n 50 -c 1 -d float,results/raw/p5-dense-20260828T154940Z-21cf57f/all_reduce.tree-simple.full.r0.stdout.txt,,"[{""index"":0,""memory_total_mib"":23034,""name"":""NVIDIA L4"",""pci_bus_id"":""00000000:61:00.0"",""pcie_link_gen_current"":1,""pcie_link_gen_max"":4,""pcie_link_width_current"":16,""pcie_link_width_max"":16},{""index"":1,""memory_total_mib"":23034,""name"":""NVIDIA L4"",""pci_bus_id"":""00000000:81:00.0"",""pcie_link_gen_current"":1,""pcie_link_gen_max"":4,""pcie_link_width_current"":16,""pcie_link_width_max"":16},{""index"":2,""memory_total_mib"":23034,""name"":""NVIDIA L4"",""pci_bus_id"":""00000000:A1:00.0"",""pcie_link_gen_current"":1,""pcie_link_gen_max"":4,""pcie_link_width_current"":16,""pcie_link_width_max"":16},{""index"":3,""memory_total_mib"":23034,""name"":""NVIDIA L4"",""pci_bus_id"":""00000000:E1:00.0"",""pcie_link_gen_current"":1,""pcie_link_gen_max"":4,""pcie_link_width_current"":16,""pcie_link_width_max"":16}]","""\t\u001b[4mGPU0\tGPU1\tGPU2\tGPU3\tNIC0\tNIC1\tNIC2\tCPU Affinity\tNUMA Affinity\tGPU NUMA ID\u001b[0m\nGPU0\t X \tSYS\tSYS\tSYS\tNODE\tSYS\tSYS\t0-31,64-95\t0\t\tN/A\nGPU1\tSYS\t X \tNODE\tNODE\tSYS\tNODE\tNODE\t32-63,96-127\t1\t\tN/A\nGPU2\tSYS\tNODE\t X \tNODE\tSYS\tNODE\tNODE\t32-63,96-127\t1\t\tN/A\nGPU3\tSYS\tNODE\tNODE\t X \tSYS\tNODE\tNODE\t32-63,96-127\t1\t\tN/A\nNIC0\tNODE\tSYS\tSYS\tSYS\t X \tSYS\tSYS\t\t\t\t\nNIC1\tSYS\tNODE\tNODE\tNODE\tSYS\t X \tPIX\t\t\t\t\nNIC2\tSYS\tNODE\tNODE\tNODE\tSYS\tPIX\t X \t\t\t\t\n\nLegend:\n\n  X    = Self\n  SYS  = Connection traversing PCIe as well as the SMP interconnect between NUMA nodes (e.g., QPI/UPI)\n  NODE = Connection traversing PCIe as well as the interconnect between PCIe Host Bridges within a NUMA node\n  PHB  = Connection traversing PCIe as well as a PCIe Host Bridge (typically the CPU)\n  PXB  = Connection traversing multiple PCIe bridges (without traversing the PCIe Host Bridge)\n  PIX  = Connection traversing at most a single PCIe bridge\n  NV#  = Connection traversing a bonded set of # NVLinks\n\nNIC Legend:\n\n  NIC0: rocep35s0f0\n  NIC1: rocep194s0f0\n  NIC2: rocep194s0f1""","{""CUDA_HOME"":""/usr/local/cuda"",""NCCL_TESTS_DIR"":""/root/nccl-tests""}"
1,p5-dense-20260828T154940Z-21cf57f,phase5,2026-08-28T15:53:30Z,measured,21cf57fd902a607407505eb9d8dfad40a82dfd91,False,unknown,,c079194dceb5,Ubuntu 24.04.3 LTS,6.14.0-33-generic,AMD EPYC 7542 32-Core Processor,128,1,NVIDIA L4,4,NODE,none-single-node,False,,12.8,570.195.03,2.25.1+cuda12.8,NCCL_DEBUG=VERSION banner,,gcc (Ubuntu 13.3.0-6ubuntu2~24.04) 13.3.0,b4d5beebca8a76cf01335f724d154b9b9d394d96,tree-simple,Tree,Simple,"NCCL_ALGO=Tree,NCCL_PROTO=Simple",,,,,,,,,nccl-tests,all_reduce,float,sum,-1,16384,4096,in_place,20,50,0,full,52.64,0.31,0.47,0,True,True,True,0,env NCCL_DEBUG=VERSION NCCL_ALGO=Tree NCCL_PROTO=Simple /root/nccl-tests/build/all_reduce_perf -b 16K -e 512K -f 2 -g 4 -w 20 -n 50 -c 1 -d float,results/raw/p5-dense-20260828T154940Z-21cf57f/all_reduce.tree-simple.full.r0.stdout.txt,,"[{""index"":0,""memory_total_mib"":23034,""name"":""NVIDIA L4"",""pci_bus_id"":""00000000:61:00.0"",""pcie_link_gen_current"":1,""pcie_link_gen_max"":4,""pcie_link_width_current"":16,""pcie_link_width_max"":16},{""index"":1,""memory_total_mib"":23034,""name"":""NVIDIA L4"",""pci_bus_id"":""00000000:81:00.0"",""pcie_link_gen_current"":1,""pcie_link_gen_max"":4,""pcie_link_width_current"":16,""pcie_link_width_max"":16},{""index"":2,""memory_total_mib"":23034,""name"":""NVIDIA L4"",""pci_bus_id"":""00000000:A1:00.0"",""pcie_link_gen_current"":1,""pcie_link_gen_max"":4,""pcie_link_width_current"":16,""pcie_link_width_max"":16},{""index"":3,""memory_total_mib"":23034,""name"":""NVIDIA L4"",""pci_bus_id"":""00000000:E1:00.0"",""pcie_link_gen_current"":1,""pcie_link_gen_max"":4,""pcie_link_width_current"":16,""pcie_link_width_max"":16}]","""\t\u001b[4mGPU0\tGPU1\tGPU2\tGPU3\tNIC0\tNIC1\tNIC2\tCPU Affinity\tNUMA Affinity\tGPU NUMA ID\u001b[0m\nGPU0\t X \tSYS\tSYS\tSYS\tNODE\tSYS\tSYS\t0-31,64-95\t0\t\tN/A\nGPU1\tSYS\t X \tNODE\tNODE\tSYS\tNODE\tNODE\t32-63,96-127\t1\t\tN/A\nGPU2\tSYS\tNODE\t X \tNODE\tSYS\tNODE\tNODE\t32-63,96-127\t1\t\tN/A\nGPU3\tSYS\tNODE\tNODE\t X \tSYS\tNODE\tNODE\t32-63,96-127\t1\t\tN/A\nNIC0\tNODE\tSYS\tSYS\tSYS\t X \tSYS\tSYS\t\t\t\t\nNIC1\tSYS\tNODE\tNODE\tNODE\tSYS\t X \tPIX\t\t\t\t\nNIC2\tSYS\tNODE\tNODE\tNODE\tSYS\tPIX\t X \t\t\t\t\n\nLegend:\n\n  X    = Self\n  SYS  = Connection traversing PCIe as well as the SMP interconnect between NUMA nodes (e.g., QPI/UPI)\n  NODE = Connection traversing PCIe as well as the interconnect between PCIe Host Bridges within a NUMA node\n  PHB  = Connection traversing PCIe as well as a PCIe Host Bridge (typically the CPU)\n  PXB  = Connection traversing multiple PCIe bridges (without traversing the PCIe Host Bridge)\n  PIX  = Connection traversing at most a single PCIe bridge\n  NV#  = Connection traversing a bonded set of # NVLinks\n\nNIC Legend:\n\n  NIC0: rocep35s0f0\n  NIC1: rocep194s0f0\n  NIC2: rocep194s0f1""","{""CUDA_HOME"":""/usr/local/cuda"",""NCCL_TESTS_DIR"":""/root/nccl-tests""}"
1,p5-dense-20260828T154940Z-21cf57f,phase5,2026-08-28T15:53:30Z,measured,21cf57fd902a607407505eb9d8dfad40a82dfd91,False,unknown,,c079194dceb5,Ubuntu 24.04.3 LTS,6.14.0-33-generic,AMD EPYC 7542 32-Core Processor,128,1,NVIDIA L4,4,NODE,none-single-node,False,,12.8,570.195.03,2.25.1+cuda12.8,NCCL_DEBUG=VERSION banner,,gcc (Ubuntu 13.3.0-6ubuntu2~24.04) 13.3.0,b4d5beebca8a76cf01335f724d154b9b9d394d96,tree-simple,Tree,Simple,"NCCL_ALGO=Tree,NCCL_PROTO=Simple",,,,,,,,,nccl-tests,all_reduce,float,sum,-1,32768,8192,out_of_place,20,50,0,full,64.58,0.51,0.76,0,True,True,True,0,env NCCL_DEBUG=VERSION NCCL_ALGO=Tree NCCL_PROTO=Simple /root/nccl-tests/build/all_reduce_perf -b 16K -e 512K -f 2 -g 4 -w 20 -n 50 -c 1 -d float,results/raw/p5-dense-20260828T154940Z-21cf57f/all_reduce.tree-simple.full.r0.stdout.txt,,"[{""index"":0,""memory_total_mib"":23034,""name"":""NVIDIA L4"",""pci_bus_id"":""00000000:61:00.0"",""pcie_link_gen_current"":1,""pcie_link_gen_max"":4,""pcie_link_width_current"":16,""pcie_link_width_max"":16},{""index"":1,""memory_total_mib"":23034,""name"":""NVIDIA L4"",""pci_bus_id"":""00000000:81:00.0"",""pcie_link_gen_current"":1,""pcie_link_gen_max"":4,""pcie_link_width_current"":16,""pcie_link_width_max"":16},{""index"":2,""memory_total_mib"":23034,""name"":""NVIDIA L4"",""pci_bus_id"":""00000000:A1:00.0"",""pcie_link_gen_current"":1,""pcie_link_gen_max"":4,""pcie_link_width_current"":16,""pcie_link_width_max"":16},{""index"":3,""memory_total_mib"":23034,""name"":""NVIDIA L4"",""pci_bus_id"":""00000000:E1:00.0"",""pcie_link_gen_current"":1,""pcie_link_gen_max"":4,""pcie_link_width_current"":16,""pcie_link_width_max"":16}]","""\t\u001b[4mGPU0\tGPU1\tGPU2\tGPU3\tNIC0\tNIC1\tNIC2\tCPU Affinity\tNUMA Affinity\tGPU NUMA ID\u001b[0m\nGPU0\t X \tSYS\tSYS\tSYS\tNODE\tSYS\tSYS\t0-31,64-95\t0\t\tN/A\nGPU1\tSYS\t X \tNODE\tNODE\tSYS\tNODE\tNODE\t32-63,96-127\t1\t\tN/A\nGPU2\tSYS\tNODE\t X \tNODE\tSYS\tNODE\tNODE\t32-63,96-127\t1\t\tN/A\nGPU3\tSYS\tNODE\tNODE\t X \tSYS\tNODE\tNODE\t32-63,96-127\t1\t\tN/A\nNIC0\tNODE\tSYS\tSYS\tSYS\t X \tSYS\tSYS\t\t\t\t\nNIC1\tSYS\tNODE\tNODE\tNODE\tSYS\t X \tPIX\t\t\t\t\nNIC2\tSYS\tNODE\tNODE\tNODE\tSYS\tPIX\t X \t\t\t\t\n\nLegend:\n\n  X    = Self\n  SYS  = Connection traversing PCIe as well as the SMP interconnect between NUMA nodes (e.g., QPI/UPI)\n  NODE = Connection traversing PCIe as well as the interconnect between PCIe Host Bridges within a NUMA node\n  PHB  = Connection traversing PCIe as well as a PCIe Host Bridge (typically the CPU)\n  PXB  = Connection traversing multiple PCIe bridges (without traversing the PCIe Host Bridge)\n  PIX  = Connection traversing at most a single PCIe bridge\n  NV#  = Connection traversing a bonded set of # NVLinks\n\nNIC Legend:\n\n  NIC0: rocep35s0f0\n  NIC1: rocep194s0f0\n  NIC2: rocep194s0f1""","{""CUDA_HOME"":""/usr/local/cuda"",""NCCL_TESTS_DIR"":""/root/nccl-tests""}"
1,p5-dense-20260828T154940Z-21cf57f,phase5,2026-08-28T15:53:30Z,measured,21cf57fd902a607407505eb9d8dfad40a82dfd91,False,unknown,,c079194dceb5,Ubuntu 24.04.3 LTS,6.14.0-33-generic,AMD EPYC 7542 32-Core Processor,128,1,NVIDIA L4,4,NODE,none-single-node,False,,12.8,570.195.03,2.25.1+cuda12.8,NCCL_DEBUG=VERSION banner,,gcc (Ubuntu 13.3.0-6ubuntu2~24.04) 13.3.0,b4d5beebca8a76cf01335f724d154b9b9d394d96,tree-simple,Tree,Simple,"NCCL_ALGO=Tree,NCCL_PROTO=Simple",,,,,,,,,nccl-tests,all_reduce,float,sum,-1,32768,8192,in_place,20,50,0,full,64.35,0.51,0.76,0,True,True,True,0,env NCCL_DEBUG=VERSION NCCL_ALGO=Tree NCCL_PROTO=Simple /root/nccl-tests/build/all_reduce_perf -b 16K -e 512K -f 2 -g 4 -w 20 -n 50 -c 1 -d float,results/raw/p5-dense-20260828T154940Z-21cf57f/all_reduce.tree-simple.full.r0.stdout.txt,,"[{""index"":0,""memory_total_mib"":23034,""name"":""NVIDIA L4"",""pci_bus_id"":""00000000:61:00.0"",""pcie_link_gen_current"":1,""pcie_link_gen_max"":4,""pcie_link_width_current"":16,""pcie_link_width_max"":16},{""index"":1,""memory_total_mib"":23034,""name"":""NVIDIA L4"",""pci_bus_id"":""00000000:81:00.0"",""pcie_link_gen_current"":1,""pcie_link_gen_max"":4,""pcie_link_width_current"":16,""pcie_link_width_max"":16},{""index"":2,""memory_total_mib"":23034,""name"":""NVIDIA L4"",""pci_bus_id"":""00000000:A1:00.0"",""pcie_link_gen_current"":1,""pcie_link_gen_max"":4,""pcie_link_width_current"":16,""pcie_link_width_max"":16},{""index"":3,""memory_total_mib"":23034,""name"":""NVIDIA L4"",""pci_bus_id"":""00000000:E1:00.0"",""pcie_link_gen_current"":1,""pcie_link_gen_max"":4,""pcie_link_width_current"":16,""pcie_link_width_max"":16}]","""\t\u001b[4mGPU0\tGPU1\tGPU2\tGPU3\tNIC0\tNIC1\tNIC2\tCPU Affinity\tNUMA Affinity\tGPU NUMA ID\u001b[0m\nGPU0\t X \tSYS\tSYS\tSYS\tNODE\tSYS\tSYS\t0-31,64-95\t0\t\tN/A\nGPU1\tSYS\t X \tNODE\tNODE\tSYS\tNODE\tNODE\t32-63,96-127\t1\t\tN/A\nGPU2\tSYS\tNODE\t X \tNODE\tSYS\tNODE\tNODE\t32-63,96-127\t1\t\tN/A\nGPU3\tSYS\tNODE\tNODE\t X \tSYS\tNODE\tNODE\t32-63,96-127\t1\t\tN/A\nNIC0\tNODE\tSYS\tSYS\tSYS\t X \tSYS\tSYS\t\t\t\t\nNIC1\tSYS\tNODE\tNODE\tNODE\tSYS\t X \tPIX\t\t\t\t\nNIC2\tSYS\tNODE\tNODE\tNODE\tSYS\tPIX\t X \t\t\t\t\n\nLegend:\n\n  X    = Self\n  SYS  = Connection traversing PCIe as well as the SMP interconnect between NUMA nodes (e.g., QPI/UPI)\n  NODE = Connection traversing PCIe as well as the interconnect between PCIe Host Bridges within a NUMA node\n  PHB  = Connection traversing PCIe as well as a PCIe Host Bridge (typically the CPU)\n  PXB  = Connection traversing multiple PCIe bridges (without traversing the PCIe Host Bridge)\n  PIX  = Connection traversing at most a single PCIe bridge\n  NV#  = Connection traversing a bonded set of # NVLinks\n\nNIC Legend:\n\n  NIC0: rocep35s0f0\n  NIC1: rocep194s0f0\n  NIC2: rocep194s0f1""","{""CUDA_HOME"":""/usr/local/cuda"",""NCCL_TESTS_DIR"":""/root/nccl-tests""}"
1,p5-dense-20260828T154940Z-21cf57f,phase5,2026-08-28T15:53:30Z,measured,21cf57fd902a607407505eb9d8dfad40a82dfd91,False,unknown,,c079194dceb5,Ubuntu 24.04.3 LTS,6.14.0-33-generic,AMD EPYC 7542 32-Core Processor,128,1,NVIDIA L4,4,NODE,none-single-node,False,,12.8,570.195.03,2.25.1+cuda12.8,NCCL_DEBUG=VERSION banner,,gcc (Ubuntu 13.3.0-6ubuntu2~24.04) 13.3.0,b4d5beebca8a76cf01335f724d154b9b9d394d96,tree-simple,Tree,Simple,"NCCL_ALGO=Tree,NCCL_PROTO=Simple",,,,,,,,,nccl-tests,all_reduce,float,sum,-1,65536,16384,out_of_place,20,50,0,full,79.94,0.82,1.23,0,True,True,True,0,env NCCL_DEBUG=VERSION NCCL_ALGO=Tree NCCL_PROTO=Simple /root/nccl-tests/build/all_reduce_perf -b 16K -e 512K -f 2 -g 4 -w 20 -n 50 -c 1 -d float,results/raw/p5-dense-20260828T154940Z-21cf57f/all_reduce.tree-simple.full.r0.stdout.txt,,"[{""index"":0,""memory_total_mib"":23034,""name"":""NVIDIA L4"",""pci_bus_id"":""00000000:61:00.0"",""pcie_link_gen_current"":1,""pcie_link_gen_max"":4,""pcie_link_width_current"":16,""pcie_link_width_max"":16},{""index"":1,""memory_total_mib"":23034,""name"":""NVIDIA L4"",""pci_bus_id"":""00000000:81:00.0"",""pcie_link_gen_current"":1,""pcie_link_gen_max"":4,""pcie_link_width_current"":16,""pcie_link_width_max"":16},{""index"":2,""memory_total_mib"":23034,""name"":""NVIDIA L4"",""pci_bus_id"":""00000000:A1:00.0"",""pcie_link_gen_current"":1,""pcie_link_gen_max"":4,""pcie_link_width_current"":16,""pcie_link_width_max"":16},{""index"":3,""memory_total_mib"":23034,""name"":""NVIDIA L4"",""pci_bus_id"":""00000000:E1:00.0"",""pcie_link_gen_current"":1,""pcie_link_gen_max"":4,""pcie_link_width_current"":16,""pcie_link_width_max"":16}]","""\t\u001b[4mGPU0\tGPU1\tGPU2\tGPU3\tNIC0\tNIC1\tNIC2\tCPU Affinity\tNUMA Affinity\tGPU NUMA ID\u001b[0m\nGPU0\t X \tSYS\tSYS\tSYS\tNODE\tSYS\tSYS\t0-31,64-95\t0\t\tN/A\nGPU1\tSYS\t X \tNODE\tNODE\tSYS\tNODE\tNODE\t32-63,96-127\t1\t\tN/A\nGPU2\tSYS\tNODE\t X \tNODE\tSYS\tNODE\tNODE\t32-63,96-127\t1\t\tN/A\nGPU3\tSYS\tNODE\tNODE\t X \tSYS\tNODE\tNODE\t32-63,96-127\t1\t\tN/A\nNIC0\tNODE\tSYS\tSYS\tSYS\t X \tSYS\tSYS\t\t\t\t\nNIC1\tSYS\tNODE\tNODE\tNODE\tSYS\t X \tPIX\t\t\t\t\nNIC2\tSYS\tNODE\tNODE\tNODE\tSYS\tPIX\t X \t\t\t\t\n\nLegend:\n\n  X    = Self\n  SYS  = Connection traversing PCIe as well as the SMP interconnect between NUMA nodes (e.g., QPI/UPI)\n  NODE = Connection traversing PCIe as well as the interconnect between PCIe Host Bridges within a NUMA node\n  PHB  = Connection traversing PCIe as well as a PCIe Host Bridge (typically the CPU)\n  PXB  = Connection traversing multiple PCIe bridges (without traversing the PCIe Host Bridge)\n  PIX  = Connection traversing at most a single PCIe bridge\n  NV#  = Connection traversing a bonded set of # NVLinks\n\nNIC Legend:\n\n  NIC0: rocep35s0f0\n  NIC1: rocep194s0f0\n  NIC2: rocep194s0f1""","{""CUDA_HOME"":""/usr/local/cuda"",""NCCL_TESTS_DIR"":""/root/nccl-tests""}"
1,p5-dense-20260828T154940Z-21cf57f,phase5,2026-08-28T15:53:30Z,measured,21cf57fd902a607407505eb9d8dfad40a82dfd91,False,unknown,,c079194dceb5,Ubuntu 24.04.3 LTS,6.14.0-33-generic,AMD EPYC 7542 32-Core Processor,128,1,NVIDIA L4,4,NODE,none-single-node,False,,12.8,570.195.03,2.25.1+cuda12.8,NCCL_DEBUG=VERSION banner,,gcc (Ubuntu 13.3.0-6ubuntu2~24.04) 13.3.0,b4d5beebca8a76cf01335f724d154b9b9d394d96,tree-simple,Tree,Simple,"NCCL_ALGO=Tree,NCCL_PROTO=Simple",,,,,,,,,nccl-tests,all_reduce,float,sum,-1,65536,16384,in_place,20,50,0,full,79.19,0.83,1.24,0,True,True,True,0,env NCCL_DEBUG=VERSION NCCL_ALGO=Tree NCCL_PROTO=Simple /root/nccl-tests/build/all_reduce_perf -b 16K -e 512K -f 2 -g 4 -w 20 -n 50 -c 1 -d float,results/raw/p5-dense-20260828T154940Z-21cf57f/all_reduce.tree-simple.full.r0.stdout.txt,,"[{""index"":0,""memory_total_mib"":23034,""name"":""NVIDIA L4"",""pci_bus_id"":""00000000:61:00.0"",""pcie_link_gen_current"":1,""pcie_link_gen_max"":4,""pcie_link_width_current"":16,""pcie_link_width_max"":16},{""index"":1,""memory_total_mib"":23034,""name"":""NVIDIA L4"",""pci_bus_id"":""00000000:81:00.0"",""pcie_link_gen_current"":1,""pcie_link_gen_max"":4,""pcie_link_width_current"":16,""pcie_link_width_max"":16},{""index"":2,""memory_total_mib"":23034,""name"":""NVIDIA L4"",""pci_bus_id"":""00000000:A1:00.0"",""pcie_link_gen_current"":1,""pcie_link_gen_max"":4,""pcie_link_width_current"":16,""pcie_link_width_max"":16},{""index"":3,""memory_total_mib"":23034,""name"":""NVIDIA L4"",""pci_bus_id"":""00000000:E1:00.0"",""pcie_link_gen_current"":1,""pcie_link_gen_max"":4,""pcie_link_width_current"":16,""pcie_link_width_max"":16}]","""\t\u001b[4mGPU0\tGPU1\tGPU2\tGPU3\tNIC0\tNIC1\tNIC2\tCPU Affinity\tNUMA Affinity\tGPU NUMA ID\u001b[0m\nGPU0\t X \tSYS\tSYS\tSYS\tNODE\tSYS\tSYS\t0-31,64-95\t0\t\tN/A\nGPU1\tSYS\t X \tNODE\tNODE\tSYS\tNODE\tNODE\t32-63,96-127\t1\t\tN/A\nGPU2\tSYS\tNODE\t X \tNODE\tSYS\tNODE\tNODE\t32-63,96-127\t1\t\tN/A\nGPU3\tSYS\tNODE\tNODE\t X \tSYS\tNODE\tNODE\t32-63,96-127\t1\t\tN/A\nNIC0\tNODE\tSYS\tSYS\tSYS\t X \tSYS\tSYS\t\t\t\t\nNIC1\tSYS\tNODE\tNODE\tNODE\tSYS\t X \tPIX\t\t\t\t\nNIC2\tSYS\tNODE\tNODE\tNODE\tSYS\tPIX\t X \t\t\t\t\n\nLegend:\n\n  X    = Self\n  SYS  = Connection traversing PCIe as well as the SMP interconnect between NUMA nodes (e.g., QPI/UPI)\n  NODE = Connection traversing PCIe as well as the interconnect between PCIe Host Bridges within a NUMA node\n  PHB  = Connection traversing PCIe as well as a PCIe Host Bridge (typically the CPU)\n  PXB  = Connection traversing multiple PCIe bridges (without traversing the PCIe Host Bridge)\n  PIX  = Connection traversing at most a single PCIe bridge\n  NV#  = Connection traversing a bonded set of # NVLinks\n\nNIC Legend:\n\n  NIC0: rocep35s0f0\n  NIC1: rocep194s0f0\n  NIC2: rocep194s0f1""","{""CUDA_HOME"":""/usr/local/cuda"",""NCCL_TESTS_DIR"":""/root/nccl-tests""}"
1,p5-dense-20260828T154940Z-21cf57f,phase5,2026-08-28T15:53:30Z,measured,21cf57fd902a607407505eb9d8dfad40a82dfd91,False,unknown,,c079194dceb5,Ubuntu 24.04.3 LTS,6.14.0-33-generic,AMD EPYC 7542 32-Core Processor,128,1,NVIDIA L4,4,NODE,none-single-node,False,,12.8,570.195.03,2.25.1+cuda12.8,NCCL_DEBUG=VERSION banner,,gcc (Ubuntu 13.3.0-6ubuntu2~24.04) 13.3.0,b4d5beebca8a76cf01335f724d154b9b9d394d96,tree-simple,Tree,Simple,"NCCL_ALGO=Tree,NCCL_PROTO=Simple",,,,,,,,,nccl-tests,all_reduce,float,sum,-1,131072,32768,out_of_place,20,50,0,full,123.87,1.06,1.59,0,True,True,True,0,env NCCL_DEBUG=VERSION NCCL_ALGO=Tree NCCL_PROTO=Simple /root/nccl-tests/build/all_reduce_perf -b 16K -e 512K -f 2 -g 4 -w 20 -n 50 -c 1 -d float,results/raw/p5-dense-20260828T154940Z-21cf57f/all_reduce.tree-simple.full.r0.stdout.txt,,"[{""index"":0,""memory_total_mib"":23034,""name"":""NVIDIA L4"",""pci_bus_id"":""00000000:61:00.0"",""pcie_link_gen_current"":1,""pcie_link_gen_max"":4,""pcie_link_width_current"":16,""pcie_link_width_max"":16},{""index"":1,""memory_total_mib"":23034,""name"":""NVIDIA L4"",""pci_bus_id"":""00000000:81:00.0"",""pcie_link_gen_current"":1,""pcie_link_gen_max"":4,""pcie_link_width_current"":16,""pcie_link_width_max"":16},{""index"":2,""memory_total_mib"":23034,""name"":""NVIDIA L4"",""pci_bus_id"":""00000000:A1:00.0"",""pcie_link_gen_current"":1,""pcie_link_gen_max"":4,""pcie_link_width_current"":16,""pcie_link_width_max"":16},{""index"":3,""memory_total_mib"":23034,""name"":""NVIDIA L4"",""pci_bus_id"":""00000000:E1:00.0"",""pcie_link_gen_current"":1,""pcie_link_gen_max"":4,""pcie_link_width_current"":16,""pcie_link_width_max"":16}]","""\t\u001b[4mGPU0\tGPU1\tGPU2\tGPU3\tNIC0\tNIC1\tNIC2\tCPU Affinity\tNUMA Affinity\tGPU NUMA ID\u001b[0m\nGPU0\t X \tSYS\tSYS\tSYS\tNODE\tSYS\tSYS\t0-31,64-95\t0\t\tN/A\nGPU1\tSYS\t X \tNODE\tNODE\tSYS\tNODE\tNODE\t32-63,96-127\t1\t\tN/A\nGPU2\tSYS\tNODE\t X \tNODE\tSYS\tNODE\tNODE\t32-63,96-127\t1\t\tN/A\nGPU3\tSYS\tNODE\tNODE\t X \tSYS\tNODE\tNODE\t32-63,96-127\t1\t\tN/A\nNIC0\tNODE\tSYS\tSYS\tSYS\t X \tSYS\tSYS\t\t\t\t\nNIC1\tSYS\tNODE\tNODE\tNODE\tSYS\t X \tPIX\t\t\t\t\nNIC2\tSYS\tNODE\tNODE\tNODE\tSYS\tPIX\t X \t\t\t\t\n\nLegend:\n\n  X    = Self\n  SYS  = Connection traversing PCIe as well as the SMP interconnect between NUMA nodes (e.g., QPI/UPI)\n  NODE = Connection traversing PCIe as well as the interconnect between PCIe Host Bridges within a NUMA node\n  PHB  = Connection traversing PCIe as well as a PCIe Host Bridge (typically the CPU)\n  PXB  = Connection traversing multiple PCIe bridges (without traversing the PCIe Host Bridge)\n  PIX  = Connection traversing at most a single PCIe bridge\n  NV#  = Connection traversing a bonded set of # NVLinks\n\nNIC Legend:\n\n  NIC0: rocep35s0f0\n  NIC1: rocep194s0f0\n  NIC2: rocep194s0f1""","{""CUDA_HOME"":""/usr/local/cuda"",""NCCL_TESTS_DIR"":""/root/nccl-tests""}"
1,p5-dense-20260828T154940Z-21cf57f,phase5,2026-08-28T15:53:30Z,measured,21cf57fd902a607407505eb9d8dfad40a82dfd91,False,unknown,,c079194dceb5,Ubuntu 24.04.3 LTS,6.14.0-33-generic,AMD EPYC 7542 32-Core Processor,128,1,NVIDIA L4,4,NODE,none-single-node,False,,12.8,570.195.03,2.25.1+cuda12.8,NCCL_DEBUG=VERSION banner,,gcc (Ubuntu 13.3.0-6ubuntu2~24.04) 13.3.0,b4d5beebca8a76cf01335f724d154b9b9d394d96,tree-simple,Tree,Simple,"NCCL_ALGO=Tree,NCCL_PROTO=Simple",,,,,,,,,nccl-tests,all_reduce,float,sum,-1,131072,32768,in_place,20,50,0,full,125.87,1.04,1.56,0,True,True,True,0,env NCCL_DEBUG=VERSION NCCL_ALGO=Tree NCCL_PROTO=Simple /root/nccl-tests/build/all_reduce_perf -b 16K -e 512K -f 2 -g 4 -w 20 -n 50 -c 1 -d float,results/raw/p5-dense-20260828T154940Z-21cf57f/all_reduce.tree-simple.full.r0.stdout.txt,,"[{""index"":0,""memory_total_mib"":23034,""name"":""NVIDIA L4"",""pci_bus_id"":""00000000:61:00.0"",""pcie_link_gen_current"":1,""pcie_link_gen_max"":4,""pcie_link_width_current"":16,""pcie_link_width_max"":16},{""index"":1,""memory_total_mib"":23034,""name"":""NVIDIA L4"",""pci_bus_id"":""00000000:81:00.0"",""pcie_link_gen_current"":1,""pcie_link_gen_max"":4,""pcie_link_width_current"":16,""pcie_link_width_max"":16},{""index"":2,""memory_total_mib"":23034,""name"":""NVIDIA L4"",""pci_bus_id"":""00000000:A1:00.0"",""pcie_link_gen_current"":1,""pcie_link_gen_max"":4,""pcie_link_width_current"":16,""pcie_link_width_max"":16},{""index"":3,""memory_total_mib"":23034,""name"":""NVIDIA L4"",""pci_bus_id"":""00000000:E1:00.0"",""pcie_link_gen_current"":1,""pcie_link_gen_max"":4,""pcie_link_width_current"":16,""pcie_link_width_max"":16}]","""\t\u001b[4mGPU0\tGPU1\tGPU2\tGPU3\tNIC0\tNIC1\tNIC2\tCPU Affinity\tNUMA Affinity\tGPU NUMA ID\u001b[0m\nGPU0\t X \tSYS\tSYS\tSYS\tNODE\tSYS\tSYS\t0-31,64-95\t0\t\tN/A\nGPU1\tSYS\t X \tNODE\tNODE\tSYS\tNODE\tNODE\t32-63,96-127\t1\t\tN/A\nGPU2\tSYS\tNODE\t X \tNODE\tSYS\tNODE\tNODE\t32-63,96-127\t1\t\tN/A\nGPU3\tSYS\tNODE\tNODE\t X \tSYS\tNODE\tNODE\t32-63,96-127\t1\t\tN/A\nNIC0\tNODE\tSYS\tSYS\tSYS\t X \tSYS\tSYS\t\t\t\t\nNIC1\tSYS\tNODE\tNODE\tNODE\tSYS\t X \tPIX\t\t\t\t\nNIC2\tSYS\tNODE\tNODE\tNODE\tSYS\tPIX\t X \t\t\t\t\n\nLegend:\n\n  X    = Self\n  SYS  = Connection traversing PCIe as well as the SMP interconnect between NUMA nodes (e.g., QPI/UPI)\n  NODE = Connection traversing PCIe as well as the interconnect between PCIe Host Bridges within a NUMA node\n  PHB  = Connection traversing PCIe as well as a PCIe Host Bridge (typically the CPU)\n  PXB  = Connection traversing multiple PCIe bridges (without traversing the PCIe Host Bridge)\n  PIX  = Connection traversing at most a single PCIe bridge\n  NV#  = Connection traversing a bonded set of # NVLinks\n\nNIC Legend:\n\n  NIC0: rocep35s0f0\n  NIC1: rocep194s0f0\n  NIC2: rocep194s0f1""","{""CUDA_HOME"":""/usr/local/cuda"",""NCCL_TESTS_DIR"":""/root/nccl-tests""}"
1,p5-dense-20260828T154940Z-21cf57f,phase5,2026-08-28T15:53:30Z,measured,21cf57fd902a607407505eb9d8dfad40a82dfd91,False,unknown,,c079194dceb5,Ubuntu 24.04.3 LTS,6.14.0-33-generic,AMD EPYC 7542 32-Core Processor,128,1,NVIDIA L4,4,NODE,none-single-node,False,,12.8,570.195.03,2.25.1+cuda12.8,NCCL_DEBUG=VERSION banner,,gcc (Ubuntu 13.3.0-6ubuntu2~24.04) 13.3.0,b4d5beebca8a76cf01335f724d154b9b9d394d96,tree-simple,Tree,Simple,"NCCL_ALGO=Tree,NCCL_PROTO=Simple",,,,,,,,,nccl-tests,all_reduce,float,sum,-1,262144,65536,out_of_place,20,50,0,full,253.69,1.03,1.55,0,True,True,True,0,env NCCL_DEBUG=VERSION NCCL_ALGO=Tree NCCL_PROTO=Simple /root/nccl-tests/build/all_reduce_perf -b 16K -e 512K -f 2 -g 4 -w 20 -n 50 -c 1 -d float,results/raw/p5-dense-20260828T154940Z-21cf57f/all_reduce.tree-simple.full.r0.stdout.txt,,"[{""index"":0,""memory_total_mib"":23034,""name"":""NVIDIA L4"",""pci_bus_id"":""00000000:61:00.0"",""pcie_link_gen_current"":1,""pcie_link_gen_max"":4,""pcie_link_width_current"":16,""pcie_link_width_max"":16},{""index"":1,""memory_total_mib"":23034,""name"":""NVIDIA L4"",""pci_bus_id"":""00000000:81:00.0"",""pcie_link_gen_current"":1,""pcie_link_gen_max"":4,""pcie_link_width_current"":16,""pcie_link_width_max"":16},{""index"":2,""memory_total_mib"":23034,""name"":""NVIDIA L4"",""pci_bus_id"":""00000000:A1:00.0"",""pcie_link_gen_current"":1,""pcie_link_gen_max"":4,""pcie_link_width_current"":16,""pcie_link_width_max"":16},{""index"":3,""memory_total_mib"":23034,""name"":""NVIDIA L4"",""pci_bus_id"":""00000000:E1:00.0"",""pcie_link_gen_current"":1,""pcie_link_gen_max"":4,""pcie_link_width_current"":16,""pcie_link_width_max"":16}]","""\t\u001b[4mGPU0\tGPU1\tGPU2\tGPU3\tNIC0\tNIC1\tNIC2\tCPU Affinity\tNUMA Affinity\tGPU NUMA ID\u001b[0m\nGPU0\t X \tSYS\tSYS\tSYS\tNODE\tSYS\tSYS\t0-31,64-95\t0\t\tN/A\nGPU1\tSYS\t X \tNODE\tNODE\tSYS\tNODE\tNODE\t32-63,96-127\t1\t\tN/A\nGPU2\tSYS\tNODE\t X \tNODE\tSYS\tNODE\tNODE\t32-63,96-127\t1\t\tN/A\nGPU3\tSYS\tNODE\tNODE\t X \tSYS\tNODE\tNODE\t32-63,96-127\t1\t\tN/A\nNIC0\tNODE\tSYS\tSYS\tSYS\t X \tSYS\tSYS\t\t\t\t\nNIC1\tSYS\tNODE\tNODE\tNODE\tSYS\t X \tPIX\t\t\t\t\nNIC2\tSYS\tNODE\tNODE\tNODE\tSYS\tPIX\t X \t\t\t\t\n\nLegend:\n\n  X    = Self\n  SYS  = Connection traversing PCIe as well as the SMP interconnect between NUMA nodes (e.g., QPI/UPI)\n  NODE = Connection traversing PCIe as well as the interconnect between PCIe Host Bridges within a NUMA node\n  PHB  = Connection traversing PCIe as well as a PCIe Host Bridge (typically the CPU)\n  PXB  = Connection traversing multiple PCIe bridges (without traversing the PCIe Host Bridge)\n  PIX  = Connection traversing at most a single PCIe bridge\n  NV#  = Connection traversing a bonded set of # NVLinks\n\nNIC Legend:\n\n  NIC0: rocep35s0f0\n  NIC1: rocep194s0f0\n  NIC2: rocep194s0f1""","{""CUDA_HOME"":""/usr/local/cuda"",""NCCL_TESTS_DIR"":""/root/nccl-tests""}"
1,p5-dense-20260828T154940Z-21cf57f,phase5,2026-08-28T15:53:30Z,measured,21cf57fd902a607407505eb9d8dfad40a82dfd91,False,unknown,,c079194dceb5,Ubuntu 24.04.3 LTS,6.14.0-33-generic,AMD EPYC 7542 32-Core Processor,128,1,NVIDIA L4,4,NODE,none-single-node,False,,12.8,570.195.03,2.25.1+cuda12.8,NCCL_DEBUG=VERSION banner,,gcc (Ubuntu 13.3.0-6ubuntu2~24.04) 13.3.0,b4d5beebca8a76cf01335f724d154b9b9d394d96,tree-simple,Tree,Simple,"NCCL_ALGO=Tree,NCCL_PROTO=Simple",,,,,,,,,nccl-tests,all_reduce,float,sum,-1,262144,65536,in_place,20,50,0,full,253.81,1.03,1.55,0,True,True,True,0,env NCCL_DEBUG=VERSION NCCL_ALGO=Tree NCCL_PROTO=Simple /root/nccl-tests/build/all_reduce_perf -b 16K -e 512K -f 2 -g 4 -w 20 -n 50 -c 1 -d float,results/raw/p5-dense-20260828T154940Z-21cf57f/all_reduce.tree-simple.full.r0.stdout.txt,,"[{""index"":0,""memory_total_mib"":23034,""name"":""NVIDIA L4"",""pci_bus_id"":""00000000:61:00.0"",""pcie_link_gen_current"":1,""pcie_link_gen_max"":4,""pcie_link_width_current"":16,""pcie_link_width_max"":16},{""index"":1,""memory_total_mib"":23034,""name"":""NVIDIA L4"",""pci_bus_id"":""00000000:81:00.0"",""pcie_link_gen_current"":1,""pcie_link_gen_max"":4,""pcie_link_width_current"":16,""pcie_link_width_max"":16},{""index"":2,""memory_total_mib"":23034,""name"":""NVIDIA L4"",""pci_bus_id"":""00000000:A1:00.0"",""pcie_link_gen_current"":1,""pcie_link_gen_max"":4,""pcie_link_width_current"":16,""pcie_link_width_max"":16},{""index"":3,""memory_total_mib"":23034,""name"":""NVIDIA L4"",""pci_bus_id"":""00000000:E1:00.0"",""pcie_link_gen_current"":1,""pcie_link_gen_max"":4,""pcie_link_width_current"":16,""pcie_link_width_max"":16}]","""\t\u001b[4mGPU0\tGPU1\tGPU2\tGPU3\tNIC0\tNIC1\tNIC2\tCPU Affinity\tNUMA Affinity\tGPU NUMA ID\u001b[0m\nGPU0\t X \tSYS\tSYS\tSYS\tNODE\tSYS\tSYS\t0-31,64-95\t0\t\tN/A\nGPU1\tSYS\t X \tNODE\tNODE\tSYS\tNODE\tNODE\t32-63,96-127\t1\t\tN/A\nGPU2\tSYS\tNODE\t X \tNODE\tSYS\tNODE\tNODE\t32-63,96-127\t1\t\tN/A\nGPU3\tSYS\tNODE\tNODE\t X \tSYS\tNODE\tNODE\t32-63,96-127\t1\t\tN/A\nNIC0\tNODE\tSYS\tSYS\tSYS\t X \tSYS\tSYS\t\t\t\t\nNIC1\tSYS\tNODE\tNODE\tNODE\tSYS\t X \tPIX\t\t\t\t\nNIC2\tSYS\tNODE\tNODE\tNODE\tSYS\tPIX\t X \t\t\t\t\n\nLegend:\n\n  X    = Self\n  SYS  = Connection traversing PCIe as well as the SMP interconnect between NUMA nodes (e.g., QPI/UPI)\n  NODE = Connection traversing PCIe as well as the interconnect between PCIe Host Bridges within a NUMA node\n  PHB  = Connection traversing PCIe as well as a PCIe Host Bridge (typically the CPU)\n  PXB  = Connection traversing multiple PCIe bridges (without traversing the PCIe Host Bridge)\n  PIX  = Connection traversing at most a single PCIe bridge\n  NV#  = Connection traversing a bonded set of # NVLinks\n\nNIC Legend:\n\n  NIC0: rocep35s0f0\n  NIC1: rocep194s0f0\n  NIC2: rocep194s0f1""","{""CUDA_HOME"":""/usr/local/cuda"",""NCCL_TESTS_DIR"":""/root/nccl-tests""}"
1,p5-dense-20260828T154940Z-21cf57f,phase5,2026-08-28T15:53:30Z,measured,21cf57fd902a607407505eb9d8dfad40a82dfd91,False,unknown,,c079194dceb5,Ubuntu 24.04.3 LTS,6.14.0-33-generic,AMD EPYC 7542 32-Core Processor,128,1,NVIDIA L4,4,NODE,none-single-node,False,,12.8,570.195.03,2.25.1+cuda12.8,NCCL_DEBUG=VERSION banner,,gcc (Ubuntu 13.3.0-6ubuntu2~24.04) 13.3.0,b4d5beebca8a76cf01335f724d154b9b9d394d96,tree-simple,Tree,Simple,"NCCL_ALGO=Tree,NCCL_PROTO=Simple",,,,,,,,,nccl-tests,all_reduce,float,sum,-1,524288,131072,out_of_place,20,50,0,full,558.08,0.94,1.41,0,True,True,True,0,env NCCL_DEBUG=VERSION NCCL_ALGO=Tree NCCL_PROTO=Simple /root/nccl-tests/build/all_reduce_perf -b 16K -e 512K -f 2 -g 4 -w 20 -n 50 -c 1 -d float,results/raw/p5-dense-20260828T154940Z-21cf57f/all_reduce.tree-simple.full.r0.stdout.txt,,"[{""index"":0,""memory_total_mib"":23034,""name"":""NVIDIA L4"",""pci_bus_id"":""00000000:61:00.0"",""pcie_link_gen_current"":1,""pcie_link_gen_max"":4,""pcie_link_width_current"":16,""pcie_link_width_max"":16},{""index"":1,""memory_total_mib"":23034,""name"":""NVIDIA L4"",""pci_bus_id"":""00000000:81:00.0"",""pcie_link_gen_current"":1,""pcie_link_gen_max"":4,""pcie_link_width_current"":16,""pcie_link_width_max"":16},{""index"":2,""memory_total_mib"":23034,""name"":""NVIDIA L4"",""pci_bus_id"":""00000000:A1:00.0"",""pcie_link_gen_current"":1,""pcie_link_gen_max"":4,""pcie_link_width_current"":16,""pcie_link_width_max"":16},{""index"":3,""memory_total_mib"":23034,""name"":""NVIDIA L4"",""pci_bus_id"":""00000000:E1:00.0"",""pcie_link_gen_current"":1,""pcie_link_gen_max"":4,""pcie_link_width_current"":16,""pcie_link_width_max"":16}]","""\t\u001b[4mGPU0\tGPU1\tGPU2\tGPU3\tNIC0\tNIC1\tNIC2\tCPU Affinity\tNUMA Affinity\tGPU NUMA ID\u001b[0m\nGPU0\t X \tSYS\tSYS\tSYS\tNODE\tSYS\tSYS\t0-31,64-95\t0\t\tN/A\nGPU1\tSYS\t X \tNODE\tNODE\tSYS\tNODE\tNODE\t32-63,96-127\t1\t\tN/A\nGPU2\tSYS\tNODE\t X \tNODE\tSYS\tNODE\tNODE\t32-63,96-127\t1\t\tN/A\nGPU3\tSYS\tNODE\tNODE\t X \tSYS\tNODE\tNODE\t32-63,96-127\t1\t\tN/A\nNIC0\tNODE\tSYS\tSYS\tSYS\t X \tSYS\tSYS\t\t\t\t\nNIC1\tSYS\tNODE\tNODE\tNODE\tSYS\t X \tPIX\t\t\t\t\nNIC2\tSYS\tNODE\tNODE\tNODE\tSYS\tPIX\t X \t\t\t\t\n\nLegend:\n\n  X    = Self\n  SYS  = Connection traversing PCIe as well as the SMP interconnect between NUMA nodes (e.g., QPI/UPI)\n  NODE = Connection traversing PCIe as well as the interconnect between PCIe Host Bridges within a NUMA node\n  PHB  = Connection traversing PCIe as well as a PCIe Host Bridge (typically the CPU)\n  PXB  = Connection traversing multiple PCIe bridges (without traversing the PCIe Host Bridge)\n  PIX  = Connection traversing at most a single PCIe bridge\n  NV#  = Connection traversing a bonded set of # NVLinks\n\nNIC Legend:\n\n  NIC0: rocep35s0f0\n  NIC1: rocep194s0f0\n  NIC2: rocep194s0f1""","{""CUDA_HOME"":""/usr/local/cuda"",""NCCL_TESTS_DIR"":""/root/nccl-tests""}"
1,p5-dense-20260828T154940Z-21cf57f,phase5,2026-08-28T15:53:30Z,measured,21cf57fd902a607407505eb9d8dfad40a82dfd91,False,unknown,,c079194dceb5,Ubuntu 24.04.3 LTS,6.14.0-33-generic,AMD EPYC 7542 32-Core Processor,128,1,NVIDIA L4,4,NODE,none-single-node,False,,12.8,570.195.03,2.25.1+cuda12.8,NCCL_DEBUG=VERSION banner,,gcc (Ubuntu 13.3.0-6ubuntu2~24.04) 13.3.0,b4d5beebca8a76cf01335f724d154b9b9d394d96,tree-simple,Tree,Simple,"NCCL_ALGO=Tree,NCCL_PROTO=Simple",,,,,,,,,nccl-tests,all_reduce,float,sum,-1,524288,131072,in_place,20,50,0,full,560.15,0.94,1.4,0,True,True,True,0,env NCCL_DEBUG=VERSION NCCL_ALGO=Tree NCCL_PROTO=Simple /root/nccl-tests/build/all_reduce_perf -b 16K -e 512K -f 2 -g 4 -w 20 -n 50 -c 1 -d float,results/raw/p5-dense-20260828T154940Z-21cf57f/all_reduce.tree-simple.full.r0.stdout.txt,,"[{""index"":0,""memory_total_mib"":23034,""name"":""NVIDIA L4"",""pci_bus_id"":""00000000:61:00.0"",""pcie_link_gen_current"":1,""pcie_link_gen_max"":4,""pcie_link_width_current"":16,""pcie_link_width_max"":16},{""index"":1,""memory_total_mib"":23034,""name"":""NVIDIA L4"",""pci_bus_id"":""00000000:81:00.0"",""pcie_link_gen_current"":1,""pcie_link_gen_max"":4,""pcie_link_width_current"":16,""pcie_link_width_max"":16},{""index"":2,""memory_total_mib"":23034,""name"":""NVIDIA L4"",""pci_bus_id"":""00000000:A1:00.0"",""pcie_link_gen_current"":1,""pcie_link_gen_max"":4,""pcie_link_width_current"":16,""pcie_link_width_max"":16},{""index"":3,""memory_total_mib"":23034,""name"":""NVIDIA L4"",""pci_bus_id"":""00000000:E1:00.0"",""pcie_link_gen_current"":1,""pcie_link_gen_max"":4,""pcie_link_width_current"":16,""pcie_link_width_max"":16}]","""\t\u001b[4mGPU0\tGPU1\tGPU2\tGPU3\tNIC0\tNIC1\tNIC2\tCPU Affinity\tNUMA Affinity\tGPU NUMA ID\u001b[0m\nGPU0\t X \tSYS\tSYS\tSYS\tNODE\tSYS\tSYS\t0-31,64-95\t0\t\tN/A\nGPU1\tSYS\t X \tNODE\tNODE\tSYS\tNODE\tNODE\t32-63,96-127\t1\t\tN/A\nGPU2\tSYS\tNODE\t X \tNODE\tSYS\tNODE\tNODE\t32-63,96-127\t1\t\tN/A\nGPU3\tSYS\tNODE\tNODE\t X \tSYS\tNODE\tNODE\t32-63,96-127\t1\t\tN/A\nNIC0\tNODE\tSYS\tSYS\tSYS\t X \tSYS\tSYS\t\t\t\t\nNIC1\tSYS\tNODE\tNODE\tNODE\tSYS\t X \tPIX\t\t\t\t\nNIC2\tSYS\tNODE\tNODE\tNODE\tSYS\tPIX\t X \t\t\t\t\n\nLegend:\n\n  X    = Self\n  SYS  = Connection traversing PCIe as well as the SMP interconnect between NUMA nodes (e.g., QPI/UPI)\n  NODE = Connection traversing PCIe as well as the interconnect between PCIe Host Bridges within a NUMA node\n  PHB  = Connection traversing PCIe as well as a PCIe Host Bridge (typically the CPU)\n  PXB  = Connection traversing multiple PCIe bridges (without traversing the PCIe Host Bridge)\n  PIX  = Connection traversing at most a single PCIe bridge\n  NV#  = Connection traversing a bonded set of # NVLinks\n\nNIC Legend:\n\n  NIC0: rocep35s0f0\n  NIC1: rocep194s0f0\n  NIC2: rocep194s0f1""","{""CUDA_HOME"":""/usr/local/cuda"",""NCCL_TESTS_DIR"":""/root/nccl-tests""}"
1,p5-dense-20260828T154940Z-21cf57f,phase5,2026-08-28T15:53:33Z,measured,21cf57fd902a607407505eb9d8dfad40a82dfd91,False,unknown,,c079194dceb5,Ubuntu 24.04.3 LTS,6.14.0-33-generic,AMD EPYC 7542 32-Core Processor,128,1,NVIDIA L4,4,NODE,none-single-node,False,,12.8,570.195.03,2.25.1+cuda12.8,NCCL_DEBUG=VERSION banner,,gcc (Ubuntu 13.3.0-6ubuntu2~24.04) 13.3.0,b4d5beebca8a76cf01335f724d154b9b9d394d96,tree-simple,Tree,Simple,"NCCL_ALGO=Tree,NCCL_PROTO=Simple",,,,,,,,,nccl-tests,all_reduce,float,sum,-1,16384,4096,out_of_place,20,50,1,full,54.62,0.3,0.45,0,True,True,True,0,env NCCL_DEBUG=VERSION NCCL_ALGO=Tree NCCL_PROTO=Simple /root/nccl-tests/build/all_reduce_perf -b 16K -e 512K -f 2 -g 4 -w 20 -n 50 -c 1 -d float,results/raw/p5-dense-20260828T154940Z-21cf57f/all_reduce.tree-simple.full.r1.stdout.txt,,"[{""index"":0,""memory_total_mib"":23034,""name"":""NVIDIA L4"",""pci_bus_id"":""00000000:61:00.0"",""pcie_link_gen_current"":1,""pcie_link_gen_max"":4,""pcie_link_width_current"":16,""pcie_link_width_max"":16},{""index"":1,""memory_total_mib"":23034,""name"":""NVIDIA L4"",""pci_bus_id"":""00000000:81:00.0"",""pcie_link_gen_current"":1,""pcie_link_gen_max"":4,""pcie_link_width_current"":16,""pcie_link_width_max"":16},{""index"":2,""memory_total_mib"":23034,""name"":""NVIDIA L4"",""pci_bus_id"":""00000000:A1:00.0"",""pcie_link_gen_current"":1,""pcie_link_gen_max"":4,""pcie_link_width_current"":16,""pcie_link_width_max"":16},{""index"":3,""memory_total_mib"":23034,""name"":""NVIDIA L4"",""pci_bus_id"":""00000000:E1:00.0"",""pcie_link_gen_current"":1,""pcie_link_gen_max"":4,""pcie_link_width_current"":16,""pcie_link_width_max"":16}]","""\t\u001b[4mGPU0\tGPU1\tGPU2\tGPU3\tNIC0\tNIC1\tNIC2\tCPU Affinity\tNUMA Affinity\tGPU NUMA ID\u001b[0m\nGPU0\t X \tSYS\tSYS\tSYS\tNODE\tSYS\tSYS\t0-31,64-95\t0\t\tN/A\nGPU1\tSYS\t X \tNODE\tNODE\tSYS\tNODE\tNODE\t32-63,96-127\t1\t\tN/A\nGPU2\tSYS\tNODE\t X \tNODE\tSYS\tNODE\tNODE\t32-63,96-127\t1\t\tN/A\nGPU3\tSYS\tNODE\tNODE\t X \tSYS\tNODE\tNODE\t32-63,96-127\t1\t\tN/A\nNIC0\tNODE\tSYS\tSYS\tSYS\t X \tSYS\tSYS\t\t\t\t\nNIC1\tSYS\tNODE\tNODE\tNODE\tSYS\t X \tPIX\t\t\t\t\nNIC2\tSYS\tNODE\tNODE\tNODE\tSYS\tPIX\t X \t\t\t\t\n\nLegend:\n\n  X    = Self\n  SYS  = Connection traversing PCIe as well as the SMP interconnect between NUMA nodes (e.g., QPI/UPI)\n  NODE = Connection traversing PCIe as well as the interconnect between PCIe Host Bridges within a NUMA node\n  PHB  = Connection traversing PCIe as well as a PCIe Host Bridge (typically the CPU)\n  PXB  = Connection traversing multiple PCIe bridges (without traversing the PCIe Host Bridge)\n  PIX  = Connection traversing at most a single PCIe bridge\n  NV#  = Connection traversing a bonded set of # NVLinks\n\nNIC Legend:\n\n  NIC0: rocep35s0f0\n  NIC1: rocep194s0f0\n  NIC2: rocep194s0f1""","{""CUDA_HOME"":""/usr/local/cuda"",""NCCL_TESTS_DIR"":""/root/nccl-tests""}"
1,p5-dense-20260828T154940Z-21cf57f,phase5,2026-08-28T15:53:33Z,measured,21cf57fd902a607407505eb9d8dfad40a82dfd91,False,unknown,,c079194dceb5,Ubuntu 24.04.3 LTS,6.14.0-33-generic,AMD EPYC 7542 32-Core Processor,128,1,NVIDIA L4,4,NODE,none-single-node,False,,12.8,570.195.03,2.25.1+cuda12.8,NCCL_DEBUG=VERSION banner,,gcc (Ubuntu 13.3.0-6ubuntu2~24.04) 13.3.0,b4d5beebca8a76cf01335f724d154b9b9d394d96,tree-simple,Tree,Simple,"NCCL_ALGO=Tree,NCCL_PROTO=Simple",,,,,,,,,nccl-tests,all_reduce,float,sum,-1,16384,4096,in_place,20,50,1,full,52.39,0.31,0.47,0,True,True,True,0,env NCCL_DEBUG=VERSION NCCL_ALGO=Tree NCCL_PROTO=Simple /root/nccl-tests/build/all_reduce_perf -b 16K -e 512K -f 2 -g 4 -w 20 -n 50 -c 1 -d float,results/raw/p5-dense-20260828T154940Z-21cf57f/all_reduce.tree-simple.full.r1.stdout.txt,,"[{""index"":0,""memory_total_mib"":23034,""name"":""NVIDIA L4"",""pci_bus_id"":""00000000:61:00.0"",""pcie_link_gen_current"":1,""pcie_link_gen_max"":4,""pcie_link_width_current"":16,""pcie_link_width_max"":16},{""index"":1,""memory_total_mib"":23034,""name"":""NVIDIA L4"",""pci_bus_id"":""00000000:81:00.0"",""pcie_link_gen_current"":1,""pcie_link_gen_max"":4,""pcie_link_width_current"":16,""pcie_link_width_max"":16},{""index"":2,""memory_total_mib"":23034,""name"":""NVIDIA L4"",""pci_bus_id"":""00000000:A1:00.0"",""pcie_link_gen_current"":1,""pcie_link_gen_max"":4,""pcie_link_width_current"":16,""pcie_link_width_max"":16},{""index"":3,""memory_total_mib"":23034,""name"":""NVIDIA L4"",""pci_bus_id"":""00000000:E1:00.0"",""pcie_link_gen_current"":1,""pcie_link_gen_max"":4,""pcie_link_width_current"":16,""pcie_link_width_max"":16}]","""\t\u001b[4mGPU0\tGPU1\tGPU2\tGPU3\tNIC0\tNIC1\tNIC2\tCPU Affinity\tNUMA Affinity\tGPU NUMA ID\u001b[0m\nGPU0\t X \tSYS\tSYS\tSYS\tNODE\tSYS\tSYS\t0-31,64-95\t0\t\tN/A\nGPU1\tSYS\t X \tNODE\tNODE\tSYS\tNODE\tNODE\t32-63,96-127\t1\t\tN/A\nGPU2\tSYS\tNODE\t X \tNODE\tSYS\tNODE\tNODE\t32-63,96-127\t1\t\tN/A\nGPU3\tSYS\tNODE\tNODE\t X \tSYS\tNODE\tNODE\t32-63,96-127\t1\t\tN/A\nNIC0\tNODE\tSYS\tSYS\tSYS\t X \tSYS\tSYS\t\t\t\t\nNIC1\tSYS\tNODE\tNODE\tNODE\tSYS\t X \tPIX\t\t\t\t\nNIC2\tSYS\tNODE\tNODE\tNODE\tSYS\tPIX\t X \t\t\t\t\n\nLegend:\n\n  X    = Self\n  SYS  = Connection traversing PCIe as well as the SMP interconnect between NUMA nodes (e.g., QPI/UPI)\n  NODE = Connection traversing PCIe as well as the interconnect between PCIe Host Bridges within a NUMA node\n  PHB  = Connection traversing PCIe as well as a PCIe Host Bridge (typically the CPU)\n  PXB  = Connection traversing multiple PCIe bridges (without traversing the PCIe Host Bridge)\n  PIX  = Connection traversing at most a single PCIe bridge\n  NV#  = Connection traversing a bonded set of # NVLinks\n\nNIC Legend:\n\n  NIC0: rocep35s0f0\n  NIC1: rocep194s0f0\n  NIC2: rocep194s0f1""","{""CUDA_HOME"":""/usr/local/cuda"",""NCCL_TESTS_DIR"":""/root/nccl-tests""}"
1,p5-dense-20260828T154940Z-21cf57f,phase5,2026-08-28T15:53:33Z,measured,21cf57fd902a607407505eb9d8dfad40a82dfd91,False,unknown,,c079194dceb5,Ubuntu 24.04.3 LTS,6.14.0-33-generic,AMD EPYC 7542 32-Core Processor,128,1,NVIDIA L4,4,NODE,none-single-node,False,,12.8,570.195.03,2.25.1+cuda12.8,NCCL_DEBUG=VERSION banner,,gcc (Ubuntu 13.3.0-6ubuntu2~24.04) 13.3.0,b4d5beebca8a76cf01335f724d154b9b9d394d96,tree-simple,Tree,Simple,"NCCL_ALGO=Tree,NCCL_PROTO=Simple",,,,,,,,,nccl-tests,all_reduce,float,sum,-1,32768,8192,out_of_place,20,50,1,full,64.7,0.51,0.76,0,True,True,True,0,env NCCL_DEBUG=VERSION NCCL_ALGO=Tree NCCL_PROTO=Simple /root/nccl-tests/build/all_reduce_perf -b 16K -e 512K -f 2 -g 4 -w 20 -n 50 -c 1 -d float,results/raw/p5-dense-20260828T154940Z-21cf57f/all_reduce.tree-simple.full.r1.stdout.txt,,"[{""index"":0,""memory_total_mib"":23034,""name"":""NVIDIA L4"",""pci_bus_id"":""00000000:61:00.0"",""pcie_link_gen_current"":1,""pcie_link_gen_max"":4,""pcie_link_width_current"":16,""pcie_link_width_max"":16},{""index"":1,""memory_total_mib"":23034,""name"":""NVIDIA L4"",""pci_bus_id"":""00000000:81:00.0"",""pcie_link_gen_current"":1,""pcie_link_gen_max"":4,""pcie_link_width_current"":16,""pcie_link_width_max"":16},{""index"":2,""memory_total_mib"":23034,""name"":""NVIDIA L4"",""pci_bus_id"":""00000000:A1:00.0"",""pcie_link_gen_current"":1,""pcie_link_gen_max"":4,""pcie_link_width_current"":16,""pcie_link_width_max"":16},{""index"":3,""memory_total_mib"":23034,""name"":""NVIDIA L4"",""pci_bus_id"":""00000000:E1:00.0"",""pcie_link_gen_current"":1,""pcie_link_gen_max"":4,""pcie_link_width_current"":16,""pcie_link_width_max"":16}]","""\t\u001b[4mGPU0\tGPU1\tGPU2\tGPU3\tNIC0\tNIC1\tNIC2\tCPU Affinity\tNUMA Affinity\tGPU NUMA ID\u001b[0m\nGPU0\t X \tSYS\tSYS\tSYS\tNODE\tSYS\tSYS\t0-31,64-95\t0\t\tN/A\nGPU1\tSYS\t X \tNODE\tNODE\tSYS\tNODE\tNODE\t32-63,96-127\t1\t\tN/A\nGPU2\tSYS\tNODE\t X \tNODE\tSYS\tNODE\tNODE\t32-63,96-127\t1\t\tN/A\nGPU3\tSYS\tNODE\tNODE\t X \tSYS\tNODE\tNODE\t32-63,96-127\t1\t\tN/A\nNIC0\tNODE\tSYS\tSYS\tSYS\t X \tSYS\tSYS\t\t\t\t\nNIC1\tSYS\tNODE\tNODE\tNODE\tSYS\t X \tPIX\t\t\t\t\nNIC2\tSYS\tNODE\tNODE\tNODE\tSYS\tPIX\t X \t\t\t\t\n\nLegend:\n\n  X    = Self\n  SYS  = Connection traversing PCIe as well as the SMP interconnect between NUMA nodes (e.g., QPI/UPI)\n  NODE = Connection traversing PCIe as well as the interconnect between PCIe Host Bridges within a NUMA node\n  PHB  = Connection traversing PCIe as well as a PCIe Host Bridge (typically the CPU)\n  PXB  = Connection traversing multiple PCIe bridges (without traversing the PCIe Host Bridge)\n  PIX  = Connection traversing at most a single PCIe bridge\n  NV#  = Connection traversing a bonded set of # NVLinks\n\nNIC Legend:\n\n  NIC0: rocep35s0f0\n  NIC1: rocep194s0f0\n  NIC2: rocep194s0f1""","{""CUDA_HOME"":""/usr/local/cuda"",""NCCL_TESTS_DIR"":""/root/nccl-tests""}"
1,p5-dense-20260828T154940Z-21cf57f,phase5,2026-08-28T15:53:33Z,measured,21cf57fd902a607407505eb9d8dfad40a82dfd91,False,unknown,,c079194dceb5,Ubuntu 24.04.3 LTS,6.14.0-33-generic,AMD EPYC 7542 32-Core Processor,128,1,NVIDIA L4,4,NODE,none-single-node,False,,12.8,570.195.03,2.25.1+cuda12.8,NCCL_DEBUG=VERSION banner,,gcc (Ubuntu 13.3.0-6ubuntu2~24.04) 13.3.0,b4d5beebca8a76cf01335f724d154b9b9d394d96,tree-simple,Tree,Simple,"NCCL_ALGO=Tree,NCCL_PROTO=Simple",,,,,,,,,nccl-tests,all_reduce,float,sum,-1,32768,8192,in_place,20,50,1,full,64.12,0.51,0.77,0,True,True,True,0,env NCCL_DEBUG=VERSION NCCL_ALGO=Tree NCCL_PROTO=Simple /root/nccl-tests/build/all_reduce_perf -b 16K -e 512K -f 2 -g 4 -w 20 -n 50 -c 1 -d float,results/raw/p5-dense-20260828T154940Z-21cf57f/all_reduce.tree-simple.full.r1.stdout.txt,,"[{""index"":0,""memory_total_mib"":23034,""name"":""NVIDIA L4"",""pci_bus_id"":""00000000:61:00.0"",""pcie_link_gen_current"":1,""pcie_link_gen_max"":4,""pcie_link_width_current"":16,""pcie_link_width_max"":16},{""index"":1,""memory_total_mib"":23034,""name"":""NVIDIA L4"",""pci_bus_id"":""00000000:81:00.0"",""pcie_link_gen_current"":1,""pcie_link_gen_max"":4,""pcie_link_width_current"":16,""pcie_link_width_max"":16},{""index"":2,""memory_total_mib"":23034,""name"":""NVIDIA L4"",""pci_bus_id"":""00000000:A1:00.0"",""pcie_link_gen_current"":1,""pcie_link_gen_max"":4,""pcie_link_width_current"":16,""pcie_link_width_max"":16},{""index"":3,""memory_total_mib"":23034,""name"":""NVIDIA L4"",""pci_bus_id"":""00000000:E1:00.0"",""pcie_link_gen_current"":1,""pcie_link_gen_max"":4,""pcie_link_width_current"":16,""pcie_link_width_max"":16}]","""\t\u001b[4mGPU0\tGPU1\tGPU2\tGPU3\tNIC0\tNIC1\tNIC2\tCPU Affinity\tNUMA Affinity\tGPU NUMA ID\u001b[0m\nGPU0\t X \tSYS\tSYS\tSYS\tNODE\tSYS\tSYS\t0-31,64-95\t0\t\tN/A\nGPU1\tSYS\t X \tNODE\tNODE\tSYS\tNODE\tNODE\t32-63,96-127\t1\t\tN/A\nGPU2\tSYS\tNODE\t X \tNODE\tSYS\tNODE\tNODE\t32-63,96-127\t1\t\tN/A\nGPU3\tSYS\tNODE\tNODE\t X \tSYS\tNODE\tNODE\t32-63,96-127\t1\t\tN/A\nNIC0\tNODE\tSYS\tSYS\tSYS\t X \tSYS\tSYS\t\t\t\t\nNIC1\tSYS\tNODE\tNODE\tNODE\tSYS\t X \tPIX\t\t\t\t\nNIC2\tSYS\tNODE\tNODE\tNODE\tSYS\tPIX\t X \t\t\t\t\n\nLegend:\n\n  X    = Self\n  SYS  = Connection traversing PCIe as well as the SMP interconnect between NUMA nodes (e.g., QPI/UPI)\n  NODE = Connection traversing PCIe as well as the interconnect between PCIe Host Bridges within a NUMA node\n  PHB  = Connection traversing PCIe as well as a PCIe Host Bridge (typically the CPU)\n  PXB  = Connection traversing multiple PCIe bridges (without traversing the PCIe Host Bridge)\n  PIX  = Connection traversing at most a single PCIe bridge\n  NV#  = Connection traversing a bonded set of # NVLinks\n\nNIC Legend:\n\n  NIC0: rocep35s0f0\n  NIC1: rocep194s0f0\n  NIC2: rocep194s0f1""","{""CUDA_HOME"":""/usr/local/cuda"",""NCCL_TESTS_DIR"":""/root/nccl-tests""}"
1,p5-dense-20260828T154940Z-21cf57f,phase5,2026-08-28T15:53:33Z,measured,21cf57fd902a607407505eb9d8dfad40a82dfd91,False,unknown,,c079194dceb5,Ubuntu 24.04.3 LTS,6.14.0-33-generic,AMD EPYC 7542 32-Core Processor,128,1,NVIDIA L4,4,NODE,none-single-node,False,,12.8,570.195.03,2.25.1+cuda12.8,NCCL_DEBUG=VERSION banner,,gcc (Ubuntu 13.3.0-6ubuntu2~24.04) 13.3.0,b4d5beebca8a76cf01335f724d154b9b9d394d96,tree-simple,Tree,Simple,"NCCL_ALGO=Tree,NCCL_PROTO=Simple",,,,,,,,,nccl-tests,all_reduce,float,sum,-1,65536,16384,out_of_place,20,50,1,full,76.45,0.86,1.29,0,True,True,True,0,env NCCL_DEBUG=VERSION NCCL_ALGO=Tree NCCL_PROTO=Simple /root/nccl-tests/build/all_reduce_perf -b 16K -e 512K -f 2 -g 4 -w 20 -n 50 -c 1 -d float,results/raw/p5-dense-20260828T154940Z-21cf57f/all_reduce.tree-simple.full.r1.stdout.txt,,"[{""index"":0,""memory_total_mib"":23034,""name"":""NVIDIA L4"",""pci_bus_id"":""00000000:61:00.0"",""pcie_link_gen_current"":1,""pcie_link_gen_max"":4,""pcie_link_width_current"":16,""pcie_link_width_max"":16},{""index"":1,""memory_total_mib"":23034,""name"":""NVIDIA L4"",""pci_bus_id"":""00000000:81:00.0"",""pcie_link_gen_current"":1,""pcie_link_gen_max"":4,""pcie_link_width_current"":16,""pcie_link_width_max"":16},{""index"":2,""memory_total_mib"":23034,""name"":""NVIDIA L4"",""pci_bus_id"":""00000000:A1:00.0"",""pcie_link_gen_current"":1,""pcie_link_gen_max"":4,""pcie_link_width_current"":16,""pcie_link_width_max"":16},{""index"":3,""memory_total_mib"":23034,""name"":""NVIDIA L4"",""pci_bus_id"":""00000000:E1:00.0"",""pcie_link_gen_current"":1,""pcie_link_gen_max"":4,""pcie_link_width_current"":16,""pcie_link_width_max"":16}]","""\t\u001b[4mGPU0\tGPU1\tGPU2\tGPU3\tNIC0\tNIC1\tNIC2\tCPU Affinity\tNUMA Affinity\tGPU NUMA ID\u001b[0m\nGPU0\t X \tSYS\tSYS\tSYS\tNODE\tSYS\tSYS\t0-31,64-95\t0\t\tN/A\nGPU1\tSYS\t X \tNODE\tNODE\tSYS\tNODE\tNODE\t32-63,96-127\t1\t\tN/A\nGPU2\tSYS\tNODE\t X \tNODE\tSYS\tNODE\tNODE\t32-63,96-127\t1\t\tN/A\nGPU3\tSYS\tNODE\tNODE\t X \tSYS\tNODE\tNODE\t32-63,96-127\t1\t\tN/A\nNIC0\tNODE\tSYS\tSYS\tSYS\t X \tSYS\tSYS\t\t\t\t\nNIC1\tSYS\tNODE\tNODE\tNODE\tSYS\t X \tPIX\t\t\t\t\nNIC2\tSYS\tNODE\tNODE\tNODE\tSYS\tPIX\t X \t\t\t\t\n\nLegend:\n\n  X    = Self\n  SYS  = Connection traversing PCIe as well as the SMP interconnect between NUMA nodes (e.g., QPI/UPI)\n  NODE = Connection traversing PCIe as well as the interconnect between PCIe Host Bridges within a NUMA node\n  PHB  = Connection traversing PCIe as well as a PCIe Host Bridge (typically the CPU)\n  PXB  = Connection traversing multiple PCIe bridges (without traversing the PCIe Host Bridge)\n  PIX  = Connection traversing at most a single PCIe bridge\n  NV#  = Connection traversing a bonded set of # NVLinks\n\nNIC Legend:\n\n  NIC0: rocep35s0f0\n  NIC1: rocep194s0f0\n  NIC2: rocep194s0f1""","{""CUDA_HOME"":""/usr/local/cuda"",""NCCL_TESTS_DIR"":""/root/nccl-tests""}"
1,p5-dense-20260828T154940Z-21cf57f,phase5,2026-08-28T15:53:33Z,measured,21cf57fd902a607407505eb9d8dfad40a82dfd91,False,unknown,,c079194dceb5,Ubuntu 24.04.3 LTS,6.14.0-33-generic,AMD EPYC 7542 32-Core Processor,128,1,NVIDIA L4,4,NODE,none-single-node,False,,12.8,570.195.03,2.25.1+cuda12.8,NCCL_DEBUG=VERSION banner,,gcc (Ubuntu 13.3.0-6ubuntu2~24.04) 13.3.0,b4d5beebca8a76cf01335f724d154b9b9d394d96,tree-simple,Tree,Simple,"NCCL_ALGO=Tree,NCCL_PROTO=Simple",,,,,,,,,nccl-tests,all_reduce,float,sum,-1,65536,16384,in_place,20,50,1,full,78.45,0.84,1.25,0,True,True,True,0,env NCCL_DEBUG=VERSION NCCL_ALGO=Tree NCCL_PROTO=Simple /root/nccl-tests/build/all_reduce_perf -b 16K -e 512K -f 2 -g 4 -w 20 -n 50 -c 1 -d float,results/raw/p5-dense-20260828T154940Z-21cf57f/all_reduce.tree-simple.full.r1.stdout.txt,,"[{""index"":0,""memory_total_mib"":23034,""name"":""NVIDIA L4"",""pci_bus_id"":""00000000:61:00.0"",""pcie_link_gen_current"":1,""pcie_link_gen_max"":4,""pcie_link_width_current"":16,""pcie_link_width_max"":16},{""index"":1,""memory_total_mib"":23034,""name"":""NVIDIA L4"",""pci_bus_id"":""00000000:81:00.0"",""pcie_link_gen_current"":1,""pcie_link_gen_max"":4,""pcie_link_width_current"":16,""pcie_link_width_max"":16},{""index"":2,""memory_total_mib"":23034,""name"":""NVIDIA L4"",""pci_bus_id"":""00000000:A1:00.0"",""pcie_link_gen_current"":1,""pcie_link_gen_max"":4,""pcie_link_width_current"":16,""pcie_link_width_max"":16},{""index"":3,""memory_total_mib"":23034,""name"":""NVIDIA L4"",""pci_bus_id"":""00000000:E1:00.0"",""pcie_link_gen_current"":1,""pcie_link_gen_max"":4,""pcie_link_width_current"":16,""pcie_link_width_max"":16}]","""\t\u001b[4mGPU0\tGPU1\tGPU2\tGPU3\tNIC0\tNIC1\tNIC2\tCPU Affinity\tNUMA Affinity\tGPU NUMA ID\u001b[0m\nGPU0\t X \tSYS\tSYS\tSYS\tNODE\tSYS\tSYS\t0-31,64-95\t0\t\tN/A\nGPU1\tSYS\t X \tNODE\tNODE\tSYS\tNODE\tNODE\t32-63,96-127\t1\t\tN/A\nGPU2\tSYS\tNODE\t X \tNODE\tSYS\tNODE\tNODE\t32-63,96-127\t1\t\tN/A\nGPU3\tSYS\tNODE\tNODE\t X \tSYS\tNODE\tNODE\t32-63,96-127\t1\t\tN/A\nNIC0\tNODE\tSYS\tSYS\tSYS\t X \tSYS\tSYS\t\t\t\t\nNIC1\tSYS\tNODE\tNODE\tNODE\tSYS\t X \tPIX\t\t\t\t\nNIC2\tSYS\tNODE\tNODE\tNODE\tSYS\tPIX\t X \t\t\t\t\n\nLegend:\n\n  X    = Self\n  SYS  = Connection traversing PCIe as well as the SMP interconnect between NUMA nodes (e.g., QPI/UPI)\n  NODE = Connection traversing PCIe as well as the interconnect between PCIe Host Bridges within a NUMA node\n  PHB  = Connection traversing PCIe as well as a PCIe Host Bridge (typically the CPU)\n  PXB  = Connection traversing multiple PCIe bridges (without traversing the PCIe Host Bridge)\n  PIX  = Connection traversing at most a single PCIe bridge\n  NV#  = Connection traversing a bonded set of # NVLinks\n\nNIC Legend:\n\n  NIC0: rocep35s0f0\n  NIC1: rocep194s0f0\n  NIC2: rocep194s0f1""","{""CUDA_HOME"":""/usr/local/cuda"",""NCCL_TESTS_DIR"":""/root/nccl-tests""}"
1,p5-dense-20260828T154940Z-21cf57f,phase5,2026-08-28T15:53:33Z,measured,21cf57fd902a607407505eb9d8dfad40a82dfd91,False,unknown,,c079194dceb5,Ubuntu 24.04.3 LTS,6.14.0-33-generic,AMD EPYC 7542 32-Core Processor,128,1,NVIDIA L4,4,NODE,none-single-node,False,,12.8,570.195.03,2.25.1+cuda12.8,NCCL_DEBUG=VERSION banner,,gcc (Ubuntu 13.3.0-6ubuntu2~24.04) 13.3.0,b4d5beebca8a76cf01335f724d154b9b9d394d96,tree-simple,Tree,Simple,"NCCL_ALGO=Tree,NCCL_PROTO=Simple",,,,,,,,,nccl-tests,all_reduce,float,sum,-1,131072,32768,out_of_place,20,50,1,full,120.59,1.09,1.63,0,True,True,True,0,env NCCL_DEBUG=VERSION NCCL_ALGO=Tree NCCL_PROTO=Simple /root/nccl-tests/build/all_reduce_perf -b 16K -e 512K -f 2 -g 4 -w 20 -n 50 -c 1 -d float,results/raw/p5-dense-20260828T154940Z-21cf57f/all_reduce.tree-simple.full.r1.stdout.txt,,"[{""index"":0,""memory_total_mib"":23034,""name"":""NVIDIA L4"",""pci_bus_id"":""00000000:61:00.0"",""pcie_link_gen_current"":1,""pcie_link_gen_max"":4,""pcie_link_width_current"":16,""pcie_link_width_max"":16},{""index"":1,""memory_total_mib"":23034,""name"":""NVIDIA L4"",""pci_bus_id"":""00000000:81:00.0"",""pcie_link_gen_current"":1,""pcie_link_gen_max"":4,""pcie_link_width_current"":16,""pcie_link_width_max"":16},{""index"":2,""memory_total_mib"":23034,""name"":""NVIDIA L4"",""pci_bus_id"":""00000000:A1:00.0"",""pcie_link_gen_current"":1,""pcie_link_gen_max"":4,""pcie_link_width_current"":16,""pcie_link_width_max"":16},{""index"":3,""memory_total_mib"":23034,""name"":""NVIDIA L4"",""pci_bus_id"":""00000000:E1:00.0"",""pcie_link_gen_current"":1,""pcie_link_gen_max"":4,""pcie_link_width_current"":16,""pcie_link_width_max"":16}]","""\t\u001b[4mGPU0\tGPU1\tGPU2\tGPU3\tNIC0\tNIC1\tNIC2\tCPU Affinity\tNUMA Affinity\tGPU NUMA ID\u001b[0m\nGPU0\t X \tSYS\tSYS\tSYS\tNODE\tSYS\tSYS\t0-31,64-95\t0\t\tN/A\nGPU1\tSYS\t X \tNODE\tNODE\tSYS\tNODE\tNODE\t32-63,96-127\t1\t\tN/A\nGPU2\tSYS\tNODE\t X \tNODE\tSYS\tNODE\tNODE\t32-63,96-127\t1\t\tN/A\nGPU3\tSYS\tNODE\tNODE\t X \tSYS\tNODE\tNODE\t32-63,96-127\t1\t\tN/A\nNIC0\tNODE\tSYS\tSYS\tSYS\t X \tSYS\tSYS\t\t\t\t\nNIC1\tSYS\tNODE\tNODE\tNODE\tSYS\t X \tPIX\t\t\t\t\nNIC2\tSYS\tNODE\tNODE\tNODE\tSYS\tPIX\t X \t\t\t\t\n\nLegend:\n\n  X    = Self\n  SYS  = Connection traversing PCIe as well as the SMP interconnect between NUMA nodes (e.g., QPI/UPI)\n  NODE = Connection traversing PCIe as well as the interconnect between PCIe Host Bridges within a NUMA node\n  PHB  = Connection traversing PCIe as well as a PCIe Host Bridge (typically the CPU)\n  PXB  = Connection traversing multiple PCIe bridges (without traversing the PCIe Host Bridge)\n  PIX  = Connection traversing at most a single PCIe bridge\n  NV#  = Connection traversing a bonded set of # NVLinks\n\nNIC Legend:\n\n  NIC0: rocep35s0f0\n  NIC1: rocep194s0f0\n  NIC2: rocep194s0f1""","{""CUDA_HOME"":""/usr/local/cuda"",""NCCL_TESTS_DIR"":""/root/nccl-tests""}"
1,p5-dense-20260828T154940Z-21cf57f,phase5,2026-08-28T15:53:33Z,measured,21cf57fd902a607407505eb9d8dfad40a82dfd91,False,unknown,,c079194dceb5,Ubuntu 24.04.3 LTS,6.14.0-33-generic,AMD EPYC 7542 32-Core Processor,128,1,NVIDIA L4,4,NODE,none-single-node,False,,12.8,570.195.03,2.25.1+cuda12.8,NCCL_DEBUG=VERSION banner,,gcc (Ubuntu 13.3.0-6ubuntu2~24.04) 13.3.0,b4d5beebca8a76cf01335f724d154b9b9d394d96,tree-simple,Tree,Simple,"NCCL_ALGO=Tree,NCCL_PROTO=Simple",,,,,,,,,nccl-tests,all_reduce,float,sum,-1,131072,32768,in_place,20,50,1,full,121.73,1.08,1.62,0,True,True,True,0,env NCCL_DEBUG=VERSION NCCL_ALGO=Tree NCCL_PROTO=Simple /root/nccl-tests/build/all_reduce_perf -b 16K -e 512K -f 2 -g 4 -w 20 -n 50 -c 1 -d float,results/raw/p5-dense-20260828T154940Z-21cf57f/all_reduce.tree-simple.full.r1.stdout.txt,,"[{""index"":0,""memory_total_mib"":23034,""name"":""NVIDIA L4"",""pci_bus_id"":""00000000:61:00.0"",""pcie_link_gen_current"":1,""pcie_link_gen_max"":4,""pcie_link_width_current"":16,""pcie_link_width_max"":16},{""index"":1,""memory_total_mib"":23034,""name"":""NVIDIA L4"",""pci_bus_id"":""00000000:81:00.0"",""pcie_link_gen_current"":1,""pcie_link_gen_max"":4,""pcie_link_width_current"":16,""pcie_link_width_max"":16},{""index"":2,""memory_total_mib"":23034,""name"":""NVIDIA L4"",""pci_bus_id"":""00000000:A1:00.0"",""pcie_link_gen_current"":1,""pcie_link_gen_max"":4,""pcie_link_width_current"":16,""pcie_link_width_max"":16},{""index"":3,""memory_total_mib"":23034,""name"":""NVIDIA L4"",""pci_bus_id"":""00000000:E1:00.0"",""pcie_link_gen_current"":1,""pcie_link_gen_max"":4,""pcie_link_width_current"":16,""pcie_link_width_max"":16}]","""\t\u001b[4mGPU0\tGPU1\tGPU2\tGPU3\tNIC0\tNIC1\tNIC2\tCPU Affinity\tNUMA Affinity\tGPU NUMA ID\u001b[0m\nGPU0\t X \tSYS\tSYS\tSYS\tNODE\tSYS\tSYS\t0-31,64-95\t0\t\tN/A\nGPU1\tSYS\t X \tNODE\tNODE\tSYS\tNODE\tNODE\t32-63,96-127\t1\t\tN/A\nGPU2\tSYS\tNODE\t X \tNODE\tSYS\tNODE\tNODE\t32-63,96-127\t1\t\tN/A\nGPU3\tSYS\tNODE\tNODE\t X \tSYS\tNODE\tNODE\t32-63,96-127\t1\t\tN/A\nNIC0\tNODE\tSYS\tSYS\tSYS\t X \tSYS\tSYS\t\t\t\t\nNIC1\tSYS\tNODE\tNODE\tNODE\tSYS\t X \tPIX\t\t\t\t\nNIC2\tSYS\tNODE\tNODE\tNODE\tSYS\tPIX\t X \t\t\t\t\n\nLegend:\n\n  X    = Self\n  SYS  = Connection traversing PCIe as well as the SMP interconnect between NUMA nodes (e.g., QPI/UPI)\n  NODE = Connection traversing PCIe as well as the interconnect between PCIe Host Bridges within a NUMA node\n  PHB  = Connection traversing PCIe as well as a PCIe Host Bridge (typically the CPU)\n  PXB  = Connection traversing multiple PCIe bridges (without traversing the PCIe Host Bridge)\n  PIX  = Connection traversing at most a single PCIe bridge\n  NV#  = Connection traversing a bonded set of # NVLinks\n\nNIC Legend:\n\n  NIC0: rocep35s0f0\n  NIC1: rocep194s0f0\n  NIC2: rocep194s0f1""","{""CUDA_HOME"":""/usr/local/cuda"",""NCCL_TESTS_DIR"":""/root/nccl-tests""}"
1,p5-dense-20260828T154940Z-21cf57f,phase5,2026-08-28T15:53:33Z,measured,21cf57fd902a607407505eb9d8dfad40a82dfd91,False,unknown,,c079194dceb5,Ubuntu 24.04.3 LTS,6.14.0-33-generic,AMD EPYC 7542 32-Core Processor,128,1,NVIDIA L4,4,NODE,none-single-node,False,,12.8,570.195.03,2.25.1+cuda12.8,NCCL_DEBUG=VERSION banner,,gcc (Ubuntu 13.3.0-6ubuntu2~24.04) 13.3.0,b4d5beebca8a76cf01335f724d154b9b9d394d96,tree-simple,Tree,Simple,"NCCL_ALGO=Tree,NCCL_PROTO=Simple",,,,,,,,,nccl-tests,all_reduce,float,sum,-1,262144,65536,out_of_place,20,50,1,full,227.85,1.15,1.73,0,True,True,True,0,env NCCL_DEBUG=VERSION NCCL_ALGO=Tree NCCL_PROTO=Simple /root/nccl-tests/build/all_reduce_perf -b 16K -e 512K -f 2 -g 4 -w 20 -n 50 -c 1 -d float,results/raw/p5-dense-20260828T154940Z-21cf57f/all_reduce.tree-simple.full.r1.stdout.txt,,"[{""index"":0,""memory_total_mib"":23034,""name"":""NVIDIA L4"",""pci_bus_id"":""00000000:61:00.0"",""pcie_link_gen_current"":1,""pcie_link_gen_max"":4,""pcie_link_width_current"":16,""pcie_link_width_max"":16},{""index"":1,""memory_total_mib"":23034,""name"":""NVIDIA L4"",""pci_bus_id"":""00000000:81:00.0"",""pcie_link_gen_current"":1,""pcie_link_gen_max"":4,""pcie_link_width_current"":16,""pcie_link_width_max"":16},{""index"":2,""memory_total_mib"":23034,""name"":""NVIDIA L4"",""pci_bus_id"":""00000000:A1:00.0"",""pcie_link_gen_current"":1,""pcie_link_gen_max"":4,""pcie_link_width_current"":16,""pcie_link_width_max"":16},{""index"":3,""memory_total_mib"":23034,""name"":""NVIDIA L4"",""pci_bus_id"":""00000000:E1:00.0"",""pcie_link_gen_current"":1,""pcie_link_gen_max"":4,""pcie_link_width_current"":16,""pcie_link_width_max"":16}]","""\t\u001b[4mGPU0\tGPU1\tGPU2\tGPU3\tNIC0\tNIC1\tNIC2\tCPU Affinity\tNUMA Affinity\tGPU NUMA ID\u001b[0m\nGPU0\t X \tSYS\tSYS\tSYS\tNODE\tSYS\tSYS\t0-31,64-95\t0\t\tN/A\nGPU1\tSYS\t X \tNODE\tNODE\tSYS\tNODE\tNODE\t32-63,96-127\t1\t\tN/A\nGPU2\tSYS\tNODE\t X \tNODE\tSYS\tNODE\tNODE\t32-63,96-127\t1\t\tN/A\nGPU3\tSYS\tNODE\tNODE\t X \tSYS\tNODE\tNODE\t32-63,96-127\t1\t\tN/A\nNIC0\tNODE\tSYS\tSYS\tSYS\t X \tSYS\tSYS\t\t\t\t\nNIC1\tSYS\tNODE\tNODE\tNODE\tSYS\t X \tPIX\t\t\t\t\nNIC2\tSYS\tNODE\tNODE\tNODE\tSYS\tPIX\t X \t\t\t\t\n\nLegend:\n\n  X    = Self\n  SYS  = Connection traversing PCIe as well as the SMP interconnect between NUMA nodes (e.g., QPI/UPI)\n  NODE = Connection traversing PCIe as well as the interconnect between PCIe Host Bridges within a NUMA node\n  PHB  = Connection traversing PCIe as well as a PCIe Host Bridge (typically the CPU)\n  PXB  = Connection traversing multiple PCIe bridges (without traversing the PCIe Host Bridge)\n  PIX  = Connection traversing at most a single PCIe bridge\n  NV#  = Connection traversing a bonded set of # NVLinks\n\nNIC Legend:\n\n  NIC0: rocep35s0f0\n  NIC1: rocep194s0f0\n  NIC2: rocep194s0f1""","{""CUDA_HOME"":""/usr/local/cuda"",""NCCL_TESTS_DIR"":""/root/nccl-tests""}"
1,p5-dense-20260828T154940Z-21cf57f,phase5,2026-08-28T15:53:33Z,measured,21cf57fd902a607407505eb9d8dfad40a82dfd91,False,unknown,,c079194dceb5,Ubuntu 24.04.3 LTS,6.14.0-33-generic,AMD EPYC 7542 32-Core Processor,128,1,NVIDIA L4,4,NODE,none-single-node,False,,12.8,570.195.03,2.25.1+cuda12.8,NCCL_DEBUG=VERSION banner,,gcc (Ubuntu 13.3.0-6ubuntu2~24.04) 13.3.0,b4d5beebca8a76cf01335f724d154b9b9d394d96,tree-simple,Tree,Simple,"NCCL_ALGO=Tree,NCCL_PROTO=Simple",,,,,,,,,nccl-tests,all_reduce,float,sum,-1,262144,65536,in_place,20,50,1,full,226.49,1.16,1.74,0,True,True,True,0,env NCCL_DEBUG=VERSION NCCL_ALGO=Tree NCCL_PROTO=Simple /root/nccl-tests/build/all_reduce_perf -b 16K -e 512K -f 2 -g 4 -w 20 -n 50 -c 1 -d float,results/raw/p5-dense-20260828T154940Z-21cf57f/all_reduce.tree-simple.full.r1.stdout.txt,,"[{""index"":0,""memory_total_mib"":23034,""name"":""NVIDIA L4"",""pci_bus_id"":""00000000:61:00.0"",""pcie_link_gen_current"":1,""pcie_link_gen_max"":4,""pcie_link_width_current"":16,""pcie_link_width_max"":16},{""index"":1,""memory_total_mib"":23034,""name"":""NVIDIA L4"",""pci_bus_id"":""00000000:81:00.0"",""pcie_link_gen_current"":1,""pcie_link_gen_max"":4,""pcie_link_width_current"":16,""pcie_link_width_max"":16},{""index"":2,""memory_total_mib"":23034,""name"":""NVIDIA L4"",""pci_bus_id"":""00000000:A1:00.0"",""pcie_link_gen_current"":1,""pcie_link_gen_max"":4,""pcie_link_width_current"":16,""pcie_link_width_max"":16},{""index"":3,""memory_total_mib"":23034,""name"":""NVIDIA L4"",""pci_bus_id"":""00000000:E1:00.0"",""pcie_link_gen_current"":1,""pcie_link_gen_max"":4,""pcie_link_width_current"":16,""pcie_link_width_max"":16}]","""\t\u001b[4mGPU0\tGPU1\tGPU2\tGPU3\tNIC0\tNIC1\tNIC2\tCPU Affinity\tNUMA Affinity\tGPU NUMA ID\u001b[0m\nGPU0\t X \tSYS\tSYS\tSYS\tNODE\tSYS\tSYS\t0-31,64-95\t0\t\tN/A\nGPU1\tSYS\t X \tNODE\tNODE\tSYS\tNODE\tNODE\t32-63,96-127\t1\t\tN/A\nGPU2\tSYS\tNODE\t X \tNODE\tSYS\tNODE\tNODE\t32-63,96-127\t1\t\tN/A\nGPU3\tSYS\tNODE\tNODE\t X \tSYS\tNODE\tNODE\t32-63,96-127\t1\t\tN/A\nNIC0\tNODE\tSYS\tSYS\tSYS\t X \tSYS\tSYS\t\t\t\t\nNIC1\tSYS\tNODE\tNODE\tNODE\tSYS\t X \tPIX\t\t\t\t\nNIC2\tSYS\tNODE\tNODE\tNODE\tSYS\tPIX\t X \t\t\t\t\n\nLegend:\n\n  X    = Self\n  SYS  = Connection traversing PCIe as well as the SMP interconnect between NUMA nodes (e.g., QPI/UPI)\n  NODE = Connection traversing PCIe as well as the interconnect between PCIe Host Bridges within a NUMA node\n  PHB  = Connection traversing PCIe as well as a PCIe Host Bridge (typically the CPU)\n  PXB  = Connection traversing multiple PCIe bridges (without traversing the PCIe Host Bridge)\n  PIX  = Connection traversing at most a single PCIe bridge\n  NV#  = Connection traversing a bonded set of # NVLinks\n\nNIC Legend:\n\n  NIC0: rocep35s0f0\n  NIC1: rocep194s0f0\n  NIC2: rocep194s0f1""","{""CUDA_HOME"":""/usr/local/cuda"",""NCCL_TESTS_DIR"":""/root/nccl-tests""}"
1,p5-dense-20260828T154940Z-21cf57f,phase5,2026-08-28T15:53:33Z,measured,21cf57fd902a607407505eb9d8dfad40a82dfd91,False,unknown,,c079194dceb5,Ubuntu 24.04.3 LTS,6.14.0-33-generic,AMD EPYC 7542 32-Core Processor,128,1,NVIDIA L4,4,NODE,none-single-node,False,,12.8,570.195.03,2.25.1+cuda12.8,NCCL_DEBUG=VERSION banner,,gcc (Ubuntu 13.3.0-6ubuntu2~24.04) 13.3.0,b4d5beebca8a76cf01335f724d154b9b9d394d96,tree-simple,Tree,Simple,"NCCL_ALGO=Tree,NCCL_PROTO=Simple",,,,,,,,,nccl-tests,all_reduce,float,sum,-1,524288,131072,out_of_place,20,50,1,full,524.5,1.0,1.5,0,True,True,True,0,env NCCL_DEBUG=VERSION NCCL_ALGO=Tree NCCL_PROTO=Simple /root/nccl-tests/build/all_reduce_perf -b 16K -e 512K -f 2 -g 4 -w 20 -n 50 -c 1 -d float,results/raw/p5-dense-20260828T154940Z-21cf57f/all_reduce.tree-simple.full.r1.stdout.txt,,"[{""index"":0,""memory_total_mib"":23034,""name"":""NVIDIA L4"",""pci_bus_id"":""00000000:61:00.0"",""pcie_link_gen_current"":1,""pcie_link_gen_max"":4,""pcie_link_width_current"":16,""pcie_link_width_max"":16},{""index"":1,""memory_total_mib"":23034,""name"":""NVIDIA L4"",""pci_bus_id"":""00000000:81:00.0"",""pcie_link_gen_current"":1,""pcie_link_gen_max"":4,""pcie_link_width_current"":16,""pcie_link_width_max"":16},{""index"":2,""memory_total_mib"":23034,""name"":""NVIDIA L4"",""pci_bus_id"":""00000000:A1:00.0"",""pcie_link_gen_current"":1,""pcie_link_gen_max"":4,""pcie_link_width_current"":16,""pcie_link_width_max"":16},{""index"":3,""memory_total_mib"":23034,""name"":""NVIDIA L4"",""pci_bus_id"":""00000000:E1:00.0"",""pcie_link_gen_current"":1,""pcie_link_gen_max"":4,""pcie_link_width_current"":16,""pcie_link_width_max"":16}]","""\t\u001b[4mGPU0\tGPU1\tGPU2\tGPU3\tNIC0\tNIC1\tNIC2\tCPU Affinity\tNUMA Affinity\tGPU NUMA ID\u001b[0m\nGPU0\t X \tSYS\tSYS\tSYS\tNODE\tSYS\tSYS\t0-31,64-95\t0\t\tN/A\nGPU1\tSYS\t X \tNODE\tNODE\tSYS\tNODE\tNODE\t32-63,96-127\t1\t\tN/A\nGPU2\tSYS\tNODE\t X \tNODE\tSYS\tNODE\tNODE\t32-63,96-127\t1\t\tN/A\nGPU3\tSYS\tNODE\tNODE\t X \tSYS\tNODE\tNODE\t32-63,96-127\t1\t\tN/A\nNIC0\tNODE\tSYS\tSYS\tSYS\t X \tSYS\tSYS\t\t\t\t\nNIC1\tSYS\tNODE\tNODE\tNODE\tSYS\t X \tPIX\t\t\t\t\nNIC2\tSYS\tNODE\tNODE\tNODE\tSYS\tPIX\t X \t\t\t\t\n\nLegend:\n\n  X    = Self\n  SYS  = Connection traversing PCIe as well as the SMP interconnect between NUMA nodes (e.g., QPI/UPI)\n  NODE = Connection traversing PCIe as well as the interconnect between PCIe Host Bridges within a NUMA node\n  PHB  = Connection traversing PCIe as well as a PCIe Host Bridge (typically the CPU)\n  PXB  = Connection traversing multiple PCIe bridges (without traversing the PCIe Host Bridge)\n  PIX  = Connection traversing at most a single PCIe bridge\n  NV#  = Connection traversing a bonded set of # NVLinks\n\nNIC Legend:\n\n  NIC0: rocep35s0f0\n  NIC1: rocep194s0f0\n  NIC2: rocep194s0f1""","{""CUDA_HOME"":""/usr/local/cuda"",""NCCL_TESTS_DIR"":""/root/nccl-tests""}"
1,p5-dense-20260828T154940Z-21cf57f,phase5,2026-08-28T15:53:33Z,measured,21cf57fd902a607407505eb9d8dfad40a82dfd91,False,unknown,,c079194dceb5,Ubuntu 24.04.3 LTS,6.14.0-33-generic,AMD EPYC 7542 32-Core Processor,128,1,NVIDIA L4,4,NODE,none-single-node,False,,12.8,570.195.03,2.25.1+cuda12.8,NCCL_DEBUG=VERSION banner,,gcc (Ubuntu 13.3.0-6ubuntu2~24.04) 13.3.0,b4d5beebca8a76cf01335f724d154b9b9d394d96,tree-simple,Tree,Simple,"NCCL_ALGO=Tree,NCCL_PROTO=Simple",,,,,,,,,nccl-tests,all_reduce,float,sum,-1,524288,131072,in_place,20,50,1,full,454.93,1.15,1.73,0,True,True,True,0,env NCCL_DEBUG=VERSION NCCL_ALGO=Tree NCCL_PROTO=Simple /root/nccl-tests/build/all_reduce_perf -b 16K -e 512K -f 2 -g 4 -w 20 -n 50 -c 1 -d float,results/raw/p5-dense-20260828T154940Z-21cf57f/all_reduce.tree-simple.full.r1.stdout.txt,,"[{""index"":0,""memory_total_mib"":23034,""name"":""NVIDIA L4"",""pci_bus_id"":""00000000:61:00.0"",""pcie_link_gen_current"":1,""pcie_link_gen_max"":4,""pcie_link_width_current"":16,""pcie_link_width_max"":16},{""index"":1,""memory_total_mib"":23034,""name"":""NVIDIA L4"",""pci_bus_id"":""00000000:81:00.0"",""pcie_link_gen_current"":1,""pcie_link_gen_max"":4,""pcie_link_width_current"":16,""pcie_link_width_max"":16},{""index"":2,""memory_total_mib"":23034,""name"":""NVIDIA L4"",""pci_bus_id"":""00000000:A1:00.0"",""pcie_link_gen_current"":1,""pcie_link_gen_max"":4,""pcie_link_width_current"":16,""pcie_link_width_max"":16},{""index"":3,""memory_total_mib"":23034,""name"":""NVIDIA L4"",""pci_bus_id"":""00000000:E1:00.0"",""pcie_link_gen_current"":1,""pcie_link_gen_max"":4,""pcie_link_width_current"":16,""pcie_link_width_max"":16}]","""\t\u001b[4mGPU0\tGPU1\tGPU2\tGPU3\tNIC0\tNIC1\tNIC2\tCPU Affinity\tNUMA Affinity\tGPU NUMA ID\u001b[0m\nGPU0\t X \tSYS\tSYS\tSYS\tNODE\tSYS\tSYS\t0-31,64-95\t0\t\tN/A\nGPU1\tSYS\t X \tNODE\tNODE\tSYS\tNODE\tNODE\t32-63,96-127\t1\t\tN/A\nGPU2\tSYS\tNODE\t X \tNODE\tSYS\tNODE\tNODE\t32-63,96-127\t1\t\tN/A\nGPU3\tSYS\tNODE\tNODE\t X \tSYS\tNODE\tNODE\t32-63,96-127\t1\t\tN/A\nNIC0\tNODE\tSYS\tSYS\tSYS\t X \tSYS\tSYS\t\t\t\t\nNIC1\tSYS\tNODE\tNODE\tNODE\tSYS\t X \tPIX\t\t\t\t\nNIC2\tSYS\tNODE\tNODE\tNODE\tSYS\tPIX\t X \t\t\t\t\n\nLegend:\n\n  X    = Self\n  SYS  = Connection traversing PCIe as well as the SMP interconnect between NUMA nodes (e.g., QPI/UPI)\n  NODE = Connection traversing PCIe as well as the interconnect between PCIe Host Bridges within a NUMA node\n  PHB  = Connection traversing PCIe as well as a PCIe Host Bridge (typically the CPU)\n  PXB  = Connection traversing multiple PCIe bridges (without traversing the PCIe Host Bridge)\n  PIX  = Connection traversing at most a single PCIe bridge\n  NV#  = Connection traversing a bonded set of # NVLinks\n\nNIC Legend:\n\n  NIC0: rocep35s0f0\n  NIC1: rocep194s0f0\n  NIC2: rocep194s0f1""","{""CUDA_HOME"":""/usr/local/cuda"",""NCCL_TESTS_DIR"":""/root/nccl-tests""}"
1,p5-dense-20260828T154940Z-21cf57f,phase5,2026-08-28T15:53:36Z,measured,21cf57fd902a607407505eb9d8dfad40a82dfd91,False,unknown,,c079194dceb5,Ubuntu 24.04.3 LTS,6.14.0-33-generic,AMD EPYC 7542 32-Core Processor,128,1,NVIDIA L4,4,NODE,none-single-node,False,,12.8,570.195.03,2.25.1+cuda12.8,NCCL_DEBUG=VERSION banner,,gcc (Ubuntu 13.3.0-6ubuntu2~24.04) 13.3.0,b4d5beebca8a76cf01335f724d154b9b9d394d96,tree-simple,Tree,Simple,"NCCL_ALGO=Tree,NCCL_PROTO=Simple",,,,,,,,,nccl-tests,all_reduce,float,sum,-1,16384,4096,out_of_place,20,50,2,full,52.51,0.31,0.47,0,True,True,True,0,env NCCL_DEBUG=VERSION NCCL_ALGO=Tree NCCL_PROTO=Simple /root/nccl-tests/build/all_reduce_perf -b 16K -e 512K -f 2 -g 4 -w 20 -n 50 -c 1 -d float,results/raw/p5-dense-20260828T154940Z-21cf57f/all_reduce.tree-simple.full.r2.stdout.txt,,"[{""index"":0,""memory_total_mib"":23034,""name"":""NVIDIA L4"",""pci_bus_id"":""00000000:61:00.0"",""pcie_link_gen_current"":1,""pcie_link_gen_max"":4,""pcie_link_width_current"":16,""pcie_link_width_max"":16},{""index"":1,""memory_total_mib"":23034,""name"":""NVIDIA L4"",""pci_bus_id"":""00000000:81:00.0"",""pcie_link_gen_current"":1,""pcie_link_gen_max"":4,""pcie_link_width_current"":16,""pcie_link_width_max"":16},{""index"":2,""memory_total_mib"":23034,""name"":""NVIDIA L4"",""pci_bus_id"":""00000000:A1:00.0"",""pcie_link_gen_current"":1,""pcie_link_gen_max"":4,""pcie_link_width_current"":16,""pcie_link_width_max"":16},{""index"":3,""memory_total_mib"":23034,""name"":""NVIDIA L4"",""pci_bus_id"":""00000000:E1:00.0"",""pcie_link_gen_current"":1,""pcie_link_gen_max"":4,""pcie_link_width_current"":16,""pcie_link_width_max"":16}]","""\t\u001b[4mGPU0\tGPU1\tGPU2\tGPU3\tNIC0\tNIC1\tNIC2\tCPU Affinity\tNUMA Affinity\tGPU NUMA ID\u001b[0m\nGPU0\t X \tSYS\tSYS\tSYS\tNODE\tSYS\tSYS\t0-31,64-95\t0\t\tN/A\nGPU1\tSYS\t X \tNODE\tNODE\tSYS\tNODE\tNODE\t32-63,96-127\t1\t\tN/A\nGPU2\tSYS\tNODE\t X \tNODE\tSYS\tNODE\tNODE\t32-63,96-127\t1\t\tN/A\nGPU3\tSYS\tNODE\tNODE\t X \tSYS\tNODE\tNODE\t32-63,96-127\t1\t\tN/A\nNIC0\tNODE\tSYS\tSYS\tSYS\t X \tSYS\tSYS\t\t\t\t\nNIC1\tSYS\tNODE\tNODE\tNODE\tSYS\t X \tPIX\t\t\t\t\nNIC2\tSYS\tNODE\tNODE\tNODE\tSYS\tPIX\t X \t\t\t\t\n\nLegend:\n\n  X    = Self\n  SYS  = Connection traversing PCIe as well as the SMP interconnect between NUMA nodes (e.g., QPI/UPI)\n  NODE = Connection traversing PCIe as well as the interconnect between PCIe Host Bridges within a NUMA node\n  PHB  = Connection traversing PCIe as well as a PCIe Host Bridge (typically the CPU)\n  PXB  = Connection traversing multiple PCIe bridges (without traversing the PCIe Host Bridge)\n  PIX  = Connection traversing at most a single PCIe bridge\n  NV#  = Connection traversing a bonded set of # NVLinks\n\nNIC Legend:\n\n  NIC0: rocep35s0f0\n  NIC1: rocep194s0f0\n  NIC2: rocep194s0f1""","{""CUDA_HOME"":""/usr/local/cuda"",""NCCL_TESTS_DIR"":""/root/nccl-tests""}"
1,p5-dense-20260828T154940Z-21cf57f,phase5,2026-08-28T15:53:36Z,measured,21cf57fd902a607407505eb9d8dfad40a82dfd91,False,unknown,,c079194dceb5,Ubuntu 24.04.3 LTS,6.14.0-33-generic,AMD EPYC 7542 32-Core Processor,128,1,NVIDIA L4,4,NODE,none-single-node,False,,12.8,570.195.03,2.25.1+cuda12.8,NCCL_DEBUG=VERSION banner,,gcc (Ubuntu 13.3.0-6ubuntu2~24.04) 13.3.0,b4d5beebca8a76cf01335f724d154b9b9d394d96,tree-simple,Tree,Simple,"NCCL_ALGO=Tree,NCCL_PROTO=Simple",,,,,,,,,nccl-tests,all_reduce,float,sum,-1,16384,4096,in_place,20,50,2,full,52.79,0.31,0.47,0,True,True,True,0,env NCCL_DEBUG=VERSION NCCL_ALGO=Tree NCCL_PROTO=Simple /root/nccl-tests/build/all_reduce_perf -b 16K -e 512K -f 2 -g 4 -w 20 -n 50 -c 1 -d float,results/raw/p5-dense-20260828T154940Z-21cf57f/all_reduce.tree-simple.full.r2.stdout.txt,,"[{""index"":0,""memory_total_mib"":23034,""name"":""NVIDIA L4"",""pci_bus_id"":""00000000:61:00.0"",""pcie_link_gen_current"":1,""pcie_link_gen_max"":4,""pcie_link_width_current"":16,""pcie_link_width_max"":16},{""index"":1,""memory_total_mib"":23034,""name"":""NVIDIA L4"",""pci_bus_id"":""00000000:81:00.0"",""pcie_link_gen_current"":1,""pcie_link_gen_max"":4,""pcie_link_width_current"":16,""pcie_link_width_max"":16},{""index"":2,""memory_total_mib"":23034,""name"":""NVIDIA L4"",""pci_bus_id"":""00000000:A1:00.0"",""pcie_link_gen_current"":1,""pcie_link_gen_max"":4,""pcie_link_width_current"":16,""pcie_link_width_max"":16},{""index"":3,""memory_total_mib"":23034,""name"":""NVIDIA L4"",""pci_bus_id"":""00000000:E1:00.0"",""pcie_link_gen_current"":1,""pcie_link_gen_max"":4,""pcie_link_width_current"":16,""pcie_link_width_max"":16}]","""\t\u001b[4mGPU0\tGPU1\tGPU2\tGPU3\tNIC0\tNIC1\tNIC2\tCPU Affinity\tNUMA Affinity\tGPU NUMA ID\u001b[0m\nGPU0\t X \tSYS\tSYS\tSYS\tNODE\tSYS\tSYS\t0-31,64-95\t0\t\tN/A\nGPU1\tSYS\t X \tNODE\tNODE\tSYS\tNODE\tNODE\t32-63,96-127\t1\t\tN/A\nGPU2\tSYS\tNODE\t X \tNODE\tSYS\tNODE\tNODE\t32-63,96-127\t1\t\tN/A\nGPU3\tSYS\tNODE\tNODE\t X \tSYS\tNODE\tNODE\t32-63,96-127\t1\t\tN/A\nNIC0\tNODE\tSYS\tSYS\tSYS\t X \tSYS\tSYS\t\t\t\t\nNIC1\tSYS\tNODE\tNODE\tNODE\tSYS\t X \tPIX\t\t\t\t\nNIC2\tSYS\tNODE\tNODE\tNODE\tSYS\tPIX\t X \t\t\t\t\n\nLegend:\n\n  X    = Self\n  SYS  = Connection traversing PCIe as well as the SMP interconnect between NUMA nodes (e.g., QPI/UPI)\n  NODE = Connection traversing PCIe as well as the interconnect between PCIe Host Bridges within a NUMA node\n  PHB  = Connection traversing PCIe as well as a PCIe Host Bridge (typically the CPU)\n  PXB  = Connection traversing multiple PCIe bridges (without traversing the PCIe Host Bridge)\n  PIX  = Connection traversing at most a single PCIe bridge\n  NV#  = Connection traversing a bonded set of # NVLinks\n\nNIC Legend:\n\n  NIC0: rocep35s0f0\n  NIC1: rocep194s0f0\n  NIC2: rocep194s0f1""","{""CUDA_HOME"":""/usr/local/cuda"",""NCCL_TESTS_DIR"":""/root/nccl-tests""}"
1,p5-dense-20260828T154940Z-21cf57f,phase5,2026-08-28T15:53:36Z,measured,21cf57fd902a607407505eb9d8dfad40a82dfd91,False,unknown,,c079194dceb5,Ubuntu 24.04.3 LTS,6.14.0-33-generic,AMD EPYC 7542 32-Core Processor,128,1,NVIDIA L4,4,NODE,none-single-node,False,,12.8,570.195.03,2.25.1+cuda12.8,NCCL_DEBUG=VERSION banner,,gcc (Ubuntu 13.3.0-6ubuntu2~24.04) 13.3.0,b4d5beebca8a76cf01335f724d154b9b9d394d96,tree-simple,Tree,Simple,"NCCL_ALGO=Tree,NCCL_PROTO=Simple",,,,,,,,,nccl-tests,all_reduce,float,sum,-1,32768,8192,out_of_place,20,50,2,full,65.07,0.5,0.76,0,True,True,True,0,env NCCL_DEBUG=VERSION NCCL_ALGO=Tree NCCL_PROTO=Simple /root/nccl-tests/build/all_reduce_perf -b 16K -e 512K -f 2 -g 4 -w 20 -n 50 -c 1 -d float,results/raw/p5-dense-20260828T154940Z-21cf57f/all_reduce.tree-simple.full.r2.stdout.txt,,"[{""index"":0,""memory_total_mib"":23034,""name"":""NVIDIA L4"",""pci_bus_id"":""00000000:61:00.0"",""pcie_link_gen_current"":1,""pcie_link_gen_max"":4,""pcie_link_width_current"":16,""pcie_link_width_max"":16},{""index"":1,""memory_total_mib"":23034,""name"":""NVIDIA L4"",""pci_bus_id"":""00000000:81:00.0"",""pcie_link_gen_current"":1,""pcie_link_gen_max"":4,""pcie_link_width_current"":16,""pcie_link_width_max"":16},{""index"":2,""memory_total_mib"":23034,""name"":""NVIDIA L4"",""pci_bus_id"":""00000000:A1:00.0"",""pcie_link_gen_current"":1,""pcie_link_gen_max"":4,""pcie_link_width_current"":16,""pcie_link_width_max"":16},{""index"":3,""memory_total_mib"":23034,""name"":""NVIDIA L4"",""pci_bus_id"":""00000000:E1:00.0"",""pcie_link_gen_current"":1,""pcie_link_gen_max"":4,""pcie_link_width_current"":16,""pcie_link_width_max"":16}]","""\t\u001b[4mGPU0\tGPU1\tGPU2\tGPU3\tNIC0\tNIC1\tNIC2\tCPU Affinity\tNUMA Affinity\tGPU NUMA ID\u001b[0m\nGPU0\t X \tSYS\tSYS\tSYS\tNODE\tSYS\tSYS\t0-31,64-95\t0\t\tN/A\nGPU1\tSYS\t X \tNODE\tNODE\tSYS\tNODE\tNODE\t32-63,96-127\t1\t\tN/A\nGPU2\tSYS\tNODE\t X \tNODE\tSYS\tNODE\tNODE\t32-63,96-127\t1\t\tN/A\nGPU3\tSYS\tNODE\tNODE\t X \tSYS\tNODE\tNODE\t32-63,96-127\t1\t\tN/A\nNIC0\tNODE\tSYS\tSYS\tSYS\t X \tSYS\tSYS\t\t\t\t\nNIC1\tSYS\tNODE\tNODE\tNODE\tSYS\t X \tPIX\t\t\t\t\nNIC2\tSYS\tNODE\tNODE\tNODE\tSYS\tPIX\t X \t\t\t\t\n\nLegend:\n\n  X    = Self\n  SYS  = Connection traversing PCIe as well as the SMP interconnect between NUMA nodes (e.g., QPI/UPI)\n  NODE = Connection traversing PCIe as well as the interconnect between PCIe Host Bridges within a NUMA node\n  PHB  = Connection traversing PCIe as well as a PCIe Host Bridge (typically the CPU)\n  PXB  = Connection traversing multiple PCIe bridges (without traversing the PCIe Host Bridge)\n  PIX  = Connection traversing at most a single PCIe bridge\n  NV#  = Connection traversing a bonded set of # NVLinks\n\nNIC Legend:\n\n  NIC0: rocep35s0f0\n  NIC1: rocep194s0f0\n  NIC2: rocep194s0f1""","{""CUDA_HOME"":""/usr/local/cuda"",""NCCL_TESTS_DIR"":""/root/nccl-tests""}"
1,p5-dense-20260828T154940Z-21cf57f,phase5,2026-08-28T15:53:36Z,measured,21cf57fd902a607407505eb9d8dfad40a82dfd91,False,unknown,,c079194dceb5,Ubuntu 24.04.3 LTS,6.14.0-33-generic,AMD EPYC 7542 32-Core Processor,128,1,NVIDIA L4,4,NODE,none-single-node,False,,12.8,570.195.03,2.25.1+cuda12.8,NCCL_DEBUG=VERSION banner,,gcc (Ubuntu 13.3.0-6ubuntu2~24.04) 13.3.0,b4d5beebca8a76cf01335f724d154b9b9d394d96,tree-simple,Tree,Simple,"NCCL_ALGO=Tree,NCCL_PROTO=Simple",,,,,,,,,nccl-tests,all_reduce,float,sum,-1,32768,8192,in_place,20,50,2,full,64.78,0.51,0.76,0,True,True,True,0,env NCCL_DEBUG=VERSION NCCL_ALGO=Tree NCCL_PROTO=Simple /root/nccl-tests/build/all_reduce_perf -b 16K -e 512K -f 2 -g 4 -w 20 -n 50 -c 1 -d float,results/raw/p5-dense-20260828T154940Z-21cf57f/all_reduce.tree-simple.full.r2.stdout.txt,,"[{""index"":0,""memory_total_mib"":23034,""name"":""NVIDIA L4"",""pci_bus_id"":""00000000:61:00.0"",""pcie_link_gen_current"":1,""pcie_link_gen_max"":4,""pcie_link_width_current"":16,""pcie_link_width_max"":16},{""index"":1,""memory_total_mib"":23034,""name"":""NVIDIA L4"",""pci_bus_id"":""00000000:81:00.0"",""pcie_link_gen_current"":1,""pcie_link_gen_max"":4,""pcie_link_width_current"":16,""pcie_link_width_max"":16},{""index"":2,""memory_total_mib"":23034,""name"":""NVIDIA L4"",""pci_bus_id"":""00000000:A1:00.0"",""pcie_link_gen_current"":1,""pcie_link_gen_max"":4,""pcie_link_width_current"":16,""pcie_link_width_max"":16},{""index"":3,""memory_total_mib"":23034,""name"":""NVIDIA L4"",""pci_bus_id"":""00000000:E1:00.0"",""pcie_link_gen_current"":1,""pcie_link_gen_max"":4,""pcie_link_width_current"":16,""pcie_link_width_max"":16}]","""\t\u001b[4mGPU0\tGPU1\tGPU2\tGPU3\tNIC0\tNIC1\tNIC2\tCPU Affinity\tNUMA Affinity\tGPU NUMA ID\u001b[0m\nGPU0\t X \tSYS\tSYS\tSYS\tNODE\tSYS\tSYS\t0-31,64-95\t0\t\tN/A\nGPU1\tSYS\t X \tNODE\tNODE\tSYS\tNODE\tNODE\t32-63,96-127\t1\t\tN/A\nGPU2\tSYS\tNODE\t X \tNODE\tSYS\tNODE\tNODE\t32-63,96-127\t1\t\tN/A\nGPU3\tSYS\tNODE\tNODE\t X \tSYS\tNODE\tNODE\t32-63,96-127\t1\t\tN/A\nNIC0\tNODE\tSYS\tSYS\tSYS\t X \tSYS\tSYS\t\t\t\t\nNIC1\tSYS\tNODE\tNODE\tNODE\tSYS\t X \tPIX\t\t\t\t\nNIC2\tSYS\tNODE\tNODE\tNODE\tSYS\tPIX\t X \t\t\t\t\n\nLegend:\n\n  X    = Self\n  SYS  = Connection traversing PCIe as well as the SMP interconnect between NUMA nodes (e.g., QPI/UPI)\n  NODE = Connection traversing PCIe as well as the interconnect between PCIe Host Bridges within a NUMA node\n  PHB  = Connection traversing PCIe as well as a PCIe Host Bridge (typically the CPU)\n  PXB  = Connection traversing multiple PCIe bridges (without traversing the PCIe Host Bridge)\n  PIX  = Connection traversing at most a single PCIe bridge\n  NV#  = Connection traversing a bonded set of # NVLinks\n\nNIC Legend:\n\n  NIC0: rocep35s0f0\n  NIC1: rocep194s0f0\n  NIC2: rocep194s0f1""","{""CUDA_HOME"":""/usr/local/cuda"",""NCCL_TESTS_DIR"":""/root/nccl-tests""}"
1,p5-dense-20260828T154940Z-21cf57f,phase5,2026-08-28T15:53:36Z,measured,21cf57fd902a607407505eb9d8dfad40a82dfd91,False,unknown,,c079194dceb5,Ubuntu 24.04.3 LTS,6.14.0-33-generic,AMD EPYC 7542 32-Core Processor,128,1,NVIDIA L4,4,NODE,none-single-node,False,,12.8,570.195.03,2.25.1+cuda12.8,NCCL_DEBUG=VERSION banner,,gcc (Ubuntu 13.3.0-6ubuntu2~24.04) 13.3.0,b4d5beebca8a76cf01335f724d154b9b9d394d96,tree-simple,Tree,Simple,"NCCL_ALGO=Tree,NCCL_PROTO=Simple",,,,,,,,,nccl-tests,all_reduce,float,sum,-1,65536,16384,out_of_place,20,50,2,full,77.17,0.85,1.27,0,True,True,True,0,env NCCL_DEBUG=VERSION NCCL_ALGO=Tree NCCL_PROTO=Simple /root/nccl-tests/build/all_reduce_perf -b 16K -e 512K -f 2 -g 4 -w 20 -n 50 -c 1 -d float,results/raw/p5-dense-20260828T154940Z-21cf57f/all_reduce.tree-simple.full.r2.stdout.txt,,"[{""index"":0,""memory_total_mib"":23034,""name"":""NVIDIA L4"",""pci_bus_id"":""00000000:61:00.0"",""pcie_link_gen_current"":1,""pcie_link_gen_max"":4,""pcie_link_width_current"":16,""pcie_link_width_max"":16},{""index"":1,""memory_total_mib"":23034,""name"":""NVIDIA L4"",""pci_bus_id"":""00000000:81:00.0"",""pcie_link_gen_current"":1,""pcie_link_gen_max"":4,""pcie_link_width_current"":16,""pcie_link_width_max"":16},{""index"":2,""memory_total_mib"":23034,""name"":""NVIDIA L4"",""pci_bus_id"":""00000000:A1:00.0"",""pcie_link_gen_current"":1,""pcie_link_gen_max"":4,""pcie_link_width_current"":16,""pcie_link_width_max"":16},{""index"":3,""memory_total_mib"":23034,""name"":""NVIDIA L4"",""pci_bus_id"":""00000000:E1:00.0"",""pcie_link_gen_current"":1,""pcie_link_gen_max"":4,""pcie_link_width_current"":16,""pcie_link_width_max"":16}]","""\t\u001b[4mGPU0\tGPU1\tGPU2\tGPU3\tNIC0\tNIC1\tNIC2\tCPU Affinity\tNUMA Affinity\tGPU NUMA ID\u001b[0m\nGPU0\t X \tSYS\tSYS\tSYS\tNODE\tSYS\tSYS\t0-31,64-95\t0\t\tN/A\nGPU1\tSYS\t X \tNODE\tNODE\tSYS\tNODE\tNODE\t32-63,96-127\t1\t\tN/A\nGPU2\tSYS\tNODE\t X \tNODE\tSYS\tNODE\tNODE\t32-63,96-127\t1\t\tN/A\nGPU3\tSYS\tNODE\tNODE\t X \tSYS\tNODE\tNODE\t32-63,96-127\t1\t\tN/A\nNIC0\tNODE\tSYS\tSYS\tSYS\t X \tSYS\tSYS\t\t\t\t\nNIC1\tSYS\tNODE\tNODE\tNODE\tSYS\t X \tPIX\t\t\t\t\nNIC2\tSYS\tNODE\tNODE\tNODE\tSYS\tPIX\t X \t\t\t\t\n\nLegend:\n\n  X    = Self\n  SYS  = Connection traversing PCIe as well as the SMP interconnect between NUMA nodes (e.g., QPI/UPI)\n  NODE = Connection traversing PCIe as well as the interconnect between PCIe Host Bridges within a NUMA node\n  PHB  = Connection traversing PCIe as well as a PCIe Host Bridge (typically the CPU)\n  PXB  = Connection traversing multiple PCIe bridges (without traversing the PCIe Host Bridge)\n  PIX  = Connection traversing at most a single PCIe bridge\n  NV#  = Connection traversing a bonded set of # NVLinks\n\nNIC Legend:\n\n  NIC0: rocep35s0f0\n  NIC1: rocep194s0f0\n  NIC2: rocep194s0f1""","{""CUDA_HOME"":""/usr/local/cuda"",""NCCL_TESTS_DIR"":""/root/nccl-tests""}"
1,p5-dense-20260828T154940Z-21cf57f,phase5,2026-08-28T15:53:36Z,measured,21cf57fd902a607407505eb9d8dfad40a82dfd91,False,unknown,,c079194dceb5,Ubuntu 24.04.3 LTS,6.14.0-33-generic,AMD EPYC 7542 32-Core Processor,128,1,NVIDIA L4,4,NODE,none-single-node,False,,12.8,570.195.03,2.25.1+cuda12.8,NCCL_DEBUG=VERSION banner,,gcc (Ubuntu 13.3.0-6ubuntu2~24.04) 13.3.0,b4d5beebca8a76cf01335f724d154b9b9d394d96,tree-simple,Tree,Simple,"NCCL_ALGO=Tree,NCCL_PROTO=Simple",,,,,,,,,nccl-tests,all_reduce,float,sum,-1,65536,16384,in_place,20,50,2,full,78.14,0.84,1.26,0,True,True,True,0,env NCCL_DEBUG=VERSION NCCL_ALGO=Tree NCCL_PROTO=Simple /root/nccl-tests/build/all_reduce_perf -b 16K -e 512K -f 2 -g 4 -w 20 -n 50 -c 1 -d float,results/raw/p5-dense-20260828T154940Z-21cf57f/all_reduce.tree-simple.full.r2.stdout.txt,,"[{""index"":0,""memory_total_mib"":23034,""name"":""NVIDIA L4"",""pci_bus_id"":""00000000:61:00.0"",""pcie_link_gen_current"":1,""pcie_link_gen_max"":4,""pcie_link_width_current"":16,""pcie_link_width_max"":16},{""index"":1,""memory_total_mib"":23034,""name"":""NVIDIA L4"",""pci_bus_id"":""00000000:81:00.0"",""pcie_link_gen_current"":1,""pcie_link_gen_max"":4,""pcie_link_width_current"":16,""pcie_link_width_max"":16},{""index"":2,""memory_total_mib"":23034,""name"":""NVIDIA L4"",""pci_bus_id"":""00000000:A1:00.0"",""pcie_link_gen_current"":1,""pcie_link_gen_max"":4,""pcie_link_width_current"":16,""pcie_link_width_max"":16},{""index"":3,""memory_total_mib"":23034,""name"":""NVIDIA L4"",""pci_bus_id"":""00000000:E1:00.0"",""pcie_link_gen_current"":1,""pcie_link_gen_max"":4,""pcie_link_width_current"":16,""pcie_link_width_max"":16}]","""\t\u001b[4mGPU0\tGPU1\tGPU2\tGPU3\tNIC0\tNIC1\tNIC2\tCPU Affinity\tNUMA Affinity\tGPU NUMA ID\u001b[0m\nGPU0\t X \tSYS\tSYS\tSYS\tNODE\tSYS\tSYS\t0-31,64-95\t0\t\tN/A\nGPU1\tSYS\t X \tNODE\tNODE\tSYS\tNODE\tNODE\t32-63,96-127\t1\t\tN/A\nGPU2\tSYS\tNODE\t X \tNODE\tSYS\tNODE\tNODE\t32-63,96-127\t1\t\tN/A\nGPU3\tSYS\tNODE\tNODE\t X \tSYS\tNODE\tNODE\t32-63,96-127\t1\t\tN/A\nNIC0\tNODE\tSYS\tSYS\tSYS\t X \tSYS\tSYS\t\t\t\t\nNIC1\tSYS\tNODE\tNODE\tNODE\tSYS\t X \tPIX\t\t\t\t\nNIC2\tSYS\tNODE\tNODE\tNODE\tSYS\tPIX\t X \t\t\t\t\n\nLegend:\n\n  X    = Self\n  SYS  = Connection traversing PCIe as well as the SMP interconnect between NUMA nodes (e.g., QPI/UPI)\n  NODE = Connection traversing PCIe as well as the interconnect between PCIe Host Bridges within a NUMA node\n  PHB  = Connection traversing PCIe as well as a PCIe Host Bridge (typically the CPU)\n  PXB  = Connection traversing multiple PCIe bridges (without traversing the PCIe Host Bridge)\n  PIX  = Connection traversing at most a single PCIe bridge\n  NV#  = Connection traversing a bonded set of # NVLinks\n\nNIC Legend:\n\n  NIC0: rocep35s0f0\n  NIC1: rocep194s0f0\n  NIC2: rocep194s0f1""","{""CUDA_HOME"":""/usr/local/cuda"",""NCCL_TESTS_DIR"":""/root/nccl-tests""}"
1,p5-dense-20260828T154940Z-21cf57f,phase5,2026-08-28T15:53:36Z,measured,21cf57fd902a607407505eb9d8dfad40a82dfd91,False,unknown,,c079194dceb5,Ubuntu 24.04.3 LTS,6.14.0-33-generic,AMD EPYC 7542 32-Core Processor,128,1,NVIDIA L4,4,NODE,none-single-node,False,,12.8,570.195.03,2.25.1+cuda12.8,NCCL_DEBUG=VERSION banner,,gcc (Ubuntu 13.3.0-6ubuntu2~24.04) 13.3.0,b4d5beebca8a76cf01335f724d154b9b9d394d96,tree-simple,Tree,Simple,"NCCL_ALGO=Tree,NCCL_PROTO=Simple",,,,,,,,,nccl-tests,all_reduce,float,sum,-1,131072,32768,out_of_place,20,50,2,full,124.09,1.06,1.58,0,True,True,True,0,env NCCL_DEBUG=VERSION NCCL_ALGO=Tree NCCL_PROTO=Simple /root/nccl-tests/build/all_reduce_perf -b 16K -e 512K -f 2 -g 4 -w 20 -n 50 -c 1 -d float,results/raw/p5-dense-20260828T154940Z-21cf57f/all_reduce.tree-simple.full.r2.stdout.txt,,"[{""index"":0,""memory_total_mib"":23034,""name"":""NVIDIA L4"",""pci_bus_id"":""00000000:61:00.0"",""pcie_link_gen_current"":1,""pcie_link_gen_max"":4,""pcie_link_width_current"":16,""pcie_link_width_max"":16},{""index"":1,""memory_total_mib"":23034,""name"":""NVIDIA L4"",""pci_bus_id"":""00000000:81:00.0"",""pcie_link_gen_current"":1,""pcie_link_gen_max"":4,""pcie_link_width_current"":16,""pcie_link_width_max"":16},{""index"":2,""memory_total_mib"":23034,""name"":""NVIDIA L4"",""pci_bus_id"":""00000000:A1:00.0"",""pcie_link_gen_current"":1,""pcie_link_gen_max"":4,""pcie_link_width_current"":16,""pcie_link_width_max"":16},{""index"":3,""memory_total_mib"":23034,""name"":""NVIDIA L4"",""pci_bus_id"":""00000000:E1:00.0"",""pcie_link_gen_current"":1,""pcie_link_gen_max"":4,""pcie_link_width_current"":16,""pcie_link_width_max"":16}]","""\t\u001b[4mGPU0\tGPU1\tGPU2\tGPU3\tNIC0\tNIC1\tNIC2\tCPU Affinity\tNUMA Affinity\tGPU NUMA ID\u001b[0m\nGPU0\t X \tSYS\tSYS\tSYS\tNODE\tSYS\tSYS\t0-31,64-95\t0\t\tN/A\nGPU1\tSYS\t X \tNODE\tNODE\tSYS\tNODE\tNODE\t32-63,96-127\t1\t\tN/A\nGPU2\tSYS\tNODE\t X \tNODE\tSYS\tNODE\tNODE\t32-63,96-127\t1\t\tN/A\nGPU3\tSYS\tNODE\tNODE\t X \tSYS\tNODE\tNODE\t32-63,96-127\t1\t\tN/A\nNIC0\tNODE\tSYS\tSYS\tSYS\t X \tSYS\tSYS\t\t\t\t\nNIC1\tSYS\tNODE\tNODE\tNODE\tSYS\t X \tPIX\t\t\t\t\nNIC2\tSYS\tNODE\tNODE\tNODE\tSYS\tPIX\t X \t\t\t\t\n\nLegend:\n\n  X    = Self\n  SYS  = Connection traversing PCIe as well as the SMP interconnect between NUMA nodes (e.g., QPI/UPI)\n  NODE = Connection traversing PCIe as well as the interconnect between PCIe Host Bridges within a NUMA node\n  PHB  = Connection traversing PCIe as well as a PCIe Host Bridge (typically the CPU)\n  PXB  = Connection traversing multiple PCIe bridges (without traversing the PCIe Host Bridge)\n  PIX  = Connection traversing at most a single PCIe bridge\n  NV#  = Connection traversing a bonded set of # NVLinks\n\nNIC Legend:\n\n  NIC0: rocep35s0f0\n  NIC1: rocep194s0f0\n  NIC2: rocep194s0f1""","{""CUDA_HOME"":""/usr/local/cuda"",""NCCL_TESTS_DIR"":""/root/nccl-tests""}"
1,p5-dense-20260828T154940Z-21cf57f,phase5,2026-08-28T15:53:36Z,measured,21cf57fd902a607407505eb9d8dfad40a82dfd91,False,unknown,,c079194dceb5,Ubuntu 24.04.3 LTS,6.14.0-33-generic,AMD EPYC 7542 32-Core Processor,128,1,NVIDIA L4,4,NODE,none-single-node,False,,12.8,570.195.03,2.25.1+cuda12.8,NCCL_DEBUG=VERSION banner,,gcc (Ubuntu 13.3.0-6ubuntu2~24.04) 13.3.0,b4d5beebca8a76cf01335f724d154b9b9d394d96,tree-simple,Tree,Simple,"NCCL_ALGO=Tree,NCCL_PROTO=Simple",,,,,,,,,nccl-tests,all_reduce,float,sum,-1,131072,32768,in_place,20,50,2,full,124.78,1.05,1.58,0,True,True,True,0,env NCCL_DEBUG=VERSION NCCL_ALGO=Tree NCCL_PROTO=Simple /root/nccl-tests/build/all_reduce_perf -b 16K -e 512K -f 2 -g 4 -w 20 -n 50 -c 1 -d float,results/raw/p5-dense-20260828T154940Z-21cf57f/all_reduce.tree-simple.full.r2.stdout.txt,,"[{""index"":0,""memory_total_mib"":23034,""name"":""NVIDIA L4"",""pci_bus_id"":""00000000:61:00.0"",""pcie_link_gen_current"":1,""pcie_link_gen_max"":4,""pcie_link_width_current"":16,""pcie_link_width_max"":16},{""index"":1,""memory_total_mib"":23034,""name"":""NVIDIA L4"",""pci_bus_id"":""00000000:81:00.0"",""pcie_link_gen_current"":1,""pcie_link_gen_max"":4,""pcie_link_width_current"":16,""pcie_link_width_max"":16},{""index"":2,""memory_total_mib"":23034,""name"":""NVIDIA L4"",""pci_bus_id"":""00000000:A1:00.0"",""pcie_link_gen_current"":1,""pcie_link_gen_max"":4,""pcie_link_width_current"":16,""pcie_link_width_max"":16},{""index"":3,""memory_total_mib"":23034,""name"":""NVIDIA L4"",""pci_bus_id"":""00000000:E1:00.0"",""pcie_link_gen_current"":1,""pcie_link_gen_max"":4,""pcie_link_width_current"":16,""pcie_link_width_max"":16}]","""\t\u001b[4mGPU0\tGPU1\tGPU2\tGPU3\tNIC0\tNIC1\tNIC2\tCPU Affinity\tNUMA Affinity\tGPU NUMA ID\u001b[0m\nGPU0\t X \tSYS\tSYS\tSYS\tNODE\tSYS\tSYS\t0-31,64-95\t0\t\tN/A\nGPU1\tSYS\t X \tNODE\tNODE\tSYS\tNODE\tNODE\t32-63,96-127\t1\t\tN/A\nGPU2\tSYS\tNODE\t X \tNODE\tSYS\tNODE\tNODE\t32-63,96-127\t1\t\tN/A\nGPU3\tSYS\tNODE\tNODE\t X \tSYS\tNODE\tNODE\t32-63,96-127\t1\t\tN/A\nNIC0\tNODE\tSYS\tSYS\tSYS\t X \tSYS\tSYS\t\t\t\t\nNIC1\tSYS\tNODE\tNODE\tNODE\tSYS\t X \tPIX\t\t\t\t\nNIC2\tSYS\tNODE\tNODE\tNODE\tSYS\tPIX\t X \t\t\t\t\n\nLegend:\n\n  X    = Self\n  SYS  = Connection traversing PCIe as well as the SMP interconnect between NUMA nodes (e.g., QPI/UPI)\n  NODE = Connection traversing PCIe as well as the interconnect between PCIe Host Bridges within a NUMA node\n  PHB  = Connection traversing PCIe as well as a PCIe Host Bridge (typically the CPU)\n  PXB  = Connection traversing multiple PCIe bridges (without traversing the PCIe Host Bridge)\n  PIX  = Connection traversing at most a single PCIe bridge\n  NV#  = Connection traversing a bonded set of # NVLinks\n\nNIC Legend:\n\n  NIC0: rocep35s0f0\n  NIC1: rocep194s0f0\n  NIC2: rocep194s0f1""","{""CUDA_HOME"":""/usr/local/cuda"",""NCCL_TESTS_DIR"":""/root/nccl-tests""}"
1,p5-dense-20260828T154940Z-21cf57f,phase5,2026-08-28T15:53:36Z,measured,21cf57fd902a607407505eb9d8dfad40a82dfd91,False,unknown,,c079194dceb5,Ubuntu 24.04.3 LTS,6.14.0-33-generic,AMD EPYC 7542 32-Core Processor,128,1,NVIDIA L4,4,NODE,none-single-node,False,,12.8,570.195.03,2.25.1+cuda12.8,NCCL_DEBUG=VERSION banner,,gcc (Ubuntu 13.3.0-6ubuntu2~24.04) 13.3.0,b4d5beebca8a76cf01335f724d154b9b9d394d96,tree-simple,Tree,Simple,"NCCL_ALGO=Tree,NCCL_PROTO=Simple",,,,,,,,,nccl-tests,all_reduce,float,sum,-1,262144,65536,out_of_place,20,50,2,full,267.64,0.98,1.47,0,True,True,True,0,env NCCL_DEBUG=VERSION NCCL_ALGO=Tree NCCL_PROTO=Simple /root/nccl-tests/build/all_reduce_perf -b 16K -e 512K -f 2 -g 4 -w 20 -n 50 -c 1 -d float,results/raw/p5-dense-20260828T154940Z-21cf57f/all_reduce.tree-simple.full.r2.stdout.txt,,"[{""index"":0,""memory_total_mib"":23034,""name"":""NVIDIA L4"",""pci_bus_id"":""00000000:61:00.0"",""pcie_link_gen_current"":1,""pcie_link_gen_max"":4,""pcie_link_width_current"":16,""pcie_link_width_max"":16},{""index"":1,""memory_total_mib"":23034,""name"":""NVIDIA L4"",""pci_bus_id"":""00000000:81:00.0"",""pcie_link_gen_current"":1,""pcie_link_gen_max"":4,""pcie_link_width_current"":16,""pcie_link_width_max"":16},{""index"":2,""memory_total_mib"":23034,""name"":""NVIDIA L4"",""pci_bus_id"":""00000000:A1:00.0"",""pcie_link_gen_current"":1,""pcie_link_gen_max"":4,""pcie_link_width_current"":16,""pcie_link_width_max"":16},{""index"":3,""memory_total_mib"":23034,""name"":""NVIDIA L4"",""pci_bus_id"":""00000000:E1:00.0"",""pcie_link_gen_current"":1,""pcie_link_gen_max"":4,""pcie_link_width_current"":16,""pcie_link_width_max"":16}]","""\t\u001b[4mGPU0\tGPU1\tGPU2\tGPU3\tNIC0\tNIC1\tNIC2\tCPU Affinity\tNUMA Affinity\tGPU NUMA ID\u001b[0m\nGPU0\t X \tSYS\tSYS\tSYS\tNODE\tSYS\tSYS\t0-31,64-95\t0\t\tN/A\nGPU1\tSYS\t X \tNODE\tNODE\tSYS\tNODE\tNODE\t32-63,96-127\t1\t\tN/A\nGPU2\tSYS\tNODE\t X \tNODE\tSYS\tNODE\tNODE\t32-63,96-127\t1\t\tN/A\nGPU3\tSYS\tNODE\tNODE\t X \tSYS\tNODE\tNODE\t32-63,96-127\t1\t\tN/A\nNIC0\tNODE\tSYS\tSYS\tSYS\t X \tSYS\tSYS\t\t\t\t\nNIC1\tSYS\tNODE\tNODE\tNODE\tSYS\t X \tPIX\t\t\t\t\nNIC2\tSYS\tNODE\tNODE\tNODE\tSYS\tPIX\t X \t\t\t\t\n\nLegend:\n\n  X    = Self\n  SYS  = Connection traversing PCIe as well as the SMP interconnect between NUMA nodes (e.g., QPI/UPI)\n  NODE = Connection traversing PCIe as well as the interconnect between PCIe Host Bridges within a NUMA node\n  PHB  = Connection traversing PCIe as well as a PCIe Host Bridge (typically the CPU)\n  PXB  = Connection traversing multiple PCIe bridges (without traversing the PCIe Host Bridge)\n  PIX  = Connection traversing at most a single PCIe bridge\n  NV#  = Connection traversing a bonded set of # NVLinks\n\nNIC Legend:\n\n  NIC0: rocep35s0f0\n  NIC1: rocep194s0f0\n  NIC2: rocep194s0f1""","{""CUDA_HOME"":""/usr/local/cuda"",""NCCL_TESTS_DIR"":""/root/nccl-tests""}"
1,p5-dense-20260828T154940Z-21cf57f,phase5,2026-08-28T15:53:36Z,measured,21cf57fd902a607407505eb9d8dfad40a82dfd91,False,unknown,,c079194dceb5,Ubuntu 24.04.3 LTS,6.14.0-33-generic,AMD EPYC 7542 32-Core Processor,128,1,NVIDIA L4,4,NODE,none-single-node,False,,12.8,570.195.03,2.25.1+cuda12.8,NCCL_DEBUG=VERSION banner,,gcc (Ubuntu 13.3.0-6ubuntu2~24.04) 13.3.0,b4d5beebca8a76cf01335f724d154b9b9d394d96,tree-simple,Tree,Simple,"NCCL_ALGO=Tree,NCCL_PROTO=Simple",,,,,,,,,nccl-tests,all_reduce,float,sum,-1,262144,65536,in_place,20,50,2,full,271.63,0.97,1.45,0,True,True,True,0,env NCCL_DEBUG=VERSION NCCL_ALGO=Tree NCCL_PROTO=Simple /root/nccl-tests/build/all_reduce_perf -b 16K -e 512K -f 2 -g 4 -w 20 -n 50 -c 1 -d float,results/raw/p5-dense-20260828T154940Z-21cf57f/all_reduce.tree-simple.full.r2.stdout.txt,,"[{""index"":0,""memory_total_mib"":23034,""name"":""NVIDIA L4"",""pci_bus_id"":""00000000:61:00.0"",""pcie_link_gen_current"":1,""pcie_link_gen_max"":4,""pcie_link_width_current"":16,""pcie_link_width_max"":16},{""index"":1,""memory_total_mib"":23034,""name"":""NVIDIA L4"",""pci_bus_id"":""00000000:81:00.0"",""pcie_link_gen_current"":1,""pcie_link_gen_max"":4,""pcie_link_width_current"":16,""pcie_link_width_max"":16},{""index"":2,""memory_total_mib"":23034,""name"":""NVIDIA L4"",""pci_bus_id"":""00000000:A1:00.0"",""pcie_link_gen_current"":1,""pcie_link_gen_max"":4,""pcie_link_width_current"":16,""pcie_link_width_max"":16},{""index"":3,""memory_total_mib"":23034,""name"":""NVIDIA L4"",""pci_bus_id"":""00000000:E1:00.0"",""pcie_link_gen_current"":1,""pcie_link_gen_max"":4,""pcie_link_width_current"":16,""pcie_link_width_max"":16}]","""\t\u001b[4mGPU0\tGPU1\tGPU2\tGPU3\tNIC0\tNIC1\tNIC2\tCPU Affinity\tNUMA Affinity\tGPU NUMA ID\u001b[0m\nGPU0\t X \tSYS\tSYS\tSYS\tNODE\tSYS\tSYS\t0-31,64-95\t0\t\tN/A\nGPU1\tSYS\t X \tNODE\tNODE\tSYS\tNODE\tNODE\t32-63,96-127\t1\t\tN/A\nGPU2\tSYS\tNODE\t X \tNODE\tSYS\tNODE\tNODE\t32-63,96-127\t1\t\tN/A\nGPU3\tSYS\tNODE\tNODE\t X \tSYS\tNODE\tNODE\t32-63,96-127\t1\t\tN/A\nNIC0\tNODE\tSYS\tSYS\tSYS\t X \tSYS\tSYS\t\t\t\t\nNIC1\tSYS\tNODE\tNODE\tNODE\tSYS\t X \tPIX\t\t\t\t\nNIC2\tSYS\tNODE\tNODE\tNODE\tSYS\tPIX\t X \t\t\t\t\n\nLegend:\n\n  X    = Self\n  SYS  = Connection traversing PCIe as well as the SMP interconnect between NUMA nodes (e.g., QPI/UPI)\n  NODE = Connection traversing PCIe as well as the interconnect between PCIe Host Bridges within a NUMA node\n  PHB  = Connection traversing PCIe as well as a PCIe Host Bridge (typically the CPU)\n  PXB  = Connection traversing multiple PCIe bridges (without traversing the PCIe Host Bridge)\n  PIX  = Connection traversing at most a single PCIe bridge\n  NV#  = Connection traversing a bonded set of # NVLinks\n\nNIC Legend:\n\n  NIC0: rocep35s0f0\n  NIC1: rocep194s0f0\n  NIC2: rocep194s0f1""","{""CUDA_HOME"":""/usr/local/cuda"",""NCCL_TESTS_DIR"":""/root/nccl-tests""}"
1,p5-dense-20260828T154940Z-21cf57f,phase5,2026-08-28T15:53:36Z,measured,21cf57fd902a607407505eb9d8dfad40a82dfd91,False,unknown,,c079194dceb5,Ubuntu 24.04.3 LTS,6.14.0-33-generic,AMD EPYC 7542 32-Core Processor,128,1,NVIDIA L4,4,NODE,none-single-node,False,,12.8,570.195.03,2.25.1+cuda12.8,NCCL_DEBUG=VERSION banner,,gcc (Ubuntu 13.3.0-6ubuntu2~24.04) 13.3.0,b4d5beebca8a76cf01335f724d154b9b9d394d96,tree-simple,Tree,Simple,"NCCL_ALGO=Tree,NCCL_PROTO=Simple",,,,,,,,,nccl-tests,all_reduce,float,sum,-1,524288,131072,out_of_place,20,50,2,full,552.36,0.95,1.42,0,True,True,True,0,env NCCL_DEBUG=VERSION NCCL_ALGO=Tree NCCL_PROTO=Simple /root/nccl-tests/build/all_reduce_perf -b 16K -e 512K -f 2 -g 4 -w 20 -n 50 -c 1 -d float,results/raw/p5-dense-20260828T154940Z-21cf57f/all_reduce.tree-simple.full.r2.stdout.txt,,"[{""index"":0,""memory_total_mib"":23034,""name"":""NVIDIA L4"",""pci_bus_id"":""00000000:61:00.0"",""pcie_link_gen_current"":1,""pcie_link_gen_max"":4,""pcie_link_width_current"":16,""pcie_link_width_max"":16},{""index"":1,""memory_total_mib"":23034,""name"":""NVIDIA L4"",""pci_bus_id"":""00000000:81:00.0"",""pcie_link_gen_current"":1,""pcie_link_gen_max"":4,""pcie_link_width_current"":16,""pcie_link_width_max"":16},{""index"":2,""memory_total_mib"":23034,""name"":""NVIDIA L4"",""pci_bus_id"":""00000000:A1:00.0"",""pcie_link_gen_current"":1,""pcie_link_gen_max"":4,""pcie_link_width_current"":16,""pcie_link_width_max"":16},{""index"":3,""memory_total_mib"":23034,""name"":""NVIDIA L4"",""pci_bus_id"":""00000000:E1:00.0"",""pcie_link_gen_current"":1,""pcie_link_gen_max"":4,""pcie_link_width_current"":16,""pcie_link_width_max"":16}]","""\t\u001b[4mGPU0\tGPU1\tGPU2\tGPU3\tNIC0\tNIC1\tNIC2\tCPU Affinity\tNUMA Affinity\tGPU NUMA ID\u001b[0m\nGPU0\t X \tSYS\tSYS\tSYS\tNODE\tSYS\tSYS\t0-31,64-95\t0\t\tN/A\nGPU1\tSYS\t X \tNODE\tNODE\tSYS\tNODE\tNODE\t32-63,96-127\t1\t\tN/A\nGPU2\tSYS\tNODE\t X \tNODE\tSYS\tNODE\tNODE\t32-63,96-127\t1\t\tN/A\nGPU3\tSYS\tNODE\tNODE\t X \tSYS\tNODE\tNODE\t32-63,96-127\t1\t\tN/A\nNIC0\tNODE\tSYS\tSYS\tSYS\t X \tSYS\tSYS\t\t\t\t\nNIC1\tSYS\tNODE\tNODE\tNODE\tSYS\t X \tPIX\t\t\t\t\nNIC2\tSYS\tNODE\tNODE\tNODE\tSYS\tPIX\t X \t\t\t\t\n\nLegend:\n\n  X    = Self\n  SYS  = Connection traversing PCIe as well as the SMP interconnect between NUMA nodes (e.g., QPI/UPI)\n  NODE = Connection traversing PCIe as well as the interconnect between PCIe Host Bridges within a NUMA node\n  PHB  = Connection traversing PCIe as well as a PCIe Host Bridge (typically the CPU)\n  PXB  = Connection traversing multiple PCIe bridges (without traversing the PCIe Host Bridge)\n  PIX  = Connection traversing at most a single PCIe bridge\n  NV#  = Connection traversing a bonded set of # NVLinks\n\nNIC Legend:\n\n  NIC0: rocep35s0f0\n  NIC1: rocep194s0f0\n  NIC2: rocep194s0f1""","{""CUDA_HOME"":""/usr/local/cuda"",""NCCL_TESTS_DIR"":""/root/nccl-tests""}"
1,p5-dense-20260828T154940Z-21cf57f,phase5,2026-08-28T15:53:36Z,measured,21cf57fd902a607407505eb9d8dfad40a82dfd91,False,unknown,,c079194dceb5,Ubuntu 24.04.3 LTS,6.14.0-33-generic,AMD EPYC 7542 32-Core Processor,128,1,NVIDIA L4,4,NODE,none-single-node,False,,12.8,570.195.03,2.25.1+cuda12.8,NCCL_DEBUG=VERSION banner,,gcc (Ubuntu 13.3.0-6ubuntu2~24.04) 13.3.0,b4d5beebca8a76cf01335f724d154b9b9d394d96,tree-simple,Tree,Simple,"NCCL_ALGO=Tree,NCCL_PROTO=Simple",,,,,,,,,nccl-tests,all_reduce,float,sum,-1,524288,131072,in_place,20,50,2,full,524.46,1.0,1.5,0,True,True,True,0,env NCCL_DEBUG=VERSION NCCL_ALGO=Tree NCCL_PROTO=Simple /root/nccl-tests/build/all_reduce_perf -b 16K -e 512K -f 2 -g 4 -w 20 -n 50 -c 1 -d float,results/raw/p5-dense-20260828T154940Z-21cf57f/all_reduce.tree-simple.full.r2.stdout.txt,,"[{""index"":0,""memory_total_mib"":23034,""name"":""NVIDIA L4"",""pci_bus_id"":""00000000:61:00.0"",""pcie_link_gen_current"":1,""pcie_link_gen_max"":4,""pcie_link_width_current"":16,""pcie_link_width_max"":16},{""index"":1,""memory_total_mib"":23034,""name"":""NVIDIA L4"",""pci_bus_id"":""00000000:81:00.0"",""pcie_link_gen_current"":1,""pcie_link_gen_max"":4,""pcie_link_width_current"":16,""pcie_link_width_max"":16},{""index"":2,""memory_total_mib"":23034,""name"":""NVIDIA L4"",""pci_bus_id"":""00000000:A1:00.0"",""pcie_link_gen_current"":1,""pcie_link_gen_max"":4,""pcie_link_width_current"":16,""pcie_link_width_max"":16},{""index"":3,""memory_total_mib"":23034,""name"":""NVIDIA L4"",""pci_bus_id"":""00000000:E1:00.0"",""pcie_link_gen_current"":1,""pcie_link_gen_max"":4,""pcie_link_width_current"":16,""pcie_link_width_max"":16}]","""\t\u001b[4mGPU0\tGPU1\tGPU2\tGPU3\tNIC0\tNIC1\tNIC2\tCPU Affinity\tNUMA Affinity\tGPU NUMA ID\u001b[0m\nGPU0\t X \tSYS\tSYS\tSYS\tNODE\tSYS\tSYS\t0-31,64-95\t0\t\tN/A\nGPU1\tSYS\t X \tNODE\tNODE\tSYS\tNODE\tNODE\t32-63,96-127\t1\t\tN/A\nGPU2\tSYS\tNODE\t X \tNODE\tSYS\tNODE\tNODE\t32-63,96-127\t1\t\tN/A\nGPU3\tSYS\tNODE\tNODE\t X \tSYS\tNODE\tNODE\t32-63,96-127\t1\t\tN/A\nNIC0\tNODE\tSYS\tSYS\tSYS\t X \tSYS\tSYS\t\t\t\t\nNIC1\tSYS\tNODE\tNODE\tNODE\tSYS\t X \tPIX\t\t\t\t\nNIC2\tSYS\tNODE\tNODE\tNODE\tSYS\tPIX\t X \t\t\t\t\n\nLegend:\n\n  X    = Self\n  SYS  = Connection traversing PCIe as well as the SMP interconnect between NUMA nodes (e.g., QPI/UPI)\n  NODE = Connection traversing PCIe as well as the interconnect between PCIe Host Bridges within a NUMA node\n  PHB  = Connection traversing PCIe as well as a PCIe Host Bridge (typically the CPU)\n  PXB  = Connection traversing multiple PCIe bridges (without traversing the PCIe Host Bridge)\n  PIX  = Connection traversing at most a single PCIe bridge\n  NV#  = Connection traversing a bonded set of # NVLinks\n\nNIC Legend:\n\n  NIC0: rocep35s0f0\n  NIC1: rocep194s0f0\n  NIC2: rocep194s0f1""","{""CUDA_HOME"":""/usr/local/cuda"",""NCCL_TESTS_DIR"":""/root/nccl-tests""}"
